image_name,label
SARS-10.1148rg.242035193-g04mr34g0-Fig8a-day0.jpeg,1
SARS-10.1148rg.242035193-g04mr34g0-Fig8b-day5.jpeg,1
SARS-10.1148rg.242035193-g04mr34g0-Fig8c-day10.jpeg,1
SARS-10.1148rg.242035193-g04mr34g04a-Fig4a-day7.jpeg,1
SARS-10.1148rg.242035193-g04mr34g04b-Fig4b-day12.jpeg,1
SARS-10.1148rg.242035193-g04mr34g07a-Fig7a-day5.jpeg,1
SARS-10.1148rg.242035193-g04mr34g07b-Fig7b-day12.jpeg,1
SARS-10.1148rg.242035193-g04mr34g09a-Fig9a-day17.jpeg,1
SARS-10.1148rg.242035193-g04mr34g09b-Fig9b-day19.jpeg,1
SARS-10.1148rg.242035193-g04mr34g09c-Fig9c-day27.jpeg,1
streptococcus-pneumoniae-pneumonia-1.jpg,1
pneumonia-7.jpg,1
pneumococcal-pneumonia-day0.jpg,1
pneumococcal-pneumonia-day7.jpg,1
pneumococcal-pneumonia-day35.jpg,1
parapneumonic-effusion-1-PA.png,1
right-upper-lobe-pneumonia-9-PA.jpg,1
chlamydia-pneumonia-PA.png,1
aspiration-pneumonia-5-day0.jpg,1
aspiration-pneumonia-5-day3.jpg,1
aspiration-pneumonia-5-day10.jpg,1
aspiration-pneumonia-5-day27.jpg,1
cavitating-pneumonia-4-day0-PA.jpg,1
cavitating-pneumonia-4-day28-PA.png,1
klebsiella-pneumonia-1.jpg,1
legionella-pneumonia-1.png,1
legionella-pneumonia-2.jpg,1
wong-0000.jpg,1
wong-0002.jpg,1
wong-0003.jpg,1
wong-0004.jpg,1
wong-0005.jpg,1
16646_1_1.jpg,1
000001-19.jpg,1
000006-12.jpg,1
000010-5.jpg,1
000011-6.jpg,1
000012-3.jpg,1
000001-27.jpg,1
f6ece95b172eadba762bf3daef7441_jumbo-1.jpeg,1
000004.jpg,1
000005.jpg,1
000003.jpg,1
000004.png,1
4c8dee3d9fe81567b98ed1b0b2b4c6_jumbo.JPG,1
3e9d9c9b02b9bcd81c851134667e76_jumbo.jpg,1
2fc8a7c61c76f13ee7f9306b44e792_jumbo.jpg,1
92d755fba55c3305419b5cac83fbf5_jumbo.jpg,1
6ffc98957c18d4e3f2da8da48105e3_jumbo.jpg,1
dc025523f07c043550a2c9de68ae50_jumbo.jpeg,1
bdc40f9ad2395d88c92479089f5d1b_jumbo-10.jpeg,1
15d081345df9ca620ebe5e76023775_jumbo-10.jpeg,1
auntminnie-a-2020_01_28_23_51_6665_2020_01_28_Vietnam_coronavirus.jpeg,2
auntminnie-b-2020_01_28_23_51_6665_2020_01_28_Vietnam_coronavirus.jpeg,2
auntminnie-c-2020_01_28_23_51_6665_2020_01_28_Vietnam_coronavirus.jpeg,2
auntminnie-d-2020_01_28_23_51_6665_2020_01_28_Vietnam_coronavirus.jpeg,2
nejmc2001573_f1a.jpeg,2
nejmc2001573_f1b.jpeg,2
lancet-case2a.jpg,2
lancet-case2b.jpg,2
1-s2.0-S0140673620303706-fx1_lrg.jpg,2
nCoV-radiol.2020200269.fig1-day7.jpeg,2
nejmoa2001191_f1-PA.jpeg,2
nejmoa2001191_f3-PA.jpeg,2
nejmoa2001191_f4.jpeg,2
nejmoa2001191_f5-PA.jpeg,2
ryct.2020200034.fig2.jpeg,2
ryct.2020200034.fig5-day0.jpeg,2
ryct.2020200034.fig5-day4.jpeg,2
ryct.2020200034.fig5-day7.jpeg,2
ryct.2020200028.fig1a.jpeg,2
jkms-35-e79-g001-l-a.jpg,2
jkms-35-e79-g001-l-b.jpg,2
jkms-35-e79-g001-l-c.jpg,2
radiol.2020200490.fig3.jpeg,2
covid-19-pneumonia-2.jpg,2
covid-19-pneumonia-7-PA.jpg,2
covid-19-pneumonia-14-PA.png,2
covid-19-pneumonia-12.jpg,2
all14238-fig-0001-m-b.jpg,2
all14238-fig-0001-m-c.jpg,2
all14238-fig-0002-m-d.jpg,2
all14238-fig-0002-m-e.jpg,2
all14238-fig-0002-m-f.jpg,2
1-s2.0-S1684118220300608-main.pdf-001.jpg,2
1-s2.0-S1684118220300608-main.pdf-002.jpg,2
ciaa199.pdf-001-a.png,2
ciaa199.pdf-001-b.png,2
kjr-21-e24-g001-l-a.jpg,2
kjr-21-e24-g002-l-a.jpg,2
kjr-21-e24-g003-l-a.jpg,2
1-s2.0-S1684118220300682-main.pdf-002-a1.png,2
1-s2.0-S1684118220300682-main.pdf-002-a2.png,2
1-s2.0-S1684118220300682-main.pdf-003-b1.png,2
1-s2.0-S1684118220300682-main.pdf-003-b2.png,2
gr1_lrg-a.jpg,2
gr1_lrg-b.jpg,2
41591_2020_819_Fig1_HTML.webp-day5.png,2
41591_2020_819_Fig1_HTML.webp-day10.png,2
5e6dd879fde9502400e58b2f.jpeg,2
covid-19-pneumonia-19.jpg,2
kjr-21-e25-g001-l-a.jpg,2
figure1-5e73d7ae897e27ff066a30cb-98.jpeg,2
figure1-5e75d0940b71e1b702629659-98-right.jpeg,2
figure1-5e71be566aa8714a04de3386-98-left.jpeg,2
covid-19-pneumonia-30-PA.jpg,2
58cb9263f16e94305c730685358e4e_jumbo.jpeg,2
9fdd3c3032296fd04d2cad5d9070d4_jumbo.jpeg,2
covid-19-pneumonia-rapidly-progressive-admission.jpg,2
covid-19-pneumonia-rapidly-progressive-12-hours.jpg,2
covid-19-pneumonia-rapidly-progressive-3-days.jpg,2
covid-19-infection-exclusive-gastrointestinal-symptoms-pa.png,2
covid-19-pneumonia-28.png,2
1.CXRCTThoraximagesofCOVID-19fromSingapore.pdf-000-fig1a.png,2
1.CXRCTThoraximagesofCOVID-19fromSingapore.pdf-000-fig1b.png,2
1.CXRCTThoraximagesofCOVID-19fromSingapore.pdf-001-fig2a.png,2
1.CXRCTThoraximagesofCOVID-19fromSingapore.pdf-001-fig2b.png,2
1.CXRCTThoraximagesofCOVID-19fromSingapore.pdf-002-fig3a.png,2
1.CXRCTThoraximagesofCOVID-19fromSingapore.pdf-002-fig3b.png,2
1.CXRCTThoraximagesofCOVID-19fromSingapore.pdf-003-fig4a.png,2
1.CXRCTThoraximagesofCOVID-19fromSingapore.pdf-003-fig4b.png,2
covid-19-pneumonia-24-day6.jpg,2
covid-19-pneumonia-24-day7.jpg,2
covid-19-pneumonia-24-day12.jpg,2
4e43e48d52c9e2d4c6c1fb9bc1544f_jumbo.jpeg,2
covid-19-pneumonia-53.jpg,2
post-intubuation-pneumomediastium-and-pneumothorax-background-covid-19-pneumonia-day1.jpg,2
post-intubuation-pneumomediastium-and-pneumothorax-background-covid-19-pneumonia-day6-1.jpg,2
post-intubuation-pneumomediastium-and-pneumothorax-background-covid-19-pneumonia-day6-2.jpg,2
post-intubuation-pneumomediastium-and-pneumothorax-background-covid-19-pneumonia-day7.jpg,2
covid-19-pneumonia-49-day4.jpg,2
covid-19-pneumonia-49-day8.jpg,2
covid-19-pneumonia-40.jpg,2
covid-19-pneumonia-42.jpeg,2
da9e9aac-de8c-44c7-ba57-e7cc8e4caaba.annot.original.jpeg,2
4ad30bc6-2da0-4f84-bc9b-62acabfd518a.annot.original.png,2
fff49165-b22d-4bb4-b9d1-d5d62c52436c.annot.original.png,2
radiol.2020201160.fig2a.jpeg,2
radiol.2020201160.fig2b.jpeg,2
radiol.2020201160.fig2c.jpeg,2
radiol.2020201160.fig2d.jpeg,2
radiol.2020201160.fig3a.jpeg,2
radiol.2020201160.fig3b.jpeg,2
radiol.2020201160.fig3c.jpeg,2
radiol.2020201160.fig3d.jpeg,2
radiol.2020201160.fig6b.jpeg,2
ryct.2020003.fig2-a.png,2
ryct.2020003.fig2-b.png,2
ryct.2020003.fig2-c.png,2
radiol.2020200274.fig3d.png,2
covid-19-pneumonia-8.jpg,2
covid-19-pneumonia-22-day1-pa.png,2
covid-19-pneumonia-22-day2-pa.png,2
covid-19-pneumonia-34.png,2
covid-19-pneumonia-38-pa.jpg,2
covid-19-pneumonia-35-1.jpg,2
covid-19-pneumonia-35-2.jpg,2
covid-19-pneumonia-41-day-0.jpg,2
covid-19-pneumonia-41-day-2.jpg,2
covid-19-pneumonia-58-day-3.jpg,2
covid-19-pneumonia-58-day-7.jpg,2
covid-19-pneumonia-58-day-9.jpg,2
covid-19-pneumonia-58-day-10.jpg,2
covid-19-pneumonia-bilateral.jpg,2
ajr.20.23034.pdf-001.png,2
ajr.20.23034.pdf-003.png,2
yxppt-2020-02-19_00-51-27_287214-day8.jpg,2
yxppt-2020-02-19_00-51-27_287214-day10.jpg,2
yxppt-2020-02-19_00-51-27_287214-day12.jpg,2
ae6c954c0039de4b5edee53865ffee43-e6c8-0.jpg,2
6b3bdbc31f65230b8cdcc3cef5f8ba8a-40ac-0.jpg,2
67d668e570c242404ba82c7cbe2ca8f2-05be-0.jpg,2
67d668e570c242404ba82c7cbe2ca8f2-0015-0.jpg,2
AR-1.jpg,2
AR-2.jpg,2
2-chest-filmc.jpg,2
paving.jpg,2
7-fatal-covid19.jpg,2
extubation-1.jpg,2
extubation-4.jpg,2
extubation-8.jpg,2
extubation-13.jpg,2
covid-19-pneumonia-101.png,2
covid-19-pneumonia-93.png,2
covid-19-pneumonia-progression-and-regression-day1.jpg,2
covid-19-pneumonia-progression-and-regression-day6.jpg,2
covid-19-pneumonia-progression-and-regression-day11.jpg,2
covid-19-pneumonia-progression-and-regression-day13.jpg,2
covid-19-pneumonia-progression-and-regression-day20.jpg,2
covid-19-pneumonia-progression-and-regression-day24.jpg,2
covid-19-pneumonia-progression-and-regression-day28.jpg,2
nejmoa2001017_f1-a.png,2
nejmoa2001017_f1-b.png,2
68_2020_1364_Fig1_HTML-a.png,2
68_2020_1364_Fig1_HTML-b.png,2
68_2020_1364_Fig1_HTML-c.png,2
270_2020_2470_Fig1_HTML-a.png,2
270_2020_2470_Fig1_HTML-b.png,2
296_2020_4584_Fig2_HTML-a.png,2
296_2020_4584_Fig2_HTML-b.png,2
296_2020_4584_Fig2_HTML-c.png,2
701_2020_4374_Fig2_HTML.png,2
nejmoa2004500_f1-a.png,2
nejmoa2004500_f1-b.png,2
11547_2020_1200_Fig3_HTML-a.png,2
11547_2020_1200_Fig3_HTML-b.png,2
11547_2020_1200_Fig3_HTML-c.png,2
11547_2020_1200_Fig2_HTML-a.png,2
11547_2020_1200_Fig2_HTML-b.png,2
11547_2020_1202_Fig1_HTML-a.png,2
11547_2020_1202_Fig1_HTML-b.png,2
11547_2020_1203_Fig1_HTML-a.png,2
11547_2020_1203_Fig1_HTML-b.png,2
11547_2020_1203_Fig1_HTML-c.png,2
11547_2020_1203_Fig1_HTML-d.png,2
11547_2020_1203_Fig2_HTML-a.png,2
11547_2020_1203_Fig2_HTML-b.png,2
11547_2020_1203_Fig2_HTML-c.png,2
11547_2020_1203_Fig2_HTML-d.png,2
1-s2.0-S0735675720302746-gr1_lrg.jpg,2
1-s2.0-S0196070920301691-gr3_lrg.jpg,2
10.1016-slash-j.anl.2020.04.002-a.png,2
10.1016-slash-j.anl.2020.04.002-b.png,2
10.1016-slash-j.anl.2020.04.002-c.png,2
1-s2.0-S0889159120306851-gr2b_lrg.jpg,2
10.1016-slash-j.cardfail.2020.04.007-a.png,2
10.1016-slash-j.cardfail.2020.04.007-b.png,2
10.1016-slash-j.chest.2020.04.024.png,2
1-s2.0-S1931312820301852-gr1_lrg-a.png,2
1-s2.0-S1931312820301852-gr1_lrg-b.png,2
1-s2.0-S1931312820301852-gr1_lrg-c.png,2
1-s2.0-S1521661620303314-gr1_lrg-a.png,2
1-s2.0-S1521661620303314-gr1_lrg-b.png,2
10.1016-slash-j.crad.2020.04.002-a.png,2
10.1016-slash-j.crad.2020.04.002-b.png,2
10.1016-slash-j.healun.2020.04.004.jpg,2
10.1016-slash-j.hrcr.2020.04.015-a.png,2
10.1016-slash-j.hrcr.2020.04.015-b.png,2
10.1016-slash-j.hrcr.2020.04.015-fig3-b.png,2
1-s2.0-S2214250920300706-gr1_lrg.jpg,2
1-s2.0-S2214250920300706-gr2_lrg.jpg,2
1-s2.0-S2214250920300706-gr5_lrg.jpg,2
1-s2.0-S2214250920300834-gr1_lrg-b.png,2
1-s2.0-S2214250920300834-gr1_lrg-c.png,2
1-s2.0-S2213716520301168-gr1_lrg-a.png,2
1-s2.0-S2213716520301168-gr1_lrg-b.png,2
10.1016-slash-j.jhin.2020.03.036.png,2
1-s2.0-S1341321X20301124-gr3_lrg-c.png,2
1-s2.0-S1341321X20301124-gr3_lrg-d.png,2
1-s2.0-S1341321X20301124-gr3_lrg-e.png,2
1-s2.0-S1684118220300372-gr1_lrg-a.png,2
1-s2.0-S1684118220300372-gr1_lrg-b.png,2
1-s2.0-S0085253820303616-gr1_lrg-a.png,2
1-s2.0-S0085253820303616-gr1_lrg-b.png,2
1-s2.0-S2387020620301959-gr4_lrg-a.png,2
1-s2.0-S2387020620301959-gr4_lrg-b.png,2
1-s2.0-S2387020620301959-gr4_lrg-c.png,2
1-s2.0-S2531043720300921-gr1.png,2
fx1_lrg.jpg,2
gr2_lrg-a.png,2
gr2_lrg-b.png,2
gr2_lrg-c.png,2
1-s2.0-S1059131120301151-gr2-f.png,2
41379_2020_536_Fig2_HTML-c1.png,2
41379_2020_536_Fig2_HTML-c2.png,2
afaa068f1.png,2
12941_2020_358_Fig1_HTML.jpg,2
40779_2020_233_Fig2_HTML-a.png,2
41182_2020_203_Fig3_HTML.jpg,2
41182_2020_203_Fig4_HTML.jpg,2
41182_2020_203_Fig5_HTML.jpg,2
tpmd200203f2-a.png,2
tpmd200203f2-b.png,2
tpmd200203f2-c.png,2
BMJ-37-163-g1.jpg,2
thnov10p5641g006-c.png,2
lightbox_78f27a80685411ea93cde791fb7cd172-CXR.png,2
article_river_e4d185c06e3511eaa2321d8ab357a1de-c1mn.png,2
article_river_c79329e06dff11eab69c95940c7c0d00-CXR-D1-COVID19.png,2
article_river_de7471906e0011eabe5f9363acaf45c4-covid-cxr-2.png,2
article_river_1a00a3c07ea311eab70491c6fb93d336-figure-2.png,2
article_river_2a361d607ea311ea95dbcf0c95d13492-figure-4.png,2
08ed451c576ee00935ee178ec85c57_jumbo-1.jpeg,2
e73d6e89fcd781b8afd159cf533358_jumbo-1.jpeg,2
1141cc2b8b9cc394becce5d978b5a7_jumbo.jpeg,2
6770dac454c45c86bc6c2d6193b177_jumbo.jpeg,2
071d06607edf81d70c940e043bce34_jumbo.jpeg,2
0a6c60063b4bae4de001caaba306d1_jumbo.jpeg,2
5ed7d0109672bdd3d58a7db7841f6a_jumbo.jpeg,2
fedd6c94d5dbd12d88c81a1020a3e4_jumbo.jpeg,2
14d81f378173b86cc53f21d2d67040_jumbo.jpeg,2
3eaf15de91d4ff55e6fb0e04cadb81_jumbo.jpeg,2
a1fec23b293dfe7876660cb7acce43_jumbo.jpeg,2
78b60346d1b3bce85353b6dc462d75_jumbo.jpeg,2
c17cdd3972b233b97770bb57f7bba6_jumbo.jpeg,2
f44373474437c99b2740062c914438_jumbo.jpeg,2
b0f1684d1ee90dc09deef015e29dae_jumbo.jpeg,2
3b66f98f30636b2e1fb42c1d0f18a8_jumbo.jpeg,2
50e51fcefaa760d0757eeae6eb0858_jumbo.jpeg,2
8eda8be6369c87e0899f6d1642e97b_jumbo.jpeg,2
2d8a60a26381b256a5a6373708950e_jumbo.jpeg,2
2eadbbb367a0366d8c34350d083a83_jumbo.jpeg,2
7867b1aa2d1241045c917f07a9e683_jumbo.jpeg,2
1-s2.0-S2387020620301959-gr3_lrg-a.png,2
ansu-publish-ahead-of-print-10.1097.sla.0000000000003955-g001-a.png,2
ansu-publish-ahead-of-print-10.1097.sla.0000000000003955-g001-c.png,2
ansu-publish-ahead-of-print-10.1097.sla.0000000000003955-g001-d.png,2
ansu-publish-ahead-of-print-10.1097.sla.0000000000003955-g001-f.png,2
aqaa062i0002-a.png,2
aqaa062i0002-b.png,2
be835db3a56b5f76d607061dbb82a5_jumbo.jpeg,2
3c48faa5dc2f1540fda696bae045ba_jumbo.jpeg,2
447d65b38231a1031586b304bc5837_jumbo.jpeg,2
81af553601a1bc1fdf81c99436a50b_jumbo.jpeg,2
f46a9bfc7222e61e099a25ab9267da_jumbo.jpeg,2
882fd7ec99b523aead995d78f3129f_jumbo.jpeg,2
4cb2f877226f5e02b3064e1e52075f_jumbo.jpeg,2
556e19b9d38e2199dfa8722ddff25f_jumbo.jpeg,2
8781ac6b9589f3646d2bbfff8f9015_jumbo.jpeg,2
078d2e0b3e4fec1d603efb0e818c31_jumbo.jpeg,2
c94ef38ddb2d94aa11828716777139_jumbo.jpeg,2
2edb88df42cab5e5fbc18b3965e0bd_jumbo.jpeg,2
COVID-00001.jpg,2
COVID-00004.jpg,2
COVID-00006.jpg,2
COVID-00008.jpg,2
COVID-00009.jpg,2
COVID-00011.jpg,2
COVID-00012.jpg,2
COVID-00015a.png,2
COVID-00015b.png,2
COVID-00016.jpg,2
COVID-00017.jpg,2
COVID-00018.jpg,2
COVID-00020.jpg,2
COVID-00021.jpg,2
COVID-00022.jpg,2
COVID-00024.jpg,2
COVID-00039a.jpg,2
COVID-00039b.jpg,2
COVID-00039c.jpg,2
COVID-00043a.jpg,2
COVID-00043b.jpg,2
COVID-00045.png,2
COVID-00046.png,2
COVID-00048.png,2
CR.1.2.840.113564.1722810170.20200318082923328940.1003000225002.png,2
CR.1.2.840.113564.1722810170.20200320011259312440.1003000225002.png,2
CR.1.2.840.113564.1722810170.20200320170359875720.1003000225002.png,2
CR.1.2.840.113564.1722810170.20200322160314468140.1003000225002.png,2
CR.1.2.840.113564.1722810170.20200324165957625920.1003000225002.png,2
CR.1.2.840.113564.1722810170.20200326010813390400.1003000225002.png,2
CR.1.2.840.113564.1722810170.20200327151518468570.1003000225002.png,2
CR.1.2.840.113564.1722810170.20200327154027828590.1003000225002.png,2
CR.1.2.840.113564.1722810170.20200405065153640420.1003000225002.png,2
CR.1.2.840.113564.1722810170.20200408094743609850.1003000225002.png,2
CR.1.2.840.113564.1722810170.20200416105826265860.1003000225002.png,2
CR.1.2.840.113564.1722810170.20200416110930703890.1003000225002.png,2
CR.1.2.840.113564.192168196.2020040116564476574.1203801020003.png,2
DX.1.2.840.113564.1722810162.20200322102521497410.1203801020003.png,2
DX.1.2.840.113564.1722810162.202003241226081857.1203801020003.png,2
DX.1.2.840.113564.1722810162.20200325102716421950.1203801020003.png,2
DX.1.2.840.113564.1722810162.20200325125743092120.1203801020003.png,2
DX.1.2.840.113564.1722810162.20200326123403551130.1203801020003.png,2
DX.1.2.840.113564.1722810162.20200326123552855170.1203801020003.png,2
DX.1.2.840.113564.1722810162.20200327160432430120.1203801020003.png,2
DX.1.2.840.113564.1722810162.20200331100140006240.1203801020003.png,2
DX.1.2.840.113564.1722810162.20200401122015054240.1203801020003.png,2
DX.1.2.840.113564.1722810162.20200405112431725920.1203801020003.png,2
DX.1.2.840.113564.1722810162.20200405142816863980.1203801020003.png,2
DX.1.2.840.113564.1722810162.20200420135116095500.1203801020003.png,2
MIDRC-RICORD-1C-419639-000238-46556-1.png,2
MIDRC-RICORD-1C-419639-000331-06111-0.png,2
MIDRC-RICORD-1C-419639-000331-42010-1.png,2
MIDRC-RICORD-1C-419639-000331-65699-0.png,2
MIDRC-RICORD-1C-419639-000331-65699-1.png,2
MIDRC-RICORD-1C-419639-000331-82593-0.png,2
MIDRC-RICORD-1C-419639-000331-89050-0.png,2
MIDRC-RICORD-1C-419639-000418-35885-0.png,2
MIDRC-RICORD-1C-419639-000418-49559-0.png,2
MIDRC-RICORD-1C-419639-000481-91439-0.png,2
MIDRC-RICORD-1C-419639-000758-41183-0.png,2
MIDRC-RICORD-1C-419639-000758-41183-1.png,2
MIDRC-RICORD-1C-419639-000758-93895-0.png,2
MIDRC-RICORD-1C-419639-000766-96128-0.png,2
MIDRC-RICORD-1C-419639-000771-43112-0.png,2
MIDRC-RICORD-1C-419639-000771-92171-0.png,2
MIDRC-RICORD-1C-419639-000800-85508-0.png,2
MIDRC-RICORD-1C-419639-000906-05862-0.png,2
MIDRC-RICORD-1C-419639-000906-35798-0.png,2
MIDRC-RICORD-1C-419639-000906-47409-0.png,2
MIDRC-RICORD-1C-419639-001021-03510-0.png,2
MIDRC-RICORD-1C-419639-001021-34024-0.png,2
MIDRC-RICORD-1C-419639-001021-34024-1.png,2
MIDRC-RICORD-1C-419639-001021-58569-0.png,2
MIDRC-RICORD-1C-419639-001021-62826-0.png,2
MIDRC-RICORD-1C-419639-001060-15510-0.png,2
MIDRC-RICORD-1C-419639-001060-64097-0.png,2
MIDRC-RICORD-1C-419639-001060-86381-0.png,2
MIDRC-RICORD-1C-419639-001060-92092-0.png,2
MIDRC-RICORD-1C-419639-001122-32326-0.png,2
MIDRC-RICORD-1C-419639-001122-71188-0.png,2
MIDRC-RICORD-1C-419639-001122-71188-1.png,2
MIDRC-RICORD-1C-419639-001214-33151-0.png,2
MIDRC-RICORD-1C-419639-001214-49883-0.png,2
MIDRC-RICORD-1C-419639-001214-49883-1.png,2
MIDRC-RICORD-1C-419639-001336-74424-0.png,2
MIDRC-RICORD-1C-419639-001446-18929-0.png,2
MIDRC-RICORD-1C-419639-001569-43268-0.png,2
MIDRC-RICORD-1C-419639-001634-85920-0.png,2
MIDRC-RICORD-1C-419639-001646-41990-0.png,2
MIDRC-RICORD-1C-419639-001686-60394-1.png,2
MIDRC-RICORD-1C-419639-001687-11077-0.png,2
MIDRC-RICORD-1C-419639-001729-71729-0.png,2
MIDRC-RICORD-1C-419639-002079-28098-0.png,2
MIDRC-RICORD-1C-419639-002079-28098-1.png,2
MIDRC-RICORD-1C-419639-002079-50657-0.png,2
MIDRC-RICORD-1C-419639-002079-50657-1.png,2
MIDRC-RICORD-1C-419639-002079-50657-2.png,2
MIDRC-RICORD-1C-419639-002079-52138-0.png,2
MIDRC-RICORD-1C-419639-002079-90045-0.png,2
MIDRC-RICORD-1C-419639-002190-57058-0.png,2
MIDRC-RICORD-1C-419639-002195-26590-0.png,2
MIDRC-RICORD-1C-419639-002260-26595-0.png,2
MIDRC-RICORD-1C-419639-002260-26595-1.png,2
MIDRC-RICORD-1C-419639-002261-70507-1.png,2
MIDRC-RICORD-1C-419639-002592-18536-0.png,2
MIDRC-RICORD-1C-419639-002649-91958-0.png,2
MIDRC-RICORD-1C-419639-002649-91958-1.png,2
MIDRC-RICORD-1C-419639-002863-91811-0.png,2
MIDRC-RICORD-1C-419639-002884-20903-0.png,2
MIDRC-RICORD-1C-419639-002884-86129-0.png,2
MIDRC-RICORD-1C-419639-002904-36016-0.png,2
MIDRC-RICORD-1C-419639-002904-44945-0.png,2
MIDRC-RICORD-1C-419639-002904-84203-0.png,2
MIDRC-RICORD-1C-419639-002904-84203-1.png,2
MIDRC-RICORD-1C-419639-002972-12730-1.png,2
MIDRC-RICORD-1C-419639-002972-23173-0.png,2
MIDRC-RICORD-1C-419639-002972-49732-0.png,2
MIDRC-RICORD-1C-419639-003003-22541-0.png,2
MIDRC-RICORD-1C-419639-003003-51385-0.png,2
MIDRC-RICORD-1C-419639-003013-83540-0.png,2
MIDRC-RICORD-1C-419639-003112-53260-0.png,2
MIDRC-RICORD-1C-419639-003185-64353-1.png,2
MIDRC-RICORD-1C-419639-003210-36118-1.png,2
MIDRC-RICORD-1C-419639-003220-47550-0.png,2
MIDRC-RICORD-1C-419639-003269-27033-0.png,2
MIDRC-RICORD-1C-419639-003269-27033-1.png,2
MIDRC-RICORD-1C-419639-003302-96347-0.png,2
MIDRC-RICORD-1C-440808-000001-8.275-0.png,2
MIDRC-RICORD-1C-440808-000002-8.148-0.png,2
MIDRC-RICORD-1C-440808-000002-8.442-0.png,2
MIDRC-RICORD-1C-440808-000003-08.13-0.png,2
MIDRC-RICORD-1C-440808-000003-08.24-0.png,2
MIDRC-RICORD-1C-440808-000003-8.397-0.png,2
MIDRC-RICORD-1C-440808-000004-08.73-0.png,2
MIDRC-RICORD-1C-440808-000004-8.270-0.png,2
MIDRC-RICORD-1C-440808-000005-8.301-0.png,2
MIDRC-RICORD-1C-440808-000005-8.385-0.png,2
MIDRC-RICORD-1C-440808-000005-8.445-0.png,2
MIDRC-RICORD-1C-440808-000006-08.39-0.png,2
MIDRC-RICORD-1C-440808-000006-08.64-0.png,2
MIDRC-RICORD-1C-440808-000008-08.67-0.png,2
MIDRC-RICORD-1C-440808-000008-8.153-0.png,2
MIDRC-RICORD-1C-440808-000008-8.267-0.png,2
MIDRC-RICORD-1C-440808-000008-8.394-0.png,2
MIDRC-RICORD-1C-440808-000010-8.184-0.png,2
MIDRC-RICORD-1C-440808-000011-8.122-0.png,2
MIDRC-RICORD-1C-440808-000011-8.427-0.png,2
MIDRC-RICORD-1C-440808-000012-8.415-0.png,2
MIDRC-RICORD-1C-440808-000014-8.264-0.png,2
MIDRC-RICORD-1C-440808-000015-8.227-0.png,2
MIDRC-RICORD-1C-440808-000017-8.360-0.png,2
MIDRC-RICORD-1C-440808-000017-8.382-0.png,2
MIDRC-RICORD-1C-440808-000017-8.412-0.png,2
MIDRC-RICORD-1C-440808-000018-8.448-0.png,2
MIDRC-RICORD-1C-440808-000018-8.461-0.png,2
MIDRC-RICORD-1C-440808-000018-8.464-0.png,2
MIDRC-RICORD-1C-440808-000018-8.467-0.png,2
MIDRC-RICORD-1C-SITE2-000006-20879-0.png,2
MIDRC-RICORD-1C-SITE2-000006-73865-0.png,2
MIDRC-RICORD-1C-SITE2-000013-10106-0.png,2
MIDRC-RICORD-1C-SITE2-000021-46890-0.png,2
MIDRC-RICORD-1C-SITE2-000025-81457-0.png,2
MIDRC-RICORD-1C-SITE2-000025-83262-0.png,2
MIDRC-RICORD-1C-SITE2-000026-03208-0.png,2
MIDRC-RICORD-1C-SITE2-000026-29087-0.png,2
MIDRC-RICORD-1C-SITE2-000036-23357-1.png,2
MIDRC-RICORD-1C-SITE2-000042-17058-0.png,2
MIDRC-RICORD-1C-SITE2-000042-35509-0.png,2
MIDRC-RICORD-1C-SITE2-000042-47842-0.png,2
MIDRC-RICORD-1C-SITE2-000042-90941-0.png,2
MIDRC-RICORD-1C-SITE2-000046-95298-0.png,2
MIDRC-RICORD-1C-SITE2-000047-43639-0.png,2
MIDRC-RICORD-1C-SITE2-000047-43901-0.png,2
MIDRC-RICORD-1C-SITE2-000052-84213-0.png,2
MIDRC-RICORD-1C-SITE2-000052-92077-0.png,2
MIDRC-RICORD-1C-SITE2-000052-97543-1.png,2
MIDRC-RICORD-1C-SITE2-000057-91334-0.png,2
MIDRC-RICORD-1C-SITE2-000061-54700-0.png,2
MIDRC-RICORD-1C-SITE2-000061-61434-0.png,2
MIDRC-RICORD-1C-SITE2-000061-86515-0.png,2
MIDRC-RICORD-1C-SITE2-000062-01812-0.png,2
MIDRC-RICORD-1C-SITE2-000062-06327-0.png,2
MIDRC-RICORD-1C-SITE2-000062-92860-0.png,2
MIDRC-RICORD-1C-SITE2-000065-08617-0.png,2
MIDRC-RICORD-1C-SITE2-000065-17848-0.png,2
MIDRC-RICORD-1C-SITE2-000065-17848-1.png,2
MIDRC-RICORD-1C-SITE2-000065-62836-0.png,2
MIDRC-RICORD-1C-SITE2-000065-90156-0.png,2
MIDRC-RICORD-1C-SITE2-000078-42484-0.png,2
MIDRC-RICORD-1C-SITE2-000080-27875-0.png,2
MIDRC-RICORD-1C-SITE2-000082-45376-0.png,2
MIDRC-RICORD-1C-SITE2-000082-94103-0.png,2
MIDRC-RICORD-1C-SITE2-000084-71242-0.png,2
MIDRC-RICORD-1C-SITE2-000086-01931-0.png,2
MIDRC-RICORD-1C-SITE2-000089-06573-1.png,2
MIDRC-RICORD-1C-SITE2-000089-83556-0.png,2
MIDRC-RICORD-1C-SITE2-000089-83556-1.png,2
MIDRC-RICORD-1C-SITE2-000090-56799-0.png,2
MIDRC-RICORD-1C-SITE2-000101-36965-0.png,2
MIDRC-RICORD-1C-SITE2-000101-62268-0.png,2
MIDRC-RICORD-1C-SITE2-000101-62268-1.png,2
MIDRC-RICORD-1C-SITE2-000101-72147-0.png,2
MIDRC-RICORD-1C-SITE2-000102-72341-0.png,2
MIDRC-RICORD-1C-SITE2-000102-72341-1.png,2
MIDRC-RICORD-1C-SITE2-000103-05522-0.png,2
MIDRC-RICORD-1C-SITE2-000103-58285-0.png,2
MIDRC-RICORD-1C-SITE2-000107-80284-0.png,2
MIDRC-RICORD-1C-SITE2-000107-91580-0.png,2
MIDRC-RICORD-1C-SITE2-000112-19566-0.png,2
MIDRC-RICORD-1C-SITE2-000112-77926-0.png,2
MIDRC-RICORD-1C-SITE2-000118-31156-0.png,2
MIDRC-RICORD-1C-SITE2-000118-60279-0.png,2
MIDRC-RICORD-1C-SITE2-000118-93390-0.png,2
MIDRC-RICORD-1C-SITE2-000123-83242-0.png,2
MIDRC-RICORD-1C-SITE2-000126-79949-0.png,2
MIDRC-RICORD-1C-SITE2-000129-13478-0.png,2
MIDRC-RICORD-1C-SITE2-000129-45395-0.png,2
MIDRC-RICORD-1C-SITE2-000129-45776-0.png,2
MIDRC-RICORD-1C-SITE2-000129-92135-0.png,2
MIDRC-RICORD-1C-SITE2-000133-95812-0.png,2
MIDRC-RICORD-1C-SITE2-000133-96797-0.png,2
MIDRC-RICORD-1C-SITE2-000137-44937-0.png,2
MIDRC-RICORD-1C-SITE2-000139-03122-0.png,2
MIDRC-RICORD-1C-SITE2-000139-44010-0.png,2
MIDRC-RICORD-1C-SITE2-000139-58251-0.png,2
MIDRC-RICORD-1C-SITE2-000145-03730-0.png,2
MIDRC-RICORD-1C-SITE2-000145-08212-0.png,2
MIDRC-RICORD-1C-SITE2-000145-44375-0.png,2
MIDRC-RICORD-1C-SITE2-000145-53338-0.png,2
MIDRC-RICORD-1C-SITE2-000148-44042-0.png,2
MIDRC-RICORD-1C-SITE2-000163-04510-0.png,2
MIDRC-RICORD-1C-SITE2-000163-65449-0.png,2
MIDRC-RICORD-1C-SITE2-000163-92724-0.png,2
MIDRC-RICORD-1C-SITE2-000167-20021-0.png,2
MIDRC-RICORD-1C-SITE2-000167-57517-0.png,2
MIDRC-RICORD-1C-SITE2-000172-38954-0.png,2
MIDRC-RICORD-1C-SITE2-000175-01747-0.png,2
MIDRC-RICORD-1C-SITE2-000175-13955-0.png,2
MIDRC-RICORD-1C-SITE2-000175-18979-0.png,2
MIDRC-RICORD-1C-SITE2-000175-69094-0.png,2
MIDRC-RICORD-1C-SITE2-000175-87628-0.png,2
MIDRC-RICORD-1C-SITE2-000177-12711-0.png,2
MIDRC-RICORD-1C-SITE2-000184-05630-0.png,2
MIDRC-RICORD-1C-SITE2-000184-35618-0.png,2
MIDRC-RICORD-1C-SITE2-000184-92322-0.png,2
MIDRC-RICORD-1C-SITE2-000186-47380-1.png,2
MIDRC-RICORD-1C-SITE2-000186-51802-0.png,2
MIDRC-RICORD-1C-SITE2-000190-27714-0.png,2
MIDRC-RICORD-1C-SITE2-000190-46535-0.png,2
MIDRC-RICORD-1C-SITE2-000191-59223-0.png,2
MIDRC-RICORD-1C-SITE2-000191-62544-0.png,2
MIDRC-RICORD-1C-SITE2-000196-12076-0.png,2
MIDRC-RICORD-1C-SITE2-000196-49001-0.png,2
MIDRC-RICORD-1C-SITE2-000197-41761-0.png,2
MIDRC-RICORD-1C-SITE2-000197-77046-0.png,2
MIDRC-RICORD-1C-SITE2-000197-89069-0.png,2
MIDRC-RICORD-1C-SITE2-000198-99794-1.png,2
MIDRC-RICORD-1C-SITE2-000199-27382-0.png,2
MIDRC-RICORD-1C-SITE2-000199-33347-0.png,2
MIDRC-RICORD-1C-SITE2-000199-35392-0.png,2
MIDRC-RICORD-1C-SITE2-000199-37966-0.png,2
MIDRC-RICORD-1C-SITE2-000199-45945-0.png,2
MIDRC-RICORD-1C-SITE2-000199-61255-0.png,2
MIDRC-RICORD-1C-SITE2-000199-92778-0.png,2
MIDRC-RICORD-1C-SITE2-000205-44961-0.png,2
MIDRC-RICORD-1C-SITE2-000212-36422-0.png,2
MIDRC-RICORD-1C-SITE2-000216-99559-0.png,2
MIDRC-RICORD-1C-SITE2-000219-40295-0.png,2
MIDRC-RICORD-1C-SITE2-000219-84254-0.png,2
MIDRC-RICORD-1C-SITE2-000224-40858-0.png,2
MIDRC-RICORD-1C-SITE2-000224-45143-0.png,2
MIDRC-RICORD-1C-SITE2-000224-47140-0.png,2
MIDRC-RICORD-1C-SITE2-000224-85763-1.png,2
MIDRC-RICORD-1C-SITE2-000241-05244-0.png,2
MIDRC-RICORD-1C-SITE2-000241-70752-0.png,2
MIDRC-RICORD-1C-SITE2-000242-07550-0.png,2
MIDRC-RICORD-1C-SITE2-000243-15589-0.png,2
MIDRC-RICORD-1C-SITE2-000243-64468-0.png,2
MIDRC-RICORD-1C-SITE2-000243-71385-0.png,2
MIDRC-RICORD-1C-SITE2-000243-97534-0.png,2
MIDRC-RICORD-1C-SITE2-000245-40352-0.png,2
MIDRC-RICORD-1C-SITE2-000245-50475-0.png,2
MIDRC-RICORD-1C-SITE2-000245-67988-0.png,2
MIDRC-RICORD-1C-SITE2-000247-25535-0.png,2
MIDRC-RICORD-1C-SITE2-000247-48450-0.png,2
MIDRC-RICORD-1C-SITE2-000247-48957-0.png,2
MIDRC-RICORD-1C-SITE2-000248-12609-0.png,2
MIDRC-RICORD-1C-SITE2-000248-26347-0.png,2
MIDRC-RICORD-1C-SITE2-000248-77857-0.png,2
MIDRC-RICORD-1C-SITE2-000251-01666-0.png,2
MIDRC-RICORD-1C-SITE2-000251-07030-0.png,2
MIDRC-RICORD-1C-SITE2-000251-74806-0.png,2
MIDRC-RICORD-1C-SITE2-000251-77545-0.png,2
MIDRC-RICORD-1C-SITE2-000252-04481-0.png,2
MIDRC-RICORD-1C-SITE2-000252-19989-0.png,2
MIDRC-RICORD-1C-SITE2-000252-21053-0.png,2
MIDRC-RICORD-1C-SITE2-000252-21175-0.png,2
MIDRC-RICORD-1C-SITE2-000252-24572-0.png,2
MIDRC-RICORD-1C-SITE2-000252-30106-0.png,2
MIDRC-RICORD-1C-SITE2-000252-33501-0.png,2
MIDRC-RICORD-1C-SITE2-000252-36149-0.png,2
MIDRC-RICORD-1C-SITE2-000252-37996-0.png,2
MIDRC-RICORD-1C-SITE2-000252-40730-0.png,2
MIDRC-RICORD-1C-SITE2-000252-60630-0.png,2
MIDRC-RICORD-1C-SITE2-000252-70152-0.png,2
MIDRC-RICORD-1C-SITE2-000252-70282-0.png,2
MIDRC-RICORD-1C-SITE2-000252-75198-0.png,2
MIDRC-RICORD-1C-SITE2-000252-93011-0.png,2
MIDRC-RICORD-1C-SITE2-000253-10263-0.png,2
MIDRC-RICORD-1C-SITE2-000253-24698-0.png,2
MIDRC-RICORD-1C-SITE2-000253-45928-0.png,2
MIDRC-RICORD-1C-SITE2-000253-76378-0.png,2
MIDRC-RICORD-1C-SITE2-000255-24179-0.png,2
MIDRC-RICORD-1C-SITE2-000255-89235-0.png,2
MIDRC-RICORD-1C-SITE2-000256-10534-0.png,2
MIDRC-RICORD-1C-SITE2-000256-41172-0.png,2
MIDRC-RICORD-1C-SITE2-000256-91590-0.png,2
MIDRC-RICORD-1C-SITE2-000259-05251-0.png,2
MIDRC-RICORD-1C-SITE2-000259-29985-0.png,2
MIDRC-RICORD-1C-SITE2-000259-71395-1.png,2
MIDRC-RICORD-1C-SITE2-000261-47108-0.png,2
MIDRC-RICORD-1C-SITE2-000266-56664-0.png,2
MIDRC-RICORD-1C-SITE2-000267-56889-0.png,2
MIDRC-RICORD-1C-SITE2-000267-81231-0.png,2
MIDRC-RICORD-1C-SITE2-000268-55273-0.png,2
MIDRC-RICORD-1C-SITE2-000268-84734-0.png,2
MIDRC-RICORD-1C-SITE2-000269-06010-0.png,2
MIDRC-RICORD-1C-SITE2-000269-13468-0.png,2
MIDRC-RICORD-1C-SITE2-000269-36236-0.png,2
MIDRC-RICORD-1C-SITE2-000269-37787-0.png,2
MIDRC-RICORD-1C-SITE2-000269-98564-0.png,2
MIDRC-RICORD-1C-SITE2-000274-41440-0.png,2
MIDRC-RICORD-1C-SITE2-000276-53536-0.png,2
MIDRC-RICORD-1C-SITE2-000276-76604-0.png,2
MIDRC-RICORD-1C-SITE2-000285-50266-0.png,2
MIDRC-RICORD-1C-SITE2-000292-04064-0.png,2
MIDRC-RICORD-1C-SITE2-000292-85151-0.png,2
MIDRC-RICORD-1C-SITE2-000293-00096-0.png,2
MIDRC-RICORD-1C-SITE2-000293-08892-0.png,2
MIDRC-RICORD-1C-419639-000214-19164-0.png,2
MIDRC-RICORD-1C-419639-000214-86868-0.png,2
MIDRC-RICORD-1C-419639-000215-90049-0.png,2
MIDRC-RICORD-1C-419639-000215-98988-0.png,2
MIDRC-RICORD-1C-419639-000238-46556-0.png,2
MIDRC-RICORD-1C-419639-000303-38640-0.png,2
MIDRC-RICORD-1C-419639-000303-38640-1.png,2
MIDRC-RICORD-1C-419639-000331-00089-1.png,2
MIDRC-RICORD-1C-419639-000331-05011-0.png,2
MIDRC-RICORD-1C-419639-000331-19142-0.png,2
MIDRC-RICORD-1C-419639-000331-19142-1.png,2
MIDRC-RICORD-1C-419639-000331-20532-0.png,2
MIDRC-RICORD-1C-419639-000331-39281-0.png,2
MIDRC-RICORD-1C-419639-000331-42010-0.png,2
MIDRC-RICORD-1C-419639-000331-50611-0.png,2
MIDRC-RICORD-1C-419639-000331-53452-0.png,2
MIDRC-RICORD-1C-419639-000331-64221-0.png,2
MIDRC-RICORD-1C-419639-000331-64221-1.png,2
MIDRC-RICORD-1C-419639-000331-64221-2.png,2
MIDRC-RICORD-1C-419639-000331-66524-0.png,2
MIDRC-RICORD-1C-419639-000331-70020-0.png,2
MIDRC-RICORD-1C-419639-000331-72301-0.png,2
MIDRC-RICORD-1C-419639-000331-72301-1.png,2
MIDRC-RICORD-1C-419639-000331-72301-2.png,2
MIDRC-RICORD-1C-419639-000331-97850-0.png,2
MIDRC-RICORD-1C-419639-000361-08073-0.png,2
MIDRC-RICORD-1C-419639-000361-08073-1.png,2
MIDRC-RICORD-1C-419639-000361-36671-0.png,2
MIDRC-RICORD-1C-419639-000361-36671-1.png,2
MIDRC-RICORD-1C-419639-000361-44832-0.png,2
MIDRC-RICORD-1C-419639-000361-45412-0.png,2
MIDRC-RICORD-1C-419639-000361-65584-0.png,2
MIDRC-RICORD-1C-419639-000361-80204-0.png,2
MIDRC-RICORD-1C-419639-000361-88993-0.png,2
MIDRC-RICORD-1C-419639-000361-96664-0.png,2
MIDRC-RICORD-1C-419639-000399-46074-0.png,2
MIDRC-RICORD-1C-419639-000399-99232-0.png,2
MIDRC-RICORD-1C-419639-000418-34513-0.png,2
MIDRC-RICORD-1C-419639-000481-89988-0.png,2
MIDRC-RICORD-1C-419639-000484-18850-0.png,2
MIDRC-RICORD-1C-419639-000484-18850-1.png,2
MIDRC-RICORD-1C-419639-000484-56426-0.png,2
MIDRC-RICORD-1C-419639-000484-86694-0.png,2
MIDRC-RICORD-1C-419639-000613-26607-0.png,2
MIDRC-RICORD-1C-419639-000613-26607-1.png,2
MIDRC-RICORD-1C-419639-000613-76359-0.png,2
MIDRC-RICORD-1C-419639-000758-13795-0.png,2
MIDRC-RICORD-1C-419639-000758-17560-0.png,2
MIDRC-RICORD-1C-419639-000758-27539-0.png,2
MIDRC-RICORD-1C-419639-000758-27539-1.png,2
MIDRC-RICORD-1C-419639-000758-68609-0.png,2
MIDRC-RICORD-1C-419639-000758-68844-0.png,2
MIDRC-RICORD-1C-419639-000758-68844-2.png,2
MIDRC-RICORD-1C-419639-000758-98256-0.png,2
MIDRC-RICORD-1C-419639-000766-39157-0.png,2
MIDRC-RICORD-1C-419639-000771-14788-0.png,2
MIDRC-RICORD-1C-419639-000771-24000-0.png,2
MIDRC-RICORD-1C-419639-000771-25636-0.png,2
MIDRC-RICORD-1C-419639-000771-33725-0.png,2
MIDRC-RICORD-1C-419639-000771-34252-0.png,2
MIDRC-RICORD-1C-419639-000771-54827-0.png,2
MIDRC-RICORD-1C-419639-000771-67048-0.png,2
MIDRC-RICORD-1C-419639-000771-67048-1.png,2
MIDRC-RICORD-1C-419639-000771-79868-0.png,2
MIDRC-RICORD-1C-419639-000800-00397-0.png,2
MIDRC-RICORD-1C-419639-000800-04262-0.png,2
MIDRC-RICORD-1C-419639-000800-04262-1.png,2
MIDRC-RICORD-1C-419639-000800-10878-0.png,2
MIDRC-RICORD-1C-419639-000800-10878-1.png,2
MIDRC-RICORD-1C-419639-000800-27114-0.png,2
MIDRC-RICORD-1C-419639-000800-34589-0.png,2
MIDRC-RICORD-1C-419639-000800-34589-1.png,2
MIDRC-RICORD-1C-419639-000800-36774-0.png,2
MIDRC-RICORD-1C-419639-000800-36774-1.png,2
MIDRC-RICORD-1C-419639-000800-40610-0.png,2
MIDRC-RICORD-1C-419639-000800-41397-0.png,2
MIDRC-RICORD-1C-419639-000800-52294-0.png,2
MIDRC-RICORD-1C-419639-000800-52294-1.png,2
MIDRC-RICORD-1C-419639-000800-57587-0.png,2
MIDRC-RICORD-1C-419639-000800-57587-1.png,2
MIDRC-RICORD-1C-419639-000800-62251-0.png,2
MIDRC-RICORD-1C-419639-000800-62949-0.png,2
MIDRC-RICORD-1C-419639-000800-62949-1.png,2
MIDRC-RICORD-1C-419639-000800-65933-0.png,2
MIDRC-RICORD-1C-419639-000800-85841-0.png,2
MIDRC-RICORD-1C-419639-000800-93064-0.png,2
MIDRC-RICORD-1C-419639-000831-98678-0.png,2
MIDRC-RICORD-1C-419639-000831-98678-1.png,2
MIDRC-RICORD-1C-419639-000906-03183-0.png,2
MIDRC-RICORD-1C-419639-000906-03183-1.png,2
MIDRC-RICORD-1C-419639-000906-03919-0.png,2
MIDRC-RICORD-1C-419639-000906-03919-1.png,2
MIDRC-RICORD-1C-419639-000906-04484-0.png,2
MIDRC-RICORD-1C-419639-000906-04484-1.png,2
MIDRC-RICORD-1C-419639-000906-04505-0.png,2
MIDRC-RICORD-1C-419639-000906-04505-1.png,2
MIDRC-RICORD-1C-419639-000906-14379-0.png,2
MIDRC-RICORD-1C-419639-000906-14379-1.png,2
MIDRC-RICORD-1C-419639-000906-18706-0.png,2
MIDRC-RICORD-1C-419639-000906-18706-1.png,2
MIDRC-RICORD-1C-419639-000906-33256-0.png,2
MIDRC-RICORD-1C-419639-000906-33256-1.png,2
MIDRC-RICORD-1C-419639-000906-33603-0.png,2
MIDRC-RICORD-1C-419639-000906-35468-0.png,2
MIDRC-RICORD-1C-419639-000906-39490-0.png,2
MIDRC-RICORD-1C-419639-000906-39490-1.png,2
MIDRC-RICORD-1C-419639-000906-51788-0.png,2
MIDRC-RICORD-1C-419639-000906-51814-0.png,2
MIDRC-RICORD-1C-419639-000906-63294-0.png,2
MIDRC-RICORD-1C-419639-000906-63294-1.png,2
MIDRC-RICORD-1C-419639-000906-82807-0.png,2
MIDRC-RICORD-1C-419639-000906-90377-0.png,2
MIDRC-RICORD-1C-419639-000959-13337-0.png,2
MIDRC-RICORD-1C-419639-000959-34033-0.png,2
MIDRC-RICORD-1C-419639-000959-36969-0.png,2
MIDRC-RICORD-1C-419639-000959-36969-1.png,2
MIDRC-RICORD-1C-419639-000959-65337-0.png,2
MIDRC-RICORD-1C-419639-001012-17560-0.png,2
MIDRC-RICORD-1C-419639-001012-17560-1.png,2
MIDRC-RICORD-1C-419639-001012-17560-2.png,2
MIDRC-RICORD-1C-419639-001012-18323-0.png,2
MIDRC-RICORD-1C-419639-001012-18323-1.png,2
MIDRC-RICORD-1C-419639-001012-29087-0.png,2
MIDRC-RICORD-1C-419639-001012-56926-0.png,2
MIDRC-RICORD-1C-419639-001012-56926-1.png,2
MIDRC-RICORD-1C-419639-001021-07287-0.png,2
MIDRC-RICORD-1C-419639-001021-07696-0.png,2
MIDRC-RICORD-1C-419639-001021-18837-0.png,2
MIDRC-RICORD-1C-419639-001021-23657-0.png,2
MIDRC-RICORD-1C-419639-001021-23657-1.png,2
MIDRC-RICORD-1C-419639-001021-41534-0.png,2
MIDRC-RICORD-1C-419639-001021-41534-1.png,2
MIDRC-RICORD-1C-419639-001021-61597-0.png,2
MIDRC-RICORD-1C-419639-001021-70737-0.png,2
MIDRC-RICORD-1C-419639-001021-70737-1.png,2
MIDRC-RICORD-1C-419639-001021-71052-0.png,2
MIDRC-RICORD-1C-419639-001021-78754-0.png,2
MIDRC-RICORD-1C-419639-001021-79425-0.png,2
MIDRC-RICORD-1C-419639-001021-82590-0.png,2
MIDRC-RICORD-1C-419639-001021-88542-0.png,2
MIDRC-RICORD-1C-419639-001021-88542-1.png,2
MIDRC-RICORD-1C-419639-001021-90730-0.png,2
MIDRC-RICORD-1C-419639-001021-91778-0.png,2
MIDRC-RICORD-1C-419639-001021-91778-1.png,2
MIDRC-RICORD-1C-419639-001021-96124-0.png,2
MIDRC-RICORD-1C-419639-001021-96124-1.png,2
MIDRC-RICORD-1C-419639-001021-99551-0.png,2
MIDRC-RICORD-1C-419639-001060-58106-0.png,2
MIDRC-RICORD-1C-419639-001094-12424-0.png,2
MIDRC-RICORD-1C-419639-001094-12424-1.png,2
MIDRC-RICORD-1C-419639-001094-24082-0.png,2
MIDRC-RICORD-1C-419639-001094-24082-1.png,2
MIDRC-RICORD-1C-419639-001094-41321-0.png,2
MIDRC-RICORD-1C-419639-001094-75438-0.png,2
MIDRC-RICORD-1C-419639-001094-92274-0.png,2
MIDRC-RICORD-1C-419639-001122-08120-0.png,2
MIDRC-RICORD-1C-419639-001122-08120-1.png,2
MIDRC-RICORD-1C-419639-001122-11349-0.png,2
MIDRC-RICORD-1C-419639-001122-32326-1.png,2
MIDRC-RICORD-1C-419639-001122-33498-0.png,2
MIDRC-RICORD-1C-419639-001122-40057-0.png,2
MIDRC-RICORD-1C-419639-001122-40057-1.png,2
MIDRC-RICORD-1C-419639-001122-44476-0.png,2
MIDRC-RICORD-1C-419639-001122-44476-1.png,2
MIDRC-RICORD-1C-419639-001122-48791-0.png,2
MIDRC-RICORD-1C-419639-001122-51290-0.png,2
MIDRC-RICORD-1C-419639-001122-51290-1.png,2
MIDRC-RICORD-1C-419639-001122-66099-0.png,2
MIDRC-RICORD-1C-419639-001122-78273-0.png,2
MIDRC-RICORD-1C-419639-001122-78273-1.png,2
MIDRC-RICORD-1C-419639-001214-05111-0.png,2
MIDRC-RICORD-1C-419639-001214-05111-1.png,2
MIDRC-RICORD-1C-419639-001214-05119-0.png,2
MIDRC-RICORD-1C-419639-001214-08999-0.png,2
MIDRC-RICORD-1C-419639-001214-08999-1.png,2
MIDRC-RICORD-1C-419639-001214-36509-0.png,2
MIDRC-RICORD-1C-419639-001214-41531-0.png,2
MIDRC-RICORD-1C-419639-001214-44743-0.png,2
MIDRC-RICORD-1C-419639-001214-46973-0.png,2
MIDRC-RICORD-1C-419639-001214-48150-0.png,2
MIDRC-RICORD-1C-419639-001214-48150-1.png,2
MIDRC-RICORD-1C-419639-001214-75105-0.png,2
MIDRC-RICORD-1C-419639-001214-75105-1.png,2
MIDRC-RICORD-1C-419639-001214-88068-0.png,2
MIDRC-RICORD-1C-419639-001214-89985-0.png,2
MIDRC-RICORD-1C-419639-001214-89985-1.png,2
MIDRC-RICORD-1C-419639-001214-96330-0.png,2
MIDRC-RICORD-1C-419639-001245-74987-0.png,2
MIDRC-RICORD-1C-419639-001245-99926-0.png,2
MIDRC-RICORD-1C-419639-001285-10633-0.png,2
MIDRC-RICORD-1C-419639-001285-19619-0.png,2
MIDRC-RICORD-1C-419639-001285-20222-0.png,2
MIDRC-RICORD-1C-419639-001285-20222-1.png,2
MIDRC-RICORD-1C-419639-001285-78358-0.png,2
MIDRC-RICORD-1C-419639-001285-89136-0.png,2
MIDRC-RICORD-1C-419639-001336-01617-0.png,2
MIDRC-RICORD-1C-419639-001336-03716-0.png,2
MIDRC-RICORD-1C-419639-001336-07436-0.png,2
MIDRC-RICORD-1C-419639-001336-43772-0.png,2
MIDRC-RICORD-1C-419639-001336-67327-0.png,2
MIDRC-RICORD-1C-419639-001336-69627-0.png,2
MIDRC-RICORD-1C-419639-001336-69627-1.png,2
MIDRC-RICORD-1C-419639-001336-76924-0.png,2
MIDRC-RICORD-1C-419639-001336-76924-1.png,2
MIDRC-RICORD-1C-419639-001336-83365-0.png,2
MIDRC-RICORD-1C-419639-001336-83365-1.png,2
MIDRC-RICORD-1C-419639-001369-38749-0.png,2
MIDRC-RICORD-1C-419639-001369-43263-0.png,2
MIDRC-RICORD-1C-419639-001446-19964-0.png,2
MIDRC-RICORD-1C-419639-001446-25559-0.png,2
MIDRC-RICORD-1C-419639-001446-46934-0.png,2
MIDRC-RICORD-1C-419639-001476-88764-0.png,2
MIDRC-RICORD-1C-419639-001476-90402-0.png,2
MIDRC-RICORD-1C-419639-001555-00521-0.png,2
MIDRC-RICORD-1C-419639-001555-00521-1.png,2
MIDRC-RICORD-1C-419639-001569-25826-0.png,2
MIDRC-RICORD-1C-419639-001569-87963-0.png,2
MIDRC-RICORD-1C-419639-001596-22539-0.png,2
MIDRC-RICORD-1C-419639-001596-79963-0.png,2
MIDRC-RICORD-1C-419639-001634-16722-2.png,2
MIDRC-RICORD-1C-419639-001634-57955-0.png,2
MIDRC-RICORD-1C-419639-001634-66286-0.png,2
MIDRC-RICORD-1C-419639-001634-66286-1.png,2
MIDRC-RICORD-1C-419639-001634-99561-0.png,2
MIDRC-RICORD-1C-419639-001646-15061-0.png,2
MIDRC-RICORD-1C-419639-001647-89457-0.png,2
MIDRC-RICORD-1C-419639-001647-89457-1.png,2
MIDRC-RICORD-1C-419639-001686-47369-0.png,2
MIDRC-RICORD-1C-419639-001687-45786-0.png,2
MIDRC-RICORD-1C-419639-001687-67578-0.png,2
MIDRC-RICORD-1C-419639-001729-17227-0.png,2
MIDRC-RICORD-1C-419639-001729-29855-0.png,2
MIDRC-RICORD-1C-419639-001863-27599-0.png,2
MIDRC-RICORD-1C-419639-001863-49330-0.png,2
MIDRC-RICORD-1C-419639-001863-67434-0.png,2
MIDRC-RICORD-1C-419639-001863-85162-0.png,2
MIDRC-RICORD-1C-419639-001863-90674-0.png,2
MIDRC-RICORD-1C-419639-001863-90674-1.png,2
MIDRC-RICORD-1C-419639-001975-40168-0.png,2
MIDRC-RICORD-1C-419639-001975-83056-0.png,2
MIDRC-RICORD-1C-419639-002079-18032-0.png,2
MIDRC-RICORD-1C-419639-002079-19182-0.png,2
MIDRC-RICORD-1C-419639-002079-40903-0.png,2
MIDRC-RICORD-1C-419639-002079-40903-1.png,2
MIDRC-RICORD-1C-419639-002079-56133-0.png,2
MIDRC-RICORD-1C-419639-002079-80301-0.png,2
MIDRC-RICORD-1C-419639-002079-83709-0.png,2
MIDRC-RICORD-1C-419639-002079-84578-0.png,2
MIDRC-RICORD-1C-419639-002079-84578-1.png,2
MIDRC-RICORD-1C-419639-002079-90573-0.png,2
MIDRC-RICORD-1C-419639-002190-57254-0.png,2
MIDRC-RICORD-1C-419639-002195-88297-0.png,2
MIDRC-RICORD-1C-419639-002261-70507-0.png,2
MIDRC-RICORD-1C-419639-002267-92296-0.png,2
MIDRC-RICORD-1C-419639-002267-98558-0.png,2
MIDRC-RICORD-1C-419639-002372-32466-0.png,2
MIDRC-RICORD-1C-419639-002372-32466-1.png,2
MIDRC-RICORD-1C-419639-002592-18536-1.png,2
MIDRC-RICORD-1C-419639-002592-25226-0.png,2
MIDRC-RICORD-1C-419639-002649-34990-0.png,2
MIDRC-RICORD-1C-419639-002649-41013-0.png,2
MIDRC-RICORD-1C-419639-002649-44232-0.png,2
MIDRC-RICORD-1C-419639-002773-33746-0.png,2
MIDRC-RICORD-1C-419639-002773-62578-0.png,2
MIDRC-RICORD-1C-419639-002798-17571-0.png,2
MIDRC-RICORD-1C-419639-002798-21752-0.png,2
MIDRC-RICORD-1C-419639-002798-32461-0.png,2
MIDRC-RICORD-1C-419639-002798-32461-1.png,2
MIDRC-RICORD-1C-419639-002798-34378-0.png,2
MIDRC-RICORD-1C-419639-002798-34378-1.png,2
MIDRC-RICORD-1C-419639-002798-37114-0.png,2
MIDRC-RICORD-1C-419639-002798-43115-0.png,2
MIDRC-RICORD-1C-419639-002798-44148-0.png,2
MIDRC-RICORD-1C-419639-002798-44651-0.png,2
MIDRC-RICORD-1C-419639-002798-44651-1.png,2
MIDRC-RICORD-1C-419639-002798-49366-0.png,2
MIDRC-RICORD-1C-419639-002798-55120-0.png,2
MIDRC-RICORD-1C-419639-002798-55120-1.png,2
MIDRC-RICORD-1C-419639-002798-64618-0.png,2
MIDRC-RICORD-1C-419639-002798-64618-1.png,2
MIDRC-RICORD-1C-419639-002798-70806-0.png,2
MIDRC-RICORD-1C-419639-002825-47714-0.png,2
MIDRC-RICORD-1C-419639-002825-85192-0.png,2
MIDRC-RICORD-1C-419639-002844-31673-0.png,2
MIDRC-RICORD-1C-419639-002844-97546-0.png,2
MIDRC-RICORD-1C-419639-002863-17388-0.png,2
MIDRC-RICORD-1C-419639-002863-46522-0.png,2
MIDRC-RICORD-1C-419639-002863-46522-1.png,2
MIDRC-RICORD-1C-419639-002884-04199-0.png,2
MIDRC-RICORD-1C-419639-002884-13325-0.png,2
MIDRC-RICORD-1C-419639-002884-28746-0.png,2
MIDRC-RICORD-1C-419639-002884-43808-0.png,2
MIDRC-RICORD-1C-419639-002884-43808-1.png,2
MIDRC-RICORD-1C-419639-002884-47300-0.png,2
MIDRC-RICORD-1C-419639-002884-63532-0.png,2
MIDRC-RICORD-1C-419639-002884-63532-1.png,2
MIDRC-RICORD-1C-419639-002884-67077-0.png,2
MIDRC-RICORD-1C-419639-002884-88181-0.png,2
MIDRC-RICORD-1C-419639-002884-88181-1.png,2
MIDRC-RICORD-1C-419639-002884-99317-0.png,2
MIDRC-RICORD-1C-419639-002884-99369-0.png,2
MIDRC-RICORD-1C-419639-002887-10221-0.png,2
MIDRC-RICORD-1C-419639-002887-24181-0.png,2
MIDRC-RICORD-1C-419639-002887-77016-0.png,2
MIDRC-RICORD-1C-419639-002887-89073-0.png,2
MIDRC-RICORD-1C-419639-002904-61924-0.png,2
MIDRC-RICORD-1C-419639-002904-61924-1.png,2
MIDRC-RICORD-1C-419639-002911-25035-0.png,2
MIDRC-RICORD-1C-419639-002911-31907-0.png,2
MIDRC-RICORD-1C-419639-002911-31907-1.png,2
MIDRC-RICORD-1C-419639-002972-32291-0.png,2
MIDRC-RICORD-1C-419639-002972-53337-0.png,2
MIDRC-RICORD-1C-419639-002972-53927-0.png,2
MIDRC-RICORD-1C-419639-002972-97415-0.png,2
MIDRC-RICORD-1C-419639-002972-98539-0.png,2
MIDRC-RICORD-1C-419639-003003-16582-0.png,2
MIDRC-RICORD-1C-419639-003003-17992-0.png,2
MIDRC-RICORD-1C-419639-003003-29750-0.png,2
MIDRC-RICORD-1C-419639-003003-54383-0.png,2
MIDRC-RICORD-1C-419639-003003-86404-0.png,2
MIDRC-RICORD-1C-419639-003013-19767-0.png,2
MIDRC-RICORD-1C-419639-003013-21691-0.png,2
MIDRC-RICORD-1C-419639-003013-21691-1.png,2
MIDRC-RICORD-1C-419639-003013-42080-0.png,2
MIDRC-RICORD-1C-419639-003013-42080-1.png,2
MIDRC-RICORD-1C-419639-003013-66797-0.png,2
MIDRC-RICORD-1C-419639-003013-66797-1.png,2
MIDRC-RICORD-1C-419639-003013-66797-2.png,2
MIDRC-RICORD-1C-419639-003013-73430-0.png,2
MIDRC-RICORD-1C-419639-003013-75738-0.png,2
MIDRC-RICORD-1C-419639-003013-75738-1.png,2
MIDRC-RICORD-1C-419639-003013-83633-0.png,2
MIDRC-RICORD-1C-419639-003013-88049-0.png,2
MIDRC-RICORD-1C-419639-003013-88049-1.png,2
MIDRC-RICORD-1C-419639-003013-88396-0.png,2
MIDRC-RICORD-1C-419639-003013-92180-0.png,2
MIDRC-RICORD-1C-419639-003013-92180-1.png,2
MIDRC-RICORD-1C-419639-003013-92180-2.png,2
MIDRC-RICORD-1C-419639-003029-48005-0.png,2
MIDRC-RICORD-1C-419639-003029-68072-0.png,2
MIDRC-RICORD-1C-419639-003029-68072-1.png,2
MIDRC-RICORD-1C-419639-003087-04860-0.png,2
MIDRC-RICORD-1C-419639-003087-04860-1.png,2
MIDRC-RICORD-1C-419639-003089-37417-0.png,2
MIDRC-RICORD-1C-419639-003089-54764-0.png,2
MIDRC-RICORD-1C-419639-003094-61633-0.png,2
MIDRC-RICORD-1C-419639-003094-64848-0.png,2
MIDRC-RICORD-1C-419639-003112-00480-0.png,2
MIDRC-RICORD-1C-419639-003112-00480-1.png,2
MIDRC-RICORD-1C-419639-003112-17041-0.png,2
MIDRC-RICORD-1C-419639-003112-17041-1.png,2
MIDRC-RICORD-1C-419639-003112-18199-0.png,2
MIDRC-RICORD-1C-419639-003112-27341-0.png,2
MIDRC-RICORD-1C-419639-003112-32348-0.png,2
MIDRC-RICORD-1C-419639-003112-48985-0.png,2
MIDRC-RICORD-1C-419639-003112-56119-0.png,2
MIDRC-RICORD-1C-419639-003112-56119-1.png,2
MIDRC-RICORD-1C-419639-003112-60777-0.png,2
MIDRC-RICORD-1C-419639-003112-60777-1.png,2
MIDRC-RICORD-1C-419639-003112-67193-0.png,2
MIDRC-RICORD-1C-419639-003112-70800-0.png,2
MIDRC-RICORD-1C-419639-003154-07283-0.png,2
MIDRC-RICORD-1C-419639-003154-35008-0.png,2
MIDRC-RICORD-1C-419639-003154-35008-1.png,2
MIDRC-RICORD-1C-419639-003154-35008-2.png,2
MIDRC-RICORD-1C-419639-003154-35008-3.png,2
MIDRC-RICORD-1C-419639-003154-35008-4.png,2
MIDRC-RICORD-1C-419639-003154-35008-5.png,2
MIDRC-RICORD-1C-419639-003154-35008-6.png,2
MIDRC-RICORD-1C-419639-003154-69327-0.png,2
MIDRC-RICORD-1C-419639-003154-71369-0.png,2
MIDRC-RICORD-1C-419639-003154-73840-0.png,2
MIDRC-RICORD-1C-419639-003185-64353-0.png,2
MIDRC-RICORD-1C-419639-003210-91810-0.png,2
MIDRC-RICORD-1C-419639-003220-02012-0.png,2
MIDRC-RICORD-1C-419639-003220-02012-1.png,2
MIDRC-RICORD-1C-419639-003220-05014-0.png,2
MIDRC-RICORD-1C-419639-003220-05014-1.png,2
MIDRC-RICORD-1C-419639-003220-45514-0.png,2
MIDRC-RICORD-1C-419639-003220-45514-1.png,2
MIDRC-RICORD-1C-419639-003220-65243-0.png,2
MIDRC-RICORD-1C-419639-003220-70154-0.png,2
MIDRC-RICORD-1C-419639-003220-99668-0.png,2
MIDRC-RICORD-1C-419639-003235-44504-0.png,2
MIDRC-RICORD-1C-419639-003235-85590-0.png,2
MIDRC-RICORD-1C-419639-003235-85590-1.png,2
MIDRC-RICORD-1C-419639-003260-57806-0.png,2
MIDRC-RICORD-1C-419639-003260-57806-1.png,2
MIDRC-RICORD-1C-419639-003269-12522-0.png,2
MIDRC-RICORD-1C-419639-003269-25176-0.png,2
MIDRC-RICORD-1C-419639-003269-34317-0.png,2
MIDRC-RICORD-1C-419639-003269-57505-0.png,2
MIDRC-RICORD-1C-419639-003269-57505-1.png,2
MIDRC-RICORD-1C-419639-003269-78603-0.png,2
MIDRC-RICORD-1C-419639-003269-78603-1.png,2
MIDRC-RICORD-1C-419639-003302-48061-0.png,2
MIDRC-RICORD-1C-419639-003302-48061-1.png,2
MIDRC-RICORD-1C-419639-003302-51043-0.png,2
MIDRC-RICORD-1C-419639-003307-43105-0.png,2
MIDRC-RICORD-1C-419639-003307-62875-0.png,2
MIDRC-RICORD-1C-419639-003307-62875-1.png,2
MIDRC-RICORD-1C-419639-003307-98046-0.png,2
MIDRC-RICORD-1C-440808-000001-8.137-0.png,2
MIDRC-RICORD-1C-440808-000001-8.230-0.png,2
MIDRC-RICORD-1C-440808-000002-08.58-0.png,2
MIDRC-RICORD-1C-440808-000002-8.107-0.png,2
MIDRC-RICORD-1C-440808-000002-8.116-0.png,2
MIDRC-RICORD-1C-440808-000002-8.379-0.png,2
MIDRC-RICORD-1C-440808-000003-08.10-0.png,2
MIDRC-RICORD-1C-440808-000004-08.19-0.png,2
MIDRC-RICORD-1C-440808-000004-08.55-0.png,2
MIDRC-RICORD-1C-440808-000004-8.110-0.png,2
MIDRC-RICORD-1C-440808-000004-8.143-0.png,2
MIDRC-RICORD-1C-440808-000005-08.27-0.png,2
MIDRC-RICORD-1C-440808-000005-8.244-0.png,2
MIDRC-RICORD-1C-440808-000005-8.371-0.png,2
MIDRC-RICORD-1C-440808-000005-8.430-0.png,2
MIDRC-RICORD-1C-440808-000008-08.50-0.png,2
MIDRC-RICORD-1C-440808-000008-8.187-0.png,2
MIDRC-RICORD-1C-440808-000008-8.284-0.png,2
MIDRC-RICORD-1C-440808-000008-8.330-0.png,2
MIDRC-RICORD-1C-440808-000010-8.125-0.png,2
MIDRC-RICORD-1C-440808-000010-8.158-0.png,2
MIDRC-RICORD-1C-440808-000010-8.224-0.png,2
MIDRC-RICORD-1C-440808-000011-8.388-0.png,2
MIDRC-RICORD-1C-440808-000012-8.169-0.png,2
MIDRC-RICORD-1C-440808-000012-8.221-0.png,2
MIDRC-RICORD-1C-440808-000012-8.235-0.png,2
MIDRC-RICORD-1C-440808-000012-8.252-0.png,2
MIDRC-RICORD-1C-440808-000012-8.400-0.png,2
MIDRC-RICORD-1C-440808-000012-8.406-0.png,2
MIDRC-RICORD-1C-440808-000012-8.470-0.png,2
MIDRC-RICORD-1C-440808-000014-8.201-0.png,2
MIDRC-RICORD-1C-440808-000014-8.241-0.png,2
MIDRC-RICORD-1C-440808-000014-8.278-0.png,2
MIDRC-RICORD-1C-440808-000014-8.345-0.png,2
MIDRC-RICORD-1C-440808-000015-8.238-0.png,2
MIDRC-RICORD-1C-440808-000015-8.336-0.png,2
MIDRC-RICORD-1C-440808-000015-8.355-0.png,2
MIDRC-RICORD-1C-440808-000017-8.325-0.png,2
MIDRC-RICORD-1C-440808-000017-8.421-0.png,2
MIDRC-RICORD-1C-440808-000018-8.365-0.png,2
MIDRC-RICORD-1C-440808-000018-8.403-0.png,2
MIDRC-RICORD-1C-440808-000018-8.424-0.png,2
MIDRC-RICORD-1C-SITE2-000012-09172-0.png,2
MIDRC-RICORD-1C-SITE2-000012-67069-0.png,2
MIDRC-RICORD-1C-SITE2-000013-40554-0.png,2
MIDRC-RICORD-1C-SITE2-000021-95898-0.png,2
MIDRC-RICORD-1C-SITE2-000022-11669-0.png,2
MIDRC-RICORD-1C-SITE2-000022-11669-1.png,2
MIDRC-RICORD-1C-SITE2-000026-16420-0.png,2
MIDRC-RICORD-1C-SITE2-000026-22525-0.png,2
MIDRC-RICORD-1C-SITE2-000036-54047-0.png,2
MIDRC-RICORD-1C-SITE2-000046-62756-1.png,2
MIDRC-RICORD-1C-SITE2-000046-88354-0.png,2
MIDRC-RICORD-1C-SITE2-000047-79407-0.png,2
MIDRC-RICORD-1C-SITE2-000052-51315-0.png,2
MIDRC-RICORD-1C-SITE2-000057-48953-0.png,2
MIDRC-RICORD-1C-SITE2-000057-93381-0.png,2
MIDRC-RICORD-1C-SITE2-000061-79468-0.png,2
MIDRC-RICORD-1C-SITE2-000062-12368-0.png,2
MIDRC-RICORD-1C-SITE2-000062-34159-0.png,2
MIDRC-RICORD-1C-SITE2-000062-85716-0.png,2
MIDRC-RICORD-1C-SITE2-000078-37750-0.png,2
MIDRC-RICORD-1C-SITE2-000080-79272-0.png,2
MIDRC-RICORD-1C-SITE2-000080-96343-0.png,2
MIDRC-RICORD-1C-SITE2-000082-03688-0.png,2
MIDRC-RICORD-1C-SITE2-000082-50711-0.png,2
MIDRC-RICORD-1C-SITE2-000082-76500-0.png,2
MIDRC-RICORD-1C-SITE2-000084-71242-1.png,2
MIDRC-RICORD-1C-SITE2-000085-83466-0.png,2
MIDRC-RICORD-1C-SITE2-000085-83466-1.png,2
MIDRC-RICORD-1C-SITE2-000086-62343-0.png,2
MIDRC-RICORD-1C-SITE2-000087-31880-0.png,2
MIDRC-RICORD-1C-SITE2-000087-31880-1.png,2
MIDRC-RICORD-1C-SITE2-000089-06573-0.png,2
MIDRC-RICORD-1C-SITE2-000089-11126-0.png,2
MIDRC-RICORD-1C-SITE2-000089-25470-0.png,2
MIDRC-RICORD-1C-SITE2-000089-88967-0.png,2
MIDRC-RICORD-1C-SITE2-000090-64738-0.png,2
MIDRC-RICORD-1C-SITE2-000104-14246-0.png,2
MIDRC-RICORD-1C-SITE2-000104-14246-1.png,2
MIDRC-RICORD-1C-SITE2-000107-25118-0.png,2
MIDRC-RICORD-1C-SITE2-000112-86965-0.png,2
MIDRC-RICORD-1C-SITE2-000118-82253-0.png,2
MIDRC-RICORD-1C-SITE2-000123-76427-0.png,2
MIDRC-RICORD-1C-SITE2-000123-76427-1.png,2
MIDRC-RICORD-1C-SITE2-000123-77283-0.png,2
MIDRC-RICORD-1C-SITE2-000126-47389-0.png,2
MIDRC-RICORD-1C-SITE2-000133-21335-0.png,2
MIDRC-RICORD-1C-SITE2-000133-24249-0.png,2
MIDRC-RICORD-1C-SITE2-000133-37059-0.png,2
MIDRC-RICORD-1C-SITE2-000133-51771-0.png,2
MIDRC-RICORD-1C-SITE2-000133-60930-0.png,2
MIDRC-RICORD-1C-SITE2-000133-74142-0.png,2
MIDRC-RICORD-1C-SITE2-000133-76298-0.png,2
MIDRC-RICORD-1C-SITE2-000133-93176-0.png,2
MIDRC-RICORD-1C-SITE2-000137-87199-0.png,2
MIDRC-RICORD-1C-SITE2-000148-03262-0.png,2
MIDRC-RICORD-1C-SITE2-000163-34110-0.png,2
MIDRC-RICORD-1C-SITE2-000163-64983-0.png,2
MIDRC-RICORD-1C-SITE2-000172-50026-0.png,2
MIDRC-RICORD-1C-SITE2-000172-80464-0.png,2
MIDRC-RICORD-1C-SITE2-000175-47335-0.png,2
MIDRC-RICORD-1C-SITE2-000175-83380-0.png,2
MIDRC-RICORD-1C-SITE2-000177-25312-0.png,2
MIDRC-RICORD-1C-SITE2-000184-16779-0.png,2
MIDRC-RICORD-1C-SITE2-000184-45784-0.png,2
MIDRC-RICORD-1C-SITE2-000184-70034-0.png,2
MIDRC-RICORD-1C-SITE2-000184-70364-0.png,2
MIDRC-RICORD-1C-SITE2-000184-83158-0.png,2
MIDRC-RICORD-1C-SITE2-000186-87445-0.png,2
MIDRC-RICORD-1C-SITE2-000190-19302-0.png,2
MIDRC-RICORD-1C-SITE2-000191-37969-0.png,2
MIDRC-RICORD-1C-SITE2-000196-91950-1.png,2
MIDRC-RICORD-1C-SITE2-000197-74400-0.png,2
MIDRC-RICORD-1C-SITE2-000198-10532-0.png,2
MIDRC-RICORD-1C-SITE2-000198-45577-0.png,2
MIDRC-RICORD-1C-SITE2-000198-50564-0.png,2
MIDRC-RICORD-1C-SITE2-000198-82409-1.png,2
MIDRC-RICORD-1C-SITE2-000199-01952-0.png,2
MIDRC-RICORD-1C-SITE2-000199-24703-0.png,2
MIDRC-RICORD-1C-SITE2-000199-31568-0.png,2
MIDRC-RICORD-1C-SITE2-000199-48430-1.png,2
MIDRC-RICORD-1C-SITE2-000199-54181-0.png,2
MIDRC-RICORD-1C-SITE2-000199-55266-0.png,2
MIDRC-RICORD-1C-SITE2-000199-55518-0.png,2
MIDRC-RICORD-1C-SITE2-000199-65258-0.png,2
MIDRC-RICORD-1C-SITE2-000199-89105-0.png,2
MIDRC-RICORD-1C-SITE2-000199-91718-0.png,2
MIDRC-RICORD-1C-SITE2-000205-14473-0.png,2
MIDRC-RICORD-1C-SITE2-000212-05191-0.png,2
MIDRC-RICORD-1C-SITE2-000216-11627-0.png,2
MIDRC-RICORD-1C-SITE2-000216-21074-0.png,2
MIDRC-RICORD-1C-SITE2-000216-94016-0.png,2
MIDRC-RICORD-1C-SITE2-000216-94016-1.png,2
MIDRC-RICORD-1C-SITE2-000219-00321-0.png,2
MIDRC-RICORD-1C-SITE2-000219-20644-0.png,2
MIDRC-RICORD-1C-SITE2-000219-34485-0.png,2
MIDRC-RICORD-1C-SITE2-000224-37661-0.png,2
MIDRC-RICORD-1C-SITE2-000224-50442-0.png,2
MIDRC-RICORD-1C-SITE2-000224-57902-0.png,2
MIDRC-RICORD-1C-SITE2-000224-63778-0.png,2
MIDRC-RICORD-1C-SITE2-000224-64684-0.png,2
MIDRC-RICORD-1C-SITE2-000241-15545-0.png,2
MIDRC-RICORD-1C-SITE2-000241-15577-0.png,2
MIDRC-RICORD-1C-SITE2-000241-34883-0.png,2
MIDRC-RICORD-1C-SITE2-000241-70367-0.png,2
MIDRC-RICORD-1C-SITE2-000241-91261-0.png,2
MIDRC-RICORD-1C-SITE2-000242-58400-0.png,2
MIDRC-RICORD-1C-SITE2-000248-98712-0.png,2
MIDRC-RICORD-1C-SITE2-000249-02237-0.png,2
MIDRC-RICORD-1C-SITE2-000249-35888-0.png,2
MIDRC-RICORD-1C-SITE2-000249-49234-0.png,2
MIDRC-RICORD-1C-SITE2-000251-18814-0.png,2
MIDRC-RICORD-1C-SITE2-000251-31668-0.png,2
MIDRC-RICORD-1C-SITE2-000251-58048-0.png,2
MIDRC-RICORD-1C-SITE2-000251-96070-0.png,2
MIDRC-RICORD-1C-SITE2-000252-13708-0.png,2
MIDRC-RICORD-1C-SITE2-000252-17161-0.png,2
MIDRC-RICORD-1C-SITE2-000252-17651-0.png,2
MIDRC-RICORD-1C-SITE2-000252-20342-0.png,2
MIDRC-RICORD-1C-SITE2-000252-23889-0.png,2
MIDRC-RICORD-1C-SITE2-000252-32327-0.png,2
MIDRC-RICORD-1C-SITE2-000252-32327-1.png,2
MIDRC-RICORD-1C-SITE2-000252-32495-0.png,2
MIDRC-RICORD-1C-SITE2-000252-48311-0.png,2
MIDRC-RICORD-1C-SITE2-000252-54768-0.png,2
MIDRC-RICORD-1C-SITE2-000252-66168-0.png,2
MIDRC-RICORD-1C-SITE2-000252-71453-0.png,2
MIDRC-RICORD-1C-SITE2-000252-71651-0.png,2
MIDRC-RICORD-1C-SITE2-000252-73144-0.png,2
MIDRC-RICORD-1C-SITE2-000252-87588-0.png,2
MIDRC-RICORD-1C-SITE2-000252-94218-0.png,2
MIDRC-RICORD-1C-SITE2-000252-94218-1.png,2
MIDRC-RICORD-1C-SITE2-000252-98900-0.png,2
MIDRC-RICORD-1C-SITE2-000253-53016-0.png,2
MIDRC-RICORD-1C-SITE2-000253-66449-0.png,2
MIDRC-RICORD-1C-SITE2-000254-17761-0.png,2
MIDRC-RICORD-1C-SITE2-000254-54684-0.png,2
MIDRC-RICORD-1C-SITE2-000254-54684-1.png,2
MIDRC-RICORD-1C-SITE2-000255-11322-0.png,2
MIDRC-RICORD-1C-SITE2-000256-98463-0.png,2
MIDRC-RICORD-1C-SITE2-000259-30166-0.png,2
MIDRC-RICORD-1C-SITE2-000259-54753-0.png,2
MIDRC-RICORD-1C-SITE2-000259-58063-0.png,2
MIDRC-RICORD-1C-SITE2-000259-69929-0.png,2
MIDRC-RICORD-1C-SITE2-000261-61845-0.png,2
MIDRC-RICORD-1C-SITE2-000261-86202-0.png,2
MIDRC-RICORD-1C-SITE2-000262-15649-0.png,2
MIDRC-RICORD-1C-SITE2-000262-41467-0.png,2
MIDRC-RICORD-1C-SITE2-000266-04519-0.png,2
MIDRC-RICORD-1C-SITE2-000266-49750-0.png,2
MIDRC-RICORD-1C-SITE2-000268-51175-0.png,2
MIDRC-RICORD-1C-SITE2-000268-67528-0.png,2
MIDRC-RICORD-1C-SITE2-000268-72371-0.png,2
MIDRC-RICORD-1C-SITE2-000269-15753-0.png,2
MIDRC-RICORD-1C-SITE2-000269-62955-0.png,2
MIDRC-RICORD-1C-SITE2-000269-64461-0.png,2
MIDRC-RICORD-1C-SITE2-000269-67549-0.png,2
MIDRC-RICORD-1C-SITE2-000269-71352-0.png,2
MIDRC-RICORD-1C-SITE2-000274-89058-0.png,2
MIDRC-RICORD-1C-SITE2-000285-32471-0.png,2
MIDRC-RICORD-1C-SITE2-000292-03023-0.png,2
MIDRC-RICORD-1C-SITE2-000292-96206-0.png,2
MIDRC-RICORD-1C-SITE2-000293-40361-0.png,2
003d8fa0-6bf1-40ed-b54c-ac657f8495c5.png,0
009eb222-eabc-4150-8121-d5a6d06b8ebf.png,0
01027bc3-dc40-4165-a6c3-d6be2cb7ca34.png,0
017c7b5b-618e-4bc9-943c-04c6a988d992.png,0
019ca122-9cdf-4704-b7a9-449c8a1c263e.png,0
01a4059c-22f7-4f51-8a27-50aff0b3aeb3.png,0
01aad2a6-3b93-45e3-bf37-2d73348cb6fc.png,0
01b15f07-1149-4ff8-9756-bc821e41b97c.png,0
01be3fe5-4a91-4c57-9af6-305966a7d0aa.png,0
01c0b605-0a82-401b-9649-81252304ac45.png,0
01cc7c75-4498-43ab-b650-5553d0507f76.png,0
01e4fd43-4f2c-421f-bd68-c756dceb5742.png,0
01ef1712-90a6-4946-ad86-fc76b0cf2d3b.png,0
01f0d9cc-f69e-471a-987a-be73a36e18cc.png,0
01f0f4bf-e678-430e-b43d-2968e2c4976c.png,0
01f4cd36-caa1-480f-9d8c-92e80cf7b197.png,0
01fe92f7-ff87-4f9e-9077-e00e670d1b47.png,0
020fb648-3b1e-404a-a0b4-f25d6b277c1a.png,0
022b7bbd-963b-49ea-afd7-b6b7986da555.png,0
0280a39c-4891-4a7b-8073-710c3f5577a3.png,0
0295573e-1bbe-4f14-83c2-32449fa79f10.png,0
02f6ab3b-7793-4d67-87e3-868911a399b7.png,0
03682e3c-d601-4e35-9ba5-06e85bba5c7c.png,0
03b10fa5-e7c3-4726-818f-ecbace9da737.png,0
03da08b4-9f24-4822-8b2b-4abf27e3c9a8.png,0
03f43302-39f0-48a1-ae3d-0c6c611b9302.png,0
042bde1a-88c1-4ae5-af0c-1a409e1e09ee.png,0
04707463-aae0-4989-ae73-f9162275444e.png,0
05073cbd-ad54-456d-9de6-b468db719b57.png,0
053f237f-c835-4067-8a74-a0b7641bdaca.png,0
053f400c-145d-4770-841c-3ea961bb3644.png,0
056fb495-574d-4b37-9f89-77b9ced2ef43.png,0
05c8ec6f-c41d-4dbe-a6a0-2875334b0b9e.png,0
05cd4a95-8187-41ac-929c-226015cceefb.png,0
05d16b06-ffb2-40ab-b64a-299448999f72.png,0
05d3b194-78bb-4fe9-aa1c-0f1d76e5641d.png,0
05ee72bf-6d12-4ac5-a47e-f43a7ea52a40.png,0
05f6eacc-e1a9-4b88-a0ec-f4ab5ba72e93.png,0
05f88159-8c6e-4d9a-92a8-a20c6fb2930d.png,0
05fa458a-9e6a-4e02-b85c-c8d67c3161cf.png,0
0609cacd-b9a6-485f-a6f1-5bb7b88db8dd.png,0
06199c4d-5f6f-4736-81b1-07bf5b76bd78.png,0
061ccabd-b0cf-4238-a053-28a1960c1923.png,0
0623ea89-c89c-4743-b492-55e398de4c9b.png,0
063f63c9-7e5b-4360-8d19-0060d849fdbc.png,0
06605bfa-0370-4979-a2bd-11173002abd1.png,0
0666201a-fab4-4828-81dd-73292312c766.png,0
067b7ea4-bc57-41d5-ae13-5137f9df5111.png,0
068ae297-8397-463e-927e-cb6693aeb8b5.png,0
068e882a-df1e-4d62-92a0-9eef12024b01.png,0
06941d8e-2034-4503-b8d5-0eb13fc52f75.png,0
069554dc-f5b0-4947-be4c-873dd6360b5a.png,0
06a7820e-8f38-4958-b871-518030a63432.png,0
06ba1322-0274-47e0-b7eb-07c11d96360f.png,0
06bc1cfe-23a0-43a4-a01b-dfa10314bbb0.png,0
06bdaf90-df6a-46ae-ac6d-a4afb7937c8d.png,0
06ce1fa2-986b-4936-82f5-7b06d0d3b4ff.png,0
06ea9b14-2cac-42c6-b3d1-b955feafee23.png,0
06f4f57e-ab00-459a-aa03-2ffe1dc75bdb.png,0
06f6f5e7-610c-4122-8731-aac15337b5e8.png,0
0700bc73-b6e3-412e-9e2f-aa0b83424804.png,0
07015c3f-79d8-4340-9baf-255b2a5418bd.png,0
07045469-bbc4-42ca-a8b9-9c83ef77f704.png,0
070efe1f-2b7a-4585-9e9b-561a4432fa57.png,0
07120dca-52d2-4c79-84fd-a11f995df2fd.png,0
0716f059-34cb-4046-ae86-46b47756fc2b.png,0
0725cf2e-03d2-4e38-90e1-a9a85da37276.png,0
07290e87-0c95-4daf-ae97-2f7f971f23c0.png,0
072e0dbf-11d7-4c57-8161-10c8e7b2f0bf.png,0
0736db5d-1989-4e0f-99c2-c72c7fa90e8e.png,0
07391275-3a53-4eb2-bb8e-160e9dc0a3c2.png,0
073c6a26-29f2-4e61-9c52-7d41f3807cca.png,0
074113b7-da5f-4742-93fd-654ee20939f5.png,0
07444c7a-580b-4494-a883-3b33361a24ac.png,0
0749e0ce-a84e-49bf-9275-a1ebd9281e3b.png,0
07534f30-58a1-4043-b70e-156cdfafe1c6.png,0
0755dd30-bcc6-4f75-9cf9-914962477fca.png,0
0759abcb-6e42-4837-956f-d4e8a4cd3537.png,0
075f24e4-0d8e-4606-8e68-ee5ea0b953b5.png,0
075f7167-e5ac-4c3d-954a-33576cb50600.png,0
076149ed-e1a7-4424-b283-18161c95e0e2.png,0
076ad555-8eff-4022-9c08-7205c59a75d2.png,0
07701659-5766-4828-bb65-27d208a42daf.png,0
07705011-0d7a-46b9-ab51-b4d5f2bd495f.png,0
07752357-2f21-4e42-9015-27886b3d5857.png,0
07755c77-1391-49f1-8fdb-832082887aec.png,0
0777be71-3ed5-4d03-a073-d34ae7426838.png,0
07798a86-803e-4a25-b1ca-3394ae293be5.png,0
07888d77-acd2-4e12-9f43-9272ae1cfe9e.png,0
079269e0-96f3-4964-8def-b13bd0aa837a.png,0
0793267b-ba31-4f77-bee8-acde7a571231.png,0
0796d0a6-8aa5-4edf-9c82-33523d8da0c2.png,0
079fa565-0c4e-46a2-9a3c-f6341d97fd5c.png,0
07abb49d-c23c-41a5-b38a-b093011b59dd.png,0
07b24c8e-be16-4d5d-992e-b66e7930a387.png,0
07bc7cbd-b313-47c0-b0eb-89d176a71810.png,0
07c5e2ff-fd3a-47c7-936f-33f34d11b41d.png,0
07c6955b-57c1-4ba8-8b07-81b333624ed9.png,0
07cdb450-541e-4810-900b-b3b7b9846e8b.png,0
07d45be8-4344-473d-b377-26354b64078e.png,0
07daedd9-d1b8-4ff1-b203-24e71326d083.png,0
07ec1c73-c77a-4b43-bcc6-96f94cbd32ac.png,0
07f1ae3f-2482-4c76-8801-bc4895b3f46e.png,0
07f59492-1b36-4ff7-98b0-df996bf4fc4b.png,0
080f1469-5384-4678-b0ec-513ae837b583.png,0
08226aab-e8d2-401f-8b8d-1a2a51234c42.png,0
0838fe18-1e25-4d02-8287-7692d2a5bb57.png,0
083e7d20-cee0-482e-acb5-029868b78fb8.png,0
08483dbc-6223-43e2-b049-b1f86ef8bbcc.png,0
084db3b9-8b5b-494d-8e81-7b6b98de6287.png,0
085f5a19-2746-43e1-a3c7-34ce070d1ad8.png,0
0864e801-58cb-4df8-b7a8-dd9e32c97178.png,0
08732533-75c0-45e3-9565-f69307152c23.png,0
08845a57-ec6b-4efc-b919-6020dc4460b9.png,0
08846808-af38-4f0f-a189-d19938ae8efc.png,0
0889b108-8f03-4fef-9ef3-5ddabde15ce7.png,0
088d38bd-2b6b-48cf-9c83-e9e4214a9c28.png,0
0892a3a9-1345-42b3-8412-b930fd9066e5.png,0
08941080-30dc-449f-a8e1-e6530f4695a2.png,0
0898494b-fa6c-442c-b049-eb974ccee7b3.png,0
089df963-c3c7-499c-afd8-2b0f9224c442.png,0
08a09eef-7c20-414d-b36f-bd609dc5c763.png,0
08ae6c0b-d044-4de2-a410-b3cf8dc65868.png,0
08b9ee23-ff64-4494-b293-5e43f3de3453.png,0
08bc9387-94f1-4ce8-8958-15864bca9052.png,0
08cbc4cf-9efb-47e4-a77f-d734e6a273c5.png,0
08d0531a-b5c3-4677-94f1-a48101ed3e06.png,0
08dc2e8b-754a-47ad-97e2-efe6e14fd732.png,0
08e237d8-7d4d-410f-b48e-1e2817df9aac.png,0
08ec2d3b-bc62-47c6-b0ce-632f8dbbdb21.png,0
08fda39f-ba68-45cc-9bbb-d416b19c6dc2.png,0
09009286-a589-4fb9-8c2c-540e16c75481.png,0
091ab452-0ea2-4f1b-b853-20b0031f1f99.png,0
091d9bb8-eb0e-48ef-946a-254a4f8f0a0b.png,0
09236f60-57e0-48b3-aede-a885f4dfe1b1.png,0
0927bc1e-e1af-4c7e-93c4-7127d366f57d.png,0
0934e2a4-10f9-45f2-9729-af674d68118c.png,0
0940017e-0dc8-414a-9560-98f13cd58610.png,0
094977f5-89e2-4f48-9c9f-5954aac94d59.png,0
0949dfc4-7613-432c-8d16-4cf0aa5b15bb.png,0
09547f4f-c52e-4fd7-8738-0e01e6277034.png,0
09591753-b569-435e-bd44-a80a3cfc6927.png,0
09629e2b-7f1e-499c-aab7-2bff196f034b.png,0
09794a15-ea37-41f8-8a0e-a56a9a93eaa6.png,0
097aa88c-3228-4b27-8d30-2071fdb6a37d.png,0
097df78d-7101-478a-9e33-2748a084e01e.png,0
09854bb5-4fed-43e2-96cf-8f24ca71cb6e.png,0
0989935f-d8e5-4b59-a72e-077da14ba7f6.png,0
098c0843-d0f1-4aa3-b593-925d9327e31a.png,0
098fdba1-4918-40e8-bb74-9945214c8bd5.png,0
09918992-0dfa-4ab4-9e3c-51444c0267aa.png,0
0996439a-352a-4c75-bb53-d13759eca6b6.png,0
099abc5b-f471-4e24-90be-f1a4b4428166.png,0
09c0e0e5-e269-4d0c-89ea-59d1a77e2097.png,0
09c869c1-27a6-48cc-bb9c-3eeed5863564.png,0
09d21970-3207-4817-ab35-b26bbfdead9e.png,0
09d79f22-df14-4e5a-bc98-7a1d6bcd6965.png,0
09e8fae9-1714-4b54-a1d3-42a29a9717c3.png,0
09ec5bb9-ba5c-465e-b0cf-b2acb6ea2cd0.png,0
09edbe84-9f36-465b-b227-00abd25c9afc.png,0
09f314e5-047f-4f7d-87b3-b944e9e566dd.png,0
09fab84b-19f3-42e1-9c90-69a49b7b37d6.png,0
0a03a65b-9e45-4e3d-ae6c-b8a37112ab31.png,0
0a120828-703c-4273-9d62-317dc92c560e.png,0
0a22297d-22e1-4f3f-aa10-edcd220c1cb0.png,0
0a29f841-b738-499a-bc8e-0589de77ef82.png,0
0a3227d3-c8df-44fc-b1cb-fb0eb743f79f.png,0
0a34d5d9-8c50-4b97-9c9c-e5d6ed862a3d.png,0
0a41d5c4-83b0-43e4-b98f-be69dcdd4636.png,0
0a461c5f-08e6-4c86-9ecd-5246e613f8c2.png,0
0a48e8eb-2c55-46ac-82b0-9bea6c5b7872.png,0
0a4d9634-7ee8-4512-ba83-6ff5e352b2c2.png,0
0a50d5b7-436c-464e-aba4-4264cebb35be.png,0
0a55219b-5303-4490-b173-6039f355db2f.png,0
0a5c4dcb-33ac-4466-9dbf-42ed5c8ec1f0.png,0
0a628951-4482-4d01-a09a-9e590b886cf2.png,0
0a63a331-3e17-4e23-8a9f-f7a4ec850a1b.png,0
0a74badc-f221-4017-96a6-055ee057b57d.png,0
0a7b13a9-bcfe-4a99-b699-4c8cf6882f04.png,0
0a828af6-b7c6-4757-88e4-dea54fe6cdc9.png,0
0a8db596-9ef7-4b6c-a5db-7bb6029d0b9d.png,0
0aa83e7d-e947-46e9-b5ca-a69cc9e5c8fe.png,0
0ab731ef-0580-4a2e-9fa2-29a243b71c86.png,0
0ac2c2ef-efb4-485c-b63a-69f19f32b704.png,0
0ae12060-f38f-43ad-8a88-a06322f920ab.png,0
0ae5ae70-e9a3-4214-93d0-0834f0cd4835.png,0
0ae6a60a-7657-4fa4-8f64-2aa088c4cd7c.png,0
0ae93f35-2954-41a2-a33b-6614f36dd1c3.png,0
0aee76d8-e3e0-4150-b645-9a80a2f4208f.png,0
0af0a3a7-6df3-4217-b24f-cf6fcdc9a3bf.png,0
0af57062-e071-4083-ae38-a6681b101994.png,0
0b00ec19-0e23-48eb-8936-c03379bf65c2.png,0
0b025ff6-4fa0-4302-b02c-fe2069dfa7ce.png,0
0b0860dc-b2ca-4016-a6eb-3a88ffb5ab2a.png,0
0b0b36c6-fa59-4cca-b939-aec774926e48.png,0
0b18b129-53a3-416c-8559-7a2e9748d2cc.png,0
0b18dcfc-c526-435b-aea8-d8038aa224ef.png,0
0b1c0cf3-21b9-49f0-b33b-3e71b24295eb.png,0
0b2e67fe-09ae-40b0-8089-4dddb7c2c0cf.png,0
0b2e8b54-aab8-45a1-ac87-f98c91590cdf.png,0
0b352cce-b6f8-4130-adfe-38fcc180a952.png,0
0b3d3db8-871d-45a6-a8af-3c76b5b92f1f.png,0
0b407f1e-dd57-49a7-836b-58ea0b3888de.png,0
0b421aea-6e0f-4faf-a4bf-4a82445d0e35.png,0
0b46a9e3-2b90-4d9f-8053-bcaa9066f31c.png,0
0b609c12-d05a-4cfe-8204-e0c75c300d0b.png,0
0b652c84-50b1-4fa9-8704-94d90827c879.png,0
0b667844-0121-4eed-9a95-b670061a7a83.png,0
0b6c6a3e-4eda-4886-9182-e0b686fd9e53.png,0
0b754c5b-d5ee-4a2a-a6e0-c610568b676d.png,0
0b7cfdd2-3fcb-43bc-86bd-5a880c7874bb.png,0
0b8ba576-7734-4192-ba1b-5618dd257f6b.png,0
0b8c48a7-3158-4df1-b484-b6f677ff9612.png,0
0b8d4689-aff3-472b-bad1-d12d648dbc2c.png,0
0b905a8b-9884-4f82-8e02-4577090678de.png,0
0b92e1e9-78ae-4477-8b7e-f7cac9c79104.png,0
0b9736d7-413f-4fe0-8ff3-163c290e2679.png,0
0b974a07-7c7f-4826-913d-f5b0d5bd8142.png,0
0baa6d29-66e3-40db-8aeb-5ebe80ddc8c8.png,0
0bad68b0-b67c-47c9-bb8b-b9513a326394.png,0
0bb0dca8-127f-4793-849b-cf9d4a67a055.png,0
0bb1cb0e-7377-407d-845e-dce144852d32.png,0
0bb7b8e1-ffb4-4c6f-81aa-639e1d138a7f.png,0
0bbdddaa-499c-47cb-a6cc-a67faa4ec135.png,0
0bcb0834-efa8-4fcc-9082-4a2dd4506dc2.png,0
0bcb73ad-aff9-4367-adfe-f9e87b229523.png,0
0bdc1ef9-6431-4164-9110-c26fe26ab2a9.png,0
0bdcfa14-a0e9-444d-bb9e-48c6aa10f393.png,0
0be1f228-74f9-49f2-836e-e3caa49c9fcb.png,0
0be9dc1f-eff8-4813-bd77-b076fbfc537e.png,0
0bf4e2be-e95c-4e59-8cd4-db3def008067.png,0
0bfe09c2-ce96-4cd4-9374-92117c18da3d.png,0
0c00260e-8326-458d-9e91-a731488717b2.png,0
0c03597a-dc89-4480-9412-dd2121411278.png,0
0c049df6-5c1d-4460-8f66-2583e86364f6.png,0
0c166e46-6e25-4f59-9743-6c60828c7c77.png,0
0c1822ea-5a61-4e64-97f7-ec1885d97fc2.png,0
0c1b326c-93f9-44d5-b72e-20e2be51fd09.png,0
0c235f29-e4c5-4cb1-ad36-80ace7249062.png,0
0c24f2b3-836d-4bd2-8bf7-473d3272a1c8.png,0
0c3a7bda-26e9-4750-a295-5227365857c1.png,0
0c3b0389-1cd7-4352-ad3d-2be8bc95ba56.png,0
0c46d62b-fd38-4445-9776-3963704c838b.png,0
0c485eff-442f-4a5a-b526-f58024cbb1b2.png,0
0c4d320e-7342-44e4-a634-56f4ca110c58.png,0
0c5036ec-06d1-443c-ae90-779617e10cc7.png,0
0c58209f-4484-4be8-a687-c8a1419aefcb.png,0
0c652b5b-8d2e-4c10-8dcd-a47ad0caf39b.png,0
0c66c256-fae5-4c7d-bae4-a1864b7227c7.png,0
0c861344-c755-4072-ab28-1d29be4949f5.png,0
0c96da69-fc57-4e47-b294-fdb585c00ad1.png,0
0c9be296-285f-44dc-8599-afde00848e9d.png,0
0c9beef4-dc63-4f65-86e6-d8a6eac70670.png,0
0cac04c6-c4b6-48e5-9b28-b0a6c44289a5.png,0
0cb14822-96b4-4d77-b3ab-436e40ea135c.png,0
0cb23e5a-a46a-4a32-89c0-8030941b6301.png,0
0cb697cb-b775-4908-aff2-40dad27723e3.png,0
0cb6fe57-ead1-444b-8563-a51f14014e2d.png,0
0cb9f824-8f97-4195-a887-97873f657063.png,0
0cbb1188-a386-4965-a292-29ff93300c97.png,0
0cc92744-51e9-4239-9e8f-81c229424d23.png,0
0ccaea04-444a-4c37-baaa-d664138a355a.png,0
0ccb9c63-16ca-4bc3-b2ac-b7fd85a845dd.png,0
0d5478d8-151a-4ce9-85b4-87645d2f8bdc.png,0
0d8ca6ee-0595-45aa-bedb-1087dee15f23.png,0
0d96ad36-6fce-4ae2-a88f-faa5c7bfbf0e.png,0
0dbb83c1-2214-4152-ac69-d1e7e25453cb.png,0
0e486937-8c3d-4d75-9df9-90c7fb5756e4.png,0
0e63cd8d-3f26-4f6f-b202-683e747d3458.png,0
0ea2d36a-4ab7-4b82-b446-8be5c4089df6.png,0
0eb6bffd-a30d-466a-84eb-d8daf93570ce.png,0
0efbd9ef-d4c3-4420-924d-db1ff63200f9.png,0
0fad7782-a936-4a72-8918-e3bc97cf690e.png,0
0fb699c2-9ebc-4f77-a531-703a1232c1a5.png,0
102b58f8-0c33-4c7a-958e-0fc23d1eb8a7.png,0
10363aa1-6671-4c3f-b0ad-d2a7b868ec09.png,0
10663fbe-86aa-4bf4-afdc-c234605457f4.png,0
10a50075-8c2f-4335-891f-e11127e87dbc.png,0
113850e1-6d28-4d63-bc5e-807ab3213995.png,0
1140291d-847e-4806-8a10-d0398888716f.png,0
1149a2ab-1e6e-42a3-b850-27486c330a87.png,0
1189d740-9839-4a74-8516-a64e767b977e.png,0
11a02fa2-7942-4278-ae3c-3153687ec131.png,0
11beb646-df06-43e4-9a42-457a9a8a87e6.png,0
11da9a9c-5b85-46a9-8c72-a612844d8db6.png,0
11e13a2f-fc65-40c6-82d8-fa5aa88495a0.png,0
1239cc4b-bacb-449e-b7e3-5545df8a6677.png,0
1272fefa-4378-4460-93c8-677a42b6efa9.png,0
12db4693-e96a-4a3f-a972-2015b658a14d.png,0
12f43927-7592-404e-87c7-4027e114e7ff.png,0
134f7cfa-2bf1-457f-b7ef-6a23bd61ec45.png,0
136d290d-6e17-4cef-8783-6044ec43e397.png,0
139700f3-4883-410d-aaf9-8f60b154d446.png,0
13e4a88e-245a-491b-9cd7-a8672c98175e.png,0
141c3013-0cf7-48a4-b15c-c2c5afac3072.png,0
142123c9-a348-48c0-9650-e53eb09be171.png,0
14302d4e-57f0-481b-a5a4-2305eebb0bb6.png,0
1436886b-785a-4767-a078-c02510681c3a.png,0
1491ad3a-c263-417d-af7b-159f05b72e63.png,0
14a17c79-36ac-4794-8f6b-797df627ea4d.png,0
14c9d780-c5d1-4a21-a847-9fee0ec3bd43.png,0
153c4961-5c28-448a-9dc0-c972ce580671.png,0
154dba64-5188-418e-82ec-d8f1485b433b.png,0
1557bea3-b9f0-4235-b06f-49de5ee8d194.png,0
155e1bbc-b81f-4164-8de1-b3c235bfa87a.png,0
1561af3e-022a-448f-a729-2c4ba5546aa3.png,0
15688c5b-57a9-419c-b93c-115d7cec828d.png,0
156d13c3-5e52-475d-a903-74e48be63fef.png,0
15713eb9-2c08-452e-8a4d-467fad2ce8de.png,0
1571afbd-596f-472d-96aa-235add06eea1.png,0
15737cc0-fd06-4a89-9ce6-8b95bf0d6033.png,0
157a7371-119d-4549-82be-fbecaac4bf54.png,0
157cdcc6-85da-4280-abac-46afe2ed9138.png,0
1586d88a-b10a-44ba-9584-f838ef1de02c.png,0
158d5bc5-bafd-47da-a827-dbbd36a15f76.png,0
158e77f6-1345-402b-8718-4d5788718509.png,0
15911a40-9cb6-404c-b601-4e3b2846d7a9.png,0
159b6cd1-8a7f-419a-a299-db96e99d8ab4.png,0
15abeeb8-82e8-45fd-a334-adeba39f7903.png,0
15b7d431-5807-468b-a561-42f63e56b845.png,0
15bd1033-0a76-4f21-a6e2-ce3dc0ec41e0.png,0
15bed4e1-1b6d-4224-bfe8-b044725ccd77.png,0
15c0c631-f3dd-43e8-935c-a360155eb669.png,0
15c181df-7b7c-47d3-ac5a-130b6047c1a0.png,0
15c2558a-5399-43f8-83c0-a36e634925bf.png,0
15c262ab-4ec6-4b19-8172-3aaf662e05c3.png,0
15c50f7a-a638-4665-9101-cc2ffdc39a43.png,0
15c81382-6b4c-4e2e-ab79-db95f66de400.png,0
15c93233-9362-477c-8e4d-c25f2e651aa7.png,0
15c968aa-c279-4e68-aa0e-a0ea85b06053.png,0
15caed66-ea48-488f-8c54-4f6debd7645d.png,0
15cdf6d4-2978-4b2c-8b9a-0f3213370294.png,0
15d957da-6c21-4f18-a8e7-a26fe4d29f58.png,0
15da61c5-38ac-4490-a468-91e67f295825.png,0
15dc3b2e-b1c7-4251-b5f9-4b24e4e20294.png,0
15e6c264-0f5d-4659-805f-fddff71b48da.png,0
15e8d510-5e1a-43f9-9d1a-16a1bd6728ab.png,0
15e98e98-57f1-4641-8c33-de67995cf441.png,0
15f173c9-43b4-43b7-9dde-ff87543b959f.png,0
15f9590e-9e75-4c47-8070-a741a3fe2297.png,0
15fa29d8-09cf-436e-8bf8-cd85b260f2cc.png,0
15fb2749-8cc5-4bdc-b0f4-fca4e2443aa9.png,0
15ff926e-919d-461d-8c5b-963eefa253bc.png,0
1600da0c-21f7-41a9-92d8-1d138a70bfac.png,0
160ad42c-c2a4-408f-85fd-f22f5d166856.png,0
160be734-72c5-4f7b-a02f-5425c65bb084.png,0
16164a04-5f08-4637-8226-e34d2fbdd762.png,0
16198f03-b89b-470f-bed8-4b89d6dd69f5.png,0
161d6c37-0efa-452d-8eb5-f2760016d333.png,0
1622a51d-3ae2-466c-a5c8-304862f69eff.png,0
16295f19-6f89-4bdf-bfc5-0457e4b4bb89.png,0
162b39c5-d524-4661-b29b-8db9336dff13.png,0
163207fb-ef50-49f9-a00a-9f849cdd05e3.png,0
163956ec-35f4-4df2-a3e4-0f9d8eab4066.png,0
163aa468-b519-4109-85ac-58b46a5b8bf7.png,0
163b3240-2726-45f0-9054-9119bab7fd88.png,0
1643d9ee-7f12-4a05-9328-f7d775f6cd2c.png,0
16440036-5704-4096-acc1-7ea237d0fefc.png,0
16637461-2175-426c-a0fd-e6bf3c6dbe95.png,0
16654928-ac45-4cea-bb79-e97b9b02d012.png,0
1668be84-8c1e-4f22-9a54-b88d285043dc.png,0
167c8c5b-551b-4c01-b208-0d8d7f35a6a4.png,0
168563e7-4335-4c3f-9593-235df8fcd765.png,0
168ae18f-d50a-4df3-9f21-5eedb100fcc0.png,0
169a956e-6c32-493e-ad41-31639b9d7ef4.png,0
169d225c-4691-4897-a382-8aac28b0c348.png,0
16b2f378-a695-44d4-b136-305a7b17155f.png,0
16b3b4a2-5039-4977-ba35-73bf84fcc565.png,0
16b81782-5c25-4dd2-89f5-8008aec5259e.png,0
16c2d839-2259-400b-b6f2-0719ea2f3dff.png,0
16c5c9f0-e503-46b9-8f1c-1e752c24370e.png,0
16c68f73-6276-44e1-a40a-b15a0b807924.png,0
16d4d825-3334-424d-9bfe-0e6fb28c678a.png,0
16d8068a-6218-4490-af47-e9ad1c67f007.png,0
16dd5796-1dd9-466b-ab05-e50ae5fafe39.png,0
16e739a9-214a-45d1-a2d8-b7b19a167dad.png,0
16edb34f-c48e-44bf-81a6-4d1155c213cb.png,0
16f5be73-4905-4c43-aab6-83903ff468f3.png,0
17042665-a8a3-4538-a665-39126634f3dc.png,0
170a883f-c2ec-489e-8718-729060379eef.png,0
171648d9-c749-4146-8e2e-2a9aa775eaf9.png,0
1721fcab-c6fb-4688-a1b9-bb3677213085.png,0
174dea20-4712-4425-8328-b0a38e8f88ef.png,0
17533758-98bd-48d4-adc1-07c8f4dcf9a9.png,0
1757b96d-2340-420f-a7eb-d8899466e682.png,0
17581b7e-a0a3-463c-bfbe-8a435811bab3.png,0
175d97a4-f76d-4c1b-a5f3-882575b0a304.png,0
1766e77b-97df-4069-8b3f-8be7b65d2338.png,0
17674c94-902a-4aeb-b7c3-e394f093bdd6.png,0
1769ed43-31b6-4cab-8ac2-4a8e096fd378.png,0
1773233f-b1f2-4b33-b5a3-fd51ec980e93.png,0
17861c63-e67f-443d-99e7-11bbf3f6239e.png,0
178ab0a6-5c4c-4cae-8572-3705352f20fc.png,0
17a46e10-30d3-4ddb-bcca-a6316b20c509.png,0
17a6c2d3-d218-4ef3-99c0-4da163fc9e52.png,0
17a78211-ea8d-4ac8-8882-170a269cd605.png,0
17aba977-7b64-47b0-acb0-d41abba1fcbc.png,0
17aedfd5-2368-40a4-9417-8dcc221b1ed3.png,0
17b391e7-f5dd-4fff-99ae-d4d9959d2408.png,0
17bbf318-ef96-4dac-99e0-59fae5c60b56.png,0
17bd6f06-c2f5-4640-bfa3-b3777a6a1a0a.png,0
17c588e7-bf2e-4a0f-a766-1455b6e80931.png,0
17c7c4c8-56af-4a29-b05d-312a3730e1b7.png,0
17c89271-2986-4e49-be3c-b925e0925515.png,0
17c89450-d10e-4041-afa0-4c5a39adccdd.png,0
17c8b1fc-07c6-45e7-8328-2fa3bb75b5f9.png,0
17c8f17a-b1df-4211-9713-7aff0013f4c1.png,0
17f54918-66ce-491f-b674-97c2e365f1ef.png,0
17fa0ef9-d8da-4d79-ad6e-03b1b6a3a7aa.png,0
17fc4b35-5736-4105-a316-ae5b5eb18b60.png,0
180000cc-3d3e-4ab5-bc9b-4e6a8a1d8c15.png,0
1800cf3a-5e9c-41b8-9a2f-d5b84259b6d8.png,0
180702e4-92dc-481f-b6dc-23419ef8a0c5.png,0
180edf81-c77b-415e-a34f-da706c7794c9.png,0
180f5079-9805-4482-973c-f043aaeb2035.png,0
1819f120-e9c3-49a9-aeca-edf35d7a9c90.png,0
181f1705-1f44-4768-8f36-547c4e7c4d90.png,0
18287dd8-6e84-424c-914d-c549680d1b9f.png,0
182f4cfc-8f59-400f-ace8-b6883a22eb78.png,0
182fed4c-d92a-4440-b135-6caa8cab16a8.png,0
1833bbfb-e89d-42b9-9b13-02fdb6045e5f.png,0
18343850-b51a-4ce1-8d09-9b3bc4910a9b.png,0
183bce98-efb3-43ff-9879-fbefaa4f17ea.png,0
183c08d2-a4e6-4e2e-80b4-a547d6f0ed5c.png,0
1847b55c-2fed-494c-8d76-7f76630ba39f.png,0
184e51c6-f33b-4b55-8c9b-b4809ad88af8.png,0
184f1560-cb67-4361-88e5-17a3d8744b2d.png,0
1854a99c-bfc7-4f4e-8396-c97eebb20106.png,0
185968b1-eeb0-450a-8862-8cce9e6ed3ff.png,0
185d494c-3ec2-4317-bb8a-bcd0f9ce7615.png,0
18630633-df6f-4b2c-b3df-23704d84f5be.png,0
1872758e-a516-468b-9498-632699a6c729.png,0
1874dc77-19f2-4694-aa8c-0e1beb958f4e.png,0
187d657f-6de2-41de-bc6e-0bed9757aade.png,0
1888810b-4d10-423a-adf6-5fd52aa9961a.png,0
188dece6-09da-4166-9d7f-18c495358216.png,0
18996e90-1465-414c-b623-de6da68336dc.png,0
189fec61-2bb1-46e3-a285-1dc3a09e8860.png,0
18a5c559-5563-47e2-b26a-8b20f7250ab0.png,0
18a919d8-5d23-4cde-bb99-dc0e457babb5.png,0
18b3a0ce-d693-4953-992a-4f83bcf89697.png,0
18cd05d0-f86e-4087-bdb1-36ae4307ba4c.png,0
18d48b37-94c0-4ad3-ad89-fbe7166b2f5f.png,0
18d59c3b-b605-47e0-8cff-60858afa90bc.png,0
18e40369-e039-45bb-a1cd-942e1f5b467c.png,0
18eb8255-4e16-4f71-8ea2-1a8749cbb488.png,0
18f8382a-edb1-4e16-b0a0-9cccf86a895c.png,0
1907a293-8503-4525-8f47-370e2447385c.png,0
190f704c-8ae7-47aa-9d40-e1435ec90fe2.png,0
191ebe0e-a14d-416c-88e4-4c4fb2647690.png,0
192748b6-82f2-4f0d-a25d-cea1600c7246.png,0
192969b5-ad24-4dfc-922e-b5f22b880b35.png,0
193614a7-cca5-4108-a812-513722a6af08.png,0
193fcf6f-e8c1-4ddd-bf36-7abcc1b0cabf.png,0
1953e32b-c76f-4ff4-a893-484772972100.png,0
1970f74f-59cc-4acb-b9e8-b507de257943.png,0
197146c0-dfe6-4938-ab89-5fbef34150fc.png,0
19761fcf-760f-4a6f-b8ca-1ccf72fd8253.png,0
197afa6e-d36d-41eb-9028-d4a055f4c838.png,0
1990c90d-34cf-443c-99ad-5ce522ae8f0c.png,0
199a835e-3ce7-4efe-acd1-a9455726486b.png,0
199ad34d-2478-4948-9f8b-91889c0a4c01.png,0
199d2377-7244-40ca-af47-f24ae603192a.png,0
19e505bb-7c9f-43e7-af1e-79c6dec095b3.png,0
1a93ba37-ec6b-4562-87b1-ca23be8a1e1e.png,0
1b3f7972-4e7b-4065-8af5-2edcd32a0f76.png,0
1b481533-5159-476a-bc44-7dbd81d5ba18.png,0
1b55632f-8c87-41cc-ba05-2f7266494f3e.png,0
1b55fbb3-be69-450c-8144-f058aee6b66a.png,0
1b569787-f2f1-44eb-b5dd-04f9cc28cd83.png,0
1b66fe54-ba32-43ff-bb92-b97e3721faeb.png,0
1b8888ce-5f68-4e0a-b05f-fabe9b4da1e4.png,0
1ba35bfc-7641-42cd-9988-260fd0f82be1.png,0
1bd18b4d-879c-470a-b36a-9d883fb57268.png,0
1bd9de29-597c-4cba-8581-83355af4c667.png,0
1c45bb74-d61c-4b2a-80eb-b4ab0d8ce3ea.png,0
1c50630a-5004-462a-a613-024b3f2a2e7d.png,0
1c68a559-e415-4891-9525-426515342d1f.png,0
1ccb82e8-abb0-406e-8c63-45603141f8b5.png,0
1d06aef5-4b70-4148-82c0-9a7c156a274e.png,0
1d6a285a-9c5f-42f6-b17e-667ce5f76fbf.png,0
1d832dea-40e3-44f2-a282-6347a6733941.png,0
1dec61b5-720c-481d-a94a-0bb8706e1096.png,0
1e091e21-abd1-48f4-b6f2-3e07ed47b247.png,0
1e74323d-d449-4a93-aad8-2df912970b1c.png,0
1ebe7102-56ce-40f3-8897-5ec33f446625.png,0
1f5f1dc7-7681-41c4-a380-a47e0c90057d.png,0
1f6a4921-3e72-4e98-aaa2-5df79fe85c02.png,0
1f9025ff-a538-41b0-8798-829612193eeb.png,0
1fc9ff06-f015-4fad-bb4f-e41e001294c8.png,0
1fcc4272-c40e-447c-a15f-6cdf977716a1.png,0
1ff1ebfc-d6d4-45bb-9d67-198e7ed13c40.png,0
20506c1c-a29b-4535-976a-ddafb34bad52.png,0
207560f9-0c11-46f4-b6b3-9ee68a558565.png,0
20b8b7c9-258a-4a3f-9f1d-2548fd996b46.png,0
2131a5d5-d3ca-4ce1-97a7-4ae34ef0d19f.png,0
21934e87-a655-4371-bf85-a8a68370de79.png,0
21e403ae-139b-4419-b3fa-0bf13d97d245.png,0
22576a85-b417-4d9a-ad80-115b92a3975a.png,0
2294cff0-b1e3-4895-a575-d1b77482f2a7.png,0
229e6aef-1467-49a2-9158-49fd8acea0cf.png,0
22a72d2d-1043-4e16-9480-f64adeddb3a3.png,0
22a849f4-c10a-4217-ad87-cdb80c34a5e5.png,0
22cc0373-ff46-4c3c-847f-e9bd2afed4f5.png,0
22fdcdc2-9d80-472e-b3b2-f5385004c16e.png,0
230cf514-a68f-4a2e-8d76-14756b40d4d7.png,0
23253085-831d-41cc-b6e2-bd330d6ea44f.png,0
23309d6b-efcf-4823-8cce-3643c20114b6.png,0
236f9fa0-0a74-492d-b9ae-45f0d685ca9b.png,0
238fdbc6-8081-4e89-a541-6c5a4f5aa232.png,0
23bc2cd7-226a-4248-81e7-59816cdb3446.png,0
2444c9a4-c1ea-42c1-bba5-811dc342191c.png,0
2458bc6a-a46c-42f7-b25f-135c7db35a8b.png,0
2458db44-f35a-4251-bebf-19514b25fd1c.png,0
24714d07-9d17-43e9-ac49-89965306fcc5.png,0
2474f5d3-45d0-44d2-a859-90a39f7dd9f6.png,0
24a0f5b2-e762-4c07-ac23-b190fb0211ce.png,0
24e11e90-9a36-4ee9-8e27-6b58ba9ecab1.png,0
24ed1939-bec5-43dd-9206-0a8091f2602f.png,0
24f3c2b2-ba69-4822-85d0-f292bd32336a.png,0
254bf9c2-9e64-44ec-a9f4-b776edeec834.png,0
25be7594-8de6-47ce-80cc-2df7e94d17f9.png,0
25da2f07-bba7-4645-b36a-eb16de62eab7.png,0
27036455-3da7-42f5-a0ef-ba2805d06e79.png,0
272c12da-2d1a-4616-9911-ce159cef7fff.png,0
27873b15-51d1-4313-8447-bc2fc9090d6a.png,0
27b2992d-54c7-4fcd-a060-b118bd8fe5ca.png,0
27d1956f-5e94-4fa3-b1ee-0fb2896d9c7d.png,0
27e52306-ac01-4326-8ab1-e4e655bbd073.png,0
27f328a2-ec1b-4d6e-8a0b-fe1d655b4a91.png,0
27f50647-8355-4a2f-91ba-ba3f1ea540d0.png,0
27f779d2-3488-4536-9f8b-00932d4c0806.png,0
27fdc9c2-5544-4142-92ac-11a1264d4fb8.png,0
2802fe49-28e4-439c-8198-7c1d9703b876.png,0
283be94e-ba07-4525-aaf4-3a4b6d884cdc.png,0
2875f1b1-25d0-455a-b098-728ae2ee84ce.png,0
288f94e4-143c-4eaa-8353-7a0fecb52437.png,0
28b800b9-9a1f-452a-a13f-381369f4d8f7.png,0
28c97bd4-0d1c-4523-b8b7-33af9e4f88e6.png,0
29130e41-78ff-450c-91ff-df7f906c1878.png,0
296a0445-1221-4911-9bf2-52c67c52dd63.png,0
29991625-4807-479a-b5eb-fa1b3a4b5c0f.png,0
29c8bf9e-f034-4ffd-a8d9-000a48172c42.png,0
29e75170-ef12-4e4d-a0fc-4055fe7470c5.png,0
29fbf731-2297-4336-8b59-f3399684c486.png,0
2a2f58c6-73d5-4e72-82ec-e07daa759544.png,0
2a35b204-8931-4a6b-a8bb-7e621ee848b8.png,0
2a5c0a25-eb3f-49dc-b47f-5b2b4e0c59ef.png,0
2abbf0a2-dab3-4c1a-a93e-764b15cc04dc.png,0
2af2b9f2-500a-429f-a7cf-7b47ee4f3220.png,0
2b0fe1f0-e5e8-41b1-8d57-270cc19c5961.png,0
2b74be46-2b42-4baf-9c9c-cc253e766a56.png,0
2b76f7eb-f9ed-4b9a-aab6-10091c363221.png,0
2b9ea83c-941d-4db3-8c6f-0b6ea714d520.png,0
2bddaf3a-8640-4dd8-843a-27544b085e65.png,0
2c19d9cd-9662-40ad-9d93-1a6637a88e79.png,0
2c4bcd57-872e-40a0-97c4-201a98d7cb6f.png,0
2cf61db7-101c-4430-ae32-949b5a62f653.png,0
2d096d09-0957-43b5-a78d-2ea2c2d03b6b.png,0
2d107d75-46d8-4679-8086-f23f28872982.png,0
2d85bce0-9c45-4ba4-832d-ac65bd3cb601.png,0
2dcdd159-2889-48d3-a0ce-5c7b1086c49d.png,0
2e1dc497-36cf-4881-8166-5552783eb2ef.png,0
2e497e99-5aec-4290-bf40-0bb9041973dd.png,0
2e5dc881-3eef-4f78-96f8-2e240bbede2a.png,0
2e8d7684-3d6d-4516-b849-3666030db7b7.png,0
2eb0a283-bb6d-48ef-9c11-a0924f32e67b.png,0
2ed29dd2-4d75-484b-871b-cbb29781164d.png,0
2edeeb31-ddea-40d0-9466-8f43c7cbc3d6.png,0
2f0f42a4-dc05-477c-91d2-fd7228d4844b.png,0
2f1f42a8-c2c1-40c1-8b62-2ffeb551e768.png,0
2f801269-70c2-4987-a479-e25b91767ee1.png,0
2f9652fc-2682-49b2-8307-3d7435753118.png,0
2fe31a38-e27f-4359-8a0d-cbbb2e270202.png,0
300a88f3-fd64-4069-bdcf-d19d125e146b.png,0
302b8a1f-67db-40c6-94ad-d35ffcdc1200.png,0
305506c0-6074-4612-8940-943e0e4c1bbf.png,0
30b6e850-9920-4921-980a-fa2328a62d58.png,0
315f5455-13e6-49bf-9531-1f747d4b18d1.png,0
315fa31c-3495-451e-b063-5c5944493d17.png,0
316500e8-41a8-4f74-849f-0460cbcb2712.png,0
316a6692-4321-44a2-b27f-ad96b2758088.png,0
316bacdf-2388-4daa-bfce-cc632dcb4f79.png,0
317d21c4-c8d5-4d83-af01-755be49aebc8.png,0
31bfce74-d914-4acd-9aeb-1155a3c52ecc.png,0
31cb3893-373f-4126-8654-48ee8898b85d.png,0
31cf07c3-0820-4983-8eaa-2b305295dcbd.png,0
320e8587-ab3c-47d0-9a89-fcc2f5cb5c95.png,0
322bc6ed-ee75-441f-b390-8cebf1f1fb82.png,0
32307e74-5fa6-4aaf-acef-474a8807faec.png,0
32684a31-86bc-48cc-ba45-003c4b86187d.png,0
32696785-8a96-4e01-977e-03559d1afd71.png,0
326f2ae5-5cd6-44eb-bc82-05d3f1aa6111.png,0
329e55d1-2e27-4ffe-95b1-df5f5015aae6.png,0
3312d44b-86b2-467a-b522-bfb1fea7511c.png,0
333f3a4a-0169-42ef-b0aa-2c9fe63a282b.png,0
334228b8-383d-4d22-9fbc-031279cbdda4.png,0
334ebbf2-a210-4051-9629-9ede16de9d3a.png,0
3355e305-dd26-43f8-95a0-d7b793854fef.png,0
335a9cea-7399-40d9-8743-7dc70f44110b.png,0
335d1349-f547-4c69-a2fe-ab0da3230f44.png,0
3375538a-8bb6-43af-9fe1-b9c462a597f7.png,0
33889753-8a7d-4d7b-a8bd-2b1088cf3a0f.png,0
3397ca1b-01c0-45c5-8a12-758df4dff9dc.png,0
339c5854-b7d5-468e-9a0c-6410c3b13e65.png,0
33a272fa-62f1-4a2f-993b-79a5431e3ba2.png,0
33a2a0e3-3c02-4d03-acf9-183932ebfa09.png,0
33b5e086-3794-44f8-a4ad-077620ff3155.png,0
33d0cdc3-7f8b-4d34-a81a-297f340136a4.png,0
33d0e01d-6a72-4dfe-ae47-a526edf8bbea.png,0
33d3fd41-5339-4af9-add3-848f793a7683.png,0
33d5f226-17f5-4c1a-a5c2-423f022dda61.png,0
33dab529-a41a-4475-92e3-0d021883a128.png,0
33edceb6-b8c3-4d4b-84af-f755b48f9cdf.png,0
33ef7198-c976-4bb9-82ba-9ed9a73350ac.png,0
33f64978-7afc-4831-9546-bc93c2c817f3.png,0
340986f3-1268-42a5-b0ae-b4c5c07cbd6e.png,0
340e5ce5-5845-4c7d-be4d-a646c7e5c4ed.png,0
341904e7-1a0f-494d-970d-43d8066b8851.png,0
3428d5f3-ae3f-43d1-9f7a-9d7d4afd5782.png,0
343cdfd6-5bfc-4f64-a4ed-e05ffbb9725a.png,0
34418371-837a-42d1-89fa-842508cfb742.png,0
34456878-b0c3-4099-bf5e-6d4df08a90f5.png,0
34533320-e0b8-4286-9909-5587fee2a9d0.png,0
3454a6ae-2660-44c8-b15a-0f8a65ba0c6e.png,0
3454c720-b91a-4605-99cb-b0e207aa4df7.png,0
34684181-63e8-4ead-aa4a-44b560a1bcaa.png,0
346b381b-02fb-40da-82fa-cb2760a71a5b.png,0
3473faaf-3f36-433b-aa8f-4e69a9948d18.png,0
3478ea20-8761-4222-9c49-e738dffd4e77.png,0
34795b7d-4e44-4ebf-80b6-7c9317569664.png,0
347b3a7c-e866-4835-967a-78f7e3577e42.png,0
348c2e71-9dd4-40dc-8e09-0fa4dfa8db5e.png,0
349905eb-e0f8-4898-a029-75da0197394d.png,0
349b7754-b129-4fba-a058-6568ffc131e1.png,0
34ac4072-4a44-4a08-bc4e-5978785d8283.png,0
34af7b68-8982-4bfd-bd8a-af266418906c.png,0
34baaab0-0f22-4556-b860-97e1c18d0583.png,0
34bfa8e6-be0f-4ee9-80f4-abb70fbf0ff7.png,0
34cf21be-6985-4848-bde9-43d6d850630b.png,0
34ddb00d-6005-4f68-8d8d-0d74769a952e.png,0
34e1c8eb-06a1-4b7a-a19e-1b19268a3ebd.png,0
34e84fe0-d532-47ef-af4f-250f9ef1c020.png,0
34f28fd4-00e4-445e-adc8-d86ac1f98bf9.png,0
34f497c2-3b1b-4ab5-a517-eee658885313.png,0
34f5cfe6-4487-4ed3-880c-4bfde1f2f4d0.png,0
3501387b-29ea-4eee-9bbb-d6f62d812661.png,0
350b70df-40b2-466e-8756-d44caada2c4d.png,0
350f4912-22e9-43d2-8ed6-18adc0f61b12.png,0
3514e23d-3fbf-4695-9e81-ce5a83212984.png,0
3517db13-c047-42b3-849b-91b7ff5eba84.png,0
351a2b11-fd83-40af-bdd9-114ff1a44ba2.png,0
3525e9a3-8b21-434a-8aec-f216cc36b677.png,0
3530e106-65da-474c-b3d8-b024a0b3a81a.png,0
3537a092-af77-448a-9cfb-f28903403012.png,0
35394354-d37b-4d2f-89ee-152ad05a6b8f.png,0
35412b65-c05b-4b5d-b97c-e4c7b6e8211d.png,0
354298de-cfa4-435c-b757-4dbce12102d6.png,0
354f7e23-5ec3-4588-9183-186b47eae610.png,0
3550d703-f5ef-455f-bba2-76dbe8b954da.png,0
35555536-4cf7-4f87-bfe2-8af308264f73.png,0
355bdf6a-2a9d-4e62-82ad-9cdb3c561ccb.png,0
355ca2f6-2947-4f1f-9d21-a876bd6df049.png,0
355e1c01-1ed4-4219-bed0-483d52e23c84.png,0
35655657-e359-45c4-bd56-1ce90ddaebed.png,0
3566e80a-4e2e-40c3-b077-7669ee9bd5ba.png,0
356b74cb-83dc-4785-b2cb-c55e6cd417bb.png,0
356cf5c6-8b83-443f-9b4b-8b1e43ff1f46.png,0
357417d0-9e34-425e-919f-b4f7f9643bc4.png,0
357eb651-ccc7-4fb6-8819-c1e365b1e756.png,0
3588145b-c0eb-49dc-87e5-56dda99847d3.png,0
35956b97-fd90-43fd-a2f3-670ba5ef779c.png,0
35a803ec-bb19-4bcc-a2a3-10e0c30a9c3a.png,0
35a8878c-2ffb-4774-98ab-5915360878d8.png,0
35ab8f3b-8ec0-4e59-9d5b-74d526914d66.png,0
35aea96c-a183-4e11-b13e-f887f9a59d6d.png,0
35b74418-4c61-42dd-932d-94021f9a75f9.png,0
35ba6cd0-4faa-4fb3-a25f-49295d0fd33c.png,0
35c50ffe-4ebf-4683-8d35-ede4ce6e4a75.png,0
35c9b827-764f-4911-9630-7fd4a9de1ada.png,0
35ce8c4b-7dbc-49ae-b141-ee593aa2180e.png,0
35d0aad3-1463-4a9b-b411-f552a10db72b.png,0
35d567a4-f9e3-4fc3-a054-a11f35c08752.png,0
35daace8-bdca-4759-8362-477f458d3a8f.png,0
35ea4d86-1da8-4426-be35-c526c5cede93.png,0
35edcce7-c00e-4fed-b355-bbeb92b052a2.png,0
35f1e0f2-a8f1-4d65-b4f0-bf9686f90c40.png,0
35fcd0f6-0832-43b4-b902-82eece7b808e.png,0
36113737-c1e4-4261-96aa-5ebd75f3b60b.png,0
36235ca3-ecd1-4565-a2d7-41ad3f776ffe.png,0
36246c67-f3b0-4a3f-abd7-5001c1e24cb8.png,0
3627ac65-1380-4575-ae70-84e57071d898.png,0
3628b7fe-f0d4-4e24-bdff-e811ff0105ff.png,0
364aa43b-3693-4c51-a0d0-78c286262540.png,0
364ed67e-971c-4c7e-9713-aeb0eb0bc6d3.png,0
3650da72-90f2-44d9-aca0-4670fe5884fc.png,0
365420c3-4cba-4918-aeee-af6b4c332528.png,0
365ae7a6-dccd-4b94-b5af-c1c0eae5cd24.png,0
36622689-e3a8-4c99-a5ae-1aeee1b32157.png,0
36664b0f-d7cb-438b-9318-0f890fb8129c.png,0
366e8aa6-2b32-47b1-955d-1246bb000c1f.png,0
367afc86-b902-4146-b7d5-fa22ff6a9dd2.png,0
367f60d0-7180-4459-aad0-e36bd6ae4844.png,0
367fd23c-2b79-4984-9db2-25f44f708297.png,0
3681ccb2-b646-46ec-a277-e0fc8499a2c2.png,0
36973ee8-995d-4966-8ac4-29a2b51aae94.png,0
369fef8a-d290-4b0f-a4cf-02b2690bb9b0.png,0
36a4923e-c647-4bd7-9e96-2a0e89f6d80e.png,0
36a7f067-ace1-4aa2-baba-c1b401354156.png,0
36b39f2c-26bf-4436-acc5-08cb70fe0d7b.png,0
36c0d012-2a39-43f1-a871-914447931fa8.png,0
36d55e8a-0fa3-4af7-91e7-725bbdbd442e.png,0
36e2d7a1-bfea-4126-a44c-0388463a7461.png,0
36ef9113-5ea4-4812-a5ea-fdb0e3e028ba.png,0
36f0c0e8-9216-42a4-9a52-4322c74fc35d.png,0
36f94503-a86a-40a5-9f78-7243626f27ac.png,0
36f9e046-7b55-498e-97e9-6c6cdcef36e1.png,0
36fc451d-e7c1-4931-8409-cd771610bf7d.png,0
36fd1a2b-9267-4e60-8eb7-544c498072b0.png,0
37020e71-a5a3-4672-9ab0-b0da860d0756.png,0
37054795-a17e-43af-8b4b-254015c67af5.png,0
37078fab-b7ea-4b7c-b777-906672cbc684.png,0
37082ced-820f-4d1f-b5f7-93cb5be6a7b2.png,0
370e588e-adfb-49c3-b5da-6de6e259206d.png,0
371634ac-fc6c-42d3-9860-e284539921d2.png,0
3732fff6-535e-4ade-9b06-165b44f3e153.png,0
3741eee3-6477-412c-bfa5-8f29fb5048e9.png,0
3742349a-468e-464e-94a2-58f2af7b461f.png,0
3743b37d-25a5-46a0-acac-5087c1791097.png,0
37459825-697e-4077-9d95-0b800d85ac7c.png,0
3747cf8d-0059-4600-8015-e55b2313cefb.png,0
3752f5db-8f1a-4060-aa89-e3aae6af021d.png,0
3761df44-73dd-4294-8200-d37dfbea1d87.png,0
376d0139-7817-4409-8901-6fb073386aa7.png,0
37703850-bddc-4c43-b1f4-18d40c5b6229.png,0
37731818-2afa-4a22-bd18-db49152ae9b7.png,0
37797c44-8479-4adf-b134-5074203fcf0e.png,0
377c27f9-b004-40b4-95b3-dc79b067314c.png,0
377e27f0-1fd5-4cc3-93df-6c491ef2d755.png,0
37817cfa-04c3-4b49-9c52-ae48743f68f3.png,0
378519f3-871d-4eaa-835a-069edecc41ae.png,0
37853254-69f9-4bc4-bd2c-22a069218e57.png,0
378cab1a-12c4-4b24-a4f0-35f1d8eb8edc.png,0
37914eb3-bbb2-4468-80aa-6a8482204fb1.png,0
37a09cbb-e618-486f-bf4c-011cb5b5d69c.png,0
37a371ad-7e94-4a2c-923c-2ddfce97f2ed.png,0
37a5ce8f-bf20-402b-b8f6-5c9f4c32c7e1.png,0
37ae5f8b-8504-479e-bdbd-58dc6158f0f6.png,0
37af3cbd-73c4-473d-bda7-5445d4cc6da9.png,0
37b16c54-600a-408b-b358-adbcc3ee24e5.png,0
37b49b1f-fdf4-44b2-99a5-145c608eda8a.png,0
37b772bc-d179-448f-a2ba-ab3ebabdc188.png,0
37b9c031-7681-49dd-ad30-de62d25faa29.png,0
37bf8743-ce24-4848-bf86-519659823bb3.png,0
37c522d1-93b0-4b70-9cf7-3ae932a7a70e.png,0
37cee605-4445-412a-95b3-009af9f59edb.png,0
37d596c9-2e31-4e7d-8fbf-13b94853c811.png,0
37e04b5c-b7ad-4074-81ee-7dad137fe063.png,0
37e5967f-8b15-4cd0-965d-2550421734f1.png,0
37e78382-9850-4a26-9f94-ff07eab6225e.png,0
37eaff2f-8993-45b8-8fb7-845e55df22e5.png,0
37fa8cec-dec9-4772-9773-9fb2b26b041e.png,0
37fd6daf-9d93-44a8-8818-20a423de28c2.png,0
3802b256-c042-4f52-ab00-73877c1d1a57.png,0
3811a5a9-14ba-4996-8ea3-752a50665848.png,0
3811c08f-3c21-4327-bb92-b57932c66398.png,0
381bfecb-e26e-4eb5-8c71-3703e4a88606.png,0
381d7ec4-d880-4594-b303-056c8608a44f.png,0
38266a50-cf99-4476-884a-da94f3c51cba.png,0
38374ff9-e61d-45eb-97b9-ce4282402198.png,0
3839ce1a-14c9-40db-9f31-53c84760f1aa.png,0
384306fe-76b9-499c-ae6f-1d6357101218.png,0
384994d3-da6d-4551-9422-ac4ae7a87610.png,0
384e74df-8363-41d7-9ae6-56776c9d6987.png,0
3857408a-0d0c-4389-bf01-6284b714193b.png,0
385c5485-7307-464b-a0b5-a4a6612d8bd2.png,0
385cde28-3ed9-4325-b544-852768682331.png,0
385ecf1e-e97c-4d79-b80c-6d0c04f8bfe9.png,0
386c97c8-8f01-4b09-ac21-80b9d83b17c1.png,0
386f7c2b-e577-45b4-9ab5-30caee17a20f.png,0
38763425-7310-4bae-92d1-579bc5024a86.png,0
387ae1ba-6db4-4045-b41d-fec998d94944.png,0
387aeb82-d92c-4a34-89c1-ed70e288492c.png,0
38817c65-dcb9-4078-8577-2b249c762f88.png,0
388b9fdd-6056-4c84-819a-7db7b9e41e3c.png,0
38942b51-6428-47bc-86e5-f974ebdb57a2.png,0
389f71ac-2b49-4e1f-a32e-f678d04483c8.png,0
38a1c8b7-dc85-4fef-902d-bee0005f996f.png,0
38a2d9bc-5487-4abd-8431-698574ab58be.png,0
38a60ce9-5adc-4875-9fb6-05ea5d44b557.png,0
38adcca4-6486-4169-ad60-07f8dec4e11a.png,0
38aec2ec-83b4-4389-8644-aa2d72407495.png,0
38b29c8e-ccf4-40c0-ac21-03b3df44d285.png,0
38b2fb12-5462-498c-b2d6-13262b7e72a8.png,0
38b9ca81-a5a8-4a58-ba18-2b5709193cbb.png,0
38bf2119-427c-4ae4-810d-db5d9a8ba275.png,0
38bfa17d-a04b-4c4e-ad07-fd8c8a730596.png,0
38c22302-b0c2-4cf1-8016-a8474ed9d665.png,0
38c3c661-624a-4fdf-bd26-c7b33e20169a.png,0
38c884d4-086b-4489-b6f5-689e379a2a9c.png,0
38c9b6fd-df99-42f8-bae8-b9522ede8a79.png,0
38ccf1a4-071c-4243-86b5-3f7d5db8df5c.png,0
38d37747-f284-4263-8bc2-2ff3f085a1b8.png,0
38d43187-e89e-4ce0-baea-54ed3b254b26.png,0
38d8647a-5c4c-43ae-8daf-73a21f2a4e4d.png,0
38d9077e-e395-4460-b7ea-513072d256db.png,0
38e3b0bc-e533-408d-a589-ca5abecce596.png,0
38f85ed5-7251-48e9-8c52-234be2e3f9f9.png,0
39008738-cdf0-4380-8137-2e37d234ae70.png,0
390197a9-db67-4dc0-95bb-3b57ce49c305.png,0
39072ec7-b587-4b1b-b63f-b5b1f36c5aad.png,0
39148a82-bab6-4529-9e66-9b28e8110a8c.png,0
3916c02c-db1b-459d-a490-db001b4b63fd.png,0
39276e28-456a-46f8-b74d-42601c7ec17e.png,0
39382bea-6add-45cd-bcb3-e79a4f02c179.png,0
393af041-d791-44c9-9126-17c47bb099a2.png,0
395f9b17-14bc-4f76-9632-f76eaf760e0a.png,0
3966f0db-9f84-4676-ab4c-9668a1be1316.png,0
396a6819-5c6c-4809-8b76-4f41243a1d4f.png,0
396d1f4b-6370-48ba-a3ab-3a891085934c.png,0
397fe03a-f56e-4903-8132-8494d0e9f82c.png,0
39930ace-aa1d-4d12-b1fd-fa7dd50b312e.png,0
39979ed5-0595-44fc-abe2-48e4a9888bc5.png,0
399ee232-f05c-4b4a-9ff4-8569eee9fe06.png,0
39a35520-c8df-4bde-a957-72a7b2dce2dd.png,0
39a544f1-29e2-4af5-9b72-40c75ded4020.png,0
39ab54cb-9b3f-405c-b4e0-e084a93a87c6.png,0
39ab581e-bbd8-454e-8e32-8384ea206b64.png,0
39b7f979-ee4b-4434-acd1-a644284dcaaf.png,0
39bc1a90-bdfa-4282-af4d-6a3a92b1d577.png,0
39c9fa1b-d758-4985-86cc-ad6e8f5f2171.png,0
39d5e1bf-8092-4bc7-af98-f2a5dcd4c39d.png,0
39dc2e50-46a1-409e-ad59-98c33d300f2a.png,0
39e0da85-7c4a-4309-9fc3-26fa0f56f950.png,0
39ebb0a8-3fad-42c6-83d1-b92272c32f6f.png,0
3a0832d6-76d6-4915-945c-2ea769faabb3.png,0
3a0dc1e6-cfac-412d-a6c2-70c69236ee6a.png,0
3a19bdf2-b88b-4414-97bd-b24d79cdd53d.png,0
3a1a4ced-150a-46a2-9977-586bd65a8db9.png,0
3a1a5ffc-ed1b-4e5f-9358-bb67ed1e6a2d.png,0
3a1cd884-f46f-4bdf-bc85-87205a78b04a.png,0
3a23c1d9-6a57-4760-bfc4-ab335af23a91.png,0
3a240406-146b-4521-a667-c15a29c67fdd.png,0
3a2438c7-e9a2-4c7e-8292-3c7bb99d3569.png,0
3a3140be-3622-4b3d-8487-16a370ffb9a1.png,0
3a33fbbd-2088-4af1-b5c4-f914a3e01394.png,0
3a363bfe-b666-48a3-b82a-b990f4989b20.png,0
3a449d5f-28ae-4d1e-a613-7eeee7a04b62.png,0
3a4b7e29-be9d-406f-ab6a-a624e94f727a.png,0
3a516419-d69d-423d-a1f1-f0f2572b6f41.png,0
3a54fc42-0d7a-460e-8f19-2e353a01795a.png,0
3a61e62c-62b5-4f89-ba74-32e52ef8321d.png,0
3a6aa686-b3ea-4e24-86e4-3129c520131d.png,0
3a7feaee-a0fb-4db7-814d-ebc3a9f98824.png,0
3a81e5cd-9c7b-4761-a58b-f013d0747822.png,0
3a90e0ef-db94-463a-a74d-f0f3a12788fa.png,0
3a991b9c-0848-4627-8a56-a900cbdea40e.png,0
3a9c2da0-7cf6-4d51-8012-096f6f4e461e.png,0
3a9ec087-6741-4338-b944-524a15b14733.png,0
3aa9b5ba-df5a-485a-952d-3a7900c80b2e.png,0
3ab2b142-2200-4223-801f-01f64ef23d36.png,0
3ac49fd1-c580-48f1-8e3c-6a50d3447ba7.png,0
3ad6c385-b799-4f5b-bcd1-5ec66a35293d.png,0
3adb395a-d6fc-4870-9716-171cbb79b316.png,0
3ae36725-2e5a-4320-bd4c-8faee4a11e1e.png,0
3aeaaca0-345a-4d22-93da-2bec43180e49.png,0
3aec9f35-58ba-4c7b-8b02-06f1218d3b3f.png,0
3aed4a87-9c2e-4c32-a082-25b918c4f76d.png,0
3af08ed2-1f93-4a0f-bfaa-f62ef0548177.png,0
3b039064-dc2b-43dc-a9d3-0edf181f523a.png,0
3b0e1f3c-e7a6-478d-8a9c-461b76ee3953.png,0
3b16ec55-a7b0-4924-99b9-222623e807fa.png,0
3b1bead0-08fc-4f1c-acad-7fef601ebeaa.png,0
3b1e6d35-ec24-41f0-b5cd-ae2c7f814e5e.png,0
3b27a391-cc42-47b3-aff6-206011e86628.png,0
3b2853dd-7027-4d70-945e-f604ad9d33bb.png,0
3b29eb24-e46f-4529-a0e0-c4c342727152.png,0
3b31cd2d-db9f-4671-8adc-c41203f013ae.png,0
3b33c07b-2698-4366-90c4-94256f5f34a2.png,0
3b34aba3-d852-40e7-8f50-91dc2ef63dd6.png,0
3b368413-f2a0-41d7-a204-b55121e9ff75.png,0
3b3b9902-4fbc-46da-a155-b19fb3724edf.png,0
3b3e8c48-b34a-4cab-b217-7bcddfd5cd1a.png,0
3b4dad54-031d-43bb-ae51-d030c95f8a09.png,0
3b4f98fa-8ade-41d8-a4a1-7779a17eac1e.png,0
3b547956-1d00-47b0-8dbb-fe0c40bf6bbf.png,0
3b6a7c3f-6628-43e9-a4b9-227a7d6b7ef8.png,0
3b6ec358-1b18-41ca-9941-3d9f60739b7a.png,0
3b7062c5-6436-4190-8b82-a605faf55614.png,0
3b7db421-60ed-46f1-a0d6-5acb1d05d828.png,0
3b7f8762-a4db-472d-bdf2-baad45d06f86.png,0
3b81309b-5e5e-4d02-8eaf-265a770de5b7.png,0
3b81bcea-ee88-4c13-b4f6-2a53161d2b22.png,0
3b831cd2-d077-4b82-98ab-fcd2f2fba1ac.png,0
3b8b8777-a1f6-4384-872a-28b95f59bf0d.png,0
3b8cd35a-1eed-4056-9191-5710a9081fed.png,0
3ba03324-b1b1-4390-bfea-5989348ce1e8.png,0
3ba4f6d7-e386-444e-8e99-6ae2e9f06888.png,0
3bb27e30-1940-412b-9b45-7efa9c9a9ce3.png,0
3bbe6098-7c9b-4f17-ac6b-e0c68b0e0af2.png,0
3bcaf9a6-5613-4b1d-b538-eaf47ba4e62a.png,0
3bd5e45e-886d-4d51-8bc5-f7714984e7c1.png,0
3be0c383-ad5b-422e-a003-5676bc9d66df.png,0
3be323bf-d180-4128-a918-9010d792435b.png,0
3be5c139-0aa5-4c72-b930-eb513765218e.png,0
3bf39734-e635-4b88-a869-48aa46480806.png,0
3bf7dcac-a168-43d7-8043-84d21000771d.png,0
3bf902f7-375c-4403-8275-0e40aac684c2.png,0
3c002750-bb77-48be-ab63-2440f9283d53.png,0
3c06574a-0c86-4a9d-bd6e-ad4e380b8082.png,0
3c0f0186-b2c2-4b74-b6c0-47eaf4a3b47b.png,0
3c1410ec-5f53-4538-b6e3-fcd1bae93be6.png,0
3c1a0a47-72ef-44df-bc99-88af8a191c4d.png,0
3c1bd2e3-25e5-493d-b003-0b570d8a0014.png,0
3c1e9e21-6e14-4ef7-a4ba-be8588e527ff.png,0
3c2f796b-7183-40da-9bd1-4a6f81dbd1e5.png,0
3c2ffd0c-b04c-4a9c-84df-09ec201f55ff.png,0
3c38d0bf-0a4b-42ea-bacd-287dcc621603.png,0
3c3f7a08-29c4-4773-8ae1-e32418e018c9.png,0
3c4cb955-7052-43c2-83f6-01ed9b47ba93.png,0
3c625ae7-a036-4bf1-9984-257e233ed907.png,0
3c63671b-09f0-46c7-b5cc-e752079404f8.png,0
3c674b10-76e4-457c-a17f-2407230b93a0.png,0
3c6afc4b-f292-4064-ae8b-06d3439d1d27.png,0
3c6ccc55-8e35-4218-8c9e-8e7a55783262.png,0
3c81b2f5-1d50-4a9b-9ee7-3d19f67eaf4d.png,0
3c83072d-97ca-47d6-9d55-ec9f1f23c166.png,0
3c8f377b-05a9-49e2-89eb-fa03c711acb3.png,0
3c9d1b92-7592-4966-a19d-2fda0343efbf.png,0
3cb60780-aa4c-4b95-91c1-0c1d7911ff40.png,0
3cb7ea27-e85c-45a9-a5d6-185b9ec18b17.png,0
3cb9b341-19cf-4973-b901-3e69ea74d88d.png,0
3cc6570b-da03-45d9-9d7e-c66d1524425b.png,0
3cc73009-379c-4b44-984b-d0d117f4dd09.png,0
3cd75bf2-6942-4068-926d-6eadd421e303.png,0
3cd77f6e-8eb3-4900-bc19-3921d8d22960.png,0
3cef4f01-3c89-4f51-93a6-9e0ecb0685b9.png,0
3cf312c7-2d29-463b-bcc2-2a7e074d1d06.png,0
3d02606b-922b-4423-9a94-253410fc66d4.png,0
3d1e8f8f-b4cb-4346-b52a-d98f6a8ebb24.png,0
3d20406c-6f09-4872-ad8f-a05d777850be.png,0
3d2863ff-7e64-4e52-bfd0-c71cf596bae5.png,0
3d2dc6e4-e1d4-4872-a417-5f640ddbb064.png,0
3d3ff5b0-9aed-4237-a815-d1c192d7f09c.png,0
3d46edf3-15a7-4f6b-a89c-bc11949e2550.png,0
3d507d80-6139-42cf-b8eb-7db10633fdaa.png,0
3d59ea9f-a290-492e-8c93-114e488af4c2.png,0
3d6654d3-b967-4de5-8e27-7a1c18588dee.png,0
3d66d844-5dd3-4af8-8970-7dfc8e946d98.png,0
3d6b3a64-bfb8-43cd-be1f-2645c9df4ee2.png,0
3d72c8da-a547-41f2-9f4b-0dbc9ca9e0ea.png,0
3d777b7d-4dd4-40f2-96cd-0652a37dbc51.png,0
3d8c988b-436b-4a44-a2e1-88dee1351ae1.png,0
3db17fd0-1423-41a0-9ae6-41f8c864caca.png,0
3dc170e0-a18d-4acb-b1d5-204602d3d130.png,0
3dc65186-d1b8-4e7c-b785-0160031af658.png,0
3dcd7335-7ae9-48cc-99be-0839820485c7.png,0
3dd1b743-1aa3-44af-8bfd-5d02e988a7e1.png,0
3df0327c-2a52-4e32-ac15-1f0d287a9744.png,0
3df4ad7a-a371-43bf-bf9b-14190c08944f.png,0
3df4d7f3-b9d6-460b-acfb-ddd76bd27ae9.png,0
3e04b613-1130-413a-bc92-3c6935c9f8dc.png,0
3e0a7471-7785-4f48-95c5-3ba778f5b85c.png,0
3e17c5f9-d5c0-4128-a160-464d4176bb0a.png,0
3e19b1b9-1391-401b-8038-61c74a4ff1e3.png,0
3e232e80-7c54-490f-8658-e16a443aec6a.png,0
3e37f26f-6865-4d73-ab01-4daec24acaab.png,0
3e419ab7-df12-4f8f-9e6c-ce49e3c95a4c.png,0
3e4fdb12-cd40-484a-bb99-1c977fce9386.png,0
3e5a1e34-1feb-4021-9eb1-afdf382dc05d.png,0
3e5b62ec-4b34-4f62-bb84-7b67421cb37c.png,0
3e5bc7cf-8a38-4632-9566-64c653b44b04.png,0
3e5bfc24-2f0b-4d91-8fe8-923d27900567.png,0
3e5d2773-d4a8-42eb-bc5a-395bf04b0ac3.png,0
3e5e1e9c-4b31-416a-a068-a4e2fc100f10.png,0
3e9908ab-c3de-4cda-b07f-d03ef3a56654.png,0
3e9a7227-3806-4b23-a51a-5a193896b83b.png,0
3e9dc5b9-1b7a-4e9f-a8aa-d28fc622f595.png,0
3e9f3a6f-7f74-4534-b56a-30325bf3c3e2.png,0
3ea080bf-4e81-4037-a686-fcf254a9e1bb.png,0
3ea0e730-1b82-4184-a4b7-b2101e40fc93.png,0
3ea80a73-44fc-4b9e-946a-ebd620e004fe.png,0
3eb19cea-0d5b-4f56-966c-a026c9f4a9ff.png,0
3ebf4e25-fb47-4040-a1f3-236fdad3e0f7.png,0
3ec0d348-9d0a-4f8a-8dfa-45e576ef62cc.png,0
3ec704b7-82b3-4a0b-a5c8-cbce731fcb51.png,0
3ed451f4-ff11-489e-9d3f-c7abf1c696be.png,0
3edc8700-cf2b-4944-b347-cffaf2f32702.png,0
3edf8f40-1606-41ac-874d-779068f55b49.png,0
3efbee9b-0174-45fa-b81c-f0f23397b74b.png,0
3f10faed-8444-42f9-9ffe-568579f05cd1.png,0
3f189f11-c1f4-47a9-a1b0-886fb7344bc1.png,0
3f318eac-10a7-4f8d-a5f2-b32ff6efa879.png,0
3f488fa0-4294-42ce-b986-d745db1d49a1.png,0
3f4a11b7-9369-461c-a1a0-4db15c957da5.png,0
3f55962b-e0d8-4b8e-b44a-23009ccaab33.png,0
3f55eddc-56c2-44c5-ac58-821d3706e4b5.png,0
3f58a6ba-859f-419b-aac6-dac93fe7b476.png,0
3f5b6009-5a85-4778-85e2-c7579e00d1f2.png,0
3f5b6322-d585-446b-bd58-302af95f771e.png,0
3f781ca6-d1cc-4575-b4de-055f562ad88f.png,0
3f7c26fc-eff6-49b3-bd18-b3b58dfdf161.png,0
3f8122e4-246b-4a06-bca6-60368ebc660f.png,0
3f8e8216-fd48-4f9e-909a-bd0cd15b752b.png,0
3f9cbb35-7549-47f6-838d-c079cb86bb42.png,0
3fa4d3c8-f82d-4c6c-9ade-836d4da67a04.png,0
3fa88194-1c6d-47fc-bada-33164240735f.png,0
3fafd8bd-2ec9-4d78-be49-52b5f74ff088.png,0
3fb2f726-42d1-4b7b-87b2-0faadd1872c8.png,0
3fb5525f-edfa-4217-81f9-df59b3e94135.png,0
3fbcdd00-8633-4bcc-a264-9a013073443d.png,0
3fc0ad26-a4e5-47a1-8074-80686ef85821.png,0
3fc68a87-c737-419a-a871-8e78fec7f940.png,0
3fd5687e-bc16-4802-a44e-163f667882e4.png,0
3fd6fcca-e35b-432b-8e7f-be83b110694c.png,0
3fdef5f1-8ae2-4f9a-a72f-b094e3b47d37.png,0
3fe6b56a-16de-450e-82b1-5257bbdbbfb0.png,0
3fed70c7-62b7-415b-8d16-696b59b0e4ec.png,0
3feebf55-c5dd-43e8-a999-79f22a3e815f.png,0
3ff23567-574c-4d4f-948c-9fb4591454b8.png,0
3ffd6f8f-a701-46b4-8720-806cb7332718.png,0
3fff0799-2364-415a-a5c4-7e16ec74a9d9.png,0
40022fb9-150f-4758-b608-ede8b79e1bd9.png,0
400ca4f8-95cc-4c78-acbc-c86ec651ffef.png,0
4010f5c0-3487-4f83-b2a1-c19ff42098cc.png,0
4013c4b4-5cd7-41bd-bed5-59c003251ea7.png,0
4018381a-5983-41c0-9191-0de2f3de96aa.png,0
401e1284-05b5-439b-9a7a-873dbb2d472a.png,0
40229870-cf9a-470f-bd04-8132c8a2bcb6.png,0
402c68a6-62b1-4a22-8c40-631c32ac86fd.png,0
403f65d5-6590-4cee-8b94-134683648f09.png,0
404103db-00f3-48a3-a812-ed54ff2761d4.png,0
40519f48-dcee-454d-a460-5feb88b12ef5.png,0
40547a1e-6c99-4656-b0f8-28f89563dd72.png,0
40553173-0c2c-498b-853f-aee567e4573b.png,0
407850e1-f541-4f90-98fb-4bc2c7eb3245.png,0
40820805-1e1f-439a-b287-11a50a4d2b19.png,0
4085a949-e9bb-4a96-b6ca-e1adac52d2ea.png,0
4086c256-2c08-4422-8b7d-479c438c0234.png,0
408b3f65-d607-4875-aa59-ed9d4de04953.png,0
409068f6-5a47-4048-82ae-4a8a2a0ee711.png,0
40a7d1e6-5d61-4f57-aab5-f00928e6be5b.png,0
40a9e10b-f872-4c72-a482-7187e2dca6ed.png,0
40abf906-d723-4ea3-ac96-b940c8bb33b1.png,0
40af1ae1-9caf-4e7a-9875-fb5e7eeb20cd.png,0
40b8bf1a-038a-4fb0-a92a-0f2405cfa6df.png,0
40caa346-8524-4331-9559-1676b16700de.png,0
40cbe831-406d-4492-961e-373493628c03.png,0
40de7d48-6a58-44e5-bfe0-1300057f8d85.png,0
40e6f86a-3b32-44d8-962b-4302683e123c.png,0
40e894fe-57f0-48b9-8d7e-0898685827bd.png,0
40eaca23-ac68-4025-98d5-f62100c04350.png,0
41031005-492c-4ffb-a230-28e9bea97dbf.png,0
41162fc4-9466-43c3-8475-d04a09db2ecc.png,0
41247428-2833-40c1-9fb2-4e1c59d165af.png,0
41247a32-c745-4341-bcb3-d55393403451.png,0
4139d848-af6d-4264-84ee-599cece63d48.png,0
413b612c-2ac4-40c7-af08-87f4bd7ab4a2.png,0
41451629-06df-4c86-b93a-e9f419b9e325.png,0
41465bf6-3a00-4ba3-bdf9-f6066857831d.png,0
414852b7-ca70-44a7-b226-7975a2dba306.png,0
414b5e30-016a-48fd-849e-c4c1dcab54dd.png,0
414b65dc-d48a-43eb-bfe8-176b3f423520.png,0
41514a7f-f3ce-473e-a15d-cfd41b475aaf.png,0
415f5493-d330-4239-b25c-cda4ef422683.png,0
4165498d-7c7d-461c-b934-ec42645799fa.png,0
416b2485-3152-47b8-9aba-2d33822f1200.png,0
416d4d85-4b64-4ee4-a2d1-e27e7c346c64.png,0
417250c8-7d43-4b73-bc68-e792d57b7216.png,0
4176a497-89dd-454f-bbfe-db8d4c387432.png,0
417b4ee2-27b9-45ac-9a3d-0fa726b3ad92.png,0
417e52bd-2248-439c-ae7d-671ebecc93dd.png,0
418285cc-41b8-4586-bc37-5bcd1ee4bb9f.png,0
41869b8c-c1be-4a54-ad93-5a042e1018bc.png,0
418bb59a-7697-436f-9676-4d3e2284927a.png,0
41a32ec6-3e48-4567-83af-253892292346.png,0
41b79fa4-906b-4d4e-8b2e-ec02f5d2b65c.png,0
41b7ad8f-59d5-4ae3-a171-1ba325e90138.png,0
41bf38ed-29d0-4ac1-8e2f-a1a1d6468856.png,0
41bf80a8-621d-4efd-8559-db86626c28dc.png,0
41c24e94-d448-4ec6-8b41-1c2c7497664a.png,0
41c5032e-0c2e-4d64-8f7e-f41e5fa881e7.png,0
41c58e05-2844-472a-8e46-74e5eb4edf43.png,0
41c5cb4a-4ebf-4774-b088-c14ea99f734d.png,0
41e6698f-96a6-4072-ade5-e018a57c0460.png,0
41f305b0-0d5b-4378-9b40-91e1359ac22e.png,0
41fbf8eb-0d58-4b26-a56d-40c04e2c2d76.png,0
42099492-c42d-4b92-8f66-2556f9402cf6.png,0
420ed8ef-b016-43ad-94e9-96b8f3ec9f6f.png,0
42122fc5-12ce-4840-ae13-5f70fffdc6e5.png,0
4220da96-cd03-47c3-b573-34610582789e.png,0
422a80bd-803d-4e31-9911-9bbadae3c1f9.png,0
42405caa-8e52-40c2-a6f8-abb41c5520c9.png,0
424ad99a-335c-4113-9278-a33e920b0164.png,0
42538bc0-fae0-4c1f-bdf8-075dd4797d40.png,0
425911f7-a2d2-4c03-870d-dba023ea3cac.png,0
425ae725-ab61-4548-8480-c10f70b42092.png,0
426bfed0-77df-4ccb-a210-a5e01fdfbc35.png,0
427202fe-671a-446f-b522-881db579dfb3.png,0
427f7983-089b-4041-9772-e92b75d7e202.png,0
4283e25e-331f-4154-8e81-971631788c4f.png,0
42851437-53be-45a6-9e99-f373b136c855.png,0
42857e2e-ab00-457d-961b-cdbceb8a988b.png,0
42a2589c-761a-41e0-b7a4-331214140b5d.png,0
42b76231-32dc-4ed6-85f0-2ceaac56cc68.png,0
42be7116-b6ec-484c-918f-997abe7007ee.png,0
42c5ee55-68c6-4136-a533-779a9c4438b7.png,0
42cba7fc-9859-4032-8563-760d1782a3b8.png,0
42d93c57-38ba-47f1-a113-6bb961a71c00.png,0
42d9dc0c-d630-4c32-b6f8-2c229d0c7061.png,0
42e70b52-5f58-4106-be26-f49b4bcbc4d0.png,0
42e817c7-5443-488c-8412-8b2ce2911e93.png,0
42ee524b-33f2-4f01-bbc0-5d0b1fe77ef4.png,0
43239708-0f20-410f-bd75-5c6d555bad79.png,0
4342d0ab-08a7-4cb7-8644-ddcce6ea88fd.png,0
43471655-e6fa-4a8d-bf0a-45ee62343d07.png,0
43474085-8dcd-4d13-9aa7-949f08e5e73f.png,0
43477aa6-e681-4e9d-b479-28f659570dce.png,0
434dc670-8986-4ce3-91b7-e9d6e0e97103.png,0
4352a923-34fe-41e7-9cce-7e2ff870ec4c.png,0
43572dbd-37c4-4b36-917e-eb36b84f1344.png,0
43591d25-6d9d-4876-8926-395f1997c6e9.png,0
43657240-4017-47d2-9874-d1d73bcb79bb.png,0
436bb70b-6399-4b93-b659-d187c3175980.png,0
437d5164-86fa-4a55-b130-6a4b2e1ffe5e.png,0
43970f8c-5b6a-4225-963b-ed5dbeb38d19.png,0
43994237-06cd-4bd0-b1d6-5127e3bf0170.png,0
43c06c05-de9f-42d6-9823-d0fb9c02686f.png,0
43cb7923-308e-494a-bd52-669d816d46df.png,0
43d4fb57-af71-459e-9494-f6d9205ff6cf.png,0
43d6213c-6a48-40f1-8021-dfbc48cdda7c.png,0
43d80aad-ae7f-4f59-97b5-7bcfe1203fdb.png,0
43db9133-c2d9-42a9-bf91-2ea2bc256fbb.png,0
43ddf843-22b5-4c9f-add5-bc7927130a88.png,0
43f620a0-745b-47d4-af1d-02661f920f82.png,0
43fe8d49-f87f-4fbe-8e6b-d715ac8905db.png,0
440c1b34-25ea-4f02-a4c5-2b6424e6557e.png,0
441f3b0e-190b-4a7a-8d49-e4ba5f2983f8.png,0
4428eaf8-9dde-4cac-8181-5a19b107dbae.png,0
44334be1-1a2c-4ef3-b1f1-d262ed5f68dc.png,0
4439655c-05be-4fe1-aa57-941dfd0cc3b4.png,0
4444f78e-c9ec-40c3-b8e4-867279366c8b.png,0
44476603-8ea4-4a46-83a5-a4bc90649282.png,0
4453b294-ce95-488a-a184-acf8bc81e72c.png,0
445c2799-58cc-4d3a-93ab-c8e16398e1e4.png,0
445de2e1-a0bc-4535-a233-2d9d62975e80.png,0
4474c611-e91a-4aa2-8993-69ad51c2e332.png,0
4477cd9d-b6af-4e33-aea5-687bcd5f446e.png,0
4479d4df-67aa-4ff3-a4c2-f0d905491d19.png,0
44864d9d-4b5e-4821-adae-d6a8ba2c6c20.png,0
448c2b8c-9ed9-490c-bd4d-6a50c3ba943f.png,0
4494a1b9-2183-41df-a6fb-4a63ac49b78d.png,0
4494f836-6e06-4941-ba85-612d48c55810.png,0
449a4d46-3e37-4bb3-819b-88ef2abbd372.png,0
449c2ba1-7948-4039-8b60-2511194b7426.png,0
44a8fb24-5f75-4e9a-a187-70f3e608fd62.png,0
44b51d39-f606-488e-ab50-fb45261664c3.png,0
44b6b737-f7a1-4fbb-a0c2-bd18ff82639c.png,0
44bdfd06-2293-4d2a-997e-81153a2808db.png,0
44c04e16-3ebf-4f89-ba55-1ce829f7112f.png,0
44c339ba-67bc-493b-921f-77d85ce6383d.png,0
44c61fc8-0540-4180-8914-2961879067ea.png,0
44c8b746-13a7-4245-a82a-b61d8b5ba562.png,0
44d3c171-2596-49ea-bec6-71c7c5db144f.png,0
44d49258-04cd-4169-9b07-773d4eef8aec.png,0
44dc24f3-2954-4a43-be42-eb8d52fd252f.png,0
44df69ad-a93f-412c-bc4c-0af29c0e0c17.png,0
44e28616-f4ba-466d-b345-e084a38674d6.png,0
44e4beae-e4d8-432a-9d99-e21efc4664db.png,0
44ec9790-ae4a-4a9d-ae70-36fef1cefbfc.png,0
44ed08c6-067f-4716-83c7-aa77b64ad091.png,0
44ee4739-b5ff-402c-a4d1-b6bd7362024b.png,0
44ef3c88-24dd-422f-9999-167d382ad340.png,0
44ef7542-d997-4d06-adeb-9f72a5588d47.png,0
44f0cc59-9125-430f-9331-03b19383cfb9.png,0
44f25bee-b705-4e42-a599-abb8a9ec9221.png,0
4502ca20-b9ae-4d12-bb0b-5eaa5aea2f34.png,0
4502cb00-d109-4f83-93fd-fbff2b69d275.png,0
4513006e-ac4f-4824-89c2-6b05c70f57f7.png,0
4522d490-b6c8-42f3-907d-d7182a790487.png,0
4525fd0c-bf27-47aa-99c9-69ff442f61bb.png,0
452cdcf4-7e19-4b77-9a9e-0c3b1284bcf3.png,0
45370643-ec58-4da1-a1f7-4bd179483766.png,0
455218cd-4a98-4da0-a24a-b6a7520eac15.png,0
455c76de-482c-47d4-b15c-61da2640f4e0.png,0
45652e61-bfd3-4057-b5eb-895cd4e2899a.png,0
457f1eb5-65e1-4c8a-9c0f-08fc9f5a9fdd.png,0
45841aa4-bf0e-4f6f-92ef-13b0c35d9787.png,0
458c6251-34a1-43f1-9035-1dfa11664cd8.png,0
459dec9a-7d3b-40a3-a6ec-5b50f84529c6.png,0
45a87caa-d874-4925-8b39-dd56a56ced20.png,0
45b4a690-d6a0-400b-bd1e-80ce669bc5c4.png,0
45be6d94-a6e9-4c26-9738-d389764166de.png,0
45bfcdbc-1669-4ce8-8d36-848bc4b0e40d.png,0
45dddc96-f7e8-4dcf-94b1-34349c0ffdc2.png,0
45e68e57-b15d-4e74-b984-ebbb3a8c2ccd.png,0
45f5be4c-3a09-42e2-a9aa-beaa6ec22039.png,0
45f6f998-f783-4c40-b4dc-4bef22f4c503.png,0
45f8b38c-130a-4f00-9553-0837279af932.png,0
45fb43d3-0dfc-487d-a6d0-ed3de365173a.png,0
46016560-5aa8-4b19-81f9-1d0bae65ff10.png,0
4623b8aa-c30b-47e8-baae-cd5f1565fcb2.png,0
462ccf28-7555-44f0-8d76-176de69d4c06.png,0
462d35e5-3cb8-41b6-9624-124ab36a2f19.png,0
46342bb0-4583-455a-9c7a-01107024f542.png,0
4641ea72-cf2e-49fb-af8f-992005ca4da8.png,0
46436b73-5843-4a99-84b1-f1c6946afad6.png,0
4648165d-da7c-4cd6-ba52-92bf16119777.png,0
464e8a94-0055-4976-bfb3-60825697b4cc.png,0
465297a5-dc57-41dd-b3e9-b4da72ca236f.png,0
46589ee8-5fe8-4b85-91bb-b5e99bdc8cc3.png,0
46660df8-f835-40d3-8609-9518b00eab7e.png,0
466923ee-bc63-4b8b-8129-929e3a303c8f.png,0
466d72f0-5338-48c0-8302-3e9fec405856.png,0
467124b4-e638-4642-9ef7-8427859ecb62.png,0
46863727-a70d-48a9-8497-fffabd1193fe.png,0
4698e391-5722-4947-a6f7-ff1fce632746.png,0
469bc7dd-4d57-4f31-9852-dc3374575583.png,0
469db06c-6eb2-4aae-92d5-8a88148562f7.png,0
46a0e7b3-026d-4178-ab4b-4d9e11c07e7b.png,0
46a46b58-a96b-438b-9742-ade04045c9fb.png,0
46a684b6-d62e-4d60-a053-af6a53578f07.png,0
46b722a7-d085-4618-8cec-a6b56ebb0520.png,0
46b94836-225e-4959-9a7d-03ffb0dcfa4e.png,0
46c0c47b-2ca4-4347-a613-9660075eb0c9.png,0
46c4f908-9292-437f-af42-4031fca621f2.png,0
46cc86e8-f8ba-4567-9285-cd70cd10bf24.png,0
46ce3e45-c61e-44f2-a5d9-a737f7be357f.png,0
46cfe8ef-549c-4b26-95b9-3a0b2cea22d5.png,0
46d4f816-7025-45d3-a04a-659aef134db0.png,0
46dc08fc-d60c-4578-a7f9-0a827dab7003.png,0
46e8c7f5-9d56-4348-aaaa-675f2ae7f9ad.png,0
46ed3eed-7206-4235-b4d3-ffeeb54b0728.png,0
46f29f87-46bc-4d72-bc3e-56c6936abece.png,0
46f37e46-e4cd-4677-875b-1f1b28cfc70d.png,0
47024a50-f21e-4ea0-b036-e32c29bf5c5c.png,0
4709d121-df3a-439b-8349-93439292a936.png,0
47128c26-b742-4215-98cc-45b4d84708df.png,0
47167140-49c9-4f83-b630-f0fe4f53a935.png,0
4723e9c7-2812-46b0-962d-183008ed0ee8.png,0
472688c0-2bd6-4fa3-b2ee-56b441e5cb35.png,0
472d62fe-7182-4496-b8bd-211ee7089683.png,0
472e22e0-2136-4c1a-8d05-e169c696f948.png,0
47323dd2-ad30-469d-9d96-3e531f2c0749.png,0
47335c95-e088-4cd8-9dee-60216fd8e185.png,0
4738ed4e-96a7-4c15-9b7c-a68e42721192.png,0
474072bf-6365-4812-9a75-0ba64458f841.png,0
474a76de-9199-45d0-86a5-a49b815b7372.png,0
474d1df2-4567-4b12-ac6f-3f6693f53fc1.png,0
4754adf8-4003-4bc5-840a-511b885b0a62.png,0
47565898-7e1b-4181-b5d5-28dac3623f87.png,0
47566189-d996-49b4-bec9-1eab390d1649.png,0
4769fa12-e694-48ce-ad4e-0628e5dd75f0.png,0
476d698b-427c-4a90-acc4-be23858ebc0c.png,0
476fd67f-33e0-47e7-b7d2-5f6e2afe4662.png,0
4770b15c-5b12-462d-8949-0c59380c02b2.png,0
477986bf-e6c0-4cb6-8287-8ab2a0ee98e8.png,0
478b099b-555c-4c82-916a-37389e42c4b1.png,0
478d58f7-13a0-423d-b759-20dc25412a66.png,0
47925813-7387-41b6-b00d-7c365b836bce.png,0
4794359b-25af-4ed9-859d-3a0bdf1e4868.png,0
47967829-ae4e-49db-bdc8-07112fe86862.png,0
479c8352-38cc-4af7-87f0-125b8f1564bb.png,0
47b3d0b7-4d58-4b7a-b5e7-eb9a37ef7d0f.png,0
47be0a9e-b6f7-4104-ab24-f3671287aead.png,0
47bff3a6-24eb-4dbc-8985-a9bda8fc4325.png,0
47d10903-9dff-4684-a05e-95ae4c6b8ba3.png,0
47d56dc3-c4b0-4bd0-bab7-d39549cc46a0.png,0
47f9b094-3b65-45f9-a14c-0a96f4054f5b.png,0
47fbefac-6c3a-4433-83d1-90585ed76bb1.png,0
47feb96d-3122-4c3f-afdc-ae81770803ac.png,0
4807dd0f-87ed-4621-bfb4-50aed4b77e71.png,0
480cf9c2-59be-4e03-a355-948db89a0679.png,0
480fff32-f6b5-4e2a-b650-57a7db5a41a1.png,0
481285a5-9df3-4824-a806-67d6404e287c.png,0
4815cce8-5790-4c0d-9b3e-54a51a14de68.png,0
481ac025-aeb7-4d88-b451-74ec80514625.png,0
481ff753-4106-405c-962e-a3f1c1e3bc37.png,0
482337a5-eda2-468d-ba86-332065f97bbc.png,0
4823a67b-3f20-4d8e-a7c3-7d3226316b87.png,0
4826f81c-399f-4474-a109-4bc3068b03d4.png,0
4832fecc-3de6-47da-adee-11be7e213575.png,0
48349099-36a7-4377-b280-19312e581699.png,0
483e8681-026f-4e64-a140-a914b7b0e897.png,0
484481bb-92d7-4f31-930a-ef51f0ebf6ec.png,0
484ebbaf-cdbe-4b08-ae85-c81ec72ff884.png,0
485c7e13-e958-458a-9af1-1b4f0f0e11f8.png,0
485f1ddc-8562-432a-a27e-9c54375c19ac.png,0
4865d15d-81e2-4ed3-a40b-b19001cea8b0.png,0
486777ec-9e13-4bc8-b578-f7d48c098c6b.png,0
4868f9aa-626d-45a6-a63d-29dfc5197535.png,0
486bd787-a3bf-4f24-9886-d3660193dfee.png,0
487edeef-e98d-4345-8714-928854d83143.png,0
4885207c-0763-45f4-b2ac-ea5658e3202f.png,0
48872981-dc8e-4485-9e18-a104987994f0.png,0
48919ff9-713a-412b-b125-bdce2ae23783.png,0
48a44f52-7fb3-4384-a76b-f6170b03a357.png,0
48a74e9c-c0bb-4eeb-85f7-6ca980152001.png,0
48b519ae-d438-482c-8d31-f1a91055e8e1.png,0
48b5f206-d246-4b30-abc1-aa640692fb75.png,0
48bea347-0966-4b29-af69-52ba98ad70a6.png,0
48d69fc7-2bee-4068-a9af-59bd69a89714.png,0
48ec3f92-0ffb-4501-b389-86c9084134c0.png,0
48f1d1e6-2393-4fa2-ad4c-25e54f084808.png,0
48f302f9-b35e-42fa-9298-2563a0d9beb5.png,0
48f6aadb-b69f-45c4-b9e1-186105e770f9.png,0
48fe3b45-4f82-42ef-8175-5e2eb1384cf3.png,0
490bfbde-9177-4544-bc0b-f5b33d3f6bb5.png,0
490e20d5-2401-4884-90c2-707ea9cffc36.png,0
491c34d7-3a83-4a66-9706-7cdca0df644d.png,0
491d323c-fa2a-4c1a-a2f0-fc55b140cd8a.png,0
49290f12-f460-4672-b38e-f059d2ebab14.png,0
49352d49-2cc5-416e-a821-fd146f774474.png,0
49515fc9-dc45-41dc-b194-bc623b0dff85.png,0
4954509b-d98d-4b66-94eb-548b89f9a582.png,0
495d9a19-0d60-408b-b1b4-f5f17944fae2.png,0
495f5600-1fe1-450b-ac25-22dd75bae685.png,0
496c3846-2139-4cf7-bcec-5dca1d60fed1.png,0
496d881e-186d-4035-9754-fc458d63e97c.png,0
496eb4bf-5c74-45a4-8a4f-642b350e4cb9.png,0
497395af-04b8-4318-ba8f-2e79d99fc2b2.png,0
497715df-fa64-48e6-9cc6-dcc6cfd32c39.png,0
497eff38-4ade-4b6d-a140-a5187a07f9fa.png,0
4982e734-a945-45fe-ab58-99b8e3241c6b.png,0
499d40ec-e646-4e4b-a864-a95f47b10413.png,0
49a26c5e-fb2f-461e-a334-e81b64fab96f.png,0
49a8bad1-f6db-456d-bc8f-74f70557d9bb.png,0
49b17730-d315-42bd-9045-bc8921c5abcc.png,0
49b680f2-3e37-450a-879f-ad38707de531.png,0
49bf391c-a623-4e5d-b6e6-818f85cd52d0.png,0
49c63467-daca-4a6f-878e-169e4914694c.png,0
49c6d263-2d57-435f-a75c-1dd20f0bf4cf.png,0
49c8003f-80cc-4d41-b553-32aea9a95802.png,0
49c82326-6e3f-4ad4-a755-4afb08da3066.png,0
49cda5b8-d41d-4b34-b25b-b92520b65ea5.png,0
49dcbed5-1a06-477c-ae64-46b6391d7774.png,0
49e3b070-5e67-4e18-8fd5-0535eaf500c8.png,0
4a015759-30af-48fe-9d3d-50bca0dc0480.png,0
4a04893d-e68e-46eb-956d-1c92b6ee27a4.png,0
4a055fd8-229a-45f7-afa1-84488eac8ae3.png,0
4a0ac288-abcc-4e82-9080-c8d921cc35c5.png,0
4a252e39-736e-48df-aaf3-3446a8f3ac3f.png,0
4a2dd32c-2252-4035-92ef-f22f6eb70a15.png,0
4a3a3320-ebd4-407c-ac5d-5baca4b71b9d.png,0
4a42a757-7a81-4417-b0cc-00d8496f6531.png,0
4a441416-21f8-49fd-bbfc-668ac3f73cfb.png,0
4a53ac3d-7277-4400-9e6b-55e83fe6d54f.png,0
4a63e531-4a33-4951-bfa0-77e213844e55.png,0
4a7119a2-99b2-468f-81db-5fc2809615a3.png,0
4a7971e0-a4f4-453f-8263-c64ad56f4920.png,0
4a8d9d7e-0723-4267-af11-5efdc877aead.png,0
4aabc45b-9505-48a6-8a29-23a09b13ec02.png,0
4ab48b9c-1a32-4c7e-ac5c-4eeb0105a9d0.png,0
4ab7037d-0c66-41ac-a1fc-964b638f6054.png,0
4aba293d-7a65-41a8-b6c9-d63ffc8a1a14.png,0
4abcd328-2c19-4bd8-a102-e0320fde2b10.png,0
4ac6590a-ecdb-47b7-92f3-cfc6fa405955.png,0
4ac6c6a0-c94a-4168-8e30-c9a74cda673f.png,0
4ad972a8-8778-4e3a-bb42-947c55a8944c.png,0
4adb5025-fc0c-4bc2-9505-5d273fdfd56e.png,0
4ae0ca16-68d6-4ae8-92b9-b73c8783f6d2.png,0
4ae5c39d-a13d-44f0-b274-185dc31036c1.png,0
4afbc897-69d2-4074-9690-c3410ff4706c.png,0
4b004c64-d809-4309-9840-bdf38aaed74a.png,0
4b04ae4f-7d4d-44ea-aec7-5d8e673e8ce5.png,0
4b0e4413-56aa-48dd-a9ea-4712d211334c.png,0
4b1252a3-8860-4d93-bc5d-c209f3d6e181.png,0
4b1d3e29-2e48-45b6-974d-a8c7dc5f37e1.png,0
4b1e8ad7-2487-4689-a952-0818fa8713d1.png,0
4b2aaf6f-3a6f-4033-a366-309c7b524cbd.png,0
4b318dd6-201d-4cd0-8061-9481c18d7b6c.png,0
4b345caf-5a04-4dfb-a40c-a27e48071f9c.png,0
4b394bf3-9620-45c6-81e6-0b7cb44f610a.png,0
4b41f8bd-934d-4a0b-b6f1-c541d10384e6.png,0
4b42e5ba-47c2-44dc-9ebe-9c43d4ace958.png,0
4b465daf-f77c-4daf-b70f-2e312a1e6951.png,0
4b4a00e4-d45f-45b6-b013-2541ef77f7ef.png,0
4b4dc3cd-331b-4318-8bee-e1506fbf9513.png,0
4b561094-0f23-4040-801f-2dede46354cd.png,0
4b57dece-117e-4f02-abf7-ee0c61bd7272.png,0
4b59157a-5edb-46eb-97b5-4aac3be1dc1e.png,0
4b59a919-a8db-432f-a60e-ce67bf52c6b1.png,0
4b683e1c-daf2-4d2d-a3b2-48fbfba80601.png,0
4b6bf50f-edce-4432-9405-793c9b4e8712.png,0
4b6cf439-a0a3-485f-8de9-950ee632cbca.png,0
4b76319b-47c3-466b-80f2-6dc1e046b0ba.png,0
4b87774f-25ec-4b92-a39c-fcd0809ed01e.png,0
4b8fa5cb-16c1-40e2-8ed4-cd6a40e24049.png,0
4b912423-ef5e-45c9-90a3-b04fc7977653.png,0
4b9312ba-a550-49b6-b460-4c32dc8f7ceb.png,0
4b948dc1-39e8-4753-9ff8-11880f868b86.png,0
4b99e3a5-a6c0-46b3-b59a-10c4df80d2b5.png,0
4b9dced6-3164-4811-bf8c-242400da9ac4.png,0
4b9e0755-9459-417d-b06a-91edef552f06.png,0
4ba09dcd-acd3-4ef2-9b27-7cfce5adf04e.png,0
4ba3e640-eb0a-4f4f-900c-af7405bc1790.png,0
4baafcc1-54df-4628-9a60-70cc1c941701.png,0
4bb13cd1-5810-4e0d-955b-91035d81bf6e.png,0
4bb59996-a064-487d-a51b-09ebcf4a27ca.png,0
4bb8ad0b-398b-4eb9-8430-ad73bcc19727.png,0
4bba1b7a-1207-43de-b4b6-e6af557e7ce3.png,0
4bce4634-cc05-4fcd-b45d-2c05f3f620b4.png,0
4bda7434-e507-4acf-9467-1fc33f457877.png,0
4bdc4d16-3c00-4339-b2fe-3a973ab5b2e4.png,0
4be16314-d0ab-4f19-b044-be9089215842.png,0
4be8d1b6-04c3-4bda-a751-15920a587805.png,0
4beb715a-335a-44a8-bc72-a2b27fd0377d.png,0
4bf3a128-5f17-4906-8604-ca0ccdd00c37.png,0
4bf3d74b-3429-4c77-9f63-108dfcb60f99.png,0
4bf42abe-22fa-4c93-919b-cff5ed49bc87.png,0
4c05690d-628a-4ac5-8a41-6ee4e97a2663.png,0
4c0aedf3-846f-4895-8296-27d19a566917.png,0
4c15ddb3-d655-428e-b05c-b48e2fc3aa5c.png,0
4c19f97b-5967-4ba3-92f7-980aed7e5a1a.png,0
4c25cbad-6e6e-4490-b7ae-7c440a221b00.png,0
4c268764-b5e5-4417-85a3-da52916984d8.png,0
4c2e071e-d217-42fa-9c9b-e3931974bd8d.png,0
4c30114d-2e03-43b7-9bc2-48ce5e8851ab.png,0
4c3e602d-e745-4f9c-bd5b-91129e431f63.png,0
4c52f9c5-6ce0-4e28-ae5d-ddb37f374f31.png,0
4c53a757-190d-40b5-9d98-cacbb547874c.png,0
4c5b63e3-d3b4-4cab-9ff6-1e4ae56fd828.png,0
4c5e29bb-55e7-487b-9c4b-ca54a3551870.png,0
4c712f9f-9bf7-4e8a-9a64-e418d8fbf176.png,0
4c779fad-6e35-42c7-b35e-dc6ec50ccf33.png,0
4c84cff2-475b-46e9-8fc6-68ce72f9274b.png,0
4c9eec3f-a90b-49b0-91cd-81629ff80875.png,0
4cb1dcdd-dbd9-49e2-bdee-94c017d76e2b.png,0
4ccae3b7-1737-48f4-bc31-71ce2feb4b53.png,0
4cced631-6710-435c-b822-e7880a448a63.png,0
4cd08263-ec22-4694-b9b0-a5c43c1813de.png,0
4ce814aa-8366-4707-b17d-a2ecc503c4a8.png,0
4cf194e3-ecb0-4c5e-b2e2-fe2af5469937.png,0
4cf82164-6678-4864-bbc4-5a93419424f7.png,0
4d23b791-1166-45f1-bf30-8188c75ad5b7.png,0
4d33b7db-3776-4ddb-8f60-f3a87bd80b16.png,0
4d3c371d-d596-408f-9cb9-ffcce6fe50e2.png,0
4d3deed3-16c7-40ca-9b7c-e8cdd3abccbc.png,0
4d4942d3-22cc-4dff-a753-cdea5e1a3498.png,0
4d49d9a9-ce3d-4a0d-81a8-667552d64163.png,0
4d4f2027-a6cf-4718-b180-7045c478908d.png,0
4d51f075-7f8c-4acb-be11-4145d3ce626a.png,0
4d53c767-907b-4e70-870e-54cfd2aa86ec.png,0
4d56129b-5c52-4e12-93fd-836a88f7e30a.png,0
4d5f36a6-71a1-48b2-ae53-06544d918664.png,0
4d61c5dd-858f-4b23-9b15-838e3f16b043.png,0
4d67f8f8-2b08-466a-803f-6e70743b30e4.png,0
4d6b6aa7-c1c8-47bb-ad81-7bc92fdbbceb.png,0
4d7b57bb-c221-43b4-a207-f921772e4d90.png,0
4d7be087-4cbf-431c-9311-acf682da839d.png,0
4da3373a-7cac-4c8f-8b34-f480331426fe.png,0
4da6faee-c4af-4ea4-84a3-7c5733bfd249.png,0
4da7bc0a-2c46-4029-8502-1577d527219f.png,0
4dab56c9-09db-47fb-88f3-0989cadc5c66.png,0
4dbc2f6f-3d06-49b6-8a62-71880d8766b2.png,0
4dc4459e-6e0e-4761-a005-de476ddd78ed.png,0
4dca2396-aef6-459e-9827-efdd3bef8c76.png,0
4dcad495-9d13-448f-8a59-ec62aab113ac.png,0
4dcbea60-aaeb-4656-a64d-278d82a787e1.png,0
4dd61819-c62d-453f-b473-0e5f82a38e4c.png,0
4dd73b83-0d4a-4755-934a-25c4fb06dc01.png,0
4de1459a-541e-4449-bbbd-38f829c4d4f5.png,0
4de27293-832a-4152-bc2e-38ca1d484af9.png,0
4dead6d7-4f3a-4ac4-9ca6-772104bd4d23.png,0
4dfe5842-e83c-4533-8601-66945c8b0163.png,0
4dff11f9-1935-4ba4-833a-9692c640bd7d.png,0
4e0cc6e6-f7e3-4b1c-bc67-8a5584df5564.png,0
4e1224b9-e08a-4481-9a33-e73274103dbe.png,0
4e14472a-20d8-4c6a-9322-d8977e0948c4.png,0
4e1aa7f5-2f63-4783-ac89-27cf07280c71.png,0
4e23f936-587e-43f8-8c09-ec902e080a52.png,0
4e2468e2-a8f0-4243-831b-6b227c913e64.png,0
4e26257d-22cd-453f-974c-9dbf04923ace.png,0
4e27cdee-df08-4341-9061-16ba3ef8a778.png,0
4e287d07-4d9b-4a79-86d1-86d9cc3946f2.png,0
4e344db4-ca5e-4421-9677-2014a9ba8e42.png,0
4e38d9d2-617a-4615-bdc1-dd0575e6586a.png,0
4e4c8f09-6600-4198-bb73-cbb46a32f771.png,0
4e50b388-eaea-40ff-abbe-d0e05e923b2b.png,0
4e53d257-6eae-4ace-951f-72115498fbe7.png,0
4e601c9a-a233-4205-aa59-39718879a0c9.png,0
4e670172-b862-42c1-9eda-d3ef1fb7da31.png,0
4e6966f0-7a6e-4af5-89cc-652a6d4deac2.png,0
4e725ee0-8013-4b82-963c-c61d7f38a4b8.png,0
4e75169b-0e7d-47e5-becd-7d69be08dcf4.png,0
4e7c40ba-e4f4-41d0-b9fc-7e2cda586d89.png,0
4e8486ee-7248-4880-829f-e247fcc9175a.png,0
4e90a086-288b-4926-a33d-5c3c876c3e06.png,0
4e97ddae-f34b-40e7-8c90-608aa3457008.png,0
4ea1f70b-a38e-4b7c-871c-876eee03c1c6.png,0
4ea20c39-523c-47df-a386-e32ca90ebdb0.png,0
4ea6ac6b-f0bd-4f26-9251-13aedb44db40.png,0
4eaf409f-dfb5-46f9-8141-602246ebbd0d.png,0
4eb0d72a-4676-49da-a0e1-321822fb9139.png,0
4eb3e763-d4cf-4dcf-a2c4-218b1dc8668a.png,0
4eb84e02-0e7b-4415-a513-e3dad4d3b1a1.png,0
4ebf07c6-2380-4dcb-beeb-f6aa2bc007bc.png,0
4ec87136-fd0d-428e-9ab5-689f7d31596f.png,0
4eea4f08-b720-4148-a091-5f59ffe597e1.png,0
4eef70d7-6390-4ac7-8293-c1a98d24ce41.png,0
4ef0fdf8-39f1-43a4-8759-8b297497a553.png,0
4ef488de-5a36-4a85-a7a8-7e264450e36e.png,0
4f04b42d-85dc-4c82-a50a-4244561d338f.png,0
4f0b3e8c-8421-4b23-ae4a-f87984728719.png,0
4f135ee9-60e0-4dc0-86e7-dd1782150a80.png,0
4f1b2e67-df6e-4c37-b9f7-fb295b343784.png,0
4f36fdcd-1887-45b7-805f-2afffc3d10b3.png,0
4f39658c-3628-488f-bf5b-e72cd13c6ed3.png,0
4f3ceb29-12f8-40f4-9511-816fa21ca683.png,0
4f3d63dd-1e55-416c-be87-3ba5e4470592.png,0
4f430e41-e2ae-4b77-8413-731092cefc4e.png,0
4f43ccda-2716-4db9-a2ac-5562af6fa6dc.png,0
4f449d8d-8826-4e01-8ef8-06cfab11cad6.png,0
4f515c3c-c42a-4523-859e-1280eaf9e4a7.png,0
4f57e99f-9ea9-4d28-9dee-49e399210fde.png,0
4f5c6604-e4b7-4bda-904c-cf88bbb54511.png,0
4f5d55bc-af17-4774-a3aa-abcbde934944.png,0
4f720f10-e3fa-4e66-ac72-84622fd11e65.png,0
4f74bcc6-ba60-4ce3-bb99-d4c0cf024c4a.png,0
4f790c33-0aee-4bad-bac2-105290b4e171.png,0
4f81a1d0-73de-4203-aa75-b324441e9fca.png,0
4f8341ba-c2a3-428b-84e8-be1f88f35a5f.png,0
4f843afa-f88f-4a85-8365-87ab781fae79.png,0
4f84769c-3665-4117-aaab-021fa086a5d9.png,0
4f855f7b-ed9d-42fb-8bfc-b5a4cdc1b2a6.png,0
4f8808b6-a405-40bb-8d2a-bec9ad4e252e.png,0
4f9042e1-9a6c-4c81-8006-c19faff7a248.png,0
4f96be07-c2e7-42e0-bb07-cf463da8c69d.png,0
4f9a7303-4d5d-45fc-bcc4-d3f50f03464e.png,0
4fbc7a68-31a3-48fa-9318-39ccdc0cc75e.png,0
4fbca954-47d2-4bcb-b0c4-3963548901f5.png,0
4fc8d965-fa2d-4ba6-a6d7-7b148d0da420.png,0
4fc92d65-52c1-498a-8206-f420eec1a030.png,0
4fd42d7c-d93f-4b3b-a157-18b77568cb27.png,0
4fe05d94-9634-4e85-9de7-fe0499bb7e43.png,0
4ff5efa2-6d57-4fc7-ab29-2b2504d1aeba.png,0
4ffc98be-0e13-4fe7-b4fe-248b232b7360.png,0
50004925-0127-4750-8dde-74e727f90ed9.png,0
50023044-fc6e-4fbc-a83d-712b58f5e941.png,0
5006f783-56af-4ad9-a37b-c80bd789ddbd.png,0
500f4aab-ad9e-4b4b-aa8d-1be7d18ae638.png,0
50138c3d-d19e-4da9-a153-83baf13be90a.png,0
501410cd-cc11-4701-93ee-11d367dd6e04.png,0
501826b8-9e76-4d98-a812-855d1c09e5f7.png,0
503b9ede-c29f-43e1-8b3d-1cfe7ee27dd0.png,0
504747c5-833b-4cf8-9335-0dd6271ea530.png,0
50493c25-94a9-4f20-a8dd-682981b71919.png,0
50571327-a1ea-425d-8de4-aec08900a99d.png,0
505a5b16-5b8a-42d0-a693-52b20b46a2bf.png,0
505ab47d-f99e-458a-9ba0-fc4fecd76760.png,0
505db6f2-1a55-4766-b72d-120d1a6dfdee.png,0
507f46e9-5760-4ae2-bebd-b0afd82fdf0a.png,0
5088b448-b111-4fec-866f-590a5666f677.png,0
508dc69d-081a-4298-8f4a-b7722f45d802.png,0
50908a8f-e286-4304-8d97-562654d734c4.png,0
50971dbd-3084-4684-b25a-b7194e8745a8.png,0
50a23843-cbdb-4570-9033-fdd9e015d9e9.png,0
50ac73f3-76ef-4610-a62a-88ef8addcec3.png,0
50acfb42-e161-455c-982f-78d2ffeb12e3.png,0
50b72f46-6536-44c4-a040-7bff3df602f5.png,0
50c1e2e5-05ff-463d-999b-8ee02e6974b8.png,0
50cb2940-ba0f-4683-9d9e-e42ef3162c3f.png,0
50cf5554-e277-4311-a793-d978bafce018.png,0
50d2c928-9230-40ee-83d9-8bc448f9c72f.png,0
50d3ac2c-2a61-4f81-a4b2-80049dce0770.png,0
50f59689-fcc2-400c-8d9f-2a57df5c56ea.png,0
51014cab-d22b-40b5-b9fa-fcce2fd2a2a5.png,0
51260904-245b-479c-a0ca-767815f5d9c7.png,0
51276379-5d64-4c8d-b5c4-91d9a5602fc7.png,0
512a0183-2955-4ddc-8376-f07ac0eb6860.png,0
512cae37-d6e7-465d-a209-32f77d145af0.png,0
512d246f-2480-4820-810a-dfa2d188f9b6.png,0
512db933-7149-4da3-97dc-735eb7987802.png,0
513d53bd-aa48-42ca-a181-4a7fd36b56de.png,0
514d710f-123b-4fcc-b8e0-e1d389ff55c1.png,0
5150b314-97cd-4721-9f03-a8d701822630.png,0
515f5bba-0fd3-4c02-9edc-8a7631e7047a.png,0
51702d7b-bbda-42f0-90a8-cb7cb1812a58.png,0
5170a7d4-a119-4471-9f3c-824756bf6644.png,0
5191c1d7-b90e-46a1-b5e6-3459f03ece80.png,0
51a77bd4-2ee1-4924-8797-5121cde56f1d.png,0
51b5d7a6-1c08-4c2d-a5af-21ffb21b78c4.png,0
51cf857c-0455-4890-a067-a97875f7dd26.png,0
51d98c1e-43ac-41c6-829f-9c06a63391bb.png,0
51db6790-fd3a-4148-8dcd-efd11efadcdb.png,0
51e49fd4-6198-4b96-ac8f-299231671a17.png,0
51e7b3a0-60c7-4dc1-83d6-93eb441a93d2.png,0
51f46b01-a6bc-432e-acd7-5a8e8732a883.png,0
51f85d4c-7d59-4657-86f4-96a24ebd1549.png,0
52017ad1-0344-46e4-9b0a-47a5a38d7e71.png,0
52021b42-19c1-4d5b-8344-4188f4fdfd6a.png,0
5208153a-cce9-424f-8a02-1b2ffccc6b41.png,0
520bff6f-90e0-4e51-b1a1-68229773e802.png,0
524ca5ff-4301-43ec-8a17-3682f5edb548.png,0
524d6970-d373-404d-b6d7-16f4744a6220.png,0
525053c1-2415-45d6-a8c5-4b0de218fa29.png,0
525353ce-858a-47b5-aadb-3e25229f2d95.png,0
52545bb8-f155-4e70-bf4a-83bd963db22a.png,0
52592593-7ec1-4713-88c8-63636a61cc5c.png,0
5269b286-91ad-414a-bc6a-3afb5a52c1d1.png,0
5278b08c-a475-469e-8910-56bff6d85210.png,0
527aa2cc-56cc-4e92-bb1f-34dba1fd8a5c.png,0
527e3357-7ee9-4911-b2bf-ad076813b65c.png,0
528c2d6b-bdd6-4c42-b100-4d0c30de0125.png,0
529bd50d-2ee9-41b2-a4d8-35c403bef10b.png,0
529e2bee-075d-44c3-b82b-e51bf1b3990d.png,0
52a2bd43-c9c8-46d9-8c20-4835ea8f4a40.png,0
52a5cd5f-3a94-40f5-bfbb-6a5bddba5848.png,0
52afc9f7-97f4-4fa4-9553-674213fcb1b8.png,0
52b16ec8-dd80-4349-9068-2e80cae457d8.png,0
52ba93e0-2ed1-4ae9-bdef-bd1ecdd39c39.png,0
52bde5db-7f54-45d4-aaed-5da0752cee60.png,0
52bdfe92-63e3-4485-8e96-1d976e31cbe1.png,0
52c13b33-0eb6-4d1e-932a-0b0fb56e391a.png,0
52c173d2-14e2-4b91-9770-e2f7900399de.png,0
52d1f158-6cde-4676-94bf-bc5f8bab0cc6.png,0
52d3b6f1-76d3-487b-88ff-663f80ac4da9.png,0
52e21c71-71d1-40cb-9b5c-389fd41db723.png,0
52edd24a-15db-449d-b0c5-8051eab5fd1e.png,0
52f18c9e-7262-4fcc-a6bc-78e707214886.png,0
52f53bb5-81fb-408b-adc7-2f8ae8932b31.png,0
52fee036-272a-455a-9714-b6ff73e28403.png,0
5313d411-d611-4c8a-af40-0f075d6d96f6.png,0
531722e7-d083-4c1d-b639-49c537ad758e.png,0
5319c552-1cfa-46b1-a3ca-b291c9bae2b0.png,0
5327cb57-3eb9-4d76-8a1d-3dc5f5334043.png,0
53307192-eab1-43cb-afd3-5fc380763796.png,0
53367958-ef11-4c3e-a2f3-374e88dfbd90.png,0
53517578-a6f5-4822-94e0-e605746afe7d.png,0
53553403-f449-4bf1-9d54-b76827ef7ffc.png,0
535c2337-e755-43ea-ab1d-6547a584776d.png,0
53633336-5163-4522-b6d8-35ba85c4c554.png,0
536ba3bf-b867-4035-b483-35e9cbda9c0f.png,0
5371f76e-9d80-4c83-9e94-a631cdc3d92f.png,0
5386aa61-84c4-4f35-ba45-62544e1887cd.png,0
5388cc79-bfa8-4035-b676-f5407859f261.png,0
538d24ba-8a55-4445-b0d5-f9e5812fdd49.png,0
5399e1e3-a2a1-48c3-80ab-29b18ecb98f4.png,0
53bae9fc-3bb2-4684-b986-84bf7aa2e5a2.png,0
53bed796-1a7b-406b-b37c-d37facb41158.png,0
53c275e1-e692-4445-bb4f-b740d117712f.png,0
53c369ae-d8f9-4e44-b212-c6e2dc6ef580.png,0
53cd7c28-fe79-4537-99b5-e942987b67d1.png,0
53d48fe7-999e-4a53-8f7e-ec5e0ffbfd59.png,0
53e21159-fc48-450d-9377-c3dc4463a28e.png,0
53e37b9f-3231-44e8-8bf1-56eaaa6e49c4.png,0
53e8706e-4bd3-45d8-89e9-af18bf665e67.png,0
53f0316b-563c-441b-a226-a369a0357dfe.png,0
5406a077-c57b-4012-b1c8-bc848d1ada0a.png,0
5406b425-c531-4952-bf90-8b3ecc99903a.png,0
5411ca96-8ca4-4029-a422-1a09dfa80b8f.png,0
541f235d-c207-4092-8530-8d826e2fa5eb.png,0
5420def8-80d8-4948-9c4e-456072874bf2.png,0
5426d29c-8b15-401f-9453-bff645260899.png,0
54320538-7d1e-4784-840b-1c696eda2407.png,0
5432bc30-649e-4b4b-8f5d-ca06f27c3a30.png,0
543af344-25de-45dc-8562-ecebedbf479b.png,0
543ca01d-ba30-40ce-80ed-96bc4a9ddba3.png,0
543de894-dad3-486d-baa6-fd919aebb7be.png,0
545258bb-53e4-4219-9b5f-62d18661eac2.png,0
5458205b-c67a-44de-a1e3-009f977b4f98.png,0
545ef4ff-a6c7-40b6-bc2a-34e71c758909.png,0
545ffe8b-d4c1-4545-bd2c-4b9114c31dcb.png,0
5460b0c1-6e89-40e7-adc0-c75dbe7c9e09.png,0
546629ff-ce7e-4bd9-b0be-def0ed5842c2.png,0
54679037-b484-4bb7-acb6-e8ae09139c85.png,0
54703d8d-92a3-4447-8e20-6aa4f4445536.png,0
5474674e-577a-4bec-bf7f-e7e580ccfd62.png,0
54758582-e92b-4f1d-a6c3-cf6584b026ba.png,0
5476c3ca-86b8-4540-bf4a-a57c57a0fdc2.png,0
5480fc2a-1d5b-49a8-9e66-7e8b76aef97a.png,0
548b0ce7-2797-4d24-814e-d419d2e82fb6.png,0
549618db-d06e-4b93-b415-b698984cb229.png,0
549f95a2-c418-4414-b822-f4c9447cf87b.png,0
54a2c7b2-89dc-4f5a-b148-41be979cf90b.png,0
54ade882-3ada-4442-b66e-740b5a65e014.png,0
54b55fd2-35b2-47ae-80df-795c0f99f652.png,0
54beda44-fc48-4962-9c6a-01e8001e463e.png,0
54c8ebe5-3af0-4838-ae50-4d2295a78ad9.png,0
54ca2bbe-f8cb-4c30-b128-9a0948f9da4d.png,0
54cbe63c-5c44-4d55-ae01-0096c805dda1.png,0
54d407f3-084b-42ff-a00e-74a5d61b3c06.png,0
54dc66ab-7407-4e73-acac-2f51e13b4899.png,0
54e2c5a0-508f-4bbb-bac9-818d46166394.png,0
54f374d0-6a4a-4827-a5ea-5af0bcb95f4d.png,0
54f4e2eb-e4f8-4c61-9be7-73cdb4492fbc.png,0
54f6c438-e545-4474-9c62-29c173fc5e7c.png,0
54fa1a13-8689-4ab6-932e-515dcac17673.png,0
5503ca33-0018-468a-a0a1-c5d8b8bf8321.png,0
552951a6-0684-4014-b3d5-620eebd9d42b.png,0
5534eab3-2d20-4921-a785-1afe09cabd4a.png,0
553852a3-72a9-460c-84f0-78ecd84bbfff.png,0
553efd2c-8f59-48ee-8307-2c1dd8cecdda.png,0
554f7966-f588-4a7a-aae1-ed4c107713a5.png,0
556dc7ff-ece4-4ea9-90e4-fcffc38f5082.png,0
5578dcab-0a2f-4d79-b4e2-d3c9c28811c0.png,0
557cdf5f-f162-4900-b7fd-a9428d9c1da4.png,0
5582616e-31dc-40e4-a852-7b37cb616d8f.png,0
55aecdc5-76dd-46c0-85e9-58e47199894f.png,0
55b3bd78-091c-4c00-b83e-ad37e43a1ce5.png,0
55bd7c5e-dd47-4c1c-aade-c3d5f39f4166.png,0
55c46151-6def-4856-8e89-087664e48b8e.png,0
55e6396f-23e1-4553-a2be-a825dc70a57a.png,0
55ea944b-984b-4f0d-a84d-e6b8b6660edc.png,0
55f2867a-5c49-4ea2-a9d7-9f8bb977222c.png,0
5604ca1d-a3de-48a5-a574-2f3f0662d8fc.png,0
560500cf-ae14-40d2-bd14-5b1ac7f95ebb.png,0
560994a6-904c-4ba5-acbe-fb4bba7dad25.png,0
561075e2-b494-422d-9eca-060b89fae03e.png,0
56130832-8cb2-4c91-a98e-a40b1f1d1dd2.png,0
561d7e11-d3ac-4503-97fc-45b48e99afee.png,0
561f6992-f97e-445c-876f-d252ca147a97.png,0
561fa541-182c-4aea-b63c-c2820164be2e.png,0
56211c89-bc1c-4a1a-856d-011996c6eed2.png,0
56224d10-e854-4563-abbb-ed952fab26ed.png,0
562262f4-c462-437f-9a5a-29034cc5961d.png,0
56291168-0cd9-4afc-b708-fc16400ceebe.png,0
5638cc31-f018-4701-a668-b98eac35a0b8.png,0
563bba08-9229-4cc0-89e0-da0131e7f6bd.png,0
56419e8d-5982-460c-9e71-546609e6ebd7.png,0
56426cde-0592-418a-8e29-f7b3ad67a7e9.png,0
56443211-949a-46fd-a677-8faa8afdad28.png,0
564fd22f-d963-4ce8-8ee3-091e734c0855.png,0
565fe404-f4db-442f-9921-eb1e7a19d763.png,0
567de77a-f14c-44c5-884f-c33fb1b399c4.png,0
5686fc75-54a1-477c-a9c7-e9a4e39b8e14.png,0
568e580f-c31b-4e58-9821-b6b822e3f8ec.png,0
5699df0c-aa5a-4109-8f23-1bed85d1470e.png,0
569e6728-9748-4db4-be57-9e5278c3cc71.png,0
56a10b62-f721-4bbe-805f-3a90af981515.png,0
56a60ddd-66be-4e4c-8612-8916e2efedee.png,0
56b0ffc8-80e7-4927-9bec-5e843cb48358.png,0
56b278f2-ab29-48b5-9602-b7ec496885df.png,0
56ba6f53-45a0-44d1-9f65-0ac78f74969a.png,0
56bab623-fa84-4335-8874-773e5f6c966c.png,0
56bd9bed-4162-43d9-a3f8-dfdacfeb78e9.png,0
56bea3ed-36f7-44ff-bcbd-d6bef00a1c9f.png,0
56c529d6-a358-4556-b9a0-315fd0ca1446.png,0
56e71de6-3204-4dae-ae32-09065d622023.png,0
56e7c708-fe02-4da2-a0d1-63c2d422836f.png,0
57045887-8274-4b24-805d-ebed01bba871.png,0
570a22d5-ff87-4d9f-8025-f9093d99aad7.png,0
571696f9-0180-44de-8c82-27f29e487310.png,0
5717252c-482a-4279-9456-535d39f333d0.png,0
57173a51-d8ed-4460-8785-0194db23f96d.png,0
571c68fb-a4ff-4ec7-abba-6911a6c05fb6.png,0
571d877a-4c56-4400-90ba-8fbda622daf2.png,0
5724fe82-e5e2-4e65-9dce-d31d17da9c28.png,0
572904bd-04f5-4378-aba3-994135ad7c61.png,0
572d6aad-14be-4637-a027-4c1924c17bf8.png,0
574610dc-b9a0-4560-9178-51615ecc3d1f.png,0
5747aede-9bcd-47c9-9442-7d1875579d5e.png,0
574f1f6b-df36-4fe0-9e03-243257d21d53.png,0
575805b2-74eb-4012-99e4-72fd4e42e7db.png,0
576429a6-dd25-472b-ad28-8a8e09f32bb3.png,0
576aef9b-1e70-4b06-b84d-a3e17a077167.png,0
576d42dd-fb6c-45f0-8245-1808f0a8b07f.png,0
576f3fdc-8864-4709-b72f-a7b33fee8435.png,0
576f691f-ec9f-46a3-9f06-0b72c9702d8c.png,0
5772e6c1-1117-448f-bf55-e57599fedcde.png,0
5776da6e-0b5d-4d8b-a9fb-2a8af858d424.png,0
577c1d51-14c5-450c-b936-33e259a1bca3.png,0
577fbe16-0b7a-42e0-ae7f-f3e98c8c1ac1.png,0
578d7a7b-a762-4713-adc4-35d476c97a75.png,0
579c68e7-c03e-4cd7-bda5-93de372571f2.png,0
57a356a4-5201-4956-8818-d5cb8036633f.png,0
57a3fc91-15bd-4967-b617-d4716affd388.png,0
57afaaa8-0f60-4eb9-82ba-493353c54aa9.png,0
57b169bd-1867-46aa-9236-da80cd78be6e.png,0
57b7c911-a726-457c-b588-0a1ffdf0ad5f.png,0
57b8d3ee-a555-4acb-8be1-8bfe53f1b58d.png,0
57bd0264-c56d-4266-b74a-b731212b6037.png,0
57bf80ea-1cad-47fa-b5df-bb66623bcf95.png,0
57c44c24-2f39-472a-9a6e-53b9d95fa7ba.png,0
57c51bb2-7795-48a1-8f14-e16e7c0ee3eb.png,0
57c72280-b7e3-41c7-88d9-6bbb81e75b06.png,0
57dc292a-8273-4eb8-87e2-2faad0a23288.png,0
57e06674-14ed-4a05-8efe-696c37ad5095.png,0
57e54485-0889-4641-ba5c-54cb2fe1d0c7.png,0
57e70848-0cce-456d-90b1-e3f0a206d8c1.png,0
57ec4b6c-3b10-4f00-8644-26f808e0465c.png,0
580749d7-c75c-4f92-b71e-35eb6353dcdc.png,0
5808c0e2-8c62-4224-827a-3d8eaf68768e.png,0
580b69d3-58de-4072-af4e-3e7d63b0ed23.png,0
580c9692-7fe6-40c2-9f1c-2ac31c65f76e.png,0
58119b67-26c8-4081-9c3e-0339604982cd.png,0
58159114-ac1b-43f6-a6b1-94451fbb6c48.png,0
581bba74-e3a2-4151-add9-179ab619e47e.png,0
582137b4-6d8f-4933-b461-2cb08a7187c6.png,0
5827367d-31c6-4527-9ccb-63676d7f230e.png,0
5828e978-162a-4726-82e3-a057474d6b8a.png,0
582dedfc-19d7-446a-acd3-b8a7081ae664.png,0
583240d2-445b-4bb3-bb9e-4259263fa763.png,0
58358318-9163-40fd-a05c-e883e0e7d815.png,0
5840f27f-0a9e-45b8-a849-4a379ecace6f.png,0
584cbaff-a936-4bd7-8ef7-1298627ae4c3.png,0
584eed9b-18ad-4647-aa9b-9e795353610c.png,0
58569077-a334-4a12-9619-ec8ac9e1c0da.png,0
585ab95c-c557-4d6e-bc5b-08732a74b259.png,0
585ad192-0e0e-49f6-a04c-242061a59e66.png,0
585b4e26-50b6-4572-8b7a-01644dab9fb8.png,0
585c4950-a29d-42a3-b27d-04c1ea42abf7.png,0
585d94ef-0f96-4c7d-89b0-535468af7469.png,0
58616dd1-3231-4872-a16b-535013395a34.png,0
586a5f15-fbd3-4e13-ab3b-6df803e6a031.png,0
5871b176-cee8-4b9b-80e0-a6a4cf36d1b6.png,0
587303af-3f6e-4e07-8c5b-6d800e9cce52.png,0
5882be25-40fc-49db-b4d5-3198385ade64.png,0
5885c03d-7eb8-4472-8ad1-646e7d41fd48.png,0
58887c67-430a-4083-a036-4848d7c77b9a.png,0
588b67d0-eecc-4fb8-9360-573e30e8a2ef.png,0
588cad7d-1f13-48f1-8606-39a61bb41a76.png,0
5892021e-1c3c-4673-ac50-0ddd0dc858a0.png,0
58934db8-c9d9-4c9f-90e2-49c031f7bbd3.png,0
589ab9e2-3e60-4ee9-80e5-46b9b6710c34.png,0
589bbf21-be25-45db-9014-7d4e650c7530.png,0
58abf633-84e8-4e22-8706-ff72e9e8cd69.png,0
58adddbd-2331-4d93-bd95-f6325e1ea3d0.png,0
58bf27e0-a307-4d29-a977-511340f4572f.png,0
58c929c1-50fa-4b59-987c-3d5a11750fb6.png,0
58d1ec20-645b-4bed-a31e-1f08051a90c0.png,0
58d2d2b4-4bce-40ae-8993-a26390e128ee.png,0
58dc9082-98e8-49fb-b514-9d3549f1d1ed.png,0
58dd0f68-9373-4b1d-8b25-337fdbea5468.png,0
58f28a2b-8fd5-44ce-9ef5-8aa81a957557.png,0
590b390c-6d90-4ece-8875-247669e085a2.png,0
59107a2b-10d8-4c2f-90b6-ef6c6a8e4d83.png,0
5911d339-80f5-4073-8cfb-087c41731e43.png,0
5912358f-6041-498b-85ec-abbc30e58f65.png,0
591462ec-83f8-4fae-9cae-ac5dfdedec82.png,0
59246843-0853-43aa-8952-059aecfc2bdc.png,0
59254a1a-d70a-4481-a46c-a0fb66dca995.png,0
59263e7b-3048-4612-b840-b5545dfe42fc.png,0
5928a120-2f82-4b3e-b19b-8c0340535507.png,0
592eba0f-e259-4a04-a574-05259f61fe5f.png,0
593144fb-32bc-49ec-bc1b-2eee96c5af4a.png,0
59356ce0-39e8-46c2-942c-bab047e62b4a.png,0
593c6c5e-3580-437a-8c0b-275138080cf2.png,0
5943e6f7-7706-42ce-837e-2b48396a84d4.png,0
5947097b-9d53-4044-b42f-51a0b72a2c05.png,0
5947cafa-9b58-4565-af86-b8e492d6620b.png,0
5949a36b-cec5-4153-9f02-450060d46971.png,0
5949c80a-06b5-4a5e-9f2f-f00c1bda5268.png,0
594ae57b-2553-4a94-ae3d-197219726f2b.png,0
5951a068-c3d8-4e8b-abec-c1a8052411b2.png,0
595bf343-9506-4548-9751-2d0fec3d6bb3.png,0
59605a17-28c6-47f6-84bd-af9460b17c14.png,0
59686bb5-79cd-4eac-91aa-95bee5585ff9.png,0
596b0199-8a29-47ea-b6ed-4752c60da141.png,0
596e9857-19bb-4c98-9afe-ef58ccac9118.png,0
597e0a5b-8005-41c7-9a15-3da33b415d72.png,0
5982f231-9323-42a4-a437-eea95ef123b3.png,0
5983eaa7-bd6f-49e6-a6bd-4514d950c177.png,0
59894658-97ba-4ba2-9fde-50987588f1a7.png,0
599078da-05b6-4972-a2da-461d02dc5c96.png,0
59a1ac85-63e2-427b-9f15-9321caf1c4b4.png,0
59a340f3-3567-45e5-94f4-9de2faf44a98.png,0
59a8eb0a-4b25-4b69-a280-2b4a741a6456.png,0
59ab729f-018c-4bb5-9858-befe89c74fcf.png,0
59c74e8a-eefe-4f92-85b1-87f0d1bd34ae.png,0
59fa1508-7268-49e9-8b18-1dcb958ed9dc.png,0
59fe31b6-e98e-432f-aaf0-8d0a84f1a179.png,0
59ffc415-e14b-47b2-86f1-07e41fee2846.png,0
5a038690-0bae-4007-adbe-78d5b9f4eda7.png,0
5a0710a6-1396-40ff-91a0-d5b8e38b7836.png,0
5a078e18-e578-497d-bc13-9b6a85b125d3.png,0
5a09e3da-1f9d-4cda-84e9-d8bd5818daf9.png,0
5a0d6bd1-92dc-4a45-87b4-0ddf08012a50.png,0
5a11c8c5-4d41-40c6-95b5-0999c6818d05.png,0
5a127388-ca5d-45a3-b0b5-1f925270d98c.png,0
5a29bf0b-e88c-4c2a-a793-6a84c9cb9856.png,0
5a2f8c86-f21d-4815-98a3-1bb5fa6d9f44.png,0
5a2fc23d-facb-4105-bf35-ba87ccc78eaa.png,0
5a38a30a-650e-4112-879a-fa387aae1b20.png,0
5a4ba729-d074-4991-ba3d-9247f17db955.png,0
5a4cd916-a4a4-4e7e-abf9-cc124cb692f9.png,0
5a509cb4-4e21-4af1-9b18-21679209d962.png,0
5a556acb-93d0-4f0c-82e7-dcedb1511c36.png,0
5a6172a3-2b11-4e63-a8d5-f06829735f32.png,0
5a64ea23-138d-4ef0-8286-57d32eaf3f3e.png,0
5a759599-d47f-4274-a2bf-9e2ca3ec8b25.png,0
5a7e8b9d-2461-416e-8a83-9b9ee8463564.png,0
5a8149a1-2cb3-4d75-9047-0246ee812212.png,0
5a8441c9-a4c4-4706-9763-05c20b43f5b4.png,0
5a86a100-18a7-48b1-a3ad-6c93b30b2bdf.png,0
5a89829f-6235-4a52-9e11-c98dd10e1c9d.png,0
5a9235a7-8034-4115-9c0a-9612ef02f968.png,0
5a93ff09-f116-4358-b43e-34f1b64784d5.png,0
5a9f72d0-8b1a-4daf-90fd-243b2e76efe9.png,0
5aa9d87b-8b54-42d2-b2a1-9b48f524707e.png,0
5aacd561-03e0-41da-bdb0-5834b661a126.png,0
5aace4c5-7153-4add-a1ab-b67f3fbaa199.png,0
5ab66ad0-25a2-4e41-8f40-960154a008f2.png,0
5abb604e-6aa1-4cc0-8ef0-eda7cdc047a8.png,0
5ac3eb19-45d8-4305-95b9-ffd4b181e246.png,0
5acd71c6-2de6-453c-a801-c22aa8b4f097.png,0
5ad0ce1f-5ef6-48da-a7a4-3a13a4457add.png,0
5ae077c7-0d89-49f4-b32d-626adaceada6.png,0
5aeb9a45-0897-43db-bceb-fa36b87c4a3a.png,0
5aef8439-6fc5-45c0-9e52-1524f62a69f2.png,0
5b024386-a742-47b1-8ca3-2a8629c817ef.png,0
5b05f170-1015-43dd-b546-079362ddaf6d.png,0
5b099734-76fb-41ce-bc5c-6ba9db9dd419.png,0
5b0b1342-d3fe-443d-8d18-9768811c5d7d.png,0
5b1a5e12-79d4-466e-bf9b-d3b01e483853.png,0
5b23de86-c4a5-4c55-b38f-18155a87930a.png,0
5b2e6149-2308-4f75-bf96-a0f062de13cc.png,0
5b3b6dbd-73a2-42c7-b3cd-83d811c6502d.png,0
5b45ba37-72c5-4b45-aea5-458978cd9b39.png,0
5b4dc56c-9ca2-4fed-84ac-97ded168fcfb.png,0
5b4e3c38-8b12-42ab-99fc-9b8d31f40b38.png,0
5b4f2412-5f8b-4567-bb93-bc767cb05405.png,0
5b5f544d-08a6-43c2-9543-68d0bef8e2cb.png,0
5b61df7d-385e-4338-89f3-98796a5a394e.png,0
5b7def79-7acb-436a-b46d-0337493fa33b.png,0
5b80895c-63a9-4cdc-a869-5ca00043e862.png,0
5b90be72-a9c4-4a0e-99fd-c02c6575fc29.png,0
5b9fb157-f24d-4d07-abbc-bdf3356e1b29.png,0
5ba9f6a7-9f57-40f8-9168-1bb1841e65ff.png,0
5bae90dc-76ca-4096-b3f1-f50ab396bfe9.png,0
5bb0a3ba-b725-40c9-b1b2-e518382c3c38.png,0
5bb6cb82-684b-4e51-ad4e-c70ee3a61efe.png,0
5bbd21a8-cae8-41c1-b140-fe05fcd669a6.png,0
5bcc3bbb-bdc6-4a10-97e5-7041ae36ca1e.png,0
5bcdcaca-248f-44e3-bd75-da2bee9287ef.png,0
5bd07c9a-3670-4a4e-b5be-edc6d8a3a127.png,0
5bd9fa0f-7ba4-4d01-a984-ab7e8978aa4a.png,0
5bda9372-b868-4488-8e0f-6422bbd9dcf0.png,0
5bde97e6-4788-4cd0-866b-bd2afe59e2d0.png,0
5bdfc646-1879-41ae-a445-5efa20a565b7.png,0
5be14a2d-f223-4cc1-bce7-20c941284be2.png,0
5bf17c69-014b-4ed7-acda-a7c50c93b55d.png,0
5bf4d8ea-3522-4c98-85fa-65e099ea09df.png,0
5bfa4ba1-9ea6-42c5-b44f-1a58dfe648bf.png,0
5bfbf397-39a6-44a6-8294-b0cc1c157ec5.png,0
5c015feb-cfd1-4ce2-9b95-eb9689c7eb0a.png,0
5c12d325-ff79-4773-b583-747d3e6f5cdb.png,0
5c13b232-bfd3-4121-a76f-bfb5976298f8.png,0
5c295ea5-8c62-4068-b5f0-f5ed770c3773.png,0
5c2f7b91-5a92-483e-a028-4b64e9152a06.png,0
5c31a6ea-f629-49e6-9115-11d1fbaf0780.png,0
5c357e13-cc52-4ddf-b597-d141c18ccd48.png,0
5c362c0e-dab1-4a4a-80c2-eca48c7c0dd0.png,0
5c389c6d-2abc-43a9-91e7-847f85bf6ff1.png,0
5c433812-c8db-47af-94ce-9c6ee552cf7e.png,0
5c4b0976-970f-4f53-b73a-eac330c0c7f2.png,0
5c4d70d3-589f-47a8-af27-df44b17867a6.png,0
5c66d723-37ec-47f4-a069-7cc4eabf64b5.png,0
5c726531-2a5a-4830-a0a0-00a781f9ca38.png,0
5c794c00-6e99-4ddf-a6a3-934e5ec618f6.png,0
5c83a60e-9b93-46db-b4db-9e3c7af989b0.png,0
5c88666d-566e-4b2e-a0dd-6ff1b6fe8a63.png,0
5c9343f2-083e-47e8-8ae9-4333c5e5c9f2.png,0
5c9364c7-51da-490b-82bd-e7078e9c21f2.png,0
5c943faf-3948-4549-9e2c-3761df65d97d.png,0
5ca5e850-dfb4-42fb-b5ec-e78d78a55579.png,0
5ca656f2-49b6-43d5-ade6-5be4d795b06d.png,0
5cb09dd2-2485-4bbb-af1b-10d8df848687.png,0
5cba9f5e-623a-4857-988f-e08ce086f36c.png,0
5cc3f4b6-2185-4016-98c8-704f65c568bf.png,0
5cd0fa74-fe44-40a8-9cb6-8da3f767d8c9.png,0
5cdb8693-e826-484b-81d5-ceef31c4c22b.png,0
5cdd56f1-9ad7-4b45-81e2-6f5c0a890cec.png,0
5cdfd088-5bfe-4f37-a5cc-765a54c8e2c6.png,0
5ce8fef4-4989-4be5-a28e-37aaa6430e5e.png,0
5cf7f474-7d2f-4e7e-acb4-c4d152fdb478.png,0
5cf816d7-a76c-4d46-8dac-dbf84ee028b7.png,0
5cfe2f81-5739-40a3-9ccd-417bd6378c60.png,0
5d0618b5-5483-475e-914d-a50f6d0847a4.png,0
5d09ba22-1eef-41d9-8c3e-8917a2e6c599.png,0
5d133a79-b67d-4ba1-972a-cb3dcfc725bb.png,0
5d21a43a-9be2-4489-b15c-aeb4bb682f8c.png,0
5d21cecc-051e-4ac9-aaf3-12394e3ad6ae.png,0
5d2690ea-6ad7-405c-b320-27be55889413.png,0
5d26f70c-8d1f-4a15-a618-c28ae3323c1a.png,0
5d270645-9eaf-4198-9505-8335d0095ff8.png,0
5d2ebd89-6bbf-4bf4-94d4-4297465acc78.png,0
5d35aa33-9d71-412e-88d4-5792c7fd216f.png,0
5d35ab60-51ad-43f9-ad65-2ceaa85bc682.png,0
5d35f8ef-1471-4ae3-ad30-d86316051454.png,0
5d48d9a7-f405-4b62-ab5e-ba77841a6aec.png,0
5d5585f5-3e22-417f-b106-8d2fddfdfaa3.png,0
5d5a3c1f-a816-4860-a617-8c8036149c15.png,0
5d6c55b9-000c-459a-ae15-0d3cf9d62b69.png,0
5d6c60a5-3e2c-448f-8162-141eeb27098f.png,0
5d6ea15e-c039-4843-8b7e-e66a86409587.png,0
5d6fe44e-3db0-49d6-a041-369086055e9a.png,0
5d7cd72a-a298-4b91-a67b-ec2a0354bff0.png,0
5d7d4ce4-2fcb-4101-9ba2-ea8d0d59ac35.png,0
5d7d6488-98b5-4e9e-8b6c-778f9025b5c6.png,0
5d7db043-8815-455f-b5ce-bfe012697057.png,0
5d817859-2b27-4bbf-9080-4317e83a528b.png,0
5d83e501-8180-4680-af59-6ab061822173.png,0
5d886aac-426e-454c-9092-56edd7fe1808.png,0
5d891e1c-08bc-4def-a56d-5748cbdc6d34.png,0
5d9a3bee-f9c3-4107-b021-f9f99eb55a4a.png,0
5d9a916a-ddc0-4821-948b-7a9b16e3a31a.png,0
5d9ae0aa-09ad-4271-953b-6c19749af5bc.png,0
5da79531-8d7c-4368-b82b-505e1812a5c4.png,0
5da96579-cc2c-4437-8830-4069e7da2a16.png,0
5dad8463-531e-4945-8aab-058a63127c4e.png,0
5daef1bc-54de-4ed4-82b8-a9a1dbe89266.png,0
5dbf71a5-1c10-4639-9148-f2cacbc0e462.png,0
5dc0d1ca-756d-4053-9031-ed4d97fe36aa.png,0
5dc11277-f09a-4ae7-b83a-33d5a5d13ac1.png,0
5dcb92b0-639d-48e8-b514-599263534d7d.png,0
5dcf58d0-581a-4f9f-90e3-c6004a646286.png,0
5dd07392-17c0-4b6b-b1db-4213bd37fd8e.png,0
5dd76a73-b748-45ad-ab44-248db530ae41.png,0
5ddc52ee-6bab-4bba-b5e4-18f24fac08b9.png,0
5de6b40e-b56a-4906-9878-c07eb7af498e.png,0
5df6198f-a791-49d6-8a20-900968839cd5.png,0
5e01e86a-d042-4644-a101-359fc9c8f59e.png,0
5e1e25cf-f14a-407d-af53-486d088d7e9f.png,0
5e228d25-44b7-40a2-a98a-6ee086f3c664.png,0
5e2ea4d6-82c1-45d9-8f53-680596618d06.png,0
5e2f33ad-024f-45b6-925b-692d1e3b8f45.png,0
5e2f7515-0995-4dd4-8bbe-753fbcf304b4.png,0
5e30b364-4611-422f-8020-590b184102fa.png,0
5e3a73e9-de81-4628-ac1b-4da9441b54ec.png,0
5e49cf20-ba6a-4d8a-a55d-87ac0109fe49.png,0
5e4e025c-28a8-4c86-8355-18a5895a7627.png,0
5e57fb8a-bc2f-41c3-851a-2169cbe3e324.png,0
5e5b0c0c-3df3-43d9-8a8e-530a2343bffc.png,0
5e5e1993-62b0-4413-9534-e79735ebc270.png,0
5e67cab7-41f5-4708-a6a1-37000ad8bc52.png,0
5e6e07b3-53be-4896-bb9e-0c35f0fc3409.png,0
5e6f2c90-aaec-44ef-b29c-86518b6f22a6.png,0
5e70d50b-1b44-4ae5-8c7f-f66ebda228f0.png,0
5e7119eb-01fd-4797-8125-b71320d1efd4.png,0
5e764528-946f-49df-85d5-6d0ae98a3223.png,0
5e7a197f-e287-4d83-8094-9d7eee2d1269.png,0
5e7e89b8-3c68-42de-99af-a4aa10a9e8d1.png,0
5e87c22b-dcda-4e24-aedb-113216cf5dbf.png,0
5e996c8c-cf75-4a5c-87bf-e2362c7d2c52.png,0
5e9ab5d7-c02b-40c1-9b43-bfa862722f82.png,0
5ea29371-3680-4942-bd1c-67b5d8835f79.png,0
5eaceedc-ba7d-49aa-91f4-2029dfddb831.png,0
5eaecd80-a0c5-4b3d-afda-9ca41e81976e.png,0
5eaecf07-fe6e-4503-a7d9-3b99d344d08a.png,0
5eb64dd0-4989-4a8e-85e8-693d19ff85c0.png,0
5ec0fcd3-8cdb-4982-b524-5974ef50b099.png,0
5ec1df7d-cbff-4d09-9ec0-45fb513e8015.png,0
5ec80b17-25c0-4d1b-9825-717f031d0112.png,0
5ed00eda-2913-4345-9ef8-6c74d6b2f8d2.png,0
5ed0a141-2878-44e3-983b-bc51928f7e65.png,0
5ed0beb3-655b-4d05-a0b1-671289ca1038.png,0
5ed1471a-5bed-43ca-948f-1c06b0b6de5e.png,0
5ed18df5-3701-4657-a87b-7a4481a65800.png,0
5ed4c033-fbe4-42e3-a9f5-6693be3fb2f0.png,0
5ed4e7c6-77e4-4462-ab68-e7ddfe2bad5a.png,0
5ef06067-7884-4079-80ef-24cfe392e939.png,0
5f0afe6f-1a23-48b6-9c7a-aeeba030e41a.png,0
5f1fbd07-b129-44a8-829b-32fcd98fab1a.png,0
5f21b7ba-bc55-4b8b-8cc9-bb7332e3930b.png,0
5f23a574-7ef3-436a-b8c3-438903fc68fc.png,0
5f2b98cc-a7b5-46d5-9ea8-4fa260cb998c.png,0
5f2bdba8-0539-43a9-b6ae-414a14fb444a.png,0
5f429cb7-1eb8-4819-8269-02256d91227d.png,0
5f4eb911-ad6e-46da-bc76-2029fcb9dc74.png,0
5f501a1e-4313-457e-90f7-c3fdb631ddd0.png,0
5f531888-0bcd-44fa-8acb-9f5b71609c38.png,0
5f5692b5-580b-442f-a74b-86d0cf419cc3.png,0
5f5ae465-560f-47f7-82dc-0064db0c12f8.png,0
5f616bc8-5954-42a0-b0e7-14063b036094.png,0
5f660838-c965-4463-b376-125bc785efa0.png,0
5f6f8f25-1b29-43da-9ac8-01970feb489c.png,0
5f71c85d-f8c7-4e05-89db-a61537dc3f97.png,0
5f791b1a-d6c4-422c-bac1-c8f3c9049e08.png,0
5f7a6f70-a734-47d6-97a3-aa7ede0a2af8.png,0
5f7cbe92-d4b4-456e-a38c-e2f370570e99.png,0
5f866831-9057-4be0-ae41-8164062a0a22.png,0
5f89a135-4b20-4ac9-851a-6d4a27827d25.png,0
5f93b04f-2c06-446b-90ad-92ac643ca568.png,0
5f9bfb92-2930-414a-bbeb-8f63a9c73de3.png,0
5f9d676f-13bd-4c0c-8727-14804220f54f.png,0
5fa389a4-8c9f-4971-8a87-c2fa2f668d12.png,0
5fa666d0-e617-46a3-b46b-1e7dfe13cac9.png,0
5fa8ad12-9655-4f8f-8d80-d2e598ce959e.png,0
5fabbfac-9c58-4fb1-bfee-979526adcc14.png,0
5fb80d4d-2b6d-4f26-a75f-5df4895f5779.png,0
5fbb1924-a341-43b8-89c1-c3a8ef256d66.png,0
5fc4c038-98f2-485c-b86f-63508d589cab.png,0
5fc8af1b-7ebf-4d50-bf28-005bcdf83560.png,0
5fd7477f-327b-40e8-9ce3-cb9b7dedbf45.png,0
5fe1991f-2596-4cca-bfdf-2fae8db07cf0.png,0
5fe3ceb8-babb-49be-b260-44937fae4b2f.png,0
5fecf69f-a89f-4ad9-89ef-a72e93bed642.png,0
5fee7685-a1eb-4be4-8054-e550d86f863b.png,0
5fef0c10-048f-430c-a4c6-4a38fbc4be6a.png,0
5ffbc2de-2553-4f1b-a216-6884c22fbac7.png,0
6000d1b8-1733-4617-93e3-b6a633ea0fce.png,0
600459b2-22c1-449c-b5ae-201e3f58a462.png,0
6005271d-8db9-4392-9e27-b998c6f8733f.png,0
60073261-5aca-4a8a-9036-957a5feaa35e.png,0
600846f8-21c3-4643-bb0c-d56ba57d6282.png,0
601383f6-7a06-46c1-ae17-cc09b61a8c5f.png,0
60140f62-b956-4518-ab0d-c12f201770c8.png,0
601c4ee2-9406-40ba-a855-729424022968.png,0
601dd9c6-3544-4a3b-94b7-f9b77ae19451.png,0
60228a22-9d7f-4723-a6e4-349e9d17348b.png,0
6035822d-4d60-4031-be82-d27aeea9877f.png,0
6037c658-65c3-4892-a5ae-032d0e026ce6.png,0
60494030-dacc-4c84-ad0b-8037a97963fd.png,0
604a6a95-e65c-43c4-b12d-7045ad92e54b.png,0
604be598-1827-4b2e-8a07-ad1e7ab51435.png,0
604d68d0-417b-4c20-bdb1-5a21638738e2.png,0
60503901-7daf-4af4-94ed-f5cb106b3727.png,0
60533df3-637f-4da8-955b-be149df0a192.png,0
60591229-0e49-4593-9257-25c6fa989616.png,0
6059ba53-cfad-4b39-981a-09f98ee702d1.png,0
605b591a-47f3-42c6-bf31-ef92f875c5a8.png,0
605e9bcd-d180-4b9d-aea5-03e6b9ab07d8.png,0
6064cd9b-7a9d-4374-b210-a59c506111b5.png,0
6067a125-b3e5-4723-bc09-0d502ade3894.png,0
606aba72-d0db-42d5-97e8-c40d88673dcf.png,0
606eeadf-1ee5-4ca2-96c4-cf3f94318877.png,0
6073d6f5-d5d8-4b0c-911a-9b8374dd1348.png,0
60778bb1-d073-49dd-a8c8-cfc589512ecf.png,0
607de530-cda7-4df4-9e06-9b5f1b20ad44.png,0
6083bbb8-b360-424d-af0b-c1fa67057968.png,0
608d7f22-b74c-4762-ab79-56dc49676f19.png,0
60a41f1d-7123-48f9-8d88-69141e31ae23.png,0
60ae4424-28e6-4f2e-bcb0-1d3534f314c3.png,0
60b27fa3-d9d1-48d9-9c0b-6ce08dcb76f3.png,0
60b61cb8-6ef6-49ac-85e0-d3c58996ab70.png,0
60bab750-3d16-4e10-ae2d-5f4cf93ec424.png,0
60c7d6a1-9aad-452f-9789-918056b955ad.png,0
60d42b93-cacf-43df-813c-5e1034312e7f.png,0
60d9a224-16b8-49ea-adab-ace0359c257b.png,0
60e569c0-cc9d-48b3-b554-c871e3107665.png,0
60ea902b-a46a-446b-8692-c6b803775ee1.png,0
60ec14ce-3df2-4a3c-807a-8ea26d129a2b.png,0
60eee555-e0bf-4165-a923-692642dea48f.png,0
60ef9ee9-8d6a-410b-8640-4a68710f41ef.png,0
60f25384-f542-4670-88a3-ce73277da658.png,0
60fa29d5-a531-4467-a0d3-a4a744316a62.png,0
61008b44-a7ce-4870-b8e1-4f6f5c7df4d8.png,0
6105f7e7-ba2c-4d45-866c-374dcc752523.png,0
610d9b12-14a0-4beb-894a-ce9abc88e294.png,0
611a59c3-68d4-48fd-84d9-74f67339b5e1.png,0
611a6d3a-3c10-4fe4-9bd5-af17ba537486.png,0
611aac41-d471-4689-9732-610d88abb3e7.png,0
6121d7b6-8d47-45d4-9706-bd42ae676534.png,0
6129c27a-0271-4480-ba7c-4b302c022861.png,0
613217ca-45ba-437c-97ad-0d30025ded6c.png,0
61366af6-2df8-4721-944d-ea0fdec6ed00.png,0
613c77d2-a131-4460-a1c2-0e7f3c2c948a.png,0
61474ee2-0d01-4b66-933b-11982a94b564.png,0
615aa2bd-c60b-473a-8e6f-d04f406dd034.png,0
615b878f-b17c-4453-aa71-53638e9981c8.png,0
615cf161-6097-42aa-a416-dc1dcdd3da9a.png,0
616211aa-c849-4d2f-bc4f-382f375feb27.png,0
6166a1c5-b6d2-48f5-b620-eb91ad325b15.png,0
6166c4b4-4eef-42d9-9b09-593d92af3f83.png,0
616f7796-b973-4da5-9a6d-59988640d84d.png,0
6170d315-8713-4182-80de-ab6d4a6072d1.png,0
617bd87c-99b7-4b65-bd73-2b598715ac46.png,0
617ebe95-c367-4a78-8f24-3666c095fff1.png,0
6180c3ac-645e-41c2-8705-8358b2fcb6d9.png,0
6186e217-86ef-4140-8b7f-ae056a4eaf3b.png,0
61afc92b-f81a-4466-a69e-a012943ccfd3.png,0
61afee15-8240-404d-b1a8-aa6e5581d038.png,0
61b32ca0-a2f1-40db-a18f-0bbfaed05a09.png,0
61cb0664-ccf9-4097-9cc2-c117814aa4f7.png,0
61db2fa9-6bd3-4e3b-b02f-ec2fbee8d46c.png,0
61e285d7-d121-416b-ad81-c0414ae427be.png,0
61e7eec7-449a-41f9-923c-e186ddf925cb.png,0
62069e65-26f7-4478-a825-131ed0075756.png,0
621bb38e-ec55-40c2-9a48-fed62f44cd45.png,0
6221fb68-01c4-4351-929d-6bc91175e78b.png,0
62238e78-10d5-4538-8904-a91f260c472f.png,0
6225426d-4e60-40f0-ab5a-7337c1ba5023.png,0
6225ce13-719e-43f8-a22a-ddd54107a7ff.png,0
622d6303-018b-4dcf-88b7-ac0b9e529a9f.png,0
625628c5-4c56-49a7-b2c7-b3445ac714fb.png,0
625a03ce-b725-4242-a2c2-79965f266be7.png,0
625ad952-940e-4c0c-b429-0ef0837b457e.png,0
625f584b-0262-4acd-85df-f299c9ca5e83.png,0
625f6a52-1eab-46e5-a8de-711dcc21a51a.png,0
625f8968-3135-4c81-a5a5-aa61dab240c7.png,0
6264ec94-8ba2-4e8c-8a60-78b57e02d1b3.png,0
62674d28-79d2-4166-966d-bcf789f9ae3a.png,0
626eb2ae-ca78-43fc-bbbc-5cf95bb328bb.png,0
627573e3-954c-41fb-959c-703f2ed7e92f.png,0
6281dfab-a319-4c68-adc9-6bca8c2ab25a.png,0
628bc700-14a6-496c-b555-f07625699843.png,0
629594c7-fe69-44d5-aa85-907b50661f0b.png,0
629778e6-9644-45cf-b19f-d926b1e7eb2f.png,0
629c147a-375d-4776-a230-57ef6892468f.png,0
62a1b378-446c-4584-b676-031eb3dec138.png,0
62ab9055-fa33-436a-bc86-9d38778eb765.png,0
62ba66c2-7154-4b82-af96-09feb7b91e00.png,0
62bf0065-66a7-4217-b559-fb057f62c8f4.png,0
62ceada1-7d9e-4ad4-922c-14bee84f8a0f.png,0
62cf5590-89da-4c01-ad00-b716886442c8.png,0
62d3d5b2-d4ce-49bb-83c6-d392ae60630e.png,0
62de4005-36b4-4ab4-9bf5-f72d3c11b0a7.png,0
62ec09ed-1610-4e22-91f1-dab682d5c2cc.png,0
62ee3e3c-60a6-4ec4-91c4-fb8383abc679.png,0
62efcd0b-fabd-4057-8ebf-4ea4c960ba1a.png,0
62f2828b-2d93-41f9-bcfc-7d8abd1e8899.png,0
62f2c1f0-e48d-43a3-81fb-3bd803768f74.png,0
62f3469e-538b-4eef-b0ed-3299008d36bb.png,0
63001e5c-b9ec-4df2-913a-540f18912428.png,0
6308ad78-cc49-491a-a9ac-b1c418bbcbdd.png,0
630f5987-5a5b-4844-978d-4b907c1daa8d.png,0
6315452d-0bb8-45ef-8578-084e49698755.png,0
6325a116-aefd-48b2-8ab3-f10f2e24f4b2.png,0
63286766-81ba-45ef-bfda-4fbd32fe90ad.png,0
6329639f-76d5-4528-991f-04513039105a.png,0
632df2eb-65b5-44ed-9933-44b8a91ccf8b.png,0
634dc2f2-faf9-44da-a5f2-011870025110.png,0
635058f5-90a8-46b6-8c4c-0989a3a82afb.png,0
63515470-5841-47cd-af05-d1169ac3a28a.png,0
6351aa4e-31d7-497c-912d-2b3f11b21fe7.png,0
6356caac-984a-41de-b607-97f9eb7afa30.png,0
6357baa1-71ad-47a3-ab64-42a83908db99.png,0
63583781-88e5-4ac2-b4b1-d7d8541c1a45.png,0
63590dff-7b12-4aeb-b747-6f7f7ad23f23.png,0
63621a58-5fbd-4b5f-aba6-f296528ca835.png,0
6366d2b6-c1a7-40da-998d-981aa684a7f6.png,0
63675767-7b62-48ef-b365-9411684cc5ae.png,0
636a287a-d58a-489e-94b0-0b3e886c944a.png,0
63714834-afcf-4c95-adc3-169795ddef89.png,0
63777dfc-f664-437c-ac16-eae613db1593.png,0
637c030f-e379-4db6-bde2-c2f2ad0028fa.png,0
637c0606-2cc0-4512-a9e7-9003c4af2d62.png,0
637d6326-e32f-48c0-82c9-aa1defe176a2.png,0
6389053a-63ab-4bb7-b872-85af8d988c7d.png,0
638cda92-a9c2-4523-a564-4b2c89836c5b.png,0
638d492d-3d8f-4ee1-b912-9c2896544737.png,0
63934dc0-dad5-4611-9e2e-39ff3ba51e37.png,0
6399d559-1e9d-41e1-bde4-c7a6f2370fee.png,0
639ee516-a6a1-493f-b718-bdde59f6eef6.png,0
63b85801-c49d-4912-8912-540f737db383.png,0
63c05c61-011b-4d7d-b192-c1a322d753d9.png,0
63d3424b-86ad-4379-a67f-c5e0dbb72410.png,0
63d464dd-2789-41db-8b2d-a067a02677d2.png,0
63d490bd-f6b7-4815-8213-a515525d0ee1.png,0
63d4d8a1-3747-4f00-9d64-e2f9b700b07f.png,0
63d7f897-ea58-4883-b88a-6a98e92f8a73.png,0
63ef9b68-0489-48bf-8a97-77d2c92a9c5f.png,0
63efbaf9-13bb-498d-80e1-fed27bb7506e.png,0
63f8fd6d-67cb-4cbf-9812-029156e77046.png,0
63fac8bb-6d04-4e04-b57c-2311eb376acb.png,0
63ffaa0f-b764-4d5c-8462-8935d6389bb3.png,0
6403ef2f-fb2b-434c-a605-71c4f6db41ba.png,0
6404bc57-dd68-4931-836b-8246d1e6cf14.png,0
640675db-2fbc-4aa7-be16-572a540eecf5.png,0
640ad2ae-b136-4e47-a86f-9ff3428e5ba4.png,0
64116efc-5d76-4f05-8ff9-e31583c44b43.png,0
6422ef7d-786c-4340-b789-02fe7f9675df.png,0
64236164-d6c9-415a-9e4e-05bbe20591e6.png,0
6427bf6e-689e-453e-9ad2-b39c89a0a4ba.png,0
642f783e-4581-40a3-8a25-34b7a5353f7d.png,0
6432e2ca-b521-45aa-b9ef-25761c518abf.png,0
6439bc8e-a134-4f5c-a801-e67379549322.png,0
6446256c-6afa-4a21-a57f-6231493a8495.png,0
6452c673-1a45-429a-a2ca-df17ca4ec27e.png,0
6459b139-1206-459b-8ab0-535dc5dfd94f.png,0
64618072-4f84-44db-8582-145fbc9bc868.png,0
64652174-65fb-4ce7-aaca-5ce29c7e7adc.png,0
6467764a-7c47-4e5b-b558-589878b8c369.png,0
64690a20-0381-40f3-a6ef-3491aacf35a6.png,0
646c50f2-23b4-4236-b92f-c5efb2139053.png,0
646f1dfe-7103-463f-adec-2cc4f5190e90.png,0
646f59a0-eaf9-4c33-aebc-811da54a29b8.png,0
6472ceac-1095-4b62-a0b8-8a52086e23f4.png,0
647318b9-ffbd-4f35-8deb-f570410046db.png,0
6475d34d-7984-4ed0-9603-12b74bc48efb.png,0
647974ba-117e-4159-a00e-30ef27b634c6.png,0
6479c18f-0b92-4ad5-84a0-53ed3593a2aa.png,0
647a1939-b281-4c7c-ba12-ac055793f929.png,0
647aae90-5201-4b8b-8733-835d0bd244c3.png,0
647c2b90-4ef5-477b-b60b-00bc2094eb13.png,0
6481b010-dd4c-485b-b01f-79ae3cd5b9b0.png,0
649bc416-efaa-4cb1-8751-c9652cb268fd.png,0
649ce8d0-49ba-40ee-9287-a9d5e16178a6.png,0
64b3e733-0567-4c97-b68c-3760dc45bab6.png,0
64b8ea51-056b-4fa3-a1cd-8913f49424cb.png,0
64be5fab-9938-4e79-9633-1aa4ee33ebf5.png,0
64c6e8dd-97cb-4641-9352-e36c0f9b8d02.png,0
64c8352e-95ee-40bd-86a5-799d705ab852.png,0
64d18b36-074a-409f-8a7e-7bb0103d6725.png,0
64ed913f-1663-4f8b-b9cd-b93ca14dbd0f.png,0
64ee25da-af6c-4f39-8432-20a6bfb82568.png,0
64f134d6-370e-46f5-a16e-0c9832f1eda9.png,0
64fac68e-97ad-429a-b630-a0a997e7ad23.png,0
64febd26-2c07-4e4b-a71d-e55d856ed00e.png,0
6502337c-9c85-4ce3-8d49-3a1175d426bb.png,0
65057bbb-2d6e-41d4-b6ab-65ca5ba39bcf.png,0
6507fe24-17e0-4de7-aa13-963e93c10ce9.png,0
650afcc7-26bd-4f83-b9f4-e0219d836c52.png,0
65104c2a-0b48-4c84-9cc5-706751fde2c2.png,0
65139428-111f-4e09-82a6-14fafe18cbbe.png,0
6518f095-9599-4dcb-bbba-5cc260babfef.png,0
651be07e-374b-49b9-b062-be338b0db63c.png,0
652122ac-42a4-483d-beb1-60d37753b289.png,0
65225798-dc6e-469e-8010-427accb9e41c.png,0
6523f381-773b-4b2f-96af-8969b01bdd89.png,0
65247f5b-027f-4cff-95aa-f424dfeef259.png,0
652cf0c2-fed4-407c-8bd7-94d7e8787b35.png,0
652ef311-c8c4-44c9-8d0b-2c890a97c2fa.png,0
652f37d5-445a-4700-8937-9efd52353641.png,0
6531f746-dcdc-465b-a8af-64945c4d8efc.png,0
6541f0d9-af95-4f70-8ed9-bad9b4a5a731.png,0
6542c163-7ccb-406f-8278-b27ca52ef90f.png,0
6544c049-a898-4268-857f-7e6b9edaf878.png,0
654a61e7-07a9-4cb1-855f-a21ecba6fb18.png,0
654ee294-ce1d-46e6-886a-6e59dd966da5.png,0
655b50aa-398c-4021-b661-7625acdbdbc2.png,0
655c2089-7835-4749-bbcf-283d0531158c.png,0
655ce7e9-2b01-4e06-849a-da6eb968de08.png,0
655dc462-0674-4fba-bb61-f751def14747.png,0
6560b160-0f16-45ec-bac1-d753db15fc5a.png,0
656586ac-36bb-43b7-9858-93885d5b1f07.png,0
657b1ec2-8f10-4070-bfde-db020bbdb2fe.png,0
657ca713-8f72-4a89-b6ac-a849d1c36497.png,0
6585a8f4-0489-4818-8188-f11256ff98aa.png,0
658a2896-6f1b-41b8-bf00-c737fec7c969.png,0
658da350-aa7a-4a04-b084-43a89e53259d.png,0
658e7faf-1a01-4388-ba49-2976020b81d7.png,0
658f18d3-69ea-4ee6-ace7-d179d441036a.png,0
65902ad5-4a64-4307-b87a-6eeae470d22b.png,0
65969fd4-a141-42fa-95bd-18de9cc61aca.png,0
659bf031-6a2e-44f3-b3f3-3f0a7ca168f7.png,0
659d9a24-907f-4e4f-b9bb-138cd3004dae.png,0
659ecb83-6644-41c9-847f-20edb3d63a07.png,0
65a018da-8ac3-4394-aae9-2720e36887f1.png,0
65a4fa5f-9b5f-4efd-aa8e-ceb040869990.png,0
65ae78e3-b034-42eb-8bda-e56a3390f317.png,0
65b7888b-af92-47e8-afb8-44365bb4ac8d.png,0
65baf406-5fa2-4596-a875-b3a812207328.png,0
65cce42a-a48d-4f0b-a7f1-15315afef5d2.png,0
65dc4d7e-6ac1-4e6b-8604-287aaf7cb1e5.png,0
65ed716d-a973-4f53-b84a-6b54ac0cd56a.png,0
65ee68ec-bee2-446e-8aa7-171ee0bef2c0.png,0
65f28631-191a-4882-85b5-11cd65efb19b.png,0
65ffbc68-367f-469a-9246-9277b57bd615.png,0
660ede33-6ea2-4c03-803a-85748aaa7222.png,0
661727c8-2d04-4420-94e3-501313a21296.png,0
66184e1e-d09c-4cfc-9ff7-5b892566f140.png,0
661d6964-432d-4663-a070-70b24702dbb1.png,0
661f42bd-2094-45f6-b106-9461968fdfc4.png,0
6629a45f-b1e4-4be1-844b-15371e8b5a79.png,0
662d54de-2252-49f8-89e2-54b3836a6def.png,0
6635be9a-ebe6-4c2c-953d-2ef1f8d65df1.png,0
663773a4-0f1a-44ba-a6f3-aa0db834de5a.png,0
6645c3fb-931b-4f97-a9b5-045f2ad438f5.png,0
66474484-30f7-4f06-a0e6-d02580f99915.png,0
6649dac8-44f1-4600-9d9c-f0bb55e6f874.png,0
6651fcff-b4af-4ab7-8c41-56ddeb931d9e.png,0
665e7a60-ea5f-4571-8fa4-135103173c81.png,0
666a08b6-a4e2-4dc0-ad8d-122d609e6188.png,0
666c91a0-ebe2-4487-891b-8105e902ede0.png,0
666f9f95-9c84-4065-a828-3a02f60e175b.png,0
668c7bea-ca06-4131-9567-33078f889aa0.png,0
6698a813-373d-4d2a-9ecb-89ced5d2c1f8.png,0
669a8626-fdb4-4778-b51a-e58817d77545.png,0
669ae596-b72a-4acf-bd63-2aa25513017f.png,0
66a526d9-96b0-4b98-89db-1c0c9eba59f7.png,0
66a922c2-85e1-4f64-9e1c-e53b0a851bbf.png,0
66aa8f78-13e3-4e42-94a2-75e41d43f7f6.png,0
66ab312c-f347-4ab2-82fd-556340d73589.png,0
66ab97fc-4b26-454e-8e09-e06e1c2eb74b.png,0
66b1b408-1ce8-44d6-85ef-052e692d313c.png,0
66ba8805-6b82-4cf7-9cd7-3e3916ca87df.png,0
66c6ee2e-717e-4ca1-8069-0d0987d53fa4.png,0
66d93c4a-65f9-434d-977d-fed708e2ebf3.png,0
66e1239c-bcdc-4787-98e5-73ee2421add5.png,0
66e24a72-93f7-4eb9-8061-fea04f27802b.png,0
66e6bf74-56ac-4dc5-86a8-9fd51ddb4446.png,0
66f1c67a-5e4b-4004-951a-59fa33c38552.png,0
66f41434-28aa-48e7-aa51-261822590986.png,0
66f58805-60f8-4e89-b99c-dd060a33bb86.png,0
66f64de8-cacd-47b9-a47f-37b5a612bdd5.png,0
66ff514e-220e-4acd-97d7-1336a53feecd.png,0
66fff5c7-b6f3-4791-8759-f953f371790e.png,0
670758b6-74fd-4b1e-8307-45f114e73002.png,0
670fe5a1-c998-46bb-83c0-e1925c6b3c71.png,0
6712b830-bb81-4536-8145-3ec571b860bf.png,0
6713f9e4-1a57-414d-b19f-ddabcf32b9c1.png,0
672a7b2f-f672-46c5-b876-bad17cd8a567.png,0
67305076-ddff-44df-9682-9af7203dd20a.png,0
6733e222-411a-4703-98fe-9c147ef562b7.png,0
673af04c-9370-4356-a97d-32f6bb128230.png,0
673f1dcd-acfc-40c1-a85a-cc080af094b6.png,0
67580792-919e-40f8-bcb4-9b869731feeb.png,0
67604c51-1e73-41b3-b268-d136308d7f60.png,0
6763be21-4c3d-4f0a-a40b-27d2b79d4e50.png,0
6769d4a8-086d-42cf-b9e6-f499d5877a1e.png,0
677104bc-647f-4bad-9a5e-2aafe5ccd847.png,0
67723646-17d0-4316-a1d5-3008df3d2918.png,0
677b6db0-31ab-47d4-bb96-5cd301c8f6ac.png,0
67a495f5-4a1c-4176-9562-2657a7790eed.png,0
67af68f7-7ba0-49a0-a373-3a8801eb0faa.png,0
67bb2550-c8eb-405c-a96c-7e820dd247de.png,0
67bda6e9-0606-4653-ba20-5f48fa5e5b19.png,0
67bde75b-1e5b-4697-a639-786524a36306.png,0
67c4416b-89e7-40fd-a1a9-3155979fcf6b.png,0
67c8fe1f-1823-4ccb-adae-f87ea3193425.png,0
67d27fb3-23c8-44b7-aec5-ed80e9bf6a71.png,0
67d3546a-7f3c-498a-9fca-d111b04315b9.png,0
67d72432-8ea3-448c-943c-54d63a10701f.png,0
67e6db21-bb11-42e2-ae31-e11ac0596d1a.png,0
67ec68b0-a5ea-4744-83b8-8a8f6a770288.png,0
67ee3f8f-2619-4800-bedf-15794758d155.png,0
6800dc93-099c-48b3-8554-e934626de338.png,0
68037c3e-87f2-427e-816b-da837754a1e7.png,0
6809dbcb-6f77-46de-beef-b9bb6fa06224.png,0
680fac3f-966d-4c7d-a188-a0cc14f735b9.png,0
68108123-8750-455d-ba82-667373a00be5.png,0
6810c44b-d6a4-4542-8f6a-9555fef9639d.png,0
6816df4d-583e-43ed-a1c0-9353a4059f7b.png,0
682449f6-f723-4460-8bb4-03d027449e8f.png,0
68273c6b-603d-4d1d-b122-8b30d3a15d3a.png,0
6831fdb0-41b6-4171-ad98-7487f0a8fd5b.png,0
6833b49a-ee76-46ec-b620-cda72affbd4d.png,0
6834d1a8-c667-4a5e-ac40-a8be0752d32b.png,0
6838d485-1670-4082-a4a0-4b111de8d069.png,0
6846602c-6267-4769-8bb9-1d3695d81482.png,0
68502c9f-dc74-430c-a839-4625710a62b9.png,0
6850e324-6105-4e8e-961e-6ae2f5e71e66.png,0
68644ae1-22cf-4237-b7af-85d66df34672.png,0
686b3071-ceee-45c2-ad48-f091f4f5db78.png,0
6872208c-5e92-4a4d-873a-13b1bd23daba.png,0
6876208f-f19f-45a4-aa5f-4efe3d542d20.png,0
688315e5-6846-488a-90de-6ac0655149a4.png,0
68966e26-b5c0-42f7-92de-a2ccfc112740.png,0
689c8c47-1017-4515-b718-be1162fe746a.png,0
68a9e76e-34d5-45fc-9d39-d20c2a52eaa1.png,0
68c02c6c-8426-4a07-ab77-7217078a6e6a.png,0
68c13574-a0dc-49e3-8004-923f0b2d278f.png,0
68c36cca-65a3-451b-9e47-4fda245588bc.png,0
68c51c0c-777a-4e8a-9543-7f6a6101e6c9.png,0
68c87e83-8ab6-412a-b0bb-25b4e1d1e678.png,0
68d9ff29-877f-4d6f-af4c-c831c7c72966.png,0
68ef7ecf-d546-4b59-9912-effce9cdee65.png,0
68f017b0-5e1a-4426-8214-22cce023f87f.png,0
68f5af12-3276-404c-8b82-97e4945575dd.png,0
68f63380-e0f5-4797-bc2c-0aed51888125.png,0
68f722e5-6b7c-44f9-9224-079cc00a62b9.png,0
68fb70d8-304f-40a9-ac88-0d3103591093.png,0
68fdc6d0-bec2-4ef5-be57-21a825e1d873.png,0
69013279-6abe-4b57-aad1-fdad60abcf8b.png,0
6906cdfa-c8bc-4e34-99d2-cd71019a2a19.png,0
690f5a12-56f5-4fd5-8155-eedf06f18fc7.png,0
69145580-38bd-4aa6-8ca9-0efe12d787c6.png,0
6927a615-8ec4-4219-aa92-e368d628cb2e.png,0
69285af2-863d-44ad-80fe-3ecadc128775.png,0
692a79a2-5d94-4f0b-8b30-e7f8b21e45a1.png,0
69316024-89de-4120-9c51-517130bf56d0.png,0
6932c7f9-5e3c-45ad-a8cc-b62069803150.png,0
69333c71-1675-48fa-a1d7-5a7d122293f4.png,0
69399256-522e-4404-a4ff-67f49c711f8e.png,0
693bfe22-dff4-4f4c-9ade-09dcb1babbb6.png,0
69500ba5-3cd3-4895-96f1-754605e70224.png,0
6956f62c-9557-4de4-bc3a-218c2ba2cd1c.png,0
6959d16a-58f0-4866-b7e0-a26263a7ca8b.png,0
695abc42-9fce-40ed-beac-aed5f0d3cfb4.png,0
695d57d2-fae3-471c-a0cb-a5950b25dc5a.png,0
695fead2-dfc7-4431-a9b7-b82ea46c812c.png,0
696ce288-318a-4d4e-988b-7fcdb4b0900b.png,0
696d2103-48d4-4675-8d17-d225f717eb9d.png,0
69731835-c6c3-4208-8335-858f19214f1e.png,0
69810cef-52dc-4ce8-8b49-f7e9a271f0bf.png,0
6981c52a-f3b4-4927-a733-82597d09d2d5.png,0
6986d39a-4bb8-42f1-84ce-51273becda79.png,0
6987c71c-07ed-40e2-99e8-bf75fd78523a.png,0
698978d8-6d98-4221-a335-697bcee29e62.png,0
69897cf1-8690-47ea-a6ed-1853a52e9684.png,0
698aa83a-eef7-433f-a4bd-16b359967d93.png,0
698e0d36-b52f-41d2-a65a-b42bbcf67b2a.png,0
698e5eb6-508a-464c-a93c-c6e525c55b71.png,0
6994fbce-49a6-4a03-9acb-bfb97be75106.png,0
69988cdb-ff26-4cac-8c7a-6a814d8b58dd.png,0
699e4f22-4860-407b-a380-61ed56827fa5.png,0
69a6dd33-abbc-46f1-87e0-7b2a5a25bc2d.png,0
69a9b1fd-3ad7-4bb2-b6a3-7540fdc34b96.png,0
69ac60a6-c585-42c1-88f7-7936580f8c52.png,0
69affe5b-c780-4488-8e0b-4de2e1c014d5.png,0
69bbcad8-1da6-4a69-a771-3c73e71c888a.png,0
69c17251-a10f-45a6-9603-3ab0cee52d2a.png,0
69c648f7-ef97-4c82-9587-4e0af5a0d44a.png,0
69d59bc1-1925-4149-a138-217606d1a41f.png,0
69df60a0-cb3d-4da5-9a3b-9d8c36e2c113.png,0
69e0c05a-89e0-4b26-9628-7276cf4c18d8.png,0
69e20212-750e-482f-9ad0-1aed2911fa50.png,0
69e38864-ac4e-4475-b29c-b48462d16b35.png,0
69e6daf2-a1df-432e-b45c-fd11f49d2fa5.png,0
69f347b2-780b-4f70-af6c-d8f664dff9a2.png,0
69f67e49-d9f3-4763-b2cb-db657f1d0a58.png,0
69faa480-4581-4dce-bb9d-29eb9a29b96d.png,0
6a0c1538-4b7c-4149-9a4a-60b79d8e1284.png,0
6a22b1a8-9a9e-4290-b042-fde131853cdf.png,0
6a250116-64e3-4f3a-8432-850e06a33c9d.png,0
6a2cac4c-5519-4411-a401-56db23231008.png,0
6a2e71ca-55a4-4b9e-ae97-a47a070fc89d.png,0
6a32bc6d-aa3d-4579-82ab-11f7a996e37f.png,0
6a35c51e-1d5b-4a08-b863-071916d08d79.png,0
6a36436b-362d-4416-891f-7181b769626d.png,0
6a3741d1-7427-42d4-b29d-401d659b5d0b.png,0
6a37b9f8-d542-4c2d-aa3f-a81104df4bc4.png,0
6a3a3e2d-6b76-44b0-8426-cd1fdccd2a71.png,0
6a3cc523-6894-44ea-a803-1288c91a6e22.png,0
6a45ca02-9492-44bb-9505-57e8db7a651e.png,0
6a564802-a75c-4a40-957b-110303263bf7.png,0
6a5d183e-915d-4493-980a-84e0a3810bc4.png,0
6a5eeedb-f8f8-4c18-88ce-e392a91270f7.png,0
6a61fbb1-d1cd-4e02-a616-5340291556b4.png,0
6a6a1253-1b0b-49d2-ac38-f5823de76c9a.png,0
6a6cb2f1-eb9f-494e-b927-f4307af57060.png,0
6a6d8bb5-cfbc-4e3f-a812-9765fe83d72f.png,0
6a6ed2c5-d179-4c19-aac7-0d70eb87e024.png,0
6a7238bd-db2b-4a24-92a3-e6fc3ab076d7.png,0
6a7a97ff-abfe-45ce-b809-09baefa9ea97.png,0
6a7acdbb-4911-46be-a0ef-b550a26961db.png,0
6a7b02fb-8a10-4cbc-9cea-4249ad46f768.png,0
6a7dffc3-feed-4369-ac37-e52856040f31.png,0
6a80b4e3-1cc8-434d-9d5c-52b8a455b941.png,0
6a8394ce-788f-45eb-9b3e-d49935f2d673.png,0
6a87f637-edc6-4ba4-99a3-65ad4de67f71.png,0
6a8a2a9b-b22e-471a-8b90-3c5f6496cee6.png,0
6a8b9eb8-d466-4470-9331-a28f17222877.png,0
6a907003-0d6f-441d-b7f0-144eef2b4691.png,0
6a92e6d2-4f77-4da3-8e3e-dda339b9838a.png,0
6a995872-bb24-4b80-b256-770f6de7a05b.png,0
6a9eeb3f-54e8-4acc-b30a-026684451e62.png,0
6aa019d7-8e9c-4dba-8621-fdad4efa4f2e.png,0
6ab06145-ec4e-4bde-807a-82d5cf56289b.png,0
6ab2592e-7156-4310-8d18-e871f03f5ec3.png,0
6ab9618a-7d03-432f-8874-8596de1bfe26.png,0
6ab9ec0e-4f92-40c5-80d8-10d1255ee538.png,0
6aba46dc-7658-4f06-9711-b8e17f582c1c.png,0
6ac9716b-2538-4351-b465-7a64d3211518.png,0
6accf9c4-1818-4ade-9cba-5c7d58be3978.png,0
6ad0b1b1-255b-4c39-8950-f3ce7f9440d5.png,0
6adaad70-4f68-478b-b489-6824830a7688.png,0
6adca7eb-bf40-4139-9939-32f74eb64cff.png,0
6aec6632-3c25-4a22-bcdb-94f589a77653.png,0
6aef6ac2-01b9-4742-ad26-429cc9577a1f.png,0
6af3135b-3425-4781-bc7c-4afb28495d69.png,0
6afbb201-ccbb-445f-b3f1-18bc1665f279.png,0
6b0a1495-7a38-4de5-8e72-83fcfcaa678b.png,0
6b2068dd-218e-4516-a045-2f6b9a1c4752.png,0
6b32fb01-46ea-465d-a0aa-21fa8583b230.png,0
6b34ebbb-9d4b-4227-9bfe-86fd9735f786.png,0
6b36b729-a050-42b7-afdf-47aefddd81c1.png,0
6b4bdb62-26f2-49c3-8177-7b9081b007df.png,0
6b4e7901-d264-4bb6-bd46-25f4899ee16f.png,0
6b503345-c6ac-43ec-bfa7-6142a857cd19.png,0
6b518eee-7f67-4253-a9a1-dbea7ab9539b.png,0
6b52ae14-6d64-4c04-9d13-8cdb8da3b642.png,0
6b55c834-97d8-4d7f-b371-e8f71d4ad0f0.png,0
6b58d363-12fd-4194-81e2-d1637d678793.png,0
6b5b8cfc-d9c1-4e7a-9808-648833c2a41d.png,0
6b6e92df-63fb-407d-9b69-e2de8ff1dcb8.png,0
6b731342-293f-495a-b341-e4ccc0e717fd.png,0
6b78d3dc-4db6-4ab9-9e7b-2d91dff9c4c2.png,0
6b80c461-49ac-4e42-af05-bbc7fcb1e0ad.png,0
6b83a374-ede5-42b3-82a7-f72d3bf9247a.png,0
6b86453b-f659-484a-85bf-fb696998691d.png,0
6b8fc53f-1bcc-43a7-bf36-410011feca4b.png,0
6b98cb48-d6f6-4854-921f-1be1a3b85401.png,0
6bb46467-c871-404f-b0b3-c5d5c2653a7a.png,0
6bb94c68-5f56-4709-bbc6-dd3e6254df60.png,0
6bbaf85d-e321-4e84-9524-4859004a661c.png,0
6bbdbd28-5cd5-4f79-9128-b40e9e5d1fd5.png,0
6bc8aad2-30ea-4daf-94cb-4b65c6e8d0c2.png,0
6bd0ab39-ea0b-443b-add0-511d8b4028dd.png,0
6bd8df92-b0bd-4079-9134-cf264d54baa4.png,0
6bd9c267-22f0-4972-aa4e-76eb6884cd7f.png,0
6bdde7fd-1ec2-4ae0-9f50-43d2f072bd72.png,0
6bde463a-d52c-4730-9833-091fc1fef528.png,0
6be9c747-a96b-4c54-a8a8-62483c92dd97.png,0
6bf26f0a-245a-43f3-b9df-c6cb07c4dce8.png,0
6bf2fed4-9988-4a06-8cfe-c10ff4576fb1.png,0
6bf4ea67-9a7d-4839-beac-b3541ad31826.png,0
6bf72a31-d934-44e5-814c-36215526f1e9.png,0
6c0db351-5354-4a88-915a-2952ed2b2690.png,0
6c0f76cf-7709-40b8-a550-11583dbfad52.png,0
6c14a983-030d-4c0a-9f95-d5816eb39f10.png,0
6c14d1da-5519-4205-a97a-79950670c257.png,0
6c189f10-3da5-4b67-9bc6-51dcf05d4a4a.png,0
6c1c7f04-a78e-40f5-836c-4f41d4b300b1.png,0
6c2cf7d6-4e1d-4846-9658-089f74d2cfbc.png,0
6c2e6196-3892-4998-9005-d509d7ac1ef1.png,0
6c337dd4-fa9f-49c8-8df6-dbeca66376e2.png,0
6c3fd3b4-399f-4c21-ae3f-aeadf589962a.png,0
6c43dfcc-13ea-41d1-8d6d-9b872969140c.png,0
6c4c47b3-ef67-4403-bdbc-9193f5435996.png,0
6c5594c3-eb22-4efb-b4fa-05e3c1bb2665.png,0
6c56a5f0-decc-4ab5-a119-8bc50e828a7e.png,0
6c5e2db1-24fc-4788-b18c-6becb35705ed.png,0
6c64fe3d-2ee7-4c33-80f1-7860773428e5.png,0
6c685c7d-2d48-4791-ba79-21136b30347b.png,0
6c7f1aae-7eda-4a03-9b3c-9bfd17ac953c.png,0
6c814e6f-9407-43e6-985a-3ad5646bc477.png,0
6c8351d5-287a-4b68-a5b6-dcdb1ec8ea3c.png,0
6c85088d-fb54-4a14-bed4-1f328274482d.png,0
6c90b38e-795a-4a29-960a-20a5d86c7725.png,0
6c916756-059c-4001-bb3a-8c1ac7c9a062.png,0
6ca2313e-ff26-430d-aa93-140fca952ab4.png,0
6ca248a9-07f4-47c0-9755-cd533eb7f401.png,0
6ca5f98a-0f08-4375-b286-247da769ec05.png,0
6caa9d84-36c3-48b5-9170-adb736c53e5c.png,0
6cae5af4-d7b9-4a62-ae00-51c10748e672.png,0
6cbc978a-50ee-46b4-b0b7-5201b50d19b5.png,0
6cceaf55-c53d-4732-9436-85db3e219a62.png,0
6cd06a0e-f49a-443e-b616-1808561347a3.png,0
6cdd079b-2995-47a2-b440-8d89b141afc0.png,0
6cdfa366-85ba-4bb5-a621-87712ae47c32.png,0
6ce2244e-e4ad-495f-9779-8c5cfd824199.png,0
6d12a702-5d01-4e7e-8c58-d39eacc3dfce.png,0
6d25fc2c-d0b3-4b4b-850f-dea71042576a.png,0
6d274599-5c97-4cbb-8e91-c8a60bcd0d21.png,0
6d434242-2856-476f-8b14-f8ddb2cfd858.png,0
6d4b3db8-f4ff-427a-a947-d7ec1c1e94b8.png,0
6d4f6f7f-b446-47cc-96bb-024105e4a064.png,0
6d52870d-72f5-454a-98dd-07036177d74f.png,0
6d567876-497d-4d69-b558-bbc31d9bf5a4.png,0
6d58e2bb-d792-48e1-b034-d9a304c94c99.png,0
6d5dd0d3-ca66-43ca-b4bf-46784adcce2c.png,0
6d631a71-9364-4e18-b6c0-ea6269812a62.png,0
6d662191-3763-416d-a8c4-f4e5c910199a.png,0
6d6d115a-6cb2-4653-b446-8c425ba035b7.png,0
6d7eeaa9-f060-4fc2-ae1d-f4dd1476fee9.png,0
6d92b74d-4fea-418a-8e02-1e430331e99c.png,0
6d980149-cb04-4840-9260-f076f5151485.png,0
6da17ab4-024f-4498-9f3a-4da5f1f7f09a.png,0
6db9b51e-72d8-4511-b113-fa0ef0387fe3.png,0
6db9f53d-bff4-401b-b876-7965db9c0b31.png,0
6dbdb308-a3d0-49f2-a01c-85cf4cae3ef3.png,0
6dce4fb8-2166-4f50-be8a-8610eab74026.png,0
6dd191db-fa69-4197-ac72-943f4795170f.png,0
6dd263bd-74fb-4230-be18-aad7294aebb9.png,0
6de2cc0e-1591-4974-9bed-9cb29727753b.png,0
6df98c27-9d92-44de-a408-b67f5570add2.png,0
6dfd2625-34ab-4bd8-8de9-4fdb1d261bde.png,0
6dfdf6eb-a00d-427d-914b-281b4ef39dd3.png,0
6e015f51-cbba-4e22-b0d4-41f7ad839e4b.png,0
6e0a4d03-07dd-4e0e-b8d4-9b4998500a70.png,0
6e0ac228-0e49-4dd6-b5b1-bfd376b35365.png,0
6e0f6f55-effa-4743-a858-6f2f2e1f4ec0.png,0
6e101be3-5cb0-4109-941a-56730bbc5ca9.png,0
6e108fd0-3d57-4c27-a7ab-16d9de2b4c70.png,0
6e1764e6-6915-42d5-a893-e29a2fe69b30.png,0
6e1f5ce5-a624-4d13-9088-1d769440599a.png,0
6e2cd79b-018b-46e4-a3a5-2e2c916543c6.png,0
6e318106-e492-45f7-9393-dd642359f08f.png,0
6e439b29-4d6a-4642-87d5-bd3667789ec7.png,0
6e51d60e-f6de-4f34-9534-ccc085e41f53.png,0
6e538816-5eee-4d6d-9b7e-49f24a9653b5.png,0
6e5d698f-5846-4187-9d51-fc336a908839.png,0
6e65ae6d-b2a2-4a2a-9890-2c7b2edd2eb2.png,0
6e6acd52-ef8b-4b63-bd97-8da795cc0233.png,0
6e94ef7a-a4c1-46b5-8fed-efe23d8ad9e6.png,0
6e9b0b41-9ad1-4ce0-97d9-263e50f57ade.png,0
6e9ba3d1-a0ff-4847-a865-5c649f319aa2.png,0
6e9f7191-8b42-4836-a419-8bf369715667.png,0
6ea6aa16-943d-4351-bbe6-5fee3724c70d.png,0
6ea74233-1db3-42a2-ae50-e939c35fb1f6.png,0
6eb6709e-9031-41a1-a033-fdecda741b96.png,0
6eb8ad82-c8a2-42dd-9d02-f11c8544d7a7.png,0
6ec5234f-bd4b-486e-9669-fcda3d3234ba.png,0
6eccb545-b994-4a75-b8ca-2001623d6bab.png,0
6ed8dc66-bac5-48ae-bf74-90813b27a35f.png,0
6ee10bf9-cac5-49bb-b631-72897466703c.png,0
6ee36094-a2aa-4c0c-a6ae-94db8bda4cfd.png,0
6ee47648-1f4a-4d1f-8688-8315d9e71212.png,0
6ee4e2ca-87f4-4685-aeae-283b69512e90.png,0
6eef0ab9-47c0-4b01-bd5d-7caa17593e87.png,0
6ef86ecb-cc66-4b49-92bd-503b08de6e86.png,0
6f1d3c0f-0119-4a49-8bc2-343b95b110e7.png,0
6f27fe76-2a4b-4679-8381-664160325373.png,0
6f2fa03b-7a04-4795-b927-bf0d32b24f73.png,0
6f3ee2c1-3491-4e1e-890f-ffab242b68a7.png,0
6f41f78b-66db-40eb-b657-e07470a50d24.png,0
6f4378d6-f017-45ed-91cd-b28f579506ba.png,0
6f50bef2-f849-42c1-8e00-d3003b9ced67.png,0
6f5144a4-1998-4b7d-b767-e666a2e4d3c6.png,0
6f6eea6d-aeca-48ad-a730-ba52981111cd.png,0
6f84e6cf-b9ee-43d2-ab56-eae54adbcb88.png,0
6f869ebd-15ca-4d46-89b1-0c0a3d367124.png,0
6f8993fa-41d4-4145-b85a-7c2b4c82f4d9.png,0
6f9f12b8-533d-40f0-b685-1cdf8a6854e5.png,0
6f9f42cc-9f66-407f-ad89-69ee94a47558.png,0
6f9f6941-46d9-4c16-8c5a-e2a6de1de7e4.png,0
6fa98716-9ba4-479d-bd41-332cafed8a05.png,0
6fb0791a-7bf5-4a8b-9bc2-dd539b6de2db.png,0
6fcc74a3-2249-4f73-b635-b8032192fc26.png,0
6fcf6a3a-dd47-4a67-9bea-c670f1d94acc.png,0
6fd07235-5c53-4a43-a720-6cea0b36eb59.png,0
6fd5262a-db7f-43b9-b29d-cfba322b8ba1.png,0
6fd86b1c-6b2b-437e-b3ec-b36f380499c5.png,0
6fdc7f46-9466-4a4b-b9ce-46db674cfb34.png,0
6fdfe34b-f264-4bec-8669-b19786a1a6e8.png,0
6ff5278b-71a0-4856-9f84-33f33bb8c471.png,0
700020e7-8847-4635-8787-b2c374b2e17a.png,0
700a6dd6-7d20-4796-aa58-b4a9dafd6472.png,0
700dda66-d2a5-4898-8f6e-78ef63cbd2a3.png,0
7012bc84-d176-4982-99f7-865c67343e21.png,0
701a43dd-cdd4-44be-a41b-cb28b921366c.png,0
70424f6d-6b1c-475c-b735-4e368f0c8abd.png,0
7042cff6-19c1-4a6f-8c59-066c268cb8ff.png,0
7044509a-4563-4f05-809c-8a1b54edc238.png,0
704ba680-a645-4268-858b-558e086724c0.png,0
7056b1e7-5787-4d5c-9a50-8f61fb544e52.png,0
7066078d-0568-4411-b20a-09d0c9a87ffd.png,0
7089e4a3-2938-4e40-ae57-36e72e8a92c6.png,0
70923e9a-cabe-4d97-bfd5-542f5a78bb01.png,0
70b6a2e6-77aa-4678-a3df-901dc49394a5.png,0
70c08cfa-8262-49e0-b965-f74b7f52daf1.png,0
70cb2306-fffb-4c0d-8385-3da27552f6f7.png,0
70cc15b4-37b2-4d2b-90ee-bdc3153cc0d5.png,0
70e0719d-3ab0-4e00-8cb7-e8d85ef6df4d.png,0
70e095f4-26ea-4e9d-8589-93c389186d50.png,0
70f0205c-dd20-4caf-8d3b-b2f8354d1e0b.png,0
70fa8756-5de7-4c3e-86ff-3664c9016364.png,0
70fd3f0c-f79f-4cbd-893f-c1d6b80b7af7.png,0
71043372-1241-4da3-a470-e0e7585f668c.png,0
710f5df1-dab1-4e25-8c25-b5a642424c1b.png,0
71190258-9a12-4da9-b266-fc1ea2f59b71.png,0
7123c0f8-b37f-4172-ae51-a32486ee3fae.png,0
71335a57-2671-4ed6-9a0b-291915031efe.png,0
71467d8c-7769-482a-b674-2edd74f4b4c1.png,0
714b86b6-779c-474e-88f2-060715186706.png,0
7150bb39-42ce-4f4e-b46e-79fee604ccd1.png,0
7159b3eb-65a4-4ca9-aa67-106abcb09220.png,0
71600687-9cd9-42ad-b7a5-74e7d25790c5.png,0
71639ce3-3715-4e4d-8bef-3df8bb5c6770.png,0
71864474-2cba-48f0-8332-003f70bbb9ec.png,0
719683e3-b737-483e-a2e6-833083280187.png,0
71a17ca6-5e02-41af-9768-6b70349ddd1b.png,0
71a4ce50-744f-49f2-8e17-6f39946b44f5.png,0
71a7ea29-d36f-4d9d-adaa-505c4618da0a.png,0
71b09f7a-7ef5-4723-841f-eef8725e7688.png,0
71b0ce4b-d1dc-4e08-9e22-be77adec71c1.png,0
71bc1722-acfb-4c2d-a774-eded24a34f9b.png,0
71c26956-e098-4026-87a3-11426728094a.png,0
71c7c71c-a316-451f-ac99-dc6e16d392e2.png,0
71ccfd03-96b3-45a5-92ec-bb4fc239a20c.png,0
71ced5fc-e588-4536-b79a-011e99a7e524.png,0
71da3b1e-803b-4d2b-a157-25482a4e2166.png,0
71e3ebac-7d73-4728-b23d-a7c0742ecdec.png,0
7211cf02-869d-48f9-a79d-108fc6da2599.png,0
7213e146-4efd-40e6-ab88-a9e7a9c8c25c.png,0
7215f3e0-f549-43f2-8fb7-9202b133d142.png,0
721ca9d9-ef3e-4fda-84c3-bd9f7a7645aa.png,0
722816d0-3d58-4fbc-8e0f-a2ef699efbc6.png,0
722cca4a-f542-47ba-be14-29238c1124e1.png,0
7237e36e-e4bc-4d5d-8497-e891cecac5c9.png,0
723c5cd8-8666-4335-9420-0c59a10aaf73.png,0
7251ea5b-92d5-4474-8f1c-462c204923bf.png,0
7252d75d-6ac8-4220-a108-5406de4a6b22.png,0
7257e3de-ff3d-4b37-9450-937abfae06dd.png,0
7259b733-6e40-41ec-8993-a0400b72a972.png,0
72680dbd-6106-4852-b544-2e2ad16b5dcc.png,0
72692f34-7a4b-4252-80fb-9d77b6288a47.png,0
726bccda-f651-4daa-a681-4307ae71d809.png,0
72733084-9875-4bdc-b598-1369472f5874.png,0
7274924e-9403-49d5-aa12-df4b50b66deb.png,0
7279ebda-2162-4459-b48b-a9257f9bceb9.png,0
727dc837-fd38-427b-bf25-9c24b0476bcb.png,0
7281c876-beb7-4371-bbb4-4269bd00f767.png,0
72888864-3b3e-4320-992c-1611352ce311.png,0
728c8191-5ed6-40e1-80b5-a15fb3bc8eb2.png,0
72958adc-e186-4905-9017-d941681a250e.png,0
729820a4-6f1a-4071-8793-1db3d782dd27.png,0
72a3eb20-c10f-46ae-bcad-b9f6e3710d8a.png,0
72a5d9ae-5195-446b-8ca4-42958f92a491.png,0
72ae200d-3259-430f-80e7-7126da98a255.png,0
72d28c44-44e7-434b-9ad2-ecf45a3441d6.png,0
72f231ee-1380-4b0e-b887-cefe4b6179c3.png,0
72f588ad-c511-48ca-adc8-0f052154362c.png,0
72fbc26e-3b3e-4a16-b10b-b84bd09790ff.png,0
7302c30c-affe-4484-90bc-5f9f4821d2e1.png,0
7306d9f8-2cb2-4864-bee8-6d0d3e5de27d.png,0
7307072e-18a7-4a88-a45e-44702e1b63ee.png,0
730bc1b9-fcbe-4475-8bca-55368d973534.png,0
730c277f-3c1f-43b9-9464-f42454e400e8.png,0
731074a1-40f5-43cf-ad03-8c69bfbc1636.png,0
73114e87-0b3b-48bd-9c9d-94c92c488997.png,0
73176c86-28cb-425b-9744-27b76446aabf.png,0
731bc722-4bd2-4d18-91c0-e9adfcfffa98.png,0
732ec3fc-bba1-4127-a8b1-585683c9586d.png,0
732f0a61-1553-4fb2-8e00-31d5802708ce.png,0
734b6ebc-cfeb-4e1e-b209-7183e6037289.png,0
734d657a-1013-497d-8462-c2ed741466dd.png,0
7351c984-3f01-438f-bc30-85b3a74401bb.png,0
7354ff46-3089-4ca6-8249-b0bb9efc9381.png,0
736d6bb1-8a77-40f6-a229-120d8a6263a2.png,0
736e91c8-8c30-40b2-a042-50883a77d101.png,0
738705eb-6964-4542-b9ec-009ef849822e.png,0
739597a4-836a-4591-8ef2-f912a5822a44.png,0
73a53464-7183-4a5e-ba1d-f2c014d1511a.png,0
73a59a79-acad-42c5-8b91-b22ff7939cbb.png,0
73ace93d-59b5-4895-91d7-cbe632e3a024.png,0
73ad70a9-4028-4129-8faa-d98afcfb74a4.png,0
73bf15b5-58dd-4aa2-974f-2749e0a5fd92.png,0
73c48214-24be-4f07-9d5b-f3774de98ddb.png,0
73c536ff-9071-44d0-8b4e-1445ad87894b.png,0
73c83dfb-5e65-4dd5-a5e1-58372c922259.png,0
73d64de8-56f7-4c50-a08b-0cc5b2031196.png,0
73f20de7-2234-406e-be6a-9ab82c6f068b.png,0
73f2773c-bb6c-4965-9fe2-5f1bfcceaf68.png,0
73f63d2d-c2ae-41e9-bf79-b35228d829e5.png,0
73f6d76b-c5a2-4493-b39a-7ab830178f72.png,0
73fd2eb6-5d51-4f15-8cf2-4a8159592d2f.png,0
73fdcfb6-42ad-4be4-92b4-641250252431.png,0
73ff8055-3881-4c61-b700-396adf5083fc.png,0
7400568c-7ce2-4545-9400-909c2876bcc2.png,0
7404b1cd-bdc2-4f4a-b2ac-9b423e2d61a0.png,0
740824df-92ff-4b09-a8be-dfd3eff172a7.png,0
740e0410-19ae-4fb0-a0cb-3c6e1ca6d16a.png,0
74192b5f-7e82-4636-9886-c2c1750d833a.png,0
74219aa7-b9e9-41dc-9ee7-0ce254a7818c.png,0
742640b8-5c3a-4c8c-8296-18f5613758ff.png,0
7426e930-fed6-4ef3-8a8f-4b70c12e94de.png,0
742ae136-a219-4586-ab1e-3f8064596e8c.png,0
74365fa5-5597-4353-9cf6-da8769145d55.png,0
7437e61c-7aba-478a-9398-0eed93ba42f5.png,0
743ceb61-dda7-4449-be5b-a87013edb394.png,0
743d1905-767a-4dc2-9082-b2f11df0ab39.png,0
74504e90-1547-40f1-9059-ade3f2576278.png,0
745a9dcb-a16d-4a7a-8852-fbeae3e44bc9.png,0
745b583f-24ab-4ec3-95a3-c244d4639957.png,0
7462adfa-a0fc-4489-8d58-89f1d012c26a.png,0
7467cb86-6fc0-4f28-a1ee-e0b88342b6d0.png,0
7468319a-de5b-4b80-87f4-5cb21ab84429.png,0
74691258-da0c-4d42-9ef1-ded47c92a683.png,0
746f5331-7bb5-4e38-8970-f796f9c4b428.png,0
74703b0c-9336-47b4-b771-88db5bcc3f51.png,0
7471b2a3-12dd-48dd-a43c-04c4718e5e20.png,0
7478b0de-d067-48b2-b3e2-fd34319e0690.png,0
747a4e20-847e-4e45-b4cf-2ef247b51f1e.png,0
74819909-aa23-4f26-8903-7c1d2d712292.png,0
748efb04-93a7-45fe-b4ef-4e1c2ddf0d3d.png,0
74912eef-96d3-4591-8b36-1767c9ce0ea0.png,0
7494b723-ecdd-4aa6-8e80-833e43943d7b.png,0
7495b380-25a3-4dfb-9da3-630f6288728f.png,0
749e4563-3d60-4e27-b050-931be5a86ee6.png,0
74a74448-93e8-4998-890c-25a2832469f5.png,0
74b0e0b5-eaa2-4112-a15a-e3b883907053.png,0
74b3eae5-6d97-4d52-ab1c-20d9be51b413.png,0
74b43a7f-0306-49fb-929a-2d520eb8e58d.png,0
74bf8577-46a5-4066-bdaf-8952dacb2712.png,0
74c1016b-bd3c-4a5e-96a5-e86a8c9c4a7f.png,0
74c665ca-a728-44bc-8131-8e15ec862cbf.png,0
74ccc60d-b6d1-43fa-b64b-a60402e8ed2b.png,0
74d4f497-7028-4526-81cc-cc3119961137.png,0
74e14225-6744-4587-b10e-3d14272e059c.png,0
74ead0c4-bddb-4660-8831-210c9c5b8d9e.png,0
74eb29cc-33a7-4ad4-b420-a4f4ba34cf19.png,0
74f58c95-43cd-4dac-ab6e-de270adf1d4d.png,0
74f8f310-cc0c-41ff-871d-8daadb81bbcd.png,0
7509110a-7780-4fe5-a13c-8e1338b7916b.png,0
750a3646-6058-4a95-88ce-853a72cbc959.png,0
750bb313-1479-4883-ae12-39edd466081d.png,0
7513a930-32c4-4a3d-9180-877af8ebfd3b.png,0
751b96bd-f68e-4d48-abbe-65c8f16440f4.png,0
7544fd0a-d7c3-42ac-88ab-449ab6fd0019.png,0
754bdb4f-f279-418b-9b15-24edc96f7e05.png,0
75613ab8-ec5e-43d2-bee5-8f944d08d793.png,0
756c590a-3916-41af-96f8-fd9615725f76.png,0
756db5a7-5547-4c51-90c6-b503a5997be2.png,0
756e9d90-e995-43af-ba83-309c2d01b10d.png,0
756fc4f4-37ac-4cc6-b6d8-c10d30bf27f1.png,0
758500d2-343d-4407-b5b4-8fd6b712998c.png,0
75928615-f7f0-4c49-9c2b-01646244b79a.png,0
759add8c-3802-46f2-9cb6-06b092c4e9bb.png,0
759b9c7a-f341-41d2-8c3d-223c246aea77.png,0
75ab9068-b557-498d-bdad-6927ffeeae29.png,0
75b939dc-925a-4718-883c-08fb45019a3b.png,0
75b96fc2-b814-4013-bfca-1fb235f46c98.png,0
75bcbe7d-2568-4010-a0ce-9de23d4d0b08.png,0
75d50f2f-a869-46ea-8d58-6446ead6d15d.png,0
75e23cd3-39cd-4afd-b15d-73dc9d78a337.png,0
75e34c04-4486-410b-b6d8-46543c1af5a2.png,0
75ecaed3-c912-4459-9095-ec6674f524e3.png,0
75ed8091-a23e-4dba-84fa-014f5920e9a5.png,0
75f0f18a-0756-4f7c-8e37-e91f9e5a24be.png,0
75f4cf02-abf5-49ce-935a-63b27e43d09c.png,0
75f8886e-c4df-42c9-b0d4-3fea3dc4858b.png,0
75fa3ec9-b117-49cb-9d48-799821b3c471.png,0
75fda83e-e393-4928-bed4-3b7a611fe3c8.png,0
75fe9adb-b0b0-4b00-ba5f-010773408a8c.png,0
7600fee2-7c16-43ff-b5e4-3b0c383156b4.png,0
760fc611-b3ee-4504-876d-ff864b3b3f88.png,0
7610cabc-b892-4a7d-9a7d-802e514fc685.png,0
76115ff9-5117-45fc-831b-29bc150bf0ff.png,0
7613a737-5b0c-4753-a1c8-7de8156456e4.png,0
76197cfa-4aba-4afe-890e-8ad703ef5ba6.png,0
7619f134-bdc9-4164-a0b7-cd9a7dd64855.png,0
762178eb-d2e7-4bef-a2c9-6d88c4b7b3a0.png,0
7626541a-f47a-47c4-bfaf-48c290a3be45.png,0
762e8a2c-c60b-4af1-aa92-0b1ba0873699.png,0
76395224-8088-45c6-bf15-270c8aaea2c5.png,0
763adcfd-4ebf-4d3b-91bd-a7813dc4bb96.png,0
763f991b-5a8a-47d0-9b9f-151cc661218d.png,0
7652391c-ea5f-4100-bb55-53ce130a0dd8.png,0
76545b14-5b1c-42dd-9727-4baeb5212d94.png,0
76561551-efee-4492-bbd1-8465560ab1ed.png,0
76593c1c-e1a7-4ad6-b478-c71e4226368b.png,0
765c5980-ee79-45a1-b784-1e4bd26c027a.png,0
765f5d41-e660-4b45-97ed-0eb22390b720.png,0
76642e47-de05-48fc-a58f-bce9dc902912.png,0
766d3d32-c4a5-4318-a1a9-4db74ef0de80.png,0
7670693d-7f1d-4045-8d61-77a68bb58e91.png,0
768de2ea-9099-43bd-81d6-ad2b9e375e77.png,0
76920379-11f5-4040-8917-99a9fbf924ce.png,0
7693498f-03dc-4740-aef0-5dc349aba53f.png,0
76a5208a-c10e-4182-a671-06f10c9bd323.png,0
76b14eb0-e55a-48f6-86d9-4dbc8353df17.png,0
76b93616-f7ab-419e-a4f4-dc3d49e43dd5.png,0
76bb2989-c1c3-4dbc-8246-ba0e1f001cc6.png,0
76beffab-fcf8-4de1-a911-23486bb4fd4d.png,0
76bf3bd7-33a3-4eac-a59b-4ae8859a6b60.png,0
76d2bb0c-5802-4909-8e70-079710022536.png,0
76d42841-2e66-438a-b987-731432f76469.png,0
76edb41d-33c8-4e20-994d-3419abcb1db0.png,0
76f3084e-fd14-46f8-93b6-04acf7ddfced.png,0
76f54014-f16f-4010-8f53-4a9237281615.png,0
76f57f57-67d6-451c-b989-9d10ebc9d2ce.png,0
76fafcc0-915f-413d-bfa6-cf1194e1d28c.png,0
76feb952-4a70-4918-8a8d-881eb14bdcbe.png,0
770abf66-2bfd-419e-b1e8-54e723e328da.png,0
770cdd04-9045-43dd-acb5-ea9c8b488d34.png,0
770ee884-c29b-4e94-92d4-eb3a5431d976.png,0
77158193-070f-420c-aa5a-1610601ef4ce.png,0
7715d861-c35c-45a4-aa43-c8ec4ba6ad29.png,0
771fd208-e7ae-407b-bf91-0a6472189ebf.png,0
772466fc-4641-4296-bd8e-e48246540f5b.png,0
77252ca8-2220-41ad-bb30-f4be1fbc7b5a.png,0
7727e022-82ec-4b7d-b667-bc83c5fca668.png,0
77293530-8a74-449c-b423-85849cee8da2.png,0
772f6c48-9dea-44f9-bd4e-e14c0cbef7e2.png,0
77312e52-25fe-4a0d-83a1-5c04789e5ac8.png,0
7736baed-6e66-4b47-9058-05bd1b314dfa.png,0
7738f4a5-a2fa-44eb-b96b-7d6e4a317327.png,0
773b06e8-efab-4ee3-94c8-9ef0f01af291.png,0
7749ed33-5b57-4d0a-8978-7deb5be26d1a.png,0
774ab2dc-a3ef-4ae7-a932-ff78fa441804.png,0
774d6e2f-bf8e-4587-99d2-b9feb8d53f33.png,0
774e0a41-b033-43da-8d57-db5baf9605ed.png,0
77547063-7732-46c1-ad38-d3d0dda9a55f.png,0
775ae2b8-f87a-41eb-81d6-4e5edaca2f11.png,0
776427e7-40a2-44df-83b0-ce646644d3aa.png,0
7775a58e-7c9c-4d37-af27-04cace17b18b.png,0
7778b60b-88d8-4abd-bd64-98aee6add0ef.png,0
7779a9c7-9483-4a8b-9c24-f6dfe787cfc4.png,0
7781ae62-9313-42e2-9d82-9fa82b054195.png,0
7785f354-daf2-4b82-b90f-2b94b9e7dc64.png,0
778617e7-9b4a-4815-9f17-6fc8deb4c3fa.png,0
778e8678-e707-4c48-9c7f-ad4efbe48035.png,0
77930e57-af33-462a-be75-35bcfadd8127.png,0
77a440b1-dcf5-4703-9451-de9a073c8453.png,0
77a63356-c61d-4912-8cfc-9eddb705c46d.png,0
77ac8942-4ce0-4447-84e8-af5aa5bc3f88.png,0
77aead0b-3112-411b-ac8b-71b9b8fad3ee.png,0
77bcca2d-6e54-4ce1-887f-f5d2628a7f1a.png,0
77c2e795-4c2a-4daf-b288-f24fac8a3758.png,0
77e9a287-61ee-4686-b029-c7e1b09b7dbb.png,0
7802355b-3429-4966-a06e-df5c0d14dacd.png,0
78043d25-8992-46b6-b846-ffbfafbe6b6a.png,0
7804f265-34c5-4efb-a378-3524b4e119a4.png,0
781c3177-0d28-4a95-902d-070104584431.png,0
781c920e-e6fa-409a-9e97-ac57fcaad24f.png,0
7820e3bb-b904-4d1f-ab4a-2822209e62ee.png,0
78214c64-ebb6-4a9c-b4ca-ea65da449fd2.png,0
783b962a-bda1-4354-87f1-778d60eada16.png,0
783d1dfc-ece5-4b84-8da5-dc836ae869a9.png,0
783f8909-2032-4acf-ba6c-dad6f1bdee2f.png,0
78496732-e040-447e-b51c-34f632a24048.png,0
78611349-7920-46be-ade4-132a914cfd27.png,0
78620ea2-436e-4355-8e61-3500f3d8ab70.png,0
7863d975-f4da-486d-80ec-2bebc5f8b089.png,0
78719f23-d626-4b19-9082-ccabb241a2a9.png,0
78836631-d617-4c1e-a265-c587c93a8e42.png,0
788a5305-7004-4f0b-98b5-65dd2e6d2698.png,0
788cbb61-6cd8-48b0-9078-a81ab73f80b7.png,0
788d8f3f-9060-49a3-8f25-24c08447c3c3.png,0
78906ef4-a605-4295-828e-4c853357e86f.png,0
7895bf3c-db0a-4b9e-92e3-67c95cd9452f.png,0
7897d5d2-f56c-4fc0-a036-f9b6f69933f8.png,0
789f5671-63be-4b3d-b816-2a2fd8943557.png,0
789f8e9e-59cf-42aa-88dd-33f18f0967f1.png,0
78c168ee-5f6e-4219-951e-ce11ad0a0479.png,0
78c36a61-954f-4730-8b76-c66e5db4d464.png,0
78c9057c-9d17-4124-9e6a-a634ab85275e.png,0
78d267de-aefb-4e2b-9489-e6c4fcd3a852.png,0
78daac38-3778-42d1-890c-8c321ada2c11.png,0
78dd1441-96df-401f-92b1-4e36067330a9.png,0
78e4c1ad-8adf-4620-acac-7675c7da1ee8.png,0
78e64e55-99c4-4b43-8695-355ddd50bfef.png,0
78f9f5cf-ffc4-48a0-8895-bde50f783bfa.png,0
78fe9142-9b8a-4200-9b2d-129a4e30e7ec.png,0
79001124-36d7-4eb5-b68c-7dcd7d8f54cf.png,0
7908d3ae-c10c-4bc1-a256-42a6b16e90d0.png,0
79137c4d-9ec7-458e-872c-918afe670912.png,0
79168e4a-a98b-4c27-affc-0fade7c2aed6.png,0
791a687e-c45e-4772-bdd4-0a9d6301d994.png,0
792d8a75-62cb-4ad2-b8d6-e143cca5787f.png,0
793398eb-4926-4d1a-ab6d-8bdb0ac15a2e.png,0
79356c8e-1bc9-4385-a4e1-059a1526c894.png,0
793ab674-6264-4f0f-ad35-0931967e86d3.png,0
793afb6f-89d5-4148-8342-819c2e559a82.png,0
7951d339-63c7-4eab-8720-6a50f60a0e38.png,0
79538a58-d49c-4120-8e5e-3553fe1b1134.png,0
7967a41d-a36a-4bdb-8436-323aae1f4054.png,0
796a2523-208c-4286-9a61-b30d3a6a3197.png,0
796c0726-bde4-4ff2-aa00-11587b3a8a0c.png,0
79702301-1ccc-4a54-829d-547a3af5e85a.png,0
79718093-ce30-44c5-8be5-e5f55729c5d8.png,0
797862ed-42ca-4265-ad43-b2d04361700e.png,0
797c0a13-9dae-4006-833a-5d5024328534.png,0
7981fc95-1551-4867-8681-2f2d8afc07d8.png,0
79877128-e892-499b-aa3e-c1885f5583c8.png,0
798c347d-916a-45a6-8526-73f5b0552de6.png,0
798e2ee1-113e-4c59-b445-c5e33bc1cd92.png,0
798f3843-7acf-4f6e-84a5-dee0652be5f7.png,0
7996a166-20a2-4794-bac2-02f2cdacfc05.png,0
799c5159-a2fb-4e25-8f90-13d3e1c66354.png,0
799f9a2a-9f6a-4a84-b1e4-e0e6119122bf.png,0
79b34f64-0c0b-458b-82c3-95f938d3ab08.png,0
79bc46d2-f00e-4a68-b8ff-96d3625e3176.png,0
79ca26e4-70f2-409b-986b-91cdb44daff5.png,0
79cb22b9-a291-44a2-a1f5-7d51a256e37c.png,0
79cb4053-b062-4be9-8922-9585b170d8fc.png,0
79d2fd30-abad-4848-b9d6-bb30d9269341.png,0
79d7a388-6631-462d-80a6-f19ebc52d01a.png,0
79dc4c47-886a-46dd-95bf-41dd80c072a6.png,0
79dedd38-4d3e-4787-9afa-708797b1592d.png,0
79e1733a-4ee9-493b-ab73-142e47f1e9ff.png,0
79e2b56b-f9b4-4bc8-8c7e-82d1a7cefb26.png,0
79e36d16-3f00-4189-8ccc-9756e04245cf.png,0
79e61065-3922-4c61-a56b-eaa574f406f2.png,0
79f03dba-1c8f-4993-8065-8664494051ed.png,0
79f76e04-510e-463d-a3d5-9585cbb249ff.png,0
79f85434-48b2-4910-b861-bdd0e3f7d042.png,0
79fa156c-c4f5-478d-a14d-80cc4db5cb8d.png,0
7a109b90-e79b-4297-ba29-a143838692ba.png,0
7a1faa41-252e-44d2-b019-63ebc8dd4ee2.png,0
7a2c7e33-d021-4fd2-9b30-a43a4ef68628.png,0
7a391371-52fb-4f1b-af7d-3305c528d33d.png,0
7a39e982-e5f1-402c-b9a8-b9ee5f43fb8c.png,0
7a3c6629-9290-4e24-84b2-fd2f8cba17e3.png,0
7a443f19-987a-4fff-a41a-65b9114fe53e.png,0
7a4e441c-4497-47af-ade0-396d45782e03.png,0
7a513da3-c4cb-4551-a16e-2b2d6f0c42fa.png,0
7a58ecf6-9b13-4a3b-b27a-53365378156f.png,0
7a5cdc7a-bcde-42bb-b2d9-02b9b0c740c7.png,0
7a69c9e5-51ed-4b44-a143-7ba22fb87bcf.png,0
7a6b03a2-68f3-4c26-9e8d-c2208505b352.png,0
7a74e2ed-5942-4cbc-b5cb-84a4f5ccf105.png,0
7a818840-880c-44c0-90b2-f47e8e505b95.png,0
7a861a10-950e-451e-8704-36881b90a51b.png,0
7a8b5f52-48f9-49a4-b55b-682938f94608.png,0
7a905cf7-0676-43d6-a515-174068cb7991.png,0
7a95e813-7b73-40e7-b732-7fc9bc582e0d.png,0
7aa4a98a-abff-4b58-b20a-a2c43e5e8379.png,0
7ab63c3b-213b-44c5-9df4-1b98ee94d252.png,0
7ac64e7f-f379-4eb3-a0d5-89b59db846f4.png,0
7aca2dfc-2ab6-4bc2-aaa4-3e4cba6d95e5.png,0
7ad05803-8238-4bb8-bddd-365cc1381680.png,0
7ae347da-a4b0-4e3c-979e-33a509e40649.png,0
7ae67845-3b74-4fc0-8487-d489b7632f02.png,0
7ae8181a-854b-413b-8574-8c7236fdb64b.png,0
7aeb60d6-d6de-4dbd-a43c-ad7c5f65b2f0.png,0
7af9fe89-6e32-4057-9196-1d02f66ec3f4.png,0
7afd770d-99e3-4f37-a3ef-006d56637f89.png,0
7b0cc950-21ba-4256-899c-27e26e7a0c63.png,0
7b2a94d3-a4fa-4dae-849b-bf744489d889.png,0
7b2ceed7-c717-4cc4-b311-d58da6fd8fc3.png,0
7b3daf31-affa-4499-8443-58d7d6196ca4.png,0
7b3dd88b-8762-47fc-be53-9a835e59db8b.png,0
7b433c27-746c-4968-b958-397f1e81e36c.png,0
7b5cfad7-b880-4541-9903-0f5cc0c0d6e0.png,0
7b621e4e-0f8f-4b7f-8a67-4f1b365d357c.png,0
7b67b1d4-9518-42a6-9d8a-05babb919b46.png,0
7b7fe26a-8791-4ed0-a129-fb647b375699.png,0
7b873ad9-75b1-4658-bcf4-ca468d5f90c5.png,0
7b94c8f7-7f99-4499-bb56-9930bf999e7c.png,0
7b97b922-5080-41ed-b64c-213b634e792a.png,0
7ba10ccd-c6a4-4a4e-a709-9cf7d6f7784a.png,0
7ba598f6-a336-44a9-8ba4-a2b64afb13b5.png,0
7bab06ba-97af-4635-b729-f3be8dbce660.png,0
7bb62dfa-58ca-4389-8ef7-8c3790e4fb0f.png,0
7bb751e1-6d7d-4640-b48e-fb1ea39b0ad9.png,0
7bbab668-d46d-4aac-b7dd-02b03717a403.png,0
7bbdf2ff-a866-4b93-b201-a47d03337b63.png,0
7bbf45a4-044c-412b-b291-e398ff839c01.png,0
7bc1d034-2552-4768-9b84-854df85731cb.png,0
7bc20b3f-a8a4-40bb-afb1-140d80d0a00e.png,0
7bc47a67-f93a-4f3b-82dc-0131ca37d205.png,0
7bcc5458-d8c0-41dc-a682-a80c50f8f60a.png,0
7bd0b304-617b-4ad5-9eaf-47d440a330ab.png,0
7bd663e2-0ced-434c-9db9-d333071ef06c.png,0
7bd7f456-f801-4337-abdb-a5e6cc5aef94.png,0
7be00aad-a51e-4e0e-bcf4-a9f620e64a4f.png,0
7be07806-aee9-43a1-9240-62dbcdc9d79a.png,0
7be6b4de-afe9-43c0-a581-0f49608c8976.png,0
7be81f81-e1d1-441f-b352-168f1827e298.png,0
7be8a9d5-5881-48b3-a50b-d28d03ef563e.png,0
7bf63a1c-b377-424a-a458-4e4fa5e2d2c8.png,0
7bfbec31-dd0c-4efc-a9c5-bb66bae3cc2d.png,0
7c03094e-dc12-418a-bab2-568dcf183af7.png,0
7c077478-921d-4701-979e-b1d1bcb919eb.png,0
7c0a140f-d56b-448c-8eb5-cc996fa78926.png,0
7c0d535d-22fd-44ac-ac66-d52e3c186009.png,0
7c240d6a-2230-41f2-a4cd-9f0d00466074.png,0
7c2ad76c-88a5-4a25-a0e4-49437ea5f628.png,0
7c32749b-40bb-47ad-9df1-33d55e697a89.png,0
7c384cd2-0f07-4f26-b1e3-9383570ee82a.png,0
7c39b797-9f03-44ba-ba1f-60763e865923.png,0
7c3b333b-e807-42ff-9cde-46b763ff1e7f.png,0
7c417c53-35e8-47ec-9bd1-8eb4ac0699b0.png,0
7c48b75c-c5af-4b6f-8bf4-f176e1a40f7f.png,0
7c517917-3359-419d-910d-b0ab4865d65f.png,0
7c595159-8258-45b3-bede-fde676d7e62e.png,0
7c5add91-0e35-4f1e-920a-9ea4d1335be0.png,0
7c5d3a49-2f55-4d46-9357-0a2bba2fc63e.png,0
7c622f41-c326-4138-8305-8b5d51f456e4.png,0
7c62e839-540a-4c2f-8ee8-ea6f3c4c4dfe.png,0
7c6a67fa-5eea-41b7-b3a6-23770ee6bccc.png,0
7c6d38a6-bbc3-4dd5-b4ad-bc8a7758eeaf.png,0
7c756321-18a2-4300-b20e-50cffd8c8647.png,0
7c84bee5-a16e-48c7-b84a-6b61b0d62ce9.png,0
7c850b8e-6ac0-4de9-811d-05bba4048403.png,0
7c858a51-7072-417d-ae8d-792bb7de3309.png,0
7c897de5-15ff-405c-a77c-c588e7e151c0.png,0
7c89b40b-7748-4209-bd78-27b4f374ec33.png,0
7c919028-8325-42d6-8d89-c88595251616.png,0
7c9603ca-5c3c-441c-a659-6575f168e42c.png,0
7c9ad404-6d3b-419c-83f5-e4c6abdfb8cf.png,0
7cac726b-b5ca-47f1-be37-7a4c1b10cbd5.png,0
7cb8a47f-8230-4f10-bfca-075cb339ab86.png,0
7cc1b757-2b45-4d61-83ca-dbf4b5838939.png,0
7ccacf95-ccc2-446b-8f5c-08b32411bed6.png,0
7ccffe13-80b7-46d3-bb2a-2f85875cee86.png,0
7cd222a5-4714-418f-80ac-20f42c738363.png,0
7cde3b9f-71ab-4640-95b1-d15809eba64a.png,0
7cf69a10-86d8-4933-9c97-b68b35d1a04d.png,0
7cf7f5f9-ee16-49a1-86ea-ec7c7e2b9956.png,0
7cfa7316-e944-456b-98e2-498acbbd8190.png,0
7d04343a-f255-4f32-a14c-2b05929a667f.png,0
7d0c1b59-03fd-4d7f-8c31-cf7a9dd4a141.png,0
7d11c6df-ddcc-4a87-b534-e627c5670702.png,0
7d166cdc-61e2-4741-93da-52e954f4d2ae.png,0
7d19118f-519e-4cb8-9187-466aa4ec5476.png,0
7d258ae5-52ce-4973-9801-cc6350236c73.png,0
7d351015-e0a1-4ba9-a310-1b1f8dc72256.png,0
7d35dce4-759e-4b6a-9e59-833664bd77e1.png,0
7d39bd13-ce27-4ce1-95e5-235a9079e4cc.png,0
7d3d4832-3384-488d-8717-073b80f98b7d.png,0
7d3f01b0-1283-49f8-94f9-17d751a8b3a9.png,0
7d3fe400-3bd6-4a48-a2eb-2ffcfb36e01e.png,0
7d425279-64b5-441c-a26c-e1d6486d27c8.png,0
7d4b74a5-53e7-4b66-812c-ead6671c672e.png,0
7d521350-ccf0-4e14-aaf7-4797e21d8313.png,0
7d5502bf-2958-4bc1-a34e-d0b30f36f5fc.png,0
7d60aa42-943e-43d4-bfa6-d06fcb22d7b8.png,0
7d642b47-1b85-4378-884a-6ad043173585.png,0
7d8412d4-306f-4b03-8422-05537fb3eccc.png,0
7d889abc-6804-4b28-adb3-3540ecb055c6.png,0
7d88aae7-e8a9-4f56-985a-72f238754764.png,0
7d9e027d-8e9b-47b9-9771-1f75e0410c74.png,0
7da6401a-c2b3-4c22-b1ea-5a07c8196efc.png,0
7daace95-9dc7-4f2e-8779-392adf5634cd.png,0
7dac3c5e-8ecb-4ef6-a0b0-e1dd688253d0.png,0
7dafcc49-2627-433f-b5c2-3a0e938848d8.png,0
7dc67964-ab75-474b-87f2-f9368833196d.png,0
7dc8c265-2253-4010-9198-b716d1e9c76b.png,0
7dcad195-26c3-434c-a280-9896068db98b.png,0
7dd2a36e-d9f5-4152-ba5a-17ef5777a7ef.png,0
7dd38aad-d538-4068-8ddd-c1c401b7e2b2.png,0
7dd3bda8-4887-4621-8d9d-4638f7e8aed8.png,0
7dd3c24a-f0bf-4a6b-89c0-ccae17748457.png,0
7dd489c1-6d18-4b83-a7e2-5edd0b1ff69f.png,0
7dd58e18-0ecc-4c3a-bd31-a27f8cbf7a74.png,0
7dd70f51-5d1b-49a8-9947-aabd95bcfb99.png,0
7ddece1d-137e-486e-a19b-8fce32365127.png,0
7de05222-e4c2-4b27-86cd-41d7df010dcf.png,0
7de9b008-f6a8-4101-965d-8590ceaa808a.png,0
7deb146a-094f-4185-997d-eb23966c9cc0.png,0
7dece74f-6189-4e58-8d14-0659b1db8527.png,0
7df1e939-28a8-428e-8b8a-d3808d868165.png,0
7dfe6d14-a31c-483a-be83-7a705e45719f.png,0
7e04475c-5234-4db1-b708-5b18704b6010.png,0
7e05fbc5-3642-4e16-beee-058700e8f5f2.png,0
7e1d04b9-ea65-4ecf-a18a-5e624fcb788e.png,0
7e242578-21a7-492d-a02d-19a167942414.png,0
7e25d288-c664-4e8c-bd78-5db979b40b94.png,0
7e25dcde-dc45-41ca-85f6-a73480915d93.png,0
7e267157-f731-4d7c-9bb8-dd0649562edf.png,0
7e278b62-38c0-4c4b-90a4-12a75778f0eb.png,0
7e2a9bb1-b95a-4d72-9859-bb851216277b.png,0
7e2d9c61-e029-403c-ac1b-49f11db36a90.png,0
7e333f67-a836-46b9-be9f-3f4fce1b4c4c.png,0
7e413a9c-e331-4188-999c-7cf064cb2417.png,0
7e500090-9e6c-4c11-b467-ff6d8b734b2f.png,0
7e5673a6-f9fd-40ee-87b3-bea2c84a0575.png,0
7e57bbc2-9a12-4aab-af8c-9499def50d9a.png,0
7e608cc0-424d-4cd5-a690-e4f586710b2f.png,0
7e64761d-6224-4888-8976-75453b8fc842.png,0
7e64cb1a-ad85-4993-8770-f9ad195c02e8.png,0
7e78d490-10fe-431e-a713-f60ae22105b3.png,0
7e7f06d1-3d03-448f-937c-3c9a449d773c.png,0
7e85a356-c710-409a-95ea-a92e3dccb7f8.png,0
7e85ffa0-ad3c-4475-8ca4-3cbb92a6a394.png,0
7e9f2963-7428-4275-82f5-57c48f39c7d9.png,0
7ea7de7c-1a3d-4c86-a5f9-e9031a4e1d4c.png,0
7eaa9b23-fc4f-4fdb-a6ec-fc277afbf958.png,0
7ebe2430-3932-4c0e-882c-7e72b290ba76.png,0
7ec0b033-9133-4f8c-abd0-ea246aa21dfa.png,0
7ec4666c-0304-4b7b-8263-bf417ab7cccd.png,0
7ee9ace4-3059-49c4-9356-705203289e46.png,0
7ef283b8-9c5a-4ada-a575-f68289e338ae.png,0
7ef98cac-f239-406e-af10-67aead1e038f.png,0
7efb172c-23b7-4d57-bd57-bd461b9e7ca7.png,0
7f015127-0907-4ba7-8021-cf868a210d4c.png,0
7f05b70f-2ad0-4db6-9e05-6c2baec8cd52.png,0
7f11cf49-7b97-4d39-82a1-18411a4599cd.png,0
7f12966e-c382-4f9e-90ac-e1575dcdc812.png,0
7f13b986-d939-4988-b2b9-30d34d88d3ac.png,0
7f156cd0-191f-4ed3-8a69-55102e0a313a.png,0
7f1e4c1a-9565-4cab-815c-48851a322595.png,0
7f20ad0a-2cf6-452b-91ba-628e6391e63c.png,0
7f247a86-284c-4e6e-b0f3-ea5d3d8f081c.png,0
7f296771-0964-4682-85e1-7b7c39268e05.png,0
7f4813bc-b913-4509-8773-acd06daddd98.png,0
7f544a3f-e003-4f07-a3ce-6416930f0d0c.png,0
7f5b9640-bd17-41d8-afb6-57f02684ef19.png,0
7f5c19bf-ea76-4979-8fa8-f750f6550993.png,0
7f65bfa7-4587-40e7-8acd-3c02870ab059.png,0
7f69dad4-92ff-47eb-ab3d-b2f41a0b7199.png,0
7f6e7399-b358-4e34-9734-5d47d5287c51.png,0
7f706ab7-2868-45b8-aa63-f5dfa59d37d8.png,0
7f70dbbb-f79d-4614-af60-98a8b298fdb6.png,0
7f70ea0f-7c26-4375-8ff3-03f06bd2b550.png,0
7f7fe10a-c47b-45d0-8b78-051821bca2b8.png,0
7f855bcb-ce9f-4458-80f5-f613cf9b71a0.png,0
7f86ef64-225c-44ba-a1ab-e4ec82945ff0.png,0
7f86fd30-6720-452f-9b42-a82db3cb1d57.png,0
7f91ccc0-e863-4d57-b346-f96059772e7a.png,0
7f93cf5d-c4ba-4e28-8260-d74ade18eb78.png,0
7fa60e93-a01d-4523-b164-b76cf61fb209.png,0
7faa4f5a-f428-420a-aedf-7797c2e49ed8.png,0
7fbf1fe8-f97d-4e7c-9ac2-65d4e06f33b4.png,0
7fc19f9d-a178-43d6-a63b-7706eb334147.png,0
7fc6b59d-06fe-417f-9622-82c39e30c4a0.png,0
7fd7ff85-31a2-4ff6-865e-610b81265b37.png,0
7fe04b2d-3883-47b6-9921-c610a308fa9c.png,0
7fe0839d-0a9d-4c51-93fc-7a2132fbe9db.png,0
7fe31bf6-2d46-4db6-a944-3f9f7a43c026.png,0
7fedb49f-a0d3-4b14-9c8b-0fb24d8ad067.png,0
7ff87976-1b0d-4f61-b83d-b7cefa83f9e6.png,0
7ffa12bc-05e7-467b-ae93-e1eaf7dcd5c3.png,0
7ffe65dd-764b-4e85-8b9a-58c229abacdc.png,0
80003925-909e-4ac0-b662-5768b58bf788.png,0
8008f996-bee6-4ed5-b861-6f7de7b59f2c.png,0
8013ccfb-cc6b-4073-9344-2ac59753e04b.png,0
801b47df-2160-4167-9245-efbf82033494.png,0
801f0aee-5575-45d1-a610-839008d14bd4.png,0
802a0642-2f62-469d-9788-171db67894f5.png,0
803c8455-d72a-4f0d-b20c-8f6e557a6072.png,0
803ff18f-d723-43a7-b93b-be1a541e4404.png,0
80444b97-3034-43e6-877b-df60a7695c60.png,0
804618f5-47f7-486f-a9d9-9da332ab8761.png,0
804c0a50-92b4-4a3e-8bee-42edafde6d7b.png,0
804cd23d-d522-444b-84dc-1ba5f5ba97c9.png,0
8061da34-c7a5-46a4-9534-632a036a2083.png,0
806c8f4d-3331-49c2-b2ff-cd52ee2696dd.png,0
807c4848-bfc7-43ef-a631-fc29307b92d1.png,0
807f9785-d0b1-46ed-9535-0b743cc89a33.png,0
8082cd83-484d-426a-bc23-7e9b3fef77a6.png,0
80831088-3282-48ff-b886-4b227eaf6ec6.png,0
808919e6-e6ea-424a-8c30-ee840630f6dc.png,0
809051de-d646-4cd9-9078-cd722b99a4a0.png,0
809195a1-4267-452c-bbbe-7157ff1596d8.png,0
8093c094-f3a1-45f0-9280-cc62b3cc9a37.png,0
8099989a-defd-438e-8f36-8e1114b4c87c.png,0
809e4dcb-27be-4e9f-8f01-6397c715bcb2.png,0
80a5c4a8-ce44-444e-a778-e6d374a39e59.png,0
80a9ee3b-11a6-4961-ade0-32554205f743.png,0
80adb2dd-4b99-4c06-9411-d5e80f42c2cf.png,0
80be4d23-bdd7-4b44-9ce9-0c269584eb61.png,0
80c28f3e-bbf1-44db-a4e0-cd8d6411dd62.png,0
80db8cd9-7b76-488a-9e60-bdf375a12dd6.png,0
80e0e01a-b0cd-46f1-99dc-d3e966e542c6.png,0
80e3de30-603c-425c-9f82-4b477dd70a1c.png,0
80f4ae7c-9523-46ec-93ac-592415eb4748.png,0
80fa07f6-04fa-48b5-9383-8a1d273eaa42.png,0
8106aa66-2f98-499c-bc70-07a0be06e0b5.png,0
810c9bac-dab2-4cd3-9a1f-93760791b040.png,0
8116f4cc-7f36-4c54-98a1-ad7ab1d21b6b.png,0
8124402b-7ffa-4d3c-8387-2a20ee3c6424.png,0
81283f1c-2496-4a0e-8889-3a0245de88a5.png,0
812cb889-27e8-49c2-a4cd-a03773cfdb61.png,0
812d9935-b186-4812-a0b8-bc37df854773.png,0
8154b0a8-0489-4b76-9b8f-a10020feb08c.png,0
815db0ba-1be2-4e7e-8e86-b4cabce2b0c7.png,0
8172b32c-460a-411f-b0c9-c7cc82297642.png,0
8176c9ad-ffde-4b9c-9050-b5b725ed4c0d.png,0
8177f0b5-f3ef-407e-a989-e7979b16e33d.png,0
818d8d1c-1f0b-4760-8d6b-9c4add3f8ef2.png,0
81961979-c8d9-4b8a-b185-30753d2926e4.png,0
81a62ac0-0757-4338-82ad-ee4ec30e1bb7.png,0
81aadd4a-2cc5-464a-becd-37c91997e92a.png,0
81b2f859-4b10-457d-8130-fae721795d99.png,0
81b7dd4a-7677-4672-9ad4-c7c6b29f9178.png,0
81ba8f2c-59b8-4554-9b24-9ee0a92b3b8d.png,0
81bd4aa6-fc26-42e1-a9f4-fb0cf1bfbc18.png,0
81bdc34f-f523-4228-a924-6f587daa70b7.png,0
81c94236-bf67-438e-af64-6cda0e776486.png,0
81cb5132-b2f3-4ef0-8f00-0947b511e518.png,0
81cc48ed-0b64-436e-809e-47c3fc35006f.png,0
81d9ec7b-fa93-47d4-bd0a-5b7f4c7d8db7.png,0
81db3f62-a064-4fe7-a2a0-ead02735e483.png,0
81db439d-2da7-4b7b-b6d9-a3312540c574.png,0
81edd0f8-9240-41c6-a9c4-ad84ca021fdc.png,0
81f8b5af-6ae0-4206-9d40-9647a53b4bae.png,0
81f8cd75-46eb-474d-a413-51cb420402e6.png,0
8201fb03-9949-48ba-aad0-1368c1ee6eca.png,0
820a9541-f7cf-4b39-ab04-6d1befbd0835.png,0
8214be18-4b1c-4042-a3f9-c1929c516ffb.png,0
821692fd-9659-4179-b408-e4dda2e10dae.png,0
821e80c7-466b-43fe-b6d6-2e7caeaa27af.png,0
82229823-adbb-481c-93f9-d80e7fb61442.png,0
823649c5-fe9e-4774-88d6-320f24184ff3.png,0
823a9297-1c70-4f5d-8f10-b33205761ca2.png,0
8242a3be-6f16-42ab-aed7-ee61b3ebedd3.png,0
82475321-76c4-44da-8799-38399abe8037.png,0
82508a0a-482c-4bd7-924d-1f33103b5490.png,0
82511162-d2f1-4299-bb37-96355996db3f.png,0
82531180-8586-4d28-89a0-466725cd4514.png,0
82635130-37c3-429e-804f-c2c01f5f6020.png,0
826c7ade-8228-4f43-b5fc-a8b0591ba3e8.png,0
827d6b20-ff1b-4db7-816a-96c333375b08.png,0
828ef404-6b29-46fd-a51b-11d18eaac71d.png,0
82a15b7d-7443-4a73-9ddf-8cf6dd6d00ce.png,0
82a2e069-1e54-45f5-9c96-49cd1d31f661.png,0
82b08530-77d9-4d64-8af0-63e44c522a11.png,0
82b3fca7-e397-487d-80bd-3b2fbd046f16.png,0
82c630ab-a9f1-4655-88ca-9d48d3a80bfd.png,0
82cd9979-23bc-422a-86a4-3987ffccf77b.png,0
82d370b8-4196-4b21-948c-8ed6764066ef.png,0
82e7f34e-2d4d-47e8-bd42-0a8dac678265.png,0
82f8bae2-5de2-45ab-92f6-b358d52c2938.png,0
82fe1495-d984-4693-9220-1a3eb1a03ccb.png,0
83027ad0-2098-4d3c-a8c3-8f89a8addc39.png,0
830f3bd1-2fdd-4823-9672-d864680db6f1.png,0
83126b29-c67f-4296-bf41-882b297c7cac.png,0
8319b3fd-05df-417c-91ee-f7156747da6f.png,0
831acdb2-d7e0-4dff-aa12-645b35101488.png,0
831d8a07-1024-42a3-af2c-181144351cab.png,0
83202eb5-7996-4d24-ad8b-6680d9e98bd2.png,0
83208148-1cad-4186-a6c9-97cd0901722a.png,0
83209510-bdcc-403e-aed9-baf492a93ff7.png,0
83219e04-36d6-435a-a51e-62cd90cb6401.png,0
8322e3ba-7639-4479-af10-2d96ea3b6a6a.png,0
832596dc-8f07-42f5-a0de-6c22e4aa958f.png,0
83271277-99fc-4a10-a0e7-35d45838df89.png,0
832737e0-1f29-47a7-b220-9d63c4e9d6eb.png,0
8332c0a4-5784-4f5d-901c-3c6350c9a732.png,0
83380c83-a884-438d-aab2-addedcb566d0.png,0
833c814a-032b-496a-9133-d2c4b6a8a1fc.png,0
83518a8a-2636-42c8-b3ea-5ae3107e3a0a.png,0
835a272b-b22b-461a-83a1-c0148854b48a.png,0
835a9ff6-3844-49b4-b016-a8b337fa5b77.png,0
835ee399-c15a-4256-bfd4-2c3e596cd2a7.png,0
8361600c-fe3d-4d7c-9f1b-1cb043713c0a.png,0
83700f47-c0b3-46a5-9067-29e45d31599e.png,0
8375abca-b2a0-4d2f-8672-002f89276a4e.png,0
838d5522-d44f-49a5-a4e2-7e84a75c2f75.png,0
8398c537-9abe-40e2-8d14-551ff9f7587b.png,0
839dc857-9e00-47d1-94d7-e3b1271bbe73.png,0
839f232a-8968-463f-b9b9-3cab7b3c05ed.png,0
83ad1194-5a47-46fa-aa3c-39453ebe6896.png,0
83b91807-5f6e-4938-b9c4-b8ce8b64cbf4.png,0
83bef258-f056-428b-adc2-2f2d72ed4586.png,0
83c5ef04-77c4-4584-948a-1c6a6ba49444.png,0
83e0c51c-af5b-457e-849b-bfdf083782ed.png,0
83e74008-03a3-4a5e-99b5-32d0d590d49e.png,0
83ee7f2c-8974-4201-8fab-87cde6f89038.png,0
83ef0eca-3840-42d2-aef3-e438ec4e2c29.png,0
83fa70a8-a58d-47d3-a95a-633f035d14b3.png,0
8406541c-e9b1-4729-9631-aaf13745994f.png,0
841e62e2-9f17-4622-9c8d-17aa639e7c75.png,0
842f6d0b-93eb-4761-9a9d-bd874642ed5f.png,0
843d5143-a86e-4527-8560-8b1d91a96208.png,0
84453178-65f1-4dd3-9013-b14354640a3a.png,0
844d3e99-7ada-422a-8ea3-2c056fb3896d.png,0
846242d9-f270-4e06-b62e-86c58bf0c6bf.png,0
8476f1d1-b4a1-4ba9-ae61-6bc6742732ce.png,0
847ae038-9936-45f2-b4e2-a5f2ae396b5d.png,0
847e9faf-f5d6-45b7-8622-9e8fa4b907fe.png,0
847ec9f4-387b-4655-b357-e0c2b1323feb.png,0
8488fbce-0fd7-41e4-b374-1dbf2e07060a.png,0
8494a8ec-6bad-4e3a-b4da-db9383a950bf.png,0
849642c1-13eb-4521-9af0-43e25ac8134c.png,0
8496fb3a-b2ea-4cd7-8c61-726945c70bbe.png,0
84a5acd8-1e79-4f6b-8cf4-66496fb34314.png,0
84a8a5ea-cb99-4376-8d50-d90cff5904ef.png,0
84b41293-07b3-420f-9470-1bcdd1c09ca4.png,0
84bf9b28-657a-4d4a-89c1-70cd2512e305.png,0
84c1722d-960c-4191-aee0-54909e2a9814.png,0
84c3c816-eb8b-4a44-ae5f-e589011ae9fc.png,0
84ece471-d23a-4b93-b6b3-92ce921f2eae.png,0
84f08609-93eb-4a37-9ec8-330de61dcf11.png,0
84f26613-70e0-4161-8804-65835801f185.png,0
84f7d0fd-fd19-426e-8344-b56dbc1ca6e4.png,0
84fbfb70-4133-44c7-9c1d-67fc20d011df.png,0
84fc2a49-5501-4762-ac20-f10d10f5bb41.png,0
851e42c6-2d78-4dbf-9297-0ebda7f6bfe8.png,0
852cc5ad-522c-4a30-af8d-6dbb53fbee4d.png,0
8530beea-410e-4e64-8a6b-b2c089371fbc.png,0
85345d2f-2530-42cc-8d2a-e660fd8f6236.png,0
854315af-23cd-4668-93c5-f6d8b1726333.png,0
8548232a-97d6-4980-90da-5e70e587c980.png,0
856d715b-da52-4b5a-9e1d-d6fbd7629d5b.png,0
857b7847-e656-4682-ad6a-e07172bdd937.png,0
857de893-ea75-4045-8e38-522da92d523b.png,0
8584bbc0-d37b-40e8-b109-c863b4740e41.png,0
85929859-0277-4118-8775-a4b1ca637dfe.png,0
85972891-949d-457f-9eef-4d9af6943b64.png,0
85a070db-79ec-4c1c-be8f-cb0a684d9f7f.png,0
85a38f61-752c-4a5a-9a9a-eabc2889bc06.png,0
85aadfc1-5df3-4076-baf7-c511b627713d.png,0
85b2bf9e-fc98-45be-99f8-4af786805333.png,0
85c11381-f062-4bcf-9446-c3b79d528cb2.png,0
85cb9bb2-db1d-4bc4-97e3-9ee103e6a512.png,0
85ceb327-03c5-4055-b8c5-7545bd0708d7.png,0
85cee2f7-9628-4c61-a51f-f7be52f5c5c9.png,0
85d71d6b-cbe9-4bc8-a83c-a3d4c3d94dad.png,0
85d9875a-9fac-4422-a92b-08a593461a51.png,0
85dad6b6-8a4f-4189-b1c0-006a66f5b0bd.png,0
85e72666-5791-4882-b0ee-c0635c97ecd7.png,0
85f6d0dd-980c-45df-a971-b3a8ac3213bd.png,0
85ff75dd-4799-477c-83c7-7324f1e4ad91.png,0
86066dd3-2255-4f12-8fb8-e3aab02ba8b6.png,0
860b35ae-5242-43fb-8e37-4b08d2b79a70.png,0
860da4ca-ffdd-41fe-b3a3-511ee42a61db.png,0
861527f9-8aa7-4c7f-81b7-c8bf6fb68222.png,0
86157f09-30df-44d5-92dc-b12153c24932.png,0
86375503-9b51-4796-8806-d4573cd9a532.png,0
864436dd-976d-45ad-b6c7-1bfe927c3d69.png,0
864a6712-56a0-4f7c-a98a-93441e1deaa5.png,0
864e24be-393a-475b-a5c7-0a49856d495d.png,0
8650a631-0b93-489d-a093-21f7ef9e11a5.png,0
866892cc-d54a-4999-a70f-c9396c275db8.png,0
86746808-b97b-4a47-b073-973fa4babd3f.png,0
868aa791-fca9-4915-b8e2-c38460d90426.png,0
8697ce4a-d16c-44f4-9271-393000aa9d42.png,0
8698df10-24b5-4b01-ab93-373ba59e26ba.png,0
869e160d-9d79-42dc-beab-04bd3607862a.png,0
869facf4-a6d0-452b-b001-c7ca04524955.png,0
86a95eba-c600-4016-8e14-febf0dff0653.png,0
86ad951a-d0b6-4af7-b303-dd94c1dce684.png,0
86b194b5-dc85-47a9-b77c-e17f68d6d5c9.png,0
86b32de2-c74f-4446-9541-9a27e1021984.png,0
86b4fe0b-3545-4b94-abcf-7710922257ce.png,0
86bd39a4-568d-443c-9ad4-4c9807d7f136.png,0
86c14816-f11b-4663-badd-50b8a6abded9.png,0
86c27916-8e16-46f3-bfc3-41ad645dd672.png,0
86d81c2a-dbcb-4fc5-aba5-023108f1ef1e.png,0
86f82671-b57e-483b-a5d8-47ba057ac370.png,0
86fa7c71-ada6-46b5-8209-441192a806f6.png,0
8700b00c-a90b-4c7b-876a-a4d58ab2f480.png,0
87064cb1-4adb-4d7b-ad87-0fab792abaff.png,0
8719f746-c748-4e5a-bd8b-6c07e0fdd014.png,0
871e5b63-69a7-48bd-93bb-cce86072bfc1.png,0
8720b8ed-935f-4071-9bb0-a48ba23319a2.png,0
8721de5e-f6c8-4af0-a695-356e969f4687.png,0
872bba5f-f2b0-46c2-9f27-af68b636a985.png,0
8737758e-de09-4135-b5b6-a46eb2ae3a21.png,0
873e1556-1944-42e3-9267-c3bad3387973.png,0
874447bb-9b37-48bd-a593-12e6d62c8dbb.png,0
8748f059-1fe3-4cb3-8595-177a46ceb5e5.png,0
875be0df-50f9-4b73-9e62-fde4677c515a.png,0
875d345b-02d4-4072-8aba-3f126efe070c.png,0
875e79cc-dbd9-401c-b676-9d7d84951543.png,0
8760bcf7-6545-4d43-8996-39d5abe8653e.png,0
8764290a-9a6d-454e-8655-4f19e6054b31.png,0
876785b8-4691-4231-b8c4-6e92527dfb08.png,0
8769a5f8-1287-48b3-9ba2-c67be8e31a36.png,0
876b6810-5df3-45c8-9d5a-9e3cd1d59022.png,0
877b9210-bba9-4c32-acb4-82498f175a2b.png,0
877c4b8a-4ed8-40a0-bb93-ab28473adffa.png,0
8788cea6-effd-4a43-9004-19a7cb1207f4.png,0
87921e7c-7efc-4af1-a66f-a0aefc658f5d.png,0
879d403a-7483-4b0f-abac-5fdc46c584f3.png,0
87a2d8e1-4a73-442b-b9da-4a640b6f631d.png,0
87acb368-8e85-4bf3-aa3a-17065d7960d2.png,0
87bc496f-9b7e-4282-9cdc-95f848908c84.png,0
87c025b9-0f2d-45cc-8d7a-bf6a7f817d15.png,0
87c1129f-231b-4680-ac14-108e64a4a48e.png,0
87c29c2a-db5a-46ba-8112-fe4a09a6e58e.png,0
87c2b21c-7a98-492d-94c8-4f72620c5847.png,0
87c70c16-fe47-4aea-b6ec-21f975930c8d.png,0
87c9db93-c4b1-4488-9f8d-d94ea473973c.png,0
87cb5aac-ec60-4d29-8f0f-63ee1a43c5c5.png,0
87cf06e2-8bda-47a4-b406-38766408a9c6.png,0
87d40499-6bfa-4547-9172-6225b0f77cc9.png,0
87d989b3-c8ed-40f3-976b-aed29114b0d6.png,0
87e02682-fc89-44c0-8a7c-866f0dcaa8eb.png,0
87f703a2-45fe-4a6f-a7e6-b58de3428e0d.png,0
87f8135a-b41c-4e39-83b1-ffd421057f82.png,0
87f877e7-ad10-4b37-aac3-ff05c4dc7a6f.png,0
87fc53e8-012a-48a9-8901-199587a01ba8.png,0
8807c9e0-9c85-44fd-9804-9cee8d50aceb.png,0
880ea9e3-6c84-47c9-a94f-bd8c94903eb3.png,0
880f0e16-a8d8-4ff9-ba21-5cde5c2860f8.png,0
881ed5f0-cf38-462a-8f31-b037a5fc0177.png,0
882a5e93-34f4-44a2-88bd-39b90314b6a5.png,0
882c5097-49d9-4985-b1a4-03ca8773615d.png,0
882e6633-37ae-4100-a315-5de37a6a1cca.png,0
8832feb7-c221-4d3e-9086-fd6d787cceb5.png,0
8835dbeb-b2b3-4744-bf0a-a9af9521b227.png,0
883b3236-d2c9-456e-9653-f0a5a27de37b.png,0
883dd87d-faa1-4500-a413-15e534941d99.png,0
884be4ae-96e3-4690-b4ca-98e69b7e9d88.png,0
88510d89-5d17-4e12-8e60-77721bb40966.png,0
88522719-8558-4845-8e97-38ce464908fd.png,0
885d0a5c-ccfb-4522-b98f-824b32c763d2.png,0
8867c7ec-01bf-48de-8f8a-378b02b3ffe8.png,0
8886e5a9-1d22-4dff-adae-d977755a57cb.png,0
888dc50a-04f6-4b51-a621-9fa9b374fc0b.png,0
88914c65-c706-42bc-88b9-59babd158a89.png,0
8891b471-5c48-435a-bb12-ed6198211f55.png,0
88942782-7948-43f0-bb6a-8ef1f7002327.png,0
88a4cd49-f63d-4894-982a-48e7b60bd353.png,0
88a854fe-e8ca-4b03-86b1-ebb3e27ec605.png,0
88b1c846-be22-4ef2-84eb-52f20a37dab3.png,0
88b30c18-843f-4c50-ae65-52b03b1a9486.png,0
88b4addb-e92d-45a3-91f6-ed710e0d7443.png,0
88d29b61-2730-4f6f-98bb-4ce5e5de3b24.png,0
88d3eebc-c9d4-4752-b4dc-477e37a1f00c.png,0
88d42227-98c0-4f9c-9700-c89ebe83490f.png,0
88e9bc86-ecfa-4a58-845b-b9cfb01d201b.png,0
88eab2fe-0e34-4c90-ad6c-3c7eab376c74.png,0
88fc0fd8-9814-48d1-b6f7-830ea7957183.png,0
89092a09-18b7-450b-a7b0-58cd6c147919.png,0
8914e26a-095b-46a6-b4eb-858e6f75f5e6.png,0
89152997-b72a-476e-9b9e-c1af6ef91505.png,0
891a1dcd-ea73-48f4-9508-e3e52ba3c5fc.png,0
89218251-8007-42b6-8099-324efa7c75f6.png,0
892350c2-ef10-4145-95cc-4c5a248b4239.png,0
892c13e2-8d5a-4a4d-b7a6-6992714ab94c.png,0
892c7112-9d18-48b9-952c-d6d29c08d8d0.png,0
8935fd81-a0de-4489-884e-5489faaddacb.png,0
89499aad-3923-44ef-a18c-4cb282de85e2.png,0
8949f382-c28f-462b-a902-058818235e3b.png,0
894a56ed-c1fb-4ddf-b268-def503c20f16.png,0
894e2c84-f131-41f6-b846-eb5ae491a1c0.png,0
8952992e-71c1-4ccd-96a8-2f439a57da5e.png,0
89551f74-8f6e-4f00-884f-1e76ae4c0846.png,0
8957ebd9-d891-412f-8bd7-7ecb149c4967.png,0
895b0c0e-75cb-4adc-9203-3d48ce3404f5.png,0
895e70fc-1bea-461e-ba21-9d2be5fc20f2.png,0
895e7f0c-8691-4978-9332-5a76119cb976.png,0
8962fa2c-bffb-455a-a57e-2b86d6e0d2b3.png,0
89745fda-4d0b-47dc-9b08-b51ec914e659.png,0
8979060d-ec42-464c-bd74-510a0031965d.png,0
897f3a77-4254-491c-8d23-7d94d02f30d6.png,0
8980920a-ce94-4dd7-b9fe-d721552b3c77.png,0
89811376-1341-4d03-93b8-1c4771890cf3.png,0
898a130e-8636-4cd0-bd10-12528871dfd5.png,0
89a2272f-45d0-448a-84cd-2b7c6f6e305a.png,0
89a70e5a-1a24-46a0-9b60-e0780752a1d7.png,0
89ae6072-d856-4254-bd43-8a625c4483aa.png,0
89aeafbd-37ed-4ff7-a8cf-3e6e5cf803ef.png,0
89af4d95-4a0d-4fb3-a4e1-75d470fd3cbd.png,0
89b562f9-7ad1-4fe6-93d0-04727a5e2030.png,0
89b60fb5-b6a2-49a1-ac55-7defb6126414.png,0
89b8ae25-5f32-436a-9a03-4b39a9a25879.png,0
89b91e46-f1f4-416c-abbf-8b0e2131f549.png,0
89beedca-e0ce-45df-b840-218f54de8fae.png,0
89c4d460-8231-46dc-bf13-901d61cebc51.png,0
89cb2858-89da-45a2-97ee-f68fb2415039.png,0
89d30974-e47a-4743-b173-e50e60e0427c.png,0
89d39f67-87ba-4eb2-881e-403e8e83e3ce.png,0
89d63d9c-91be-49b1-a072-a4076a35a29b.png,0
89e23e03-487d-49dd-ae1e-b42efe3ae119.png,0
89e2d8bc-2e4f-4f5f-8e92-06119fa63cfc.png,0
89e479da-7f61-4535-a24e-396bcff92c32.png,0
89ec20d9-899f-4788-90c8-2f4c936b26b6.png,0
89f5e0a9-1dbb-4e5c-8d1e-38e6c4638db5.png,0
89f6abe4-a259-4c7d-a98e-6788d11ee3cf.png,0
8a02723f-d20e-4172-943b-50e0b99ecb7b.png,0
8a0db21f-2bf6-423c-ab0d-421f9addd8d6.png,0
8a0f1bf7-0ce8-4fff-b5ad-398aa0b6015a.png,0
8a14a02a-0867-491c-aa6f-fc0f643ffeb4.png,0
8a16c996-0d96-42fb-a51b-c60807a37169.png,0
8a2cff37-2aca-4914-93a1-72a89d8df2bf.png,0
8a2f2a7e-6692-4009-bd45-3cc1fc2da91a.png,0
8a3166ec-e855-4ae5-afb8-f0d9ef7cedef.png,0
8a38f81b-8ab1-4ea6-906c-5d803833ffdb.png,0
8a404c9d-91fd-4cee-891c-a896e60815b5.png,0
8a415e6e-eab0-428d-b861-8f4b3f2f657c.png,0
8a58d9e2-9cf1-405b-8e7e-102117a8200d.png,0
8a6d3ef0-a0ba-41a8-886d-b262b00880c3.png,0
8a6e99cb-c4d3-4d1c-9def-3d061dc52edb.png,0
8a7aa489-8719-4f2c-bec0-0bf74467fb83.png,0
8a898834-7eb5-4e0b-95a9-b3d23298bb6b.png,0
8a8c8a6e-77c3-4dc2-8825-74d1dbed9e03.png,0
8a9ac386-0e67-45aa-8a7b-59c288bb416e.png,0
8aa89a63-f4aa-47c7-9f39-37b8f6bb8444.png,0
8aa9e4e4-bbc4-42bc-aabb-a3fdcb6bd0ad.png,0
8aad5e6f-9fa5-489d-a13d-96afe7275ada.png,0
8abd6d5e-6aa0-44fc-9e02-7914ba22ad68.png,0
8ac92a3d-6fe9-45d6-ba9b-a860abe38f83.png,0
8acabbc7-d6d0-4f74-ae5e-a5a01fcb4c6c.png,0
8acd8910-499e-4698-86fd-f4031de9c2b3.png,0
8ad09776-a81e-4b36-95ed-2fb3bbbe1b02.png,0
8ad23f67-f105-4cfe-b1c0-306fbf4134f4.png,0
8ad84aeb-9ede-4983-9a58-9de85a644f76.png,0
8adad269-d24c-4a1f-bc9a-e923da4dfc1e.png,0
8adfe40a-6de1-4677-8dbf-e92f8281c432.png,0
8ae16e5d-5f8f-40a3-822f-1f7e780aa498.png,0
8af01f75-895a-4492-95d1-63c2532be8c0.png,0
8af1f9a6-ce1a-478f-b0a0-74c1e0c09d9a.png,0
8af22f72-b737-4335-8f3d-bdc08cd3c462.png,0
8af2c1a4-3598-4a5a-9a29-47fa88ae5e3c.png,0
8af4747a-c1a1-46f3-a47b-3896d99bf17e.png,0
8af55420-a4fc-4443-90e4-becf53817b61.png,0
8af8df8b-d98b-4e5b-a025-891708527dc7.png,0
8b007266-3691-4ac5-af94-79d8fe6f1bd5.png,0
8b04816f-bfda-40ea-83da-d7471bae81bf.png,0
8b0c0155-5275-490c-9863-0ff9168dce7a.png,0
8b0cda04-b3df-4c31-93bd-d3801a285327.png,0
8b0cf1ed-4b24-4bcf-9474-d7d2716382db.png,0
8b0fc04c-70fd-4648-b5df-12f8bdb24862.png,0
8b136428-7100-41cf-996b-a46427db1b18.png,0
8b18b1b0-5e4d-4cff-af99-937d3a31416a.png,0
8b1cd490-a9de-4c63-9fb6-3758d1413838.png,0
8b23b2fc-0176-480f-89cc-b63a948469b1.png,0
8b2e2e6b-422f-4196-9209-10c722b2e860.png,0
8b2e301c-ad07-41d9-9575-f7fc2f6d5b54.png,0
8b3172f9-df28-4730-abc9-3904904bdb0a.png,0
8b3a7974-3b99-49c5-863a-f692944080b6.png,0
8b3dccfa-0ea1-4503-9c12-47bb4008b271.png,0
8b449ced-e29c-4cd6-87c8-d2439d5f2db1.png,0
8b453abb-a8e9-4dfb-8484-69c62b42d1db.png,0
8b558fb6-d2d5-434a-83f4-8c37eb36e78c.png,0
8b5c52fa-61d9-4d89-acaf-20a1b63a309d.png,0
8b62e87f-d35c-441e-b517-3048ff56f55d.png,0
8b6d9d85-61c3-4469-b7ca-5dff4047815d.png,0
8b708a98-49d3-4ad8-b1bb-575d8ea43a75.png,0
8b74a230-3f35-4d9b-a21a-cf2b6ae97ffc.png,0
8b7d8e04-1edd-47f1-bbaa-4d24fc2bd64d.png,0
8b7e354c-b6b4-4abd-be33-d09ee32e1458.png,0
8b82e8d6-d69f-40b0-8ff1-0ab4a2e85bc7.png,0
8b839eb7-342a-4739-af1e-5402a1b338b0.png,0
8b869cb7-6ca0-454c-a9c2-cda67d8762f0.png,0
8b871c89-a13e-4778-9aad-c1a6d6f2ff82.png,0
8b8a684d-d11d-41c2-a457-fe0982affcb9.png,0
8b8d8aa5-2eb4-4283-a4f5-0d3e1f81f8df.png,0
8b95e8f1-a796-4dca-8f09-137869c91eb7.png,0
8b978a1e-ee31-449a-8689-22e4eedd2151.png,0
8ba647d3-a5c9-4ded-815a-e24dbfe7dd59.png,0
8bac8adc-1018-4883-bf18-76ed55b644df.png,0
8bcbc23d-15c8-4e14-a2c7-7fca7b755d8b.png,0
8bdf252c-a4cf-4327-917b-8517458fa6bc.png,0
8be3494d-fe57-47d2-9dd1-ac5db3781850.png,0
8be6c294-7297-4b1c-947d-11816b0ad1e4.png,0
8be844aa-e84b-4496-b67e-707e6074ca30.png,0
8bf3d116-1c45-43a9-99f8-844be581d401.png,0
8bf81cf9-7a6d-4246-bddf-9b5e5bcf8ba7.png,0
8bfa01c2-aa57-4cba-9793-4dc0e15ec2c0.png,0
8c051e14-777c-4f54-a2b7-d71645cae564.png,0
8c0884c4-7227-4d9f-8b94-5bd29b2c3e20.png,0
8c09f9ff-a5ba-4531-b44d-d089a1f980a1.png,0
8c1a60f3-c293-4784-9793-44a21a1c6f63.png,0
8c26339e-9311-409d-a801-1ad6786acd24.png,0
8c2671bd-77d0-4b0e-9d5b-df49b94b8f18.png,0
8c297d04-07e0-406f-82d5-1a223214872c.png,0
8c29faa8-1a16-468a-b5b6-efcf5582d950.png,0
8c2b6caa-41cd-45c0-95f0-de71c3e9186b.png,0
8c2d4d9f-d7b4-4627-a548-e56085bbef08.png,0
8c2e89d4-86c2-4019-a5cc-80570b8c4dfd.png,0
8c31e8da-4939-425d-802e-1c778a63d9ee.png,0
8c37cf0b-8663-4b20-9c89-2b452d8863c8.png,0
8c40fc60-e753-420e-8a47-1e9c1990a924.png,0
8c433d4e-8100-4009-9145-1ed9e801f1fe.png,0
8c4913dd-4992-4c62-9e48-37f2fdcf6c18.png,0
8c4c2c88-5e6a-43b5-aec0-c5d68beb586a.png,0
8c51d199-1882-4a94-b660-0143c8a90a84.png,0
8c55b222-9d23-4dfe-bddd-a4649cb70c63.png,0
8c62b364-84be-4c83-9c3a-43df335a1978.png,0
8c6a20ca-f372-4e17-8cc6-7a4d48666c23.png,0
8c6d10af-ba51-4f65-8b0c-83017eb324ea.png,0
8c7ad8e7-43c7-476c-992e-26312e5b3362.png,0
8c7b0198-761a-4fd7-b015-fb91bf7845fc.png,0
8c82ad94-205c-435a-a510-e4be16cf5657.png,0
8c83f195-1cdc-4410-927b-29379b021d87.png,0
8c90906b-b272-4ad8-ba3c-9a6faf0e03f4.png,0
8c98c399-dc7d-4466-a9b4-fe017b51016e.png,0
8c9a2306-de2d-4631-ae28-9493a8d6a586.png,0
8c9a86b2-45c2-4435-acd0-2eb1c7dcf73f.png,0
8c9f3f8a-e276-4afc-8005-e770a332c3e7.png,0
8ca25ab0-0ec3-4b4f-b11a-e7c947e6cd8c.png,0
8ca3384a-3b54-4b22-8c97-628d45a715ab.png,0
8cb08a13-17cf-4101-89c7-3ceebd0cad0d.png,0
8cb4b33a-335e-4488-832f-4369941d4a6c.png,0
8cb61d47-d7fe-4e31-a6eb-2d76f5f26336.png,0
8cb8f8fc-a2bd-4133-a483-daaa6ecf36c1.png,0
8cc53b02-b1cf-46da-a20e-2f0aeda4f848.png,0
8ccc88f0-d99a-4a69-bd80-0a1dc8b48258.png,0
8ccd1e32-96f6-4a65-a8f8-e9cfdd5a13d7.png,0
8ccda516-932d-4f8a-9765-6135776494fb.png,0
8ccfe877-bac4-41f7-b7d2-391852bd3c76.png,0
8cd71907-0eea-4100-af42-7a386d67ed56.png,0
8cd997ae-cf8b-4fc1-891f-115c502da6db.png,0
8cdafb91-e1cc-4051-800e-1d03cccca035.png,0
8ce7c7e2-cf1c-4849-9a68-8d832c2b7e19.png,0
8cea149b-8947-497e-8279-0a7aefc28d60.png,0
8cf2eb4c-fcac-4398-83d1-fba18320cb6f.png,0
8cf63742-b23b-43e9-8834-ec72713cb33f.png,0
8cf8f8ba-1d91-4e30-bed7-ce1ec412d7da.png,0
8cfcc69b-d659-4888-8551-790891d8568e.png,0
8cfec33b-e4eb-4c7c-b31e-584300416467.png,0
8cff6974-c206-4db4-849c-f6a20dd09383.png,0
8d004cd3-8e35-4b9c-acec-fdfa3a474431.png,0
8d05952d-6a24-4633-9fdc-ed5227500c41.png,0
8d091d33-6dfc-431e-b459-995016771709.png,0
8d0ab9e0-e16d-4394-8b14-5cb4992282be.png,0
8d0ae735-1723-4098-83b8-123f86eafbd9.png,0
8d2a4ca8-58bd-48d1-afb3-836de5372e6c.png,0
8d33c03b-b7a1-4e67-8924-2854f2112d24.png,0
8d3d0ba6-799d-4874-a804-75a4c0cf4ae6.png,0
8d420869-5632-4a1d-9b75-c913472148bf.png,0
8d428c40-37c4-4a95-bce1-eba03d848db4.png,0
8d465467-46da-4d69-b364-f9ee71789607.png,0
8d56bf18-c3e3-4872-9fc0-a3db283b0cee.png,0
8d67aafc-e87c-4ddf-a431-8edd9fe99b44.png,0
8d76571f-43b4-4fda-bfd5-cfe76f6bbfa0.png,0
8d768b9e-92cb-4343-9a2a-20ce3d137695.png,0
8d7a4925-c838-449c-bb08-8e7699322366.png,0
8d837773-a674-4af2-b401-2b3216586c5e.png,0
8d874b22-aa70-4680-9316-bc53f777b887.png,0
8d8b9e0a-56f2-46aa-8cc9-3535bd241ad3.png,0
8d8d2dd7-b0b0-444f-b4a9-885382c8c668.png,0
8d914562-3492-4df3-8f2d-54c4aa9f17e8.png,0
8d9fb29f-9dc8-4e56-8498-1f4d50ed4ec6.png,0
8da2a62e-732f-4646-a470-9a18af1204ad.png,0
8dae91d8-3c8b-46ec-9e18-ecdec5f7a91d.png,0
8db71a26-a5b2-46fd-b069-933c7a68e2bd.png,0
8dbaa184-772b-4b74-8983-9cfbd2e92860.png,0
8dc721e1-00c1-42fa-b075-0fe7d43bdd4b.png,0
8dce5367-bd3f-4652-ae2d-a114bd1a7e0f.png,0
8dd0e96e-89d8-4461-93d2-73c3e2373694.png,0
8dd5b363-e439-46da-8f5b-a08d4bdb8404.png,0
8dd9cd05-2d0f-47bf-8bc5-a477608fdd9f.png,0
8ddb703e-4cbf-4570-8395-70d0c4b7fff0.png,0
8ddd4aaf-983e-4a98-9cc3-b275887b95e5.png,0
8ddf9271-afbf-44bf-b566-f5c17ff31ddf.png,0
8de41cf8-f749-4fc4-8a3f-8f451497b030.png,0
8df52c85-df58-45e1-9142-7bcdd4d22f71.png,0
8df5b713-f0dc-44fe-86b1-e99c2e4d927f.png,0
8df77461-c240-468f-810f-9796686a2c0c.png,0
8dfc7217-277e-4bba-87bd-4dacffd667d0.png,0
8e0004ff-b53e-445e-914e-4dc4fb91b840.png,0
8e0a650f-5894-4a7f-b606-5c8edf968d0d.png,0
8e0af3ff-6334-41be-bb99-a72ead8bed87.png,0
8e148972-a43e-4717-b1d3-d3ecdce24f65.png,0
8e19bbae-f2e3-4e16-bea1-cae6a3810350.png,0
8e2001aa-2958-4e86-a73a-c3c1eeee00cd.png,0
8e23bf2a-03c6-448f-9bca-57b505ff27fe.png,0
8e25f085-5dfd-45ad-84c6-be1c2296189a.png,0
8e26fa7c-1218-4795-b7ff-bc9db7f74715.png,0
8e287c3f-3484-4a12-a58d-ac4a4c077bae.png,0
8e322fd9-9f05-410b-9b9c-39fededc1217.png,0
8e3c125f-644a-480b-98c4-220a3eb10ccd.png,0
8e3f8832-bc51-4297-ad37-adfe59ef9d0d.png,0
8e434550-6fc7-4039-a8b5-1279c79e3b29.png,0
8e4596ff-96ee-4b79-97ba-408bef487511.png,0
8e59fae6-479f-43f9-a1cc-1a2aba178e95.png,0
8e5b976e-c49f-45b1-9f3d-9c33fafab5c8.png,0
8e643402-fea2-4355-b577-56fdb7041f21.png,0
8e6ab6c7-99f4-44b3-82a0-91ca0b07556a.png,0
8e7267f3-9acb-46f0-afcf-b3143a579a99.png,0
8e741a09-277a-4078-a1e7-6bdb093f6e79.png,0
8e763690-1052-499f-abbb-7dd63e15149a.png,0
8e7b6b7f-1efc-48ca-89a8-061c17d51a15.png,0
8e835512-0787-4ea6-8c83-e55bd9592dc0.png,0
8e85dd37-78b8-4538-8228-480f24b3995a.png,0
8e86a7e8-18dd-4fd4-ab3f-2ebed9a97150.png,0
8e8d3c64-c380-4cdf-94f6-e8853424a978.png,0
8e9c142a-1265-4ab2-887d-fce3b9b46ff0.png,0
8e9da305-fc8f-4d6a-ba83-42c8bede571d.png,0
8e9f4bf8-b008-4ee5-9b48-e5bbbd06125e.png,0
8ea0b3be-7700-4696-9f85-bb5ec573586f.png,0
8ea7ae03-e510-4a0e-9831-1cec2fc9933f.png,0
8eac99ab-25bc-4ad7-97cb-4fec4ca1305a.png,0
8ead3179-7db7-43ed-952f-74438a25f3a1.png,0
8eaeee41-1a47-4c85-aa39-b9afdb767970.png,0
8eb094cd-bd84-4453-b6f0-ceead0fffdbf.png,0
8ebaaf15-3a09-4cde-871b-337654d5908a.png,0
8ebe4294-7b95-403d-985b-da0943b80f3f.png,0
8ec613cb-5c01-43b1-92e3-929cb536e77f.png,0
8ed3380c-44db-4df7-8078-7a47dbdba32a.png,0
8ed4a02c-9d40-457e-a8d0-c890026c4067.png,0
8edda7d0-cb5d-4218-a8df-a0583d10174c.png,0
8ee256be-e94d-4554-8929-a352bc0fba56.png,0
8ee80e18-162f-46f2-bd7d-5e7cc9404fe0.png,0
8eebaba1-9c84-4c23-b7b6-6307acc1cb6c.png,0
8eeee8a9-4d41-4673-92c8-50c5f64ce964.png,0
8ef6919e-034d-4989-97d5-bb252dae3076.png,0
8eff11d0-2aa4-4033-8e25-3956bc0568b1.png,0
8f00dec7-85d2-48b7-995a-0a139798320c.png,0
8f02a470-8b8a-4cbe-93da-06b39a41db32.png,0
8f0cb84c-a73f-4f77-8ebb-929e961f5585.png,0
8f1f4d58-a41e-43a6-9d1e-c2784d3b5efa.png,0
8f234a84-4067-4bd2-a114-8b894ddad52f.png,0
8f2913b7-5c3e-4534-a989-e4322efdbd1b.png,0
8f299798-432f-42dd-80a3-5c8313192d4e.png,0
8f2b95dc-a9b4-470c-9934-78852e1260b9.png,0
8f2e32fc-ba1f-4351-aa8f-611bd8978327.png,0
8f3a0298-d18f-412b-bf37-89387c64ab41.png,0
8f3b080b-1c92-4319-9778-267d8d55fe1f.png,0
8f3c3ee3-e0cd-423a-a58f-a9990d5afc2f.png,0
8f4263bd-bd47-48ab-b021-1a7a9af0ea37.png,0
8f486c13-cd02-4c32-8b23-8c492cc27cfd.png,0
8f4f0c03-bccd-420b-965f-c58d21690b12.png,0
8f5002f2-7cad-4334-a14a-12e67ad21792.png,0
8f54480f-6198-4cbf-b839-0dee3af51b7a.png,0
8f5dd555-1e48-4d6c-9aed-8411044d1f0f.png,0
8f66472e-29c1-4dc5-86d7-8e0fa67e9f74.png,0
8f6f2e89-2b9f-40b3-974d-dbbc0f820286.png,0
8f719c99-d7f6-4e27-a5f6-3a259dc60b61.png,0
8f75318d-7719-49be-b3ca-523940d6ba7d.png,0
8f755ed6-51c4-4af7-8130-10a3c76a1ab8.png,0
8f825cc7-1dca-424b-8bff-decbc94e921d.png,0
8f8e6d37-39ce-483c-9611-2657275fd212.png,0
8f9210c1-0b2c-4d37-b08d-dfd608fbcfe2.png,0
8f974813-c9c7-42cc-a8be-87039918ebd9.png,0
8f9bfc6d-dc1f-495f-b00a-91055613d458.png,0
8fa0207f-cc3c-43fb-9a1c-a0475f77e680.png,0
8fa5d758-4797-4c75-99eb-65502fd35612.png,0
8fa7ce89-1256-48a8-8c7f-ca5d7eec9900.png,0
8fab5ace-cecc-4f99-9586-ac7329a571a3.png,0
8fac79af-3246-404c-a493-32dc42903900.png,0
8fae133a-b424-48b1-96a8-a2add7b8b8a2.png,0
8fbdb95f-e09b-47ff-b674-2128fa3c361b.png,0
8fcbeb06-391d-4a82-b035-614d4e6abbc8.png,0
8fcc1e9b-4ee2-4251-ac82-d9ec7dd1869a.png,0
8fd11189-db18-4583-92a9-4f7885a0ae9c.png,0
8fd24fd1-4a0e-41de-b043-f3e1438b7f10.png,0
8fe3df6a-c79e-4660-b9a8-5dbe0c8922b6.png,0
9003ee77-f609-41e6-b4e9-a0fb1f95c415.png,0
900da8fb-7ada-46a6-a1b1-a23dc20e8293.png,0
900f15a4-2f0e-45bb-bc46-29bc13723d17.png,0
9010c510-13de-4b09-84ab-621227ded594.png,0
90132556-239d-4f8e-9263-603596046506.png,0
901716f2-fb2b-4d72-b738-811cf337476c.png,0
901950a9-cadd-4b2a-b24e-093f5e1070eb.png,0
901a4e14-0abc-4bb9-a29b-52fc0491847f.png,0
901c9f79-f402-4468-904b-29d1d0155384.png,0
902599d7-98bc-4832-94f0-25dba50bfbe8.png,0
90285ca1-6780-42ec-bb1b-ddb3a7ed23e0.png,0
9028eb5b-b7e7-441f-990b-f698cc405c05.png,0
903fb8ef-64bd-4422-ba64-1a9ecad83819.png,0
904289e4-96a1-43c8-9eed-6cec2e9c8ddd.png,0
90440659-a140-451d-9ddb-2908d4408c93.png,0
905f015d-8475-463d-aaa6-20953f0edd9e.png,0
90710ba1-7628-4b4c-ac71-a61944ba3825.png,0
9076de25-6b98-422f-9d11-cca443db24b9.png,0
9080a290-8018-4a1a-89ca-e39308571590.png,0
9083a390-7a73-4406-a3be-7d7888ad159a.png,0
90851418-d975-4858-9396-2a03b31ab76c.png,0
9089d4a8-bb7a-4090-b7fc-f8954bd3318b.png,0
908a1246-80c4-4f04-9fdd-b6735ac13cd0.png,0
909b5165-08ad-4bf1-b3af-2aba2aa5be0e.png,0
909e1bb8-f89e-472f-9b59-f2878ea7f928.png,0
90a4a31f-ffc0-440f-bdc9-975ef54bba40.png,0
90aa3081-8d34-44aa-ba3a-66704c074807.png,0
90ac2cea-3521-4e47-8f84-f46b9b8a7f87.png,0
90b9853e-22a6-4d53-bcf1-94377fbc383b.png,0
90bef85d-07ec-4608-a721-833edbecad71.png,0
90c11eb9-d657-4d9c-8fa0-5e092059a62a.png,0
90c345aa-be44-4390-9f4f-12d02643560d.png,0
90c94044-f079-4967-ab35-665ba19bbf6e.png,0
90d8a795-072b-4a0d-a163-f489cf35ab27.png,0
90dccc5b-5e52-4cb8-8bd7-36a931dee30d.png,0
90dd7d7b-f568-462b-8a30-1e4ce254458d.png,0
90de382f-ab3f-4d2a-a4c8-ef4085287976.png,0
90e0bb9c-20a2-4a20-ab79-57ad5c2386aa.png,0
90e11e95-02e8-4c4c-8729-bf643f9625b4.png,0
90ec4fa0-4405-4fcd-926c-6323158fded2.png,0
90ec6562-e496-4753-91eb-fb3eab2bd4ea.png,0
90f40995-6a8b-4dda-ba5c-b960b9dadf90.png,0
90f66692-c3b5-49b5-9f6b-40e401a1b9ab.png,0
90fd2173-ae4d-4342-9872-d79b856b7a37.png,0
90fe31b9-28ea-4e44-8fad-43e5997d2885.png,0
90fe691c-122b-468f-a633-282e18eb94e2.png,0
9114e85c-ef19-450e-ba4a-0290d2f727b6.png,0
911fda2d-a2c6-4344-bc56-a42fdf3c1058.png,0
912449f8-feda-4eef-89dd-55a2786e77f8.png,0
9124decc-be21-42bc-b524-1e75fa20e9ce.png,0
913802e2-820b-49e9-a48c-ec32949c1e8e.png,0
9142b94c-7fdd-4fe5-9ba0-5c21c40a9962.png,0
91469c45-c082-45c8-9cd1-946e6adeaac8.png,0
9146a5d9-aa89-4d59-a86b-e568cb7bfd6d.png,0
914a6efd-0a20-4202-9059-12cee1d9643f.png,0
915023f7-c83f-4819-9982-7d5fd43296e0.png,0
915a7b90-d62d-4927-86d7-083b7007ae21.png,0
915cea19-c952-4b76-b821-17e2ae425b4c.png,0
916497ec-cace-49d3-8c0b-c14f8a736a00.png,0
9168c2e9-87c1-434a-bbf5-bd8ee1d0e124.png,0
916c0fd1-2ec0-42cb-a0f0-378dc882aae2.png,0
916ca534-1af1-422c-8cdc-12490950bad3.png,0
9177da7d-bf6c-4d5c-953a-89270f2d8f97.png,0
9177fb1f-daa1-4ca3-8dd0-fa2dc7194bd8.png,0
917b5947-334e-4642-98d5-8b801b523874.png,0
918090f2-6fad-4555-9d24-62385dd22bb1.png,0
91963583-3849-49db-a281-6ced1cabf744.png,0
91981606-e607-481d-af2b-c77dc9ede77a.png,0
919a3ffe-97fa-44dd-8347-63b66964dbb5.png,0
91a1fcf4-0f60-4f78-a54d-9ed780eef3a3.png,0
91a4c9e5-1800-42ca-87d1-6762cd65bf51.png,0
91a6919c-60a1-48b6-b9f4-65f780b3a50f.png,0
91b0043a-35bd-4cf9-b338-1cbc9b05b76d.png,0
91b5b173-62a3-4245-a23a-53479af8da44.png,0
91b8532d-9a47-4ed1-841b-ea4091f1db8c.png,0
91bacb33-a296-48a5-addb-7f553aaee1e5.png,0
91c1c329-f7b7-440d-b65c-e15c3b31e0f4.png,0
91c1f6f0-8fcb-4f64-ace6-227dea91ae1c.png,0
91c5dbfe-4eee-48f7-95b5-f7dc0c25eddf.png,0
91c93f2d-91a1-4723-809a-1a224bc7440b.png,0
91cc9818-4778-4659-978c-a5a472e3c416.png,0
91cd1a6a-abb6-41b2-abcd-dedbc716e2d8.png,0
91ce2ffb-5eb8-4f4d-afc8-af618e865f02.png,0
91d1abbd-b1e2-40cc-885f-891fef0ded1b.png,0
91d66175-55d7-4a72-ac9f-e07604dde06a.png,0
91de1105-565e-4f72-8c39-7bb5a1246398.png,0
91df7392-2f3b-4390-bc58-c7e8b36d0c73.png,0
91dff5de-1005-4c66-8787-530f1599d8d1.png,0
91e1a785-38cf-426d-a735-91c019aa2c09.png,0
91e79237-1619-4698-9031-b12456ac426e.png,0
91ea2a5e-e293-4589-81f0-7d6124d20eae.png,0
91ed648b-829e-468c-8054-c6dbe95a72fe.png,0
91f34f1f-94c6-4e47-b15d-92bc905d81f5.png,0
91fbf89d-137f-4d13-a962-627c3ecad353.png,0
91fe5edb-3ea8-4eef-8da9-ab3d665dd69d.png,0
9207c26e-330b-44ca-a632-451b1e4fc175.png,0
920cb58d-e9c4-4055-a361-6eddea60207b.png,0
920dacc9-e9ed-4c3d-8afe-e1518d538973.png,0
92104a70-8f4e-444a-b129-8fb204a46c52.png,0
9213dc17-1267-42a4-a71d-546a4d994a4a.png,0
922c538d-1dc0-4fec-9010-291a9e9d0516.png,0
922fa0c4-f867-4102-9741-5952a84c3fee.png,0
923aa86d-acd7-4115-93a5-23c88ff5cf60.png,0
923f30b2-3b88-4412-847b-fdceaf915dd7.png,0
925a8700-508c-42a2-a617-1855f29f8877.png,0
925b38e7-1c45-41a7-a2ca-f09d5a547341.png,0
925e2507-76c5-4004-8326-52d030810fbd.png,0
925f5f2f-a22a-431d-bf1a-2e45d8afaa38.png,0
9261e06c-e2c9-4f3f-827f-ef9f9cb369b0.png,0
9264f086-6532-4038-b1bf-f53d6759f79c.png,0
9272f957-f709-4f8b-929a-643c4e461d48.png,0
928aaa10-715f-4b4f-a1df-16f16310b20e.png,0
928fedb8-0cf6-447f-b6f3-292ac06b2b35.png,0
92935205-c7d4-4cee-a3ac-124507c45ef3.png,0
9294dfc5-b69c-448f-994d-0d7d9d8d0cfb.png,0
9295630a-9d54-4e90-a9cc-1ca46630b04a.png,0
92ade897-33b2-42d9-92eb-540492537bf0.png,0
92afaac6-0b33-4fa9-9afc-2778f2d53054.png,0
92b8dc8c-907c-4cc4-8caf-db571ee8f087.png,0
92bf6e36-702f-4cb8-b345-7769295e900f.png,0
92c92a61-ce29-49ad-8c94-f7b104c37638.png,0
92d45f9f-e2bd-4ed9-bd8f-901ecb453752.png,0
92e902b6-4585-4399-bd3f-fa6563bddcde.png,0
92e9d73c-ebeb-419a-aa41-c0151860d40f.png,0
92ef9a59-d770-40b6-9ef5-2f909d6cc1c8.png,0
92f84dd4-54bf-4a16-8825-b259ee8c283c.png,0
93054661-1a54-4c25-bc50-692279d31639.png,0
9307d6a3-5b39-452c-94cb-42235e55c770.png,0
930d83dd-cd4c-4968-a94e-581903c2cd76.png,0
93131b9d-fa42-4d13-9af9-c73e72c284d0.png,0
9313e4e8-31cd-42d3-9e66-38fdb3d5b4cf.png,0
93149c11-97ed-4f89-94ec-f8c41041dde8.png,0
931a0cfd-5353-4f3e-9891-83aef97d321a.png,0
931aab93-3ca3-4648-a275-0d9cce255d1c.png,0
931dc0ce-081b-46ea-b9d7-0e72889e73ea.png,0
9328a30f-f542-474b-bc0e-268b50a6e631.png,0
9330e032-5a37-4120-8063-58618a632b43.png,0
93319746-cf5a-42a7-a229-c6f9aa57aa36.png,0
933c4c0b-c2f4-4799-86b6-81054b7645ec.png,0
934849ac-d463-40af-b5e5-d5bee91b143f.png,0
934874fc-846f-4e62-a044-4e2d4dad4fad.png,0
9349039d-f052-418e-be33-181237ca8a60.png,0
934aa4e4-b587-4fc2-8542-65e849b3ef1c.png,0
934d2f15-76ae-4a2c-817f-a3b022b0cc10.png,0
934e5ecd-c6e7-4c9d-8855-836227bde5f8.png,0
9358d1c5-ba61-4150-a233-41138208a3f9.png,0
935f4fd2-337a-4a58-9004-2c56af697428.png,0
936cae03-d766-4566-a42b-0e6b3360d2a4.png,0
9373e0be-021b-4ef4-b7d8-973ea23caee3.png,0
9374a88a-dc86-4735-baf3-1f1ef0a1e1fe.png,0
937557b7-bd79-4cdb-b17c-8f56c4991789.png,0
937caf29-fe3b-4fbe-a859-1d3843c4caad.png,0
937eb642-7433-47bd-aa53-e4da0d00e614.png,0
937fef8c-ecea-4123-afd8-cfac01f1fc92.png,0
93821c78-64bc-44d4-ac21-3861c7f93d74.png,0
9383d552-f959-47d0-8f08-27038b1e6605.png,0
93877b26-481b-4d01-9dbe-5f34288ab477.png,0
938af1d1-f862-4efc-ad64-976e42fe3e62.png,0
938ecad9-47f8-4b3e-a0f9-902f2f65b15b.png,0
93a3e425-4665-4852-b3f6-faf3e916ce58.png,0
93a4df4f-bb28-4f02-9e1d-4fc147a93be5.png,0
93a855fc-2b35-4acc-8cdd-2f15f888bfc7.png,0
93ababba-31c5-4015-ac19-cd98d51651bc.png,0
93ac49da-e6a4-47ce-8855-3d71a3bc7748.png,0
93b78406-31f3-4cd2-a7be-843fe55b9ce7.png,0
93bcc9bf-872f-4338-888f-c755b5be7bcb.png,0
93bd4591-e969-4748-825c-2f35b53211b9.png,0
93c3cc21-67cb-44e7-bf5f-483c9168a52b.png,0
93c8a9f8-acd9-4214-8163-3c44fb467b7b.png,0
93ce33ad-9123-4185-9b16-3b759a093027.png,0
93d82d12-f314-4014-ae0d-05dca0e77674.png,0
93e82b8f-b78d-45d5-84ce-a21e6ae5cc3d.png,0
93f035f7-32f7-44f6-8d9a-3fe67b03fe10.png,0
93f73b25-6597-4289-b834-761dc9d2866c.png,0
93fa8cf3-124a-4d7e-a06d-a0d836831e0a.png,0
9406b3c1-5b15-4f7c-a0c9-33dc6033789e.png,0
942fab2b-4338-457a-9005-c7b18ea41798.png,0
94323442-fd06-4f58-a253-cdb64ea123a9.png,0
9433b6d4-c05f-4a31-b7d6-0a002ca386bc.png,0
9434553c-9ce6-4f46-a0ca-29cc154d488a.png,0
943b27f1-ba1c-415b-b738-7b52aefa445b.png,0
9441732a-591d-4527-8b75-9596fbbed525.png,0
9443c291-caf7-4278-8221-9f68a3af6bc3.png,0
9445481b-7d18-4afa-a5d6-335ff7a560fb.png,0
94487dce-0045-43e5-959e-3e3bf9a9ab9b.png,0
944d1326-6304-4b1c-b52b-a17df7fef124.png,0
94508cdd-9336-4c52-a10e-a82a3085b9e4.png,0
94548fc4-d199-4abe-ad48-fbc3f8c2f3b7.png,0
9456860f-f6d8-4905-8ed7-a0e9debe8d99.png,0
94587397-55fa-4ba5-820d-acbcf806c00c.png,0
94684625-66f0-45a5-86fe-de050d116882.png,0
9468afcf-0a9b-49c3-a885-57f480452282.png,0
94691324-1788-4263-896a-6a9b5f4bde12.png,0
946a69e9-324b-45c6-bd2a-0c5d28a9c69b.png,0
947dacf8-7695-46bf-af86-ac3f23b0e51e.png,0
947ddbef-0219-45f9-89e3-6b7cd1c4bce9.png,0
947e8c14-5f0c-4ac6-b6e8-cd1d06bfe1eb.png,0
9487ed06-81a2-48d1-9c24-139cfab7c788.png,0
948a5b14-8b18-4709-9405-c7c0b3e7e0c3.png,0
9490ed3c-5f02-49eb-976b-1aee6049fa60.png,0
94975092-e29f-42a9-a05a-afa80385b66e.png,0
949b0ea6-7bb8-4c53-9c2b-5303b84ef8e2.png,0
94a021aa-e34c-439f-b30d-0c5a1a0c8539.png,0
94a43547-4037-4921-9283-494aa0d5e268.png,0
94a6538f-68d4-4edd-ba10-fa157fd9a21f.png,0
94acade9-f3b8-4b53-860f-e91bb9c33986.png,0
94b55c07-5628-44e2-9ea4-7c0474a330aa.png,0
94b95919-9eae-4049-a578-7803f8e06753.png,0
94c5e9cc-a434-48b1-8bc2-9484f69df493.png,0
94cbb45d-7621-4849-9f5d-e540f29e278f.png,0
94cd9650-f53c-4fda-a47f-0d0bcc181a48.png,0
94d1813a-2992-4aaf-9059-a295069eb201.png,0
94d581b2-b83c-4ff7-9d7c-9d4c7871f2a9.png,0
94db32cc-3fb7-4d84-b4e5-f1fe63d6a529.png,0
94e95206-3b6a-4fea-9635-39a3e62e7e0f.png,0
94ea3fe9-7dbb-491d-8c47-0d76b6888dad.png,0
94eb76a4-a076-49e2-9d93-2cc248e4d665.png,0
9504e1f1-2574-4331-9cc1-da45e0e13187.png,0
9506f75b-ee33-4358-a590-594a752cac15.png,0
9507332f-6b76-4844-a501-7f8ffb05eeed.png,0
95085525-e2dd-4894-a5f7-ef98c90f7774.png,0
951252aa-1ce5-4c4c-8ad3-37bb425bcf86.png,0
952fcf63-27d3-4c30-94cd-9d37caf3ac74.png,0
95312722-a12d-4f3e-9230-91913b36e4a0.png,0
95429bc8-363f-49d5-90a3-b4fcbe15c043.png,0
954d091a-3c7f-4d02-83cc-9e7b6a8d74de.png,0
95594cf3-2ea9-432a-957c-b774f59d18c9.png,0
955aa11f-22a7-43fc-a47e-5bd10ceb2377.png,0
955f70b4-4090-4b39-a297-872158a13907.png,0
9563bf05-531a-4ef6-945a-c7f8714eb6e5.png,0
95672328-19b2-40f2-b912-f7ff707cde64.png,0
956af6ed-e916-4f1f-bb77-249d8400c7b6.png,0
956da714-64f6-4a14-b7f4-4f319c759d0b.png,0
95746d0c-91fc-4a2b-9785-7b9e2bf51019.png,0
9575f8d4-6d15-448e-a615-da0d60c2a961.png,0
957e2d80-bdbb-41a3-9f04-e3f2f51a46c3.png,0
9580ee59-d186-42c3-b39a-1c0dfe3523aa.png,0
95854b0e-e916-4249-b860-5a11b259db52.png,0
95898f3f-3621-40e6-b764-2b2edbc0d09d.png,0
9589ff7f-3153-4031-aef8-25d8916ab392.png,0
958cb48f-1343-41c0-a674-b6e455ad7299.png,0
95a7b129-0666-45bb-8e95-68c4a352d61f.png,0
95ac6614-fbe5-4fd3-b4db-972c24a8706c.png,0
95af921c-0520-4edf-ac33-b48fe42bb6ac.png,0
95b1aff1-7aa0-47de-9109-3d9c0a10be05.png,0
95b1b8af-4dba-4904-a235-4165b8b11f23.png,0
95b2b0de-de32-43bf-b419-e38be5e238cb.png,0
95b703ea-2eb7-4057-a000-aac5b7a32e99.png,0
95bb8cc2-d5d5-4ef3-ade0-18e5ff5b2e08.png,0
95c013fe-3abc-4fbb-a9ea-c9b3dec35eea.png,0
95c3f6b9-46e7-4450-82ef-4455d9afb789.png,0
95c66d37-862d-491f-b82f-cfc8f18e3e48.png,0
95c73305-f906-4903-90a7-f58a4b5c9966.png,0
95c8203d-4ad7-4945-ab40-190af0ac570d.png,0
95cadf88-afc4-445b-8198-e8af982a9294.png,0
95d4dbca-2f4f-4baa-93c7-0b0bc6f40302.png,0
95dd5cf3-9b53-444d-bf9b-705f8ff22e92.png,0
95e6f8ad-090d-4238-804c-5e0ac14400b8.png,0
95eeb017-71da-46b2-8bee-aee7de098d63.png,0
95ef1bd3-c207-4d70-88fd-c37c275086bb.png,0
95fa653c-bcbf-44ea-8749-f764594e9b7f.png,0
95fb0a65-2514-43fa-ae75-a83ea99b0bd5.png,0
95fe7234-02a4-4757-92bb-c6faf3f25f5f.png,0
9608e9bd-9cf6-4707-b40c-6218f4ce0d4a.png,0
960b5087-3abf-4a92-819d-c72dceae1d2b.png,0
96104512-d05e-40ed-8662-eac31c9c3c28.png,0
961e072e-bdaf-4241-9763-fbbc2dc2ca24.png,0
96252c3b-c8fd-4389-934e-298b01166931.png,0
96271b15-29d1-4bd8-9a4c-7b7f2fd43ee6.png,0
962e5512-9d0f-4404-8dd2-966fa1ae1a9a.png,0
964dc796-8083-4c35-b97a-e59e9b938964.png,0
96544dea-698b-4298-a8a2-b25825b38e5f.png,0
9655feec-692a-4924-9d09-6f256f3df626.png,0
9658279f-1689-4700-ba68-202387e569b7.png,0
965b6d9e-1718-4f01-9663-cac87d376477.png,0
966094de-7960-4b46-9dfc-f5fd10697098.png,0
9662cf15-893b-475f-b0e7-2c6d98dfa057.png,0
966db49a-1aa9-4d43-bedd-f2f58e08ceee.png,0
9693f4cd-6af5-4736-ab7a-7a186c13a046.png,0
96ae3a17-271e-453e-a3a8-436ca485fb51.png,0
96b48c09-f6d4-463d-a8df-6179f4e53d44.png,0
96b5bbc1-fa5e-4301-9a3d-03ab0aa66975.png,0
96bbd7f9-90cb-48fb-8338-0051807aeb1f.png,0
96bcdd46-679d-42e8-b6b0-a11803ad5c1d.png,0
96c79aab-01ba-47e0-be07-162458de6bb7.png,0
96c9dc7c-7962-47d7-b7c9-3488f5ebc45c.png,0
96cc7100-3c4a-41ae-a2d3-e1faed4340b1.png,0
96cd8d5a-06ba-4229-9ecd-d6eab12eb19e.png,0
96cdbb89-1bda-4ec1-91d5-fe27d8ddd727.png,0
96d01e60-2cfc-44f9-8b6a-f0615fa09ea5.png,0
96ec3ac3-3842-40b9-8874-f0130e46064b.png,0
96eda850-c3c3-4a2e-8d11-66f8d86d7314.png,0
96f0ef83-4712-4ebd-ae28-d3fe7aa2dda2.png,0
96f12d38-b85c-4ffd-9788-6e82c54e3192.png,0
96f4322f-311d-4f94-8ae3-4876b88c1e96.png,0
97051761-057a-4deb-994c-a2a9b2695d45.png,0
97052467-8b50-4fef-a6a7-8d52005acc8f.png,0
9709cc26-3db4-4fc4-a026-2deb53cc5bda.png,0
970c4fc7-2ccb-456f-a29a-1ed963e9bb40.png,0
97126e0c-f1ef-4795-adfd-5f005a045fc7.png,0
9713425e-67ed-466f-8ff0-be9fed6729b3.png,0
971483f1-8513-4e3e-b45c-8f54b691b2f4.png,0
97188b5d-9c6d-4add-b9af-626bd1dad211.png,0
97217753-20da-4bc8-a64c-a35d183fae9c.png,0
9733dbf6-7c97-426e-8a69-91fcaa1c66bd.png,0
974ddbba-6fa1-4890-a01b-800a01b2d6ea.png,0
974f7211-ca35-4e3e-968c-46d5b28208d0.png,0
975031d4-e831-49e1-bca8-d23efa2b9f26.png,0
97512141-59e4-4479-a651-22cf1a293327.png,0
9754a55f-5e11-4465-81f6-c69677943375.png,0
9772bad8-931c-476b-a6d7-bb5f91efd62e.png,0
97734238-24dc-4e8d-9cbd-2f3bbc5bebab.png,0
9778f137-de03-40da-9d6b-3187d59fd9aa.png,0
977a5fe5-f89f-4426-9f96-1e8189512952.png,0
977d629d-429c-4af1-bbb9-d2e8b6bac2d6.png,0
97824fba-02eb-4767-ae26-6433b954340c.png,0
97843eb6-9b94-4b7b-8590-72fd6a0d70d6.png,0
97861aed-bd6f-44dd-a983-556467cfa9c1.png,0
97a54b60-1f60-4d36-a43a-ef4c19904ab1.png,0
97a95d80-62cd-460f-8773-1fd9219d69b4.png,0
97ab2ede-8830-41ef-ace5-2f7f72b6b76f.png,0
97b7f776-47ba-4a6c-ad9b-064d7d6ec2aa.png,0
97bcb1a3-d10b-402d-a3f0-2c9c4b7ed190.png,0
97bf3573-c8c6-4f4b-98e5-95f3e30e5a37.png,0
97c4d952-46d1-4d31-b8ef-2b555e7ceb2b.png,0
97c66ba6-dd63-4fc9-bb0c-3860a487762e.png,0
97cc29c9-1dc1-47da-8bcd-43d543cee43a.png,0
97ce9a42-09e5-449a-8e88-559a9922a91b.png,0
97e1f1c3-b9d4-4b02-acb0-d2ddf26cad16.png,0
97ee7cce-a31f-40c9-bf5b-0a72902349ed.png,0
97f1b549-5661-4389-9d55-aaf99f701b24.png,0
97f644cf-c9eb-4596-be1c-4ba9458a87d6.png,0
97f73d62-da83-4f04-a80a-ba7f28c3e87e.png,0
98013427-7361-46fd-a672-41822c72a562.png,0
9801cf88-829c-447b-a9f9-ca5a4a6ace6e.png,0
980cb5b1-e014-4d25-9fbb-ee5b495f58d4.png,0
98111788-ff1f-409c-a896-93ec3f4fdfdf.png,0
982080bf-375a-4619-a462-1451de3c937c.png,0
98210fa6-3780-4640-ae65-bb3e83fd99ac.png,0
9827c59c-1bf5-48e1-b433-520f2028fe14.png,0
982be611-98db-435c-9af4-098b2eb008e3.png,0
982fcd52-e4b7-4262-8361-069ca0c12148.png,0
984a4270-8dc0-47eb-aea8-55e56aacb89c.png,0
98587034-db53-4cc8-893e-1c2a79088ab1.png,0
987237ff-671d-4142-93de-64036ccc6d8d.png,0
988ba152-ec89-4213-b2dd-7e167f6dceff.png,0
989149b3-7b38-4ffe-b996-244dbeaafe4d.png,0
9891a93e-d52e-4854-8eb5-5c8f42884e69.png,0
989f83d9-9e10-45e0-b197-f46ce48d7a33.png,0
989f9f7f-3a72-4aae-afdc-9f3878518598.png,0
98a275b9-9e3c-4adf-bce1-1920bdb47232.png,0
98b0ed8d-50d2-45d4-93d3-8b8f8e78a41a.png,0
98b21955-5f84-4188-8ff2-5b6bb140deb0.png,0
98b413d9-edcb-4bbc-a035-ad24fd789cad.png,0
98b52fd3-0c75-4302-b759-c731b7ca938c.png,0
98b6ede8-a363-4ffc-a91a-bf8adb21bb88.png,0
98b85e3e-79db-4bf5-9d13-5abc8c767dc2.png,0
98bb1e88-54ca-40a8-b875-1477108d8561.png,0
98bd1aa1-4e34-4457-9592-2a005175e55c.png,0
98c1376c-d164-4fdc-ab76-7e68192bb50a.png,0
98c2ad7f-e019-49c7-8c1e-7f6936d050da.png,0
98c5dbe2-ce68-49dd-8947-3aa99e491336.png,0
98d021cf-b9cc-4c73-8df4-f7650e496297.png,0
98d086ab-0122-4c61-9b4b-a41ffc1a469b.png,0
98d6226e-1c5b-4716-9519-514a4a3debe4.png,0
98e42965-bd5b-44b2-92de-38f8aa015341.png,0
98e9931d-aac7-43d5-abc6-33cfc6582861.png,0
98f09d6b-283f-480e-9609-efcdb997eb8d.png,0
98f56f5b-8e5a-4e2f-b448-ab541317d660.png,0
98fb8df9-ffb6-418d-835e-ab46a81b24cf.png,0
98fdc812-0134-423f-8da2-04d95fe2f839.png,0
98ffe9d8-ec74-43da-b35b-e511193e097f.png,0
99096098-a4bd-476b-949d-40cf2fcfc2c9.png,0
990fb092-1104-4121-a5a9-4869dd53412e.png,0
99123af8-6f47-4ce0-8e8c-1d730bd44c77.png,0
99259c38-32f9-42fd-bb3e-8a3b59521784.png,0
99272e7f-9ea8-480d-aefd-25bbf6525037.png,0
992e0045-7de4-476b-bb57-91d860ef4f51.png,0
992fe163-9eed-42c7-aa23-4871eb857229.png,0
99397efa-26b1-4583-8a01-1480d0f95705.png,0
994a6742-5b49-4207-b73b-eccec8f6601d.png,0
995409b3-0b7f-4839-84d5-ce70fc2632d7.png,0
995876a0-f2ae-475b-b410-62fd0aff7f3c.png,0
99599993-5aca-43f8-b9f8-220ec7fbe4da.png,0
995da17d-26ca-4913-9bef-0f8e5cf04b96.png,0
9960a81a-0977-47c0-be21-b00a40b89884.png,0
9969df7d-5641-4bc0-bf3e-10fa97e6d63f.png,0
996a7ea5-69a4-4c40-97f1-eb0cf61d81fc.png,0
996ed5a8-5d3e-450f-84ec-9f48b50fd2dd.png,0
99816d02-463f-49a6-9d3d-894675a31058.png,0
998ee84c-593a-4f06-b6ec-a86557003ba0.png,0
9996b38c-4301-4251-bb3b-4d92e0d19742.png,0
99972549-7b15-4bd4-87c7-6bf2cc92c52a.png,0
999c7ad4-22ab-440a-8298-9ddffaaecfc3.png,0
99a379a4-9e41-4f8a-bd8f-15ce969044f2.png,0
99af6822-9ace-4a71-9e1e-4de315370ad4.png,0
99b2e6d0-1637-4270-b95b-7d1135165f87.png,0
99b5771e-94fd-4fa2-8097-437fac034696.png,0
99b81444-3f24-43d8-8dce-b4f238574d2d.png,0
99ba79c5-7837-4f2b-9aef-b388830b3c4f.png,0
99c1e908-714a-4b05-9de2-db3978e9435d.png,0
99ca1f62-afb3-4cea-9219-1e801bcef3f4.png,0
99cb2b2f-2a68-428e-9edb-937d2c7ae813.png,0
99cb86f4-ff46-4d92-86b5-e3b08e0016b4.png,0
99d2cb7f-1acf-420b-8c55-3181829793ba.png,0
99d72abd-78dd-4a09-8f9f-d07478196760.png,0
99dc15a1-114b-4988-94b6-43f861e119ab.png,0
99dc9429-ef5b-4a04-93ae-512b006e8dc4.png,0
99e4cee8-d370-48d8-b385-f7fbe89ca2e5.png,0
99e516f8-fea5-473b-91cb-a0f6b6d0f764.png,0
99e65aee-18ad-4ee7-aecc-64f4decdf3d9.png,0
99eb99db-2d71-4749-a64d-170e01243353.png,0
99f092a7-919f-4f2a-a35d-7dfd38463205.png,0
99fb4f16-8f58-4393-a53b-43b5b73c8936.png,0
99fbcbf5-17f5-43ef-8831-232c68fe72ed.png,0
99fc3bfc-3cbf-4080-a358-c455f68f1fae.png,0
99fec192-683f-4e12-912f-3962c94a6599.png,0
9a135cec-aeb2-499d-8c12-6f8687b63178.png,0
9a1aa170-3343-44e0-aa4c-06b44bdd91f5.png,0
9a202892-1eda-4fee-a4fa-652e7e835ea3.png,0
9a2a10ba-093b-48a4-a79d-d7e45dc9d29e.png,0
9a2e09e1-071d-43b8-83f1-ca546b1f0a03.png,0
9a3512ea-820e-481e-b0fb-2b4a53dfb43b.png,0
9a37154f-8be8-47c0-ad75-4db73f30930d.png,0
9a4213ba-f410-46a1-87f0-56e0d4b9e767.png,0
9a542334-87a9-4a37-93c1-5d642d1a11ee.png,0
9a5ed3c8-2b01-433e-87db-e179be47d388.png,0
9a60bd0f-4a87-4fed-923a-7fa8ab4d9000.png,0
9a73787f-5ad5-4a01-9ad5-f916e8804170.png,0
9a739d03-2cb0-4cef-83af-62f23231042a.png,0
9a73cc83-8871-425b-aa5b-44a5ef35bc32.png,0
9a7493e4-4a5b-4fcd-a3bb-13e724d02ace.png,0
9a74e24a-7b2b-4318-99d3-d783e67dbbfe.png,0
9a7b563e-1f3b-45e9-963c-c888e85d6011.png,0
9a88ccc2-61bd-442e-9961-1a015c67e2e8.png,0
9aa4dae2-8ea0-4be7-84a8-3c710288a19e.png,0
9aa7851f-8f7b-4087-9506-0b003006f153.png,0
9aa95c60-ae22-429c-9092-4121a55db655.png,0
9aab4895-0ece-4494-90e8-a077df4276e6.png,0
9addd7f0-dd54-47db-b70e-bc9baffe2b14.png,0
9aebf925-a875-4849-b395-7ac6952aa86f.png,0
9aef10bb-cc28-4569-955b-158ac500647a.png,0
9af14d00-2e50-477a-8d0e-2e2c59f89188.png,0
9af1d25e-fdd6-4ea0-9845-04760b196c47.png,0
9af51a7d-3828-4b7b-9656-484b25140e61.png,0
9af9eda2-62ce-474a-90db-1a3d30b3ee87.png,0
9afad4ca-0782-4a7f-a3e2-d719b1482f1b.png,0
9b1923c9-e84c-446f-aa50-f0c6bc673954.png,0
9b1a6d45-e0e8-40da-8327-149461e79b8f.png,0
9b1df62b-c463-4379-99dd-6e0fa8b89db5.png,0
9b20a679-e9aa-4264-83b8-90331923b63d.png,0
9b241e6e-2846-4308-9533-d16cceb0b34f.png,0
9b291ae4-3934-400e-83aa-56585841308e.png,0
9b29205a-9bb9-4747-acfd-c44bded25b1e.png,0
9b37fe5c-7ef5-4f50-9e8c-3daa7cb2a9e2.png,0
9b3f2b9a-5f17-43b5-9a01-279de84c174c.png,0
9b4a571b-9598-4d07-b035-82e6d1aa40d8.png,0
9b5139bc-fecf-425b-af7b-3572dde705a8.png,0
9b59d220-9502-4997-bb55-ecc4064e1788.png,0
9b5acefa-d82b-43f8-acaf-306693b18db8.png,0
9b77dbb9-fe78-4064-99cc-2d7f66fab0e5.png,0
9b782d00-7521-4843-919b-cd9dfc6f4769.png,0
9b7e8c85-baab-4340-a476-4c992f0f2c46.png,0
9b88c5ef-6722-4658-a4f1-df685b47d555.png,0
9b94efa1-e2bb-424f-ad09-d4080bcbf66c.png,0
9b9824fc-23ff-4956-b441-43fe75badf3e.png,0
9b995df9-5372-45f8-8ce8-4465158e86ca.png,0
9ba07590-ba44-4413-b5da-6781d4c051b3.png,0
9ba0ddf6-3ea8-4ee5-b133-d295ed914ab7.png,0
9bad4ae2-1652-40bf-a1bf-d6613fa70766.png,0
9bc0edbf-b5f8-4464-b499-b1af7a2ccc2a.png,0
9bc9e813-e815-42a1-aed6-c24e45d59ea4.png,0
9bcff9c8-1eac-4ce1-a580-22362b3c9596.png,0
9bd3581e-716d-49de-b4d7-cfec9a66e09d.png,0
9bee3282-0fee-4c09-ba91-14dbab17adaf.png,0
9bf09456-da28-4206-9e8b-fc076b5fc0f3.png,0
9bfd4fb6-ed78-41a5-9085-3282cb64fc63.png,0
9bfe74ff-3d81-45eb-ad67-18dc30f6d48a.png,0
9c03bfbb-cdff-44dc-950a-cc51f5ce4326.png,0
9c15f135-c48f-4436-a60b-a9d24415bbb1.png,0
9c17d2a3-8d62-455e-90b8-5da650837b01.png,0
9c1c9e66-f372-4f8b-bccc-76102de86ffc.png,0
9c1f1174-93c5-48ff-8199-61095885a20a.png,0
9c24de6b-63ba-4f9d-b517-10b362a0446a.png,0
9c27b40f-9d27-4b00-be43-b7953199783a.png,0
9c316842-ca47-42ad-95b8-3202dc41494a.png,0
9c316b61-8635-4740-9fbf-5dc23c78490a.png,0
9c347a73-2709-4881-9869-efa90e424323.png,0
9c36a9f4-1e6e-4938-b827-a97c23afd77b.png,0
9c388222-9984-4394-9039-dea9003ff490.png,0
9c472be2-35ca-4ff5-9c2b-2f2743aa1d0b.png,0
9c5f1187-8a9c-4fbd-8d87-05abfe89233a.png,0
9c60c661-eae8-4042-9b93-464f1e3c1d77.png,0
9c6396cb-7215-4beb-8329-950c5f3d5909.png,0
9c68beeb-e133-426e-831b-2f8266c978d7.png,0
9c6978ae-d8f5-4f39-8162-d6d5b105f3d9.png,0
9c6b869a-2b44-448b-944f-6f3e9734a591.png,0
9c6cda5f-1ee0-4048-ad4f-815739b9d5ab.png,0
9c82ec7d-d2dc-4dfa-8630-910cb1dfd2c6.png,0
9c83ee45-8c37-4540-8072-f3a9dbeeafbc.png,0
9c8cd698-7b2b-4a96-b879-119f09752b33.png,0
9c91adc4-bb69-4e9d-a1d7-951c6fcd5f9b.png,0
9c91bfa8-de93-47b5-bda2-31e7cd643f54.png,0
9c9ab747-cfb4-4407-af1c-4085e95f38ef.png,0
9ca1a6ca-efb6-4d59-b829-76350431b766.png,0
9ca3feed-1e10-4e30-ae69-192387a494c1.png,0
9ca73f51-417b-4c4f-add6-03471ba9f26a.png,0
9ca7b042-2838-4b6d-8220-96158f7dcb70.png,0
9caad2e4-1f2f-4670-a82a-f7d2fd23e4a6.png,0
9cb8c9b8-33f1-44c9-b947-99a9e748a16c.png,0
9cd163df-3b96-4dd3-be8f-222d6954b167.png,0
9cd4233f-b8c0-4c4f-82f2-5b7cfe3255d1.png,0
9cdad022-25d5-4596-b709-d022f475c26c.png,0
9cdc0d49-71e7-4cbd-add1-0b61cbef44f6.png,0
9cdd71e2-ca33-4fe6-90f3-153f8f76e5dc.png,0
9ce327fa-5175-4606-8905-c13be4264855.png,0
9cf09192-094a-46cd-9be8-c7be106d90d9.png,0
9cf369fd-9fad-4577-95ba-18085e64f4c2.png,0
9cfc7f9c-39df-46c5-a36c-20d4c24f4c0f.png,0
9d061b3f-fa44-4ad9-b0a3-74a8e70fe9ab.png,0
9d069a7a-0f05-45fc-8e03-d60eb960c3ef.png,0
9d09582f-cb29-4f48-9568-35f367b0c82e.png,0
9d0cbf60-07ab-4621-950a-9ee60910d2aa.png,0
9d1146b9-b1ff-4c38-a732-4806401891b1.png,0
9d15461d-adca-4d4b-89a8-41f1b73308a7.png,0
9d244e11-444b-4add-84b5-52e277742ca6.png,0
9d2c812a-8537-454f-84e2-be8ebe51b23d.png,0
9d38e64f-32ae-4fa2-a485-64869aa57b37.png,0
9d3fa3ed-6671-4a9a-8312-f0f44adeff30.png,0
9d411b75-80d4-4888-a002-f3db414a13cf.png,0
9d487748-1f51-48aa-afdc-a6225be8bdba.png,0
9d4fab12-d3fa-49ea-8285-82b70452b529.png,0
9d5cbfe6-4af0-4c43-8c62-c0482b7600a2.png,0
9d670655-925a-4b96-8227-cb180f1cb34d.png,0
9d68ba3c-494a-4dfb-bf75-a26bad9413d9.png,0
9d6ffb9a-577b-4605-961d-54f164d3fb29.png,0
9d726da1-e0cc-4262-9b8e-10b0faf32f3b.png,0
9d7eada8-ca73-4814-b5fe-81e1bd3dc540.png,0
9d925278-fdcf-4205-baf6-94547f9a8da1.png,0
9db6696b-6d0c-4778-9336-9d70e9ec4a86.png,0
9dc1d341-d3a7-4745-bd02-6c877d696bf2.png,0
9dc8aa99-2298-49f9-bd5e-84fd74541e9b.png,0
9dca0e0c-1ed9-440b-911f-b4ce41daa406.png,0
9dd1fff0-2f72-4d3e-8d71-e69d73765aad.png,0
9dd64822-97f8-4b4b-85ad-7e38c7fd98c9.png,0
9ddb317f-89c1-4c45-8c04-96fba95a0f89.png,0
9ddfb79a-c732-42c9-98c4-85539f9cc0b8.png,0
9de81172-a002-46fc-b17c-8701f04c2647.png,0
9deec23f-8bc9-4957-8b3e-be5c7abf2e87.png,0
9df0ffa3-c37d-4058-98ae-a7fd8c5cb8ed.png,0
9df32a52-a507-4385-b49d-12fbdaeb22bf.png,0
9df9a10d-09dc-48b5-9b2b-b28c6048acb4.png,0
9e030d59-a98d-4ab2-8870-bdf1499b2bd8.png,0
9e1d2d4a-60f9-43cf-b598-08509e1df9a8.png,0
9e1f1160-8d17-47a9-9d39-9524496f8c48.png,0
9e207408-a24d-4116-b581-6325de312196.png,0
9e37fa75-a5c0-47e3-b069-f4b255e77c62.png,0
9e42a9af-874e-403e-9af2-8f1c21fdf4c0.png,0
9e46150f-1318-4ad7-be4f-67cbabfcac8f.png,0
9e4f11c9-edcf-48bb-adce-0b06d7ddda3d.png,0
9e58a954-94fe-47bb-91d6-772163873124.png,0
9e62f39b-af79-422a-bb7a-56da69950ddf.png,0
9e658fac-3d66-46eb-b991-2e7f8b89e0c8.png,0
9e743877-0a64-443e-a305-3771a2e7ee89.png,0
9e7593a3-98a3-4f85-b42e-07899895acb7.png,0
9e78b3db-3f5e-43fe-9220-37f0ee31d7b3.png,0
9e8661c7-8c09-4b5a-95b2-8f6dcfca821f.png,0
9e8d7eb3-2ee6-4f02-aa73-a467411d55fb.png,0
9e8f3a46-5bd0-450c-bb36-5abd2e0f5ac3.png,0
9e93f99e-9644-4578-832f-48fb8d4cd39c.png,0
9e9cdb6c-1a5d-4bc0-8a66-e0bef45f625b.png,0
9e9e5c6f-6176-4dc2-965c-628d874015b6.png,0
9e9f1dfe-7412-4fef-9f6d-f344e157815c.png,0
9ea1cddd-4382-414d-809a-2364d508c569.png,0
9ea70274-1e3d-4fe9-ad36-73334656b134.png,0
9eaa33ae-f5c4-4c9e-a200-7708a7ef9006.png,0
9eaa9736-ff6e-45f7-a29f-990097441d6b.png,0
9eb1671b-a64f-4133-a7e8-a1f08657fd06.png,0
9eb93611-08de-4ae9-a44d-4d86dd123013.png,0
9eb9f945-1832-4e10-b902-719d11855f47.png,0
9ec0a0ac-83b7-4b37-a096-a73a579b6a1d.png,0
9ed4a658-6a47-4e23-934f-a9a9d73f4680.png,0
9eeb04be-4a5f-42d5-b927-eba101889a58.png,0
9f074665-e9df-4248-9114-5cb80522f175.png,0
9f0cf002-f237-4706-bbf5-a4f337e5f3f5.png,0
9f12306f-aeae-4898-b99a-2b15be3e81d7.png,0
9f130cae-9c08-4321-9678-349d21d14329.png,0
9f1a8c65-97ee-46d5-8b27-c0dd262bf41c.png,0
9f1d7f1a-0bad-4902-90c6-472dc22bafc3.png,0
9f25ac3c-f81c-4e6d-99b7-eb0308cb6751.png,0
9f296b8c-fa45-4914-a69e-900ae19118ba.png,0
9f2d2fba-214b-429f-a633-48dec946998a.png,0
9f3b98ca-4292-427b-8aa9-0b1c085b1c48.png,0
9f3c08be-0b3a-413d-aade-4bc74cee30b7.png,0
9f434de4-5c5b-48c2-828f-8f04a7c51739.png,0
9f4c377e-8f59-408f-a5a4-d6e4ce2a54ca.png,0
9f4cb263-83c4-494f-8b30-dfcb03efc791.png,0
9f51baeb-be09-498c-a38a-8d70c03f15db.png,0
9f52af79-905b-4720-8c9d-668ed47dad8e.png,0
9f653409-3233-4ab4-97f6-4647faa03e81.png,0
9f65dff1-52fc-4d14-b918-a931ce1f91aa.png,0
9f7a4363-6db1-4e19-9b36-6fba64b47d38.png,0
9f7fbca0-6111-4cd7-996b-764f751f00c1.png,0
9f857687-1aad-42a5-80f6-4dc277053c75.png,0
9f8586c1-b803-4eb3-8d27-61e7cec5db11.png,0
9f8676ed-ec75-42d4-bb4d-304fcaace16d.png,0
9f978e30-810a-4ec0-8edf-f917216b0543.png,0
9fa50949-d641-4a97-b205-72f750a0b651.png,0
9fa5b4ad-e116-4a36-8778-b2b55b7604b4.png,0
9fa98c4a-50fb-46e2-bbc9-67e9c177a088.png,0
9facb2f2-d1bd-4b4f-bc13-b800841ab0d0.png,0
9fad94f8-dbcd-4858-9546-c6f19257bdfb.png,0
9fb3a24b-206e-4d21-92e5-7818fac9105a.png,0
9fbd26bd-6109-4c1b-b5c9-e217241f87c4.png,0
9fc06af9-a9d4-454d-bc5e-22eb2d2d975e.png,0
9fc1c3e2-9648-4795-862d-b3130c8c2614.png,0
9fc44c1b-3542-4d4d-ae7b-cbb750a90999.png,0
9fd1c79a-428c-4fb0-af04-bfdaecf1d579.png,0
9fd3c2a2-47c8-437d-a05d-e893fee688c9.png,0
9fe0022a-4549-4a65-9909-95c686b5c666.png,0
9fe9b1cf-23a5-4da1-8d51-4b9fe5250418.png,0
9fea3b57-1e31-4133-ac11-e11264096f27.png,0
9fecd2dc-443d-4667-9423-a833ed7e7f29.png,0
9fee1fbb-4c28-461b-8f2a-b208a4a5e4f2.png,0
9ff19b9b-bd0e-450a-a240-8ddf12bd5a92.png,0
9ff60fbd-3d5f-4533-8662-fc799d0f7df0.png,0
9ffd2657-09eb-41b3-a078-144157ae5123.png,0
a000a70e-68c6-44fe-a09c-6290775ff8b6.png,0
a002b5a6-a044-497f-a2ce-2ba0469345f2.png,0
a004ce1a-4907-4d76-b520-0f31e1eb00d3.png,0
a0147f56-89fe-488b-9cc1-25991378d532.png,0
a0403739-6fe5-452d-83c1-af2ec7bea987.png,0
a0426825-2cd7-47ae-b20c-f536a1ec2249.png,0
a045b782-7673-4f3f-a018-07eb3ae96321.png,0
a04f5cd3-3697-4525-bb11-5069f9036101.png,0
a06ad921-2c37-4df5-9747-5dca62f3245b.png,0
a0830e21-f8b5-4214-af2f-4d5651ec58b4.png,0
a0868234-e50f-44a9-9f40-135a309c185b.png,0
a08f8f29-efb4-47e3-9e5f-473c87455dad.png,0
a090858b-0b73-45f0-81bb-97cc645af08c.png,0
a0a71a00-791f-4b4b-b97a-b533304d4bb7.png,0
a0b53b66-f9dc-42fc-a1aa-d74007fdaa4b.png,0
a0c56709-1dfa-4001-9bfe-00abd5fa3060.png,0
a0c8ee1c-804b-44ee-b285-aae55becd33a.png,0
a0c9dd5d-a882-4d53-a32e-1ef05d0e5e2a.png,0
a0c9e4d1-2520-4cc2-a95d-913853b20206.png,0
a0d0d3e3-17f8-40f2-ab60-07f91397966e.png,0
a0da1dd1-c5a6-4664-8aa8-43f7a7726d17.png,0
a0e17c42-735b-47f3-af1e-e84ac9d4e968.png,0
a0ed1bbf-c2da-4c12-a1d8-d0d0c64ffd08.png,0
a0fbfa61-12c2-485e-aee2-82e2ad47014c.png,0
a101aef5-48a5-47bd-9ebd-4e1393021a19.png,0
a10484ee-bd1a-4eb0-9df3-1947a31991e7.png,0
a1055459-ab82-42b8-94f9-349a4ed5ec62.png,0
a10942b8-6ad9-475f-ad52-260889150af3.png,0
a10bbd97-0a3e-442e-b7c1-f26d90555326.png,0
a1109a32-2c0d-49bc-a8fa-4efc7e46c279.png,0
a1117fae-52ac-4367-a7b9-f1ecf3991ac6.png,0
a112c0f7-0a9e-4b16-9d85-fa1c21ee8f67.png,0
a118c5a0-e9d7-4504-a11e-33297fe5ff12.png,0
a11e3d4c-8248-452d-8f82-ce10a150416d.png,0
a11ec1e7-3483-40a5-8635-306eddc95ee0.png,0
a1232a0d-19ec-41a6-9f93-c64bb3c44340.png,0
a12b6a40-323c-4ead-8875-5b84ae4beb6f.png,0
a131840e-a6b9-4672-a837-e244596447ce.png,0
a134c2bb-86bc-4438-bf4f-4a9cdbaafbda.png,0
a139ba14-0e47-46d1-aa09-b9b29b43e4c7.png,0
a13aa35b-6108-4023-92d3-5b854252c9b5.png,0
a13b4da9-7161-4c48-9979-498652b17ccc.png,0
a13b77b1-0c9a-4d43-b0e9-02731813edce.png,0
a1452f4d-1dcf-4780-b40f-1ba17448a7e7.png,0
a14e460a-c153-4813-896e-34f7bac2b49b.png,0
a1521491-7bcd-41b7-8bec-bed7070faf0f.png,0
a158d5d7-9163-4def-aa23-5ca91cae2cb8.png,0
a15b9158-d337-4da4-a88d-d151950d3c54.png,0
a165e2bd-d4d8-4ccf-8e18-979fd4056c1a.png,0
a16853df-bb03-4737-83af-02e8fc3f2147.png,0
a173509a-ef2d-4799-be05-16ca85a240e1.png,0
a183866e-17ce-442d-8e80-1c6bfb81e184.png,0
a185034d-2ce1-4d23-b1db-5ad910c03f10.png,0
a1870588-5aa1-4a1e-92cc-62383776659f.png,0
a1945e4f-7541-4dca-bd3a-700fce9bd570.png,0
a1ac44c1-8ee2-4895-bd25-db96100591b8.png,0
a1b04442-6cdb-42ea-9aba-7b813433dafe.png,0
a1c1a92c-fe13-4c64-81f8-1482e18c5a49.png,0
a1cffa9d-2487-4273-a0c9-21a67d73ceac.png,0
a1d1d277-41a0-43ec-bee0-6d4bde45cca1.png,0
a1d83865-3f10-4689-b641-1c5e50bd250d.png,0
a1dc7fe9-1e55-4956-9f04-f99f624faefb.png,0
a1ea1b8d-697a-4d05-8455-d870bb4d4949.png,0
a1eb8477-6320-4944-a0b1-eeaf21f2738f.png,0
a1f98de5-da68-4fa0-9af2-f65c30528457.png,0
a2055494-aaae-42ff-87e4-e0059ba3b739.png,0
a209125f-a2d6-4adf-bb98-5ee5767cb887.png,0
a20a3112-7585-430c-b648-8d81d301acbf.png,0
a20bc291-6c7a-4194-94c4-de6f395bb6eb.png,0
a2205d2a-d581-43c0-b7cc-ce21de47a11b.png,0
a229244f-3c9b-4f26-8ef4-18c5c6d78bd2.png,0
a229390c-68af-40e5-a2d2-8d1abba22b69.png,0
a229da82-a0d0-4894-8df0-55f3d5c6635b.png,0
a243098e-ed1e-4d1e-8e05-215b7cdb25db.png,0
a24e4fa1-c3ee-4974-9c88-7b75b6a5138e.png,0
a2572ca9-37e1-4558-b260-17a877ce78e5.png,0
a25b612b-59c5-4401-a60e-bf3720be8d25.png,0
a26badba-c8eb-4cc8-af8b-3ac81be71442.png,0
a26bdab3-55db-47a6-8641-1371bd6d2568.png,0
a27a0fd2-7256-496a-a67d-4dc795c68cb7.png,0
a27e3a17-eb04-484c-a9a2-bdabe6e68bc6.png,0
a286663b-015f-4c1b-9463-603e23f7dfb8.png,0
a292caa1-4d93-4775-88f4-4b188544fb18.png,0
a296a62a-3e82-4766-b9b6-c27d29a07ab1.png,0
a29fc1d5-7ed8-4000-b759-2700ba6c860d.png,0
a2a905db-ec17-4fca-877f-e290f8b3c094.png,0
a2b64497-d2c0-4de4-ac19-75bb9506f96b.png,0
a2d558ab-cfac-40e4-89cd-65e3b16a0178.png,0
a2dd1417-6861-449d-b81f-90d84bb09298.png,0
a2e38131-f394-4146-a2ed-0054a9446b7e.png,0
a2ec10cb-1516-4a3c-8b78-d7a355de1837.png,0
a2ec39cf-b9ee-4e79-b6f9-c7a2ad78009f.png,0
a2f12028-4bd0-4598-b1b3-ed3e2d55587b.png,0
a2f72e43-6b8f-4e70-a54b-00e5e855e38d.png,0
a2fb038d-0e0f-470c-a9eb-745e84476c5c.png,0
a2fd1e6b-4233-4230-aa6d-1449ccd134f7.png,0
a2fe6d6d-3cf0-4fdd-b292-9d4b8553d4b7.png,0
a304611a-7d97-428b-a09e-26c9d11d4f51.png,0
a304f66c-0229-4c8e-917f-2659b7a6e70d.png,0
a30bdf35-b05e-4e03-950f-5e356e583125.png,0
a3104c9f-5b71-4549-bcbd-facfcc5f17ab.png,0
a31f99ac-9209-415a-986a-75566e0c033b.png,0
a32d9e87-b796-46de-89f8-adad0149ca1d.png,0
a33596ad-c382-4875-9c5a-5b30f3574549.png,0
a33abb16-8b0b-4455-927e-f969a5864158.png,0
a34f8423-e21c-48cb-8f9c-c8a060028dcf.png,0
a359f158-12a4-4690-95e6-6d0aa578f2e8.png,0
a35c15bf-541e-4f96-b35f-4f128b9d7843.png,0
a36e7bd8-9836-4870-bc9b-bd1119b81cd0.png,0
a37191a3-64a6-4a9d-9340-36f3decb92d6.png,0
a3756692-548e-42c1-b19d-a0d0fbab86c9.png,0
a38da508-e84e-4ba5-9977-1558133d8ea8.png,0
a3913546-7bbd-46fc-8a5d-0542f901dc1a.png,0
a392cdea-a4ca-4eb5-9922-ca15f9db0cee.png,0
a3a09938-17ae-4cef-a8ba-288ac0f7a059.png,0
a3a25b2b-b583-4293-8c50-06cdaacd0d19.png,0
a3a3b1ab-17d0-44e2-9e7a-48f78e3bcb1c.png,0
a3ae810e-3fb2-4764-9ad8-790cdfd7abe0.png,0
a3b2ac7d-5677-41d8-b884-b2494a1361e0.png,0
a3b3fc74-f971-42cd-9959-2db130b0009b.png,0
a3b6bc70-8f6b-42b2-8a93-2b5676270ab6.png,0
a3cf5488-9d3f-4bd9-9e6f-9891e1f992fb.png,0
a3d33192-5887-43f2-8599-57cbcbb72d48.png,0
a3d37445-e462-4e02-b292-9c73d8bd2668.png,0
a3d92122-8745-4b88-930e-922b0b602f8d.png,0
a3d9e81b-9de4-4d4c-8449-327ba2875585.png,0
a3dd7d4a-87a2-49be-b5f5-cb35b386bdd9.png,0
a3e10264-6db9-4d86-b249-ffbf91f086cc.png,0
a3e3264b-15b7-4cc5-983c-430a0b6c3b8e.png,0
a3ee0b04-42c7-415e-a258-f1642818e5b7.png,0
a3fe4e01-9d56-4963-8dbf-5b69c1d87284.png,0
a400182b-ff3d-4d3b-849d-7f0f5348323c.png,0
a408115c-3467-4141-b2a4-48c90b05883e.png,0
a40c47b6-5d37-47c8-8cf5-aacac6cbe14b.png,0
a411265c-e57e-4428-8064-4359a8605b49.png,0
a415726c-28b8-4227-829d-44794a37acfc.png,0
a41c6dd6-ff07-4e46-8001-283256ce4c01.png,0
a42380cd-d65c-479d-b4ea-cf04a147efc4.png,0
a424f983-75af-44e1-84f6-6ef44f9580c5.png,0
a436cabe-ca9c-46f7-b15d-458c32af1b39.png,0
a43a938a-d2a0-4e16-97f8-ca24c364766e.png,0
a44d7678-cd73-4462-8c4a-6a3059208132.png,0
a44df0ff-7eab-4bfd-b841-5d26e9088933.png,0
a46883c1-47d2-4315-9455-2bf6f9195862.png,0
a46a6f15-73a7-44f6-8604-b585539e94b3.png,0
a46b4f2b-729c-4b12-82c6-b005854a811d.png,0
a46f2e04-c730-48a4-916f-2620194cd317.png,0
a4761e68-6192-4d9c-994f-21bb2ff7b822.png,0
a488d198-37a8-420d-98f0-dae505d0f21f.png,0
a48fba50-4c9c-4bc4-873f-98edb36a8e74.png,0
a48feae6-ccfb-4c0c-8fda-80b91a40c99e.png,0
a4987c33-8b6f-48ec-8eae-61cd78754805.png,0
a4a3fd3c-331e-43d8-8e21-1d9162d34424.png,0
a4a44483-47e2-45d9-9fe5-34e0d2abc162.png,0
a4a90296-f230-475f-b396-a828e3a53baf.png,0
a4ab8964-aba2-4d15-8183-4ea58be2671e.png,0
a4b362f6-4a51-4248-87cc-5b56c6754518.png,0
a4b9d2b4-bfde-460b-b300-1fa2c1607b50.png,0
a4ba6992-1f74-42c1-9662-8333e6d52ffe.png,0
a4c1753d-955e-445d-9a2a-2219c2967ac0.png,0
a4c3baae-0f3e-45a0-9a78-51bae5f7bd85.png,0
a4caf4f9-cf55-459b-8f8c-2d8f74722748.png,0
a4d5f354-2ea3-4a51-a03d-40d2a94f7780.png,0
a4d719b4-04f5-4d58-86a2-b1ad3f1ba569.png,0
a4dbfeca-474b-4641-ab2f-7b376dea9fd8.png,0
a4dd6e05-6c14-486a-b565-6473eb06c6f3.png,0
a4e1dd2e-791e-4ca5-a8d2-69a72c959d2e.png,0
a4e3061f-0cd5-4f8e-b742-0ec0e433b923.png,0
a4e39113-dcce-495e-acb1-beb26abe1e6d.png,0
a4e63fbd-7dd9-464a-bd20-092e2fb3ad6d.png,0
a4f59dc8-23f9-4738-9a5b-e72a28938115.png,0
a4fb24c7-b45e-4bbd-afad-6a9ec1416185.png,0
a507cb8e-4b89-4f90-9cc7-c91e9a32ba5f.png,0
a517b037-ba26-429e-b87c-91f728db8ecc.png,0
a51f27a0-9628-4294-b537-ae4350f9e1b7.png,0
a5216c86-9455-4be0-999b-88701b96be65.png,0
a522d9a6-5460-44c0-aa7e-219d2143feb4.png,0
a52a6919-e21c-42b2-b5c5-d85716fac78b.png,0
a5333c4d-fa5f-4266-9778-f0fd9655fbb3.png,0
a53ee639-3a75-4d24-a13e-e8e5e54b15fc.png,0
a543d98d-a7ed-49d3-bf93-4196d07d77e9.png,0
a54b3045-d895-4e18-a05a-575dd6f4ce82.png,0
a551cd16-3064-4204-8410-86831370ad61.png,0
a5558046-8a72-4a21-9526-f27ce43cd675.png,0
a55ef250-42dc-43f7-b9f4-ae0da1dd62ff.png,0
a561b26f-fb7c-452c-b651-9588d51770ad.png,0
a5649f7f-1de4-494b-a33a-b56d47da8bc7.png,0
a5721bbd-b1c6-4e95-b6bc-0a7fbf583b6a.png,0
a5848989-b288-4742-99d9-3728d61a306e.png,0
a5989832-33f6-47eb-b0ce-a05239bfa5f3.png,0
a59dfd83-e071-490e-850b-4c93fe9c251f.png,0
a5a28c3b-80c7-4741-a6d8-642329788418.png,0
a5a2a588-42be-4a12-bad2-80e8a71f80ff.png,0
a5a4cfb3-8dfc-48e6-9cca-b279b8885e89.png,0
a5b450e0-3b30-4bba-aa08-28c375268f1c.png,0
a5ba9ccc-0872-4681-aefa-9e15fb51177e.png,0
a5bb1b43-e731-44f8-87d7-b80e6b8b9b45.png,0
a5bfb978-b5cb-440a-8a93-7d8d2d7e8954.png,0
a5c29b7c-6f02-41bf-a246-3b5c99ac223d.png,0
a5cb50d2-0c06-401d-8df0-f156e079cbb6.png,0
a5d13986-5ec1-4eab-b8a4-c01d46122a3f.png,0
a5d95e7a-912e-4030-bf27-7ddcdfdbeb34.png,0
a5df5290-3225-4f9d-8cd2-91425419bb7c.png,0
a5e29606-27c8-4f4c-8ad5-37a84ffbacdb.png,0
a5e40953-0f8e-4849-93af-918aa3a974e2.png,0
a5e4533f-113e-4a3a-8a9f-c0873d172e48.png,0
a5e84175-0226-4ab6-a5be-fd6a7c07acf5.png,0
a5ecf3c8-4d5b-4cba-9390-2e708ad3a772.png,0
a5f02069-52d6-4ee1-84ea-b22bbf63c4b0.png,0
a5fc5c4e-57b6-49d9-86ee-7ebdf0710562.png,0
a60fb9ac-c843-4f96-9eb0-6fd0565ffcd5.png,0
a616860b-3b17-487c-bd41-603e7e928e9c.png,0
a61f13b2-3055-4c31-bcd8-174baec11c46.png,0
a623aa2f-f1fd-49e5-af35-5ff9c4c5a4f7.png,0
a627d4cf-32eb-43fe-90c8-629b347cc27d.png,0
a62c5825-e9e5-4e8b-8cc5-8a09aeb1f85a.png,0
a62e6942-417d-4a66-b813-ece3decec0bf.png,0
a649b923-8e6a-4bed-8874-582bbf5c4e6c.png,0
a64eb001-e895-4448-8204-989580066fe0.png,0
a6545c44-fd70-4bf4-8099-68f614b732e9.png,0
a654732b-c9e4-471b-8109-6c51c10d6c27.png,0
a65bb30b-a401-4e2d-848e-7aa7ecd69b00.png,0
a6611942-c69e-4752-afa3-9b3411c1fbdb.png,0
a663c486-b367-462d-bd33-ba415987c4b1.png,0
a66c88a1-593d-4d92-b73c-14338b1b917b.png,0
a66f3632-fdaa-4d33-8586-60c701c0f859.png,0
a66f6558-466d-4d30-81c4-8cf39ee06334.png,0
a6764ebc-8c1d-4803-a4b7-06c1310fae8d.png,0
a67dee22-6255-4c02-b0d2-d3cc0903c833.png,0
a680fb61-719f-4e22-af95-ce92c24277dd.png,0
a6945b58-5992-46a1-a5c8-41dfb8d5e1bc.png,0
a694ac65-d011-4e71-b6f8-653258278b3f.png,0
a69b2e30-3af4-4a13-9cce-89fe65c212f7.png,0
a69e6362-4832-419e-9a66-0925d3492121.png,0
a6ab1257-4d98-4593-859d-bf742ef7e7cb.png,0
a6ca60aa-c6e1-4993-8745-0a3ef5f44e66.png,0
a6d1218c-2486-4468-95fe-0587409fae29.png,0
a6d24424-6541-416c-a4cd-d9f73fcfb6f5.png,0
a6d4b5c8-eae6-4ac2-a7ca-7264c1727c8a.png,0
a6ddf02c-c828-4c91-b0c6-3af3f01469b8.png,0
a6dfffb9-e267-4535-bb87-62ca8098dbf4.png,0
a6f7b5e6-398a-496b-8bae-c75d1d567d0d.png,0
a705f22a-c348-4413-bcc6-a0730c628b9d.png,0
a7078f9d-0b4f-493f-9301-c7182b44ea36.png,0
a70e224a-e2da-4263-848e-9da196c834af.png,0
a71be3ac-a76f-4843-a7c9-87a0cbe71707.png,0
a71d3def-7297-4a2b-9695-cb6c77a28bed.png,0
a727d1c2-5147-4fbe-94bc-5634a15bf863.png,0
a72b9712-26dd-493b-a945-fc0e49d7845a.png,0
a731cdfe-e050-4ff0-a16e-0ffa22695fca.png,0
a732c253-1bef-4bd9-a2f5-c1f38dd8aab6.png,0
a738e682-0abd-474f-8893-f473aacc7426.png,0
a742e31e-a0d3-47ba-aa98-bb2bef519863.png,0
a74334a7-a51b-47da-9ab7-86f517007e03.png,0
a744d1f6-c710-4f00-9026-91717d114f56.png,0
a74c0ae3-321d-489f-89ab-afe2d8346330.png,0
a74e083b-dee4-4006-bbab-cd5a18598200.png,0
a752b296-858d-4117-8424-35aee8c2154b.png,0
a752bc48-905e-4b77-b2ab-257f09b1b8b0.png,0
a752fb69-ef4b-449f-b1fc-2d0946c79c9c.png,0
a755ea30-5515-4235-8899-920c103eefae.png,0
a75649b5-f044-4b85-86e7-91e6c6051826.png,0
a75e8b4b-4e89-4648-bdf2-4776fc865646.png,0
a7649c2a-2a7b-4fbe-8615-fc1346d526b4.png,0
a76abd97-9655-46cb-ae77-271ba3da2466.png,0
a76fa487-2466-408b-b790-3f16fe026df5.png,0
a76fabc7-5486-4713-8ce5-40144a613279.png,0
a77b8b2a-4755-47d4-970b-8b4accc1cda1.png,0
a7867f47-7d31-4c3b-aa3f-76df148f1b02.png,0
a79046a9-7861-4fb0-9dc9-ce2e4b11fdb0.png,0
a7a7a9f6-3d31-4626-8777-fa2003adb972.png,0
a7ab8ce9-d78b-469e-b596-57aca317e826.png,0
a7ad23a1-d70b-410f-8f89-c2add3e3ad41.png,0
a7b3ecba-37f0-4bf5-ad2e-5ddb4416d19c.png,0
a7b47ad1-3e16-4401-8fa3-0ea30f1045b1.png,0
a7c2ed99-08dd-4eb2-8891-e8fb8e2d366c.png,0
a7c39046-12db-4454-a2d8-c9c624992b5d.png,0
a7c3b865-bffc-4fbe-bcff-46d9cf0de9b3.png,0
a7e46ffd-0e7a-42ab-9516-ff766ff3ff7c.png,0
a7fad7f7-9d4f-4595-9097-7e7b28195679.png,0
a801c8d1-a5ca-4942-8bea-7e97703a7360.png,0
a8210872-bb21-4b98-b05b-b15c33aec50a.png,0
a833e04d-2bab-49f7-b2e0-41b989e60c2d.png,0
a8360104-de31-4d65-9a86-33bf4dc01ada.png,0
a83ae3a3-a527-4074-be25-534ed223654e.png,0
a8545597-2873-4afc-a0a9-77bb14feb458.png,0
a85953be-7d0b-4bbc-920a-44a79e8a90e6.png,0
a863ad50-b68a-4e28-8934-b3fe0b89cefc.png,0
a8694bb6-3038-4277-a2e6-6dd6abd2cf2d.png,0
a872cd00-56a9-47b7-b38b-0ee07f10cdeb.png,0
a87afd05-756e-4f4b-8b68-dd06a5a4c9fb.png,0
a885cd60-df31-42da-bf0d-6a422db89a76.png,0
a89012c6-2a25-403f-8c58-2d4e296cb963.png,0
a8916a85-c5fe-4531-ba39-0bc117686fb7.png,0
a8c10f4b-9ae2-4304-b852-eac417123611.png,0
a8c437c7-4363-43d6-a6f9-47d242e15a4e.png,0
a8d6dbf0-da08-4f0b-a783-fc278f70cd98.png,0
a8d79131-e3d3-48db-935b-750bcdc83b81.png,0
a8deed82-3273-4c1c-9e72-13bdcee00803.png,0
a8df18f8-d3b3-4f8d-b2d8-27f3c5acd6a4.png,0
a8dffc15-b366-4d9f-9a1f-7c169068c40e.png,0
a8e34a04-dfa8-4ccc-894a-bda5f0542c38.png,0
a8e6f79c-abc3-4628-8b61-34b0cafb2d34.png,0
a8e750d1-fda6-4713-ae72-35893c0e9ffe.png,0
a8ed845f-fffb-460c-aa04-789da780e23d.png,0
a8edb1d2-2420-478f-8752-54c7025ac86e.png,0
a8fbf248-186a-40b7-bd51-d7a8308449fc.png,0
a8fc77b2-a30c-4360-b716-74bb97685c58.png,0
a90e1a15-1541-466d-8b16-9a7083fd8555.png,0
a917ad13-d23a-4758-b943-34c74acc19c0.png,0
a919d4a5-b652-4cc1-a871-1c6bd652246f.png,0
a923f888-3ff4-4f82-92df-e71d6223c4b6.png,0
a929e001-d832-4e66-8ab6-2adb806d4047.png,0
a93a988e-2812-4139-a6cf-97cbf1eda603.png,0
a95db573-b59a-4a7d-803e-6bad441499f3.png,0
a95f5aa0-dcd7-4e08-ab91-832ce6f25055.png,0
a961ef19-ab98-4495-868c-cd268ef256f7.png,0
a962cbf0-73ce-4066-afaf-69f961bbb389.png,0
a9633eb6-7d7f-4d23-96af-4387fd2a8acf.png,0
a9640dbb-05f9-462c-85ec-8fefecd9a235.png,0
a968e822-adce-4a16-be1b-81764099c9a5.png,0
a9703aff-6dab-484f-a9d7-7c7fa4d10e21.png,0
a978e290-1094-4791-a697-cbff542c9469.png,0
a982579b-3a59-4086-be3d-d7209f9bddb9.png,0
a98716c9-a83b-4518-9fbd-d3c865db6ed7.png,0
a98c1f37-66a6-4670-add8-44dfcac0fc77.png,0
a9a248f5-833d-4ed0-945d-b242b4095ec7.png,0
a9a44b0a-1f71-420c-adfd-cf3c7bdd2625.png,0
a9a99811-eaed-4531-9404-14420ee269d1.png,0
a9aad05a-1136-4ca4-b148-0d78cbdcaead.png,0
a9ac367b-4344-4cc4-8fb0-5de971f0ff1b.png,0
a9ad7397-befc-42aa-99c6-62bb5a77b352.png,0
a9be2ad9-4a05-44bd-b5eb-a0938bc06363.png,0
a9c988f5-86ad-4ee7-80f8-b7a1776b42c9.png,0
a9d077f1-052e-4e05-ad10-92bff634a60d.png,0
a9e83d38-0e1b-43a7-83c0-684ce77412d5.png,0
a9ed6265-89ba-4c5d-89f4-7df3ca2bf2fc.png,0
aa059d1a-95c0-4630-a762-f0e8be3c224b.png,0
aa09ebe6-e321-4e01-8658-2c668c1a1654.png,0
aa1b8a2a-59cc-49fa-b38c-a3fe2767ee15.png,0
aa1c7baf-f4a6-4644-946f-ccbc000df81a.png,0
aa2af074-3bc2-414f-8adb-49d60b1db48c.png,0
aa2c95e1-c96f-4dc4-a136-c849aac5a428.png,0
aa354250-71b0-4d06-b0c6-8d00bccf45d3.png,0
aa420409-bb01-4c33-bea2-d0b1d04f5f9e.png,0
aa51d582-6cf7-4d59-896e-751bfd683a2d.png,0
aa5a56da-81dd-4703-a2b4-fff5b215f1bf.png,0
aa60627b-bdea-45a4-ace5-67c64c813020.png,0
aa6b3cbe-e2a5-488e-836b-23a9fb31bc67.png,0
aa73e2f4-ac19-44e9-9798-b44811e04f01.png,0
aa78c3b4-938c-4168-9840-78537016da77.png,0
aa819afb-106c-4d2a-a32e-e9ca8f5d63a6.png,0
aa8377bb-0c43-4c48-b185-bf96cc5c6537.png,0
aa83f3e7-4711-40ec-934a-6ea66add2196.png,0
aa886a54-00d6-4f04-91b8-498c5c1bbc65.png,0
aa9f772e-132a-4220-b39b-3fcd4a9eb1b6.png,0
aaa685a7-16f1-448e-af0f-a06867f78e1c.png,0
aaa7c198-f317-4525-a6ba-af842e37ded7.png,0
aaa98324-17f0-4e05-bce8-f78de7fb00d7.png,0
aaab7a82-b63a-46eb-9d03-b9fba96ca983.png,0
aab88291-f31f-4820-8ffe-032378af31e7.png,0
aabd5bd4-91e5-4760-b8ff-5d4e0d9ee960.png,0
aabf6dee-a9c0-4b30-84f6-42f3ffca3c1f.png,0
aac8b967-4540-4826-b4ec-42bdeebae1ab.png,0
aac98e99-3d0f-4bf2-a38b-15d4e764a3ce.png,0
aace11f8-d283-4da8-9375-40a6f3d6df69.png,0
aad4d661-7bc6-4dba-8c36-0c0c4f77a3b3.png,0
aad7d17d-6d51-4eec-acd7-518e19b5f1cd.png,0
aadba986-0054-4cc9-abf2-48e2c5399b46.png,0
aaef0613-d604-42d9-a13e-dd6f146b15cc.png,0
aaf2b2bf-1be7-4247-94d4-d899da6c263c.png,0
aafdf1ad-66e3-4775-9ccb-e3b391088fff.png,0
ab08e493-1108-4f83-bf24-d47c9f6ab582.png,0
ab09b1a0-4585-4917-9214-bc688caba9fa.png,0
ab0a42ea-b988-4eb4-a6b1-2cdcabbc3287.png,0
ab155e3a-d8de-4de3-a965-2dd883769073.png,0
ab1f2146-1c03-4d96-bc80-d5aaefb9b95d.png,0
ab2122ca-8213-4b54-b15f-66fee8aff602.png,0
ab213442-349a-409d-9859-b5e035009eb8.png,0
ab2981ac-f605-4a8e-a68d-f0e80e424797.png,0
ab2f11f0-f776-48b8-9d23-95ecfc7c583a.png,0
ab327761-77b9-45f1-8c22-6dcb35bcf672.png,0
ab41912e-ba9d-4cc6-84f2-6175b528ca97.png,0
ab41e71a-fe4b-4d99-9e46-da80aeba0ee8.png,0
ab4c4424-5fea-4a20-b4c5-b9c50034ea9c.png,0
ab559a68-0d0c-43db-beb3-bd3885b787a1.png,0
ab63d180-48e5-4a46-8915-ab78d5a79bc3.png,0
ab6db814-4920-4095-8d8b-3d5f2450c156.png,0
ab7845aa-22e1-4ecd-8abe-6a3707de2614.png,0
ab79277e-58bf-4eab-86d8-e8ee65b8f2c8.png,0
ab8a1c5a-5968-4985-ac1f-23e2ec3b5206.png,0
ab9b49a4-416d-447c-9f47-5205c3cdaa94.png,0
ab9b509a-4d80-47d5-96a6-1ce2b6914cb6.png,0
aba15334-5b65-45bd-9849-e453de3129e2.png,0
abb7db92-8361-49a9-9d87-d7091beb6ef2.png,0
abbefda5-54df-4e52-b716-50fe19fff3b9.png,0
abc7cc15-0123-4640-a14f-aba7c6451520.png,0
abca299e-57c0-4eff-b785-39d690cd2c7e.png,0
abcc9e5e-29c2-4961-a783-873aa706006d.png,0
abcf4625-f1e7-4d11-a3ca-4aa242504120.png,0
abd4e52c-39a9-401d-b0ee-7d94f4597fae.png,0
abd5dadc-4ac4-414b-bf8a-4d6939b2a526.png,0
abd62ee2-e0b2-46b5-aadf-99a5e895e10f.png,0
abd8ed4f-f8be-4cb3-bcf4-f5dc4625a286.png,0
abdd0a6b-ce69-4499-9d21-3b42d3ed74d5.png,0
abe31064-5e69-40f7-a728-d3edf6cf69aa.png,0
abe39f96-f9ee-4539-a408-c7a623c4d778.png,0
abf339c8-4e4d-4b90-8517-a060d6fb9567.png,0
abf61e81-b6cb-42df-89e5-ef08fb62312b.png,0
abfe2f91-b79a-4e29-9214-fdbf158c4a5d.png,0
abffd045-a073-4fe4-b65e-6d27b2d510db.png,0
ac02e9f6-af90-46e9-b9fe-a3c92eb659dc.png,0
ac056286-2e9a-43a7-8143-60082ef45a8b.png,0
ac05a354-1449-4cf4-9045-962ee84a847b.png,0
ac1e4d6d-c013-4a23-8b65-0094eaca37c5.png,0
ac1f5622-570b-4f7b-b977-213933d2b06b.png,0
ac23be83-8423-4e72-a365-3df113da4de4.png,0
ac251548-5770-476a-8987-c928980312c5.png,0
ac282951-7cd1-4e12-9a60-d11351383af6.png,0
ac3298cd-90f6-49cc-a584-1c519749612b.png,0
ac36c55b-581a-4af8-bbf6-2334f565ce06.png,0
ac37af54-f4bb-4020-8ff3-be7b33e750eb.png,0
ac38e730-300e-4267-88ec-5247c0b90ed5.png,0
ac3e7d5f-a894-4b41-9ea3-1645c4c647f5.png,0
ac49a32a-bc8a-4bdf-bb05-6c4a97f18d04.png,0
ac4dbb76-f72f-48ef-ab91-bd3fc6dbe5b4.png,0
ac507fad-0c24-4a5d-8a92-99d535a95001.png,0
ac58847c-9f1a-4248-85a1-58ac5d10781a.png,0
ac5c0560-0248-45b5-87e0-02f67a81ad15.png,0
ac5efe45-973e-4389-9df8-a1ce33bacdb0.png,0
ac720376-3ba0-4d34-9743-cd152ddcee2c.png,0
ac75480d-d4c7-4095-accb-51287ae30229.png,0
ac8c5b1a-2e5f-43a0-8b13-3ff7561a83aa.png,0
ac9a1d53-16e9-418e-b6ad-ce4f7caf9258.png,0
ac9d8fd5-2dad-41d8-a22c-31013afcdf48.png,0
acb0704d-dddd-4cf8-b678-ebe820443832.png,0
acbd5788-b2a8-4fa3-b9ff-f6738bcf6f08.png,0
acbe37cf-0956-43c9-8d1f-097b5aa8c06e.png,0
accaf82a-cc15-4e31-a7ba-cd0ef77f4744.png,0
accb4735-367b-4d34-8899-375e0aed81ff.png,0
accc1fed-2c48-470c-88d6-3433725f8a04.png,0
accd45c5-2127-490f-94d1-beb7e54e5938.png,0
acd660c3-ebdc-4ef2-bab9-d8e0d17b734a.png,0
ace00a2e-5c0c-48ae-8b67-651f742f6820.png,0
ace01ccc-dbc9-4d12-b6c4-6ca3dcafe11e.png,0
aceab35b-8252-4df6-996a-1b28ff287540.png,0
acec6466-f19c-4869-af2c-5ffe1330649b.png,0
acf6cb2d-61f2-4172-9f0b-e010c583cb9f.png,0
acf7fc42-fbe5-45d4-b099-6355aab368d8.png,0
acfd083f-9b9c-4a1c-8754-9c9b8f599568.png,0
ad040815-28e7-4a5c-a3fb-1692488569de.png,0
ad04815f-f706-4323-bc71-a99cf971db8a.png,0
ad153890-91bd-4c50-9fac-945401cfcdc6.png,0
ad161e98-3d85-4e8a-816b-ea0f2fff4612.png,0
ad182aff-7085-408e-bac3-51a7c705a711.png,0
ad1940c5-32ac-4b22-9e6e-de0d39d3f395.png,0
ad30e051-603f-4a3c-adae-e792db39f74c.png,0
ad35d03d-1c19-462d-91f2-81921d409a05.png,0
ad442ea0-39bb-432f-ad70-1f932cb3abee.png,0
ad47f6a2-faf2-4aa9-bf67-5c2566321134.png,0
ad4c8c8d-a908-4bb0-9bae-b3a584c5acc9.png,0
ad5636b0-97d0-4d4a-8e5a-a4817ed59838.png,0
ad5ee674-ba0c-4cbb-a21c-7b79b7301111.png,0
ad5f46af-9007-417b-bbd4-79e3d1672301.png,0
ad628c0d-d358-4be4-bf44-6e495c0a87b8.png,0
ad67e243-e5b3-40fc-aa45-4f7faf7a2932.png,0
ad750a01-7b7d-43b5-b4b2-42bf12a603bd.png,0
ad76cf86-e00b-404d-b9df-6d707274783d.png,0
ad797c06-afde-425e-b0a5-0d4b5d0f2af8.png,0
ad7d8292-0c51-49fc-92ba-4d6b8d92df7e.png,0
ad825d6b-f63d-43ad-a7a2-198eea0b08f5.png,0
ad88578b-0a42-4628-aa46-ef6b0756c335.png,0
ad897723-3ee3-4652-b5a8-30605ded589e.png,0
ad89c9de-3e31-4bc8-b8d3-757a76d64af3.png,0
adb2838e-c735-4249-a378-5e16cab293c6.png,0
adc6368a-70d1-427f-abd8-54ee2022125b.png,0
adca229f-0bee-40a2-9dbe-97501c87986b.png,0
addbc711-3a90-4f6d-94ff-e43b491685ae.png,0
ade191f7-87b9-4067-ac55-d290deda8fa6.png,0
ade25361-0d04-40ee-8ab4-781003414307.png,0
adea503e-89ce-4e46-97f2-e692bf9729ca.png,0
adfda830-4f01-47d0-adad-0f749cbe68ae.png,0
adfe4e1e-3a28-461f-948a-2ba9cfe72763.png,0
ae02d3a3-4d01-46b5-821e-cea87be7ebaf.png,0
ae066c81-2464-44cf-990a-d5e2f9a0eaf8.png,0
ae0cf0fc-7856-4d95-99b6-f2fd77c753f3.png,0
ae14bb5d-9134-43ab-ad0a-c44c4e52bd67.png,0
ae29aee0-ee78-4cb5-a5c9-4b43913543cd.png,0
ae2f5836-43b7-4cf6-a83d-f3783e92ce46.png,0
ae34e246-4d09-4cd1-89c9-b3107a1553dc.png,0
ae3638bb-b578-47ed-83d8-92455c7b3069.png,0
ae3e1340-6d98-49db-bd58-cebbb4d1a331.png,0
ae432160-dfe3-4545-8cae-a9f5bae69b71.png,0
ae49d7bc-7d7d-4622-a4bf-9aaaa6128015.png,0
ae4cc69b-20a6-4a62-9fb3-c1767fdd37c6.png,0
ae4d1747-9c85-413e-9e9c-c269e379354a.png,0
ae625e8a-042f-451c-914a-1184aebaa97e.png,0
ae6832d7-97d9-438f-9fe0-38250c104951.png,0
ae6a4e67-b0d6-439e-ad05-8f751a8286c5.png,0
ae6c6063-dc7e-4a23-b972-1427c8368f3b.png,0
ae781ca0-acb7-4ab5-8566-cfd3b474ef42.png,0
ae7d847c-67fa-427c-ab28-58ccac0b46ef.png,0
ae96604c-161c-4d6f-b17f-774815616aaf.png,0
ae9e8ee4-a4f6-43d4-b6ee-0dd7f093eade.png,0
aea5043e-fcd5-43b3-820d-944c2ba7b437.png,0
aea65669-abc5-47dd-bf4e-c0e133dcac3c.png,0
aea67005-00f8-4c5d-8b0e-782786127ba8.png,0
aeaf6ffd-ff7e-48cc-b31f-175a5e79b415.png,0
aeb99fe0-d9f2-4122-8abf-e7f933f71f80.png,0
aebb48db-2f6f-41ad-87e7-d90c5620187e.png,0
aebb5625-cbea-4e11-9a9a-19708903ed1b.png,0
aebf9717-f500-44ac-87cd-273f24e0c3ce.png,0
aec849c0-4ef4-4d4e-9d09-573f1ce4cbd1.png,0
aec8c4ac-c66d-4523-a3df-278d0b7bead7.png,0
aeca7c41-8768-4f70-8bc7-5427c4718782.png,0
aecb2f65-5824-4770-ae82-2b6dc9f8905d.png,0
aed5aa2a-184b-4630-9b23-e640bb021e3d.png,0
aed865db-a574-4971-a30d-924fff9796e5.png,0
aee56331-e752-442c-ac2d-0b82fe156d67.png,0
aeed4687-0e91-4584-a5ba-01678fc4215d.png,0
aeee2758-efd1-4e6d-b0df-b1916d1c1085.png,0
aef642fe-7242-47b8-8aac-971eb052d9fb.png,0
af019f8c-2e4e-4568-82a5-d878c7c82823.png,0
af07c1e9-17f1-4a5c-b3e0-7351eab56e17.png,0
af0bad4b-7eb8-4cbf-ac41-0b3a54526874.png,0
af188f6b-66f1-46d7-a211-8a8310278e0c.png,0
af22f5c3-c994-4902-96b2-8c75eb5e8e4b.png,0
af2b931c-2fc3-42c1-9093-52256df224ad.png,0
af387f75-2b11-4210-8ca5-aeae34b354c5.png,0
af487ec4-2066-4e6b-b60e-dd5568e9aea1.png,0
af48ed68-8d92-4d14-9cc0-f594d1db596d.png,0
af6859cc-6719-4cdb-b70f-d7cad974f171.png,0
af773610-ef65-46f7-b538-56403393129d.png,0
af7a0cc2-9ec0-4f3f-835f-3321b191925b.png,0
af7cdf5f-6fcc-44a1-9d51-0a9f26e78a7f.png,0
af7dd745-4d4e-4253-bf32-f16e26747977.png,0
af83b500-1576-47b4-af61-f63581b61aee.png,0
af863aa9-a9a6-46a7-9180-96339865ef2a.png,0
af8ac1a0-5f55-42e1-9cf7-d79e70bf5fb1.png,0
af8b2dd5-e469-4be9-bdb3-027d7a1a3dc0.png,0
af8b563a-6874-45b6-b1fa-8c047177a7aa.png,0
af9d342a-518e-47be-99a3-b2138960db46.png,0
afa2fcb2-e578-45c7-97d4-cb56488d80c5.png,0
afa5b7eb-938a-4c84-ad90-0ea94ffa6878.png,0
afaeb13e-137c-415b-aa87-1f329432aa1c.png,0
afba92c7-0822-4350-bd6a-43706d515b70.png,0
afbc95aa-3eea-47d6-bde2-2a84c8820926.png,0
afbd53b1-ea57-4201-9690-9e2bba0002ae.png,0
afc11a1d-44fb-4387-ae7b-26d83d738996.png,0
afd36690-c66b-435b-8f10-bbf7dd5a2216.png,0
afd6c35a-134e-4607-bf71-e5a1c06264c8.png,0
afddf7bc-bdb4-49c8-8cab-9e52bb00e7d2.png,0
afde930b-b6d2-4433-a80b-a85577be5990.png,0
afe0f263-112f-4a63-9069-7143ab15e71c.png,0
afeaa6a4-59e1-4bd5-9d2b-41fe94e789fe.png,0
afeacaf9-b9e4-4f0d-a200-17b94ac64b9a.png,0
aff6b77a-a1ee-485a-a758-377dbc08f868.png,0
aff7f699-462b-406e-9f70-f5232799a2ef.png,0
affe3bdd-245a-44de-9b6d-6cb745f07401.png,0
b00308f7-dfd6-423b-a42f-102e634e2fc9.png,0
b00af36d-5f79-48ef-937c-4b3a9c1f7dd6.png,0
b01cc638-77dc-4d41-b88a-1c7a9d041b17.png,0
b01d33db-52b8-4941-80a1-0f46f3ed3c69.png,0
b02bc17d-b10a-4343-a7be-f5201bc44b6e.png,0
b02c6f04-dc7e-4786-8100-c0d1baddaab6.png,0
b0316434-0e00-477c-ae4c-fc2a757a1e8b.png,0
b03ceaa1-870b-4bfb-8e84-7132be831e64.png,0
b0469327-31ae-457e-b1d8-31d1a99fc0d6.png,0
b04bd818-41f5-43ec-bd8c-67ecec54a4d5.png,0
b04dd37b-535d-4b76-82f2-ae8a84289619.png,0
b05197a4-ee7c-4a73-bf4b-081e9b5e6230.png,0
b057c325-eb7b-498f-9aa7-92b599ec36cd.png,0
b05a06e5-0662-4fc4-a12e-ef6e2f27613e.png,0
b05be23b-9b1d-4868-ae6c-72485cd2c601.png,0
b064ca05-1cc1-463f-b43a-09b3582fa0d4.png,0
b064fcb9-571e-49f5-beac-5f036d5c9b51.png,0
b06b945c-851e-4547-91dc-64c4875508f4.png,0
b071fe9e-d11b-4672-8c4a-bbef34635b7c.png,0
b07732b2-f377-4be9-b6c3-e3863d1e6784.png,0
b0788a2f-3edc-467b-85df-768481a02b67.png,0
b0790eba-d296-45b8-8d14-6c500f6adfb2.png,0
b07c2ded-6e52-40de-8559-ad7ba6e246a1.png,0
b080119c-b27f-486e-a803-32634a898536.png,0
b0afb895-6fa2-4966-994f-689c676ae667.png,0
b0b392fd-3cb8-4888-bf0f-3b7ee0a935e2.png,0
b0d7de28-cf63-4c85-a573-194a84927c40.png,0
b0e0f612-3691-4d9d-9420-72ec8d9304d0.png,0
b0eb06a7-f29d-4ced-8c98-e0e4a3e3b0b2.png,0
b0f4094c-1266-477f-8fec-d85e5389711f.png,0
b0faf7e1-82d4-45f1-a6f3-59efa529946a.png,0
b0fba499-9f35-4e0d-94e5-752ed990a643.png,0
b10291d2-7d16-44b5-bb13-208e75806511.png,0
b10433c5-6375-470b-9020-bf97236c6680.png,0
b105fd51-4bb8-4fdb-897a-cd55daee8733.png,0
b1066280-4520-4377-ac12-b466c84828ed.png,0
b10b52da-84fd-4057-b675-330e46c53504.png,0
b1158513-8924-424c-a061-d9c8200d2110.png,0
b1215d2d-3788-4d6f-9523-402d66fc707e.png,0
b123993a-8a7c-405b-9c5e-6e2b8f373a11.png,0
b13437e4-5082-4e35-b3c4-310da5b6e407.png,0
b13a3d70-3a91-4fb7-b81f-130005bf009f.png,0
b13de918-205b-41c0-aeb3-2bed13081fcb.png,0
b15381ff-aa71-4e77-9292-ea70c1b3233e.png,0
b1545c30-6521-42a9-9d74-66144ec64ae8.png,0
b1550f56-1791-4d02-b089-287eeb0c1777.png,0
b15aa554-cb99-4a0a-bd49-8c643410750f.png,0
b15bc724-ed99-47a1-b59c-ccd26a41d372.png,0
b15c1ba6-599a-4c52-b747-f7107cb8437d.png,0
b1661019-e835-47e9-b466-6f8faae84715.png,0
b16a315b-f9f8-4baa-9274-b5250c55ce79.png,0
b17151b8-561e-48c2-851d-5b41df2668e5.png,0
b178a56d-0194-4475-af25-4caa97eedd38.png,0
b1793fb4-5a81-471c-ad19-8c735d94ec6b.png,0
b17ebcce-1181-4571-a1c8-f5089cfc6fb3.png,0
b1827a4d-c98c-4719-8296-1659617870a7.png,0
b18e9b1c-e430-4200-8553-e585e0c49afc.png,0
b196a9d7-80d6-4e67-a799-da9915f5491f.png,0
b1991b66-7cb4-4569-b56b-9565af71ec40.png,0
b1a3c66c-868a-4afc-b112-03818afd03bc.png,0
b1a863d8-998d-414d-ae47-536e0dcec368.png,0
b1aa5bb6-f2c8-4d3e-a3cf-df22a5d5fa67.png,0
b1c27227-035d-4fdc-a6fb-89bba42ae359.png,0
b1ca99db-5739-41fc-8692-9d0ca2dccdc2.png,0
b1d17ba5-8467-4e62-95c9-907673ce6b6e.png,0
b1d545f0-8658-4533-959f-dc32955904ca.png,0
b1d5d7d3-774a-4894-9575-73a4c7163494.png,0
b1d88801-a6c9-4ab1-9ded-a98a6973f56e.png,0
b1dcd901-378d-4540-949e-33ac5c94ca4b.png,0
b1eac50d-4280-46e7-b010-6c347b8182d5.png,0
b1ebd57e-6037-42a0-9e31-612968c4ff92.png,0
b1f0da6b-6c87-41b1-8dce-a8dca049a537.png,0
b1f3050c-2d03-4b69-984b-ef913787d774.png,0
b2049c74-eb7d-46e2-be10-48bbe92cb1a6.png,0
b2067b72-a300-432e-a14d-098fec737171.png,0
b215a2cf-ddf6-4032-99a0-1c2b10ef2f9e.png,0
b21ec09c-a75a-415a-a32a-a825fecdcaed.png,0
b2248f27-a5f1-427f-a84b-2e713da2ba9b.png,0
b2258e40-0b4d-41f1-8922-d0924c8aa145.png,0
b22ef5d7-f64f-4ee8-9935-01af80a2a339.png,0
b2361c48-5c67-4473-9565-ea3a4ee7f597.png,0
b241dfb4-3ba4-40b0-93de-2eaafaa13dfc.png,0
b25d0f5e-c2c7-499b-a3d2-65b1f71b9d30.png,0
b2682847-53c4-490e-8549-c0aaf59d4af3.png,0
b26a717e-608d-41f1-ac9a-33450bf2d7e5.png,0
b26cc8d8-a11b-4b2f-ad69-41ad37ad5c53.png,0
b270a010-9969-43bd-ae89-2a3c3f7b0d21.png,0
b276b1de-4caf-49da-bc32-70008fb180e5.png,0
b28024d4-4281-4d77-ac09-e4e07dedb611.png,0
b28603a4-63b6-4df5-96d5-b5e6bcdd64c6.png,0
b288e186-5de5-47d6-a20f-ddad34f1e05a.png,0
b28a6d18-ae02-47f7-ac74-05b4e453210f.png,0
b299e0bb-b612-47b8-9e9f-269fac434378.png,0
b2a1a665-acaa-491f-9164-58a248045c81.png,0
b2ad3c85-a873-422c-b75b-f449a7228549.png,0
b2af5b13-e46d-48f6-b625-83e0f54e508a.png,0
b2b88ddb-9195-4d34-96fd-6f99b7f556bf.png,0
b2bc0c58-4336-476a-a4a5-56309fb5846c.png,0
b2c534fd-e663-4363-8c62-bcae8cd3dabe.png,0
b2c892a4-9c63-46e1-9b81-f928651464eb.png,0
b2ccb7e6-03cb-420b-9a9b-a7268d3f9e22.png,0
b2e2dafc-0946-4b7d-a41b-51b18e8ecee4.png,0
b2e3df58-d617-4bef-8a4d-ee9afba25281.png,0
b2e4f77c-f59c-4dc6-9b6c-d3ced1f6fdf1.png,0
b2fdb4b5-24e5-49cb-ad01-84cf17f35c94.png,0
b3131afb-b81b-476c-a24e-ea5dba828d1b.png,0
b31c8772-0e22-43c8-88f0-4c8251d3d39d.png,0
b32a64b6-4185-4c87-bd47-729ee0c6e2af.png,0
b3312d57-2626-4c6b-a569-5c29e12cced5.png,0
b342002c-f204-47d2-b726-51e14e8dc028.png,0
b34945a8-d965-4a56-b38e-968dcf2ae993.png,0
b34f99a7-7898-48b7-880a-743603ade339.png,0
b3550a9f-f3b2-43aa-a4a4-47a37dbafd8f.png,0
b359f1a5-74c4-41aa-b1e6-dae9d3a99dd0.png,0
b35bc420-3de2-428e-a6bc-15de823f81fe.png,0
b36c4e27-b189-4ece-a632-4d077154b611.png,0
b36f8f62-bfab-4716-8228-8924c4ce666d.png,0
b371a4b2-fbcb-4d0b-8cfd-028fae13c079.png,0
b3722bbf-4908-48e5-8f40-d52da540854a.png,0
b375ac9a-9005-48c8-975f-9b439b4fc867.png,0
b39d5502-47f0-4a2a-9978-97741698bac8.png,0
b3a3b915-ac17-469c-87af-b7982ff3326f.png,0
b3a4350e-f10d-44a6-8ed2-b4a78d18f904.png,0
b3a62977-0a9a-4624-b6c2-22c582ffdcd1.png,0
b3ba8251-ad9e-45a7-b5c3-b976b290508d.png,0
b3bff0f2-2ffa-4ea4-8ca4-57cb08980ad2.png,0
b3c3a0b7-e29b-4e0c-ba93-8c00c26ba5ad.png,0
b3cbba88-1fcf-4235-9810-ad1ea8059fb9.png,0
b3ccf99e-b31f-4705-8d69-211b6cf1d78d.png,0
b3e8fb51-defe-422b-b6a3-b8c4a6c365a2.png,0
b3ec67fe-d86d-4d7c-bcfc-51c81d7153d5.png,0
b3eca1d4-f307-44ee-9f82-ffee6bd37138.png,0
b3fea5aa-119e-45ab-93ca-b42022961cb7.png,0
b3fef4ce-65c5-48c4-8263-81c9e55e3ffc.png,0
b3ff1452-a443-4261-a713-76c47b9932e9.png,0
b3ff1c48-e9c7-452e-8004-6d5f488e9179.png,0
b400bc01-266d-4c5e-9682-b462a855ba26.png,0
b4037984-e61e-46fa-be41-329da7ccac53.png,0
b406c96d-da7b-4f8e-a9ac-88131cefa21d.png,0
b4084bd0-e84e-438b-8daa-65fc081fb54a.png,0
b4122129-c965-43e9-afa7-f603787a9297.png,0
b41d3296-4a37-4756-8a90-acb2e47d12b9.png,0
b41f4669-c34d-489c-8c5e-6cc1fbacd3e6.png,0
b42927f4-2933-4f56-a93a-7a35ed076acc.png,0
b429319e-701b-4347-b4c2-55a6878d5a60.png,0
b441b807-25e0-4c5d-a1c3-bbf000a38b19.png,0
b44b6ae1-2a84-4f3d-8d8c-ec10258169c4.png,0
b456d987-3283-41e5-9e25-62491caa5b98.png,0
b4582311-c163-4771-94dd-a516f61f1b88.png,0
b458af85-4d9b-4722-b2ff-464d65b3c811.png,0
b475fe0e-6ef4-4715-a783-c7cc710d4233.png,0
b4760abe-2176-4f4a-a16a-35728c9feba1.png,0
b4823a54-2c30-43e1-9662-bc830404fdcd.png,0
b496388c-8522-4f39-b367-34f9e19dd583.png,0
b4a7b649-59eb-4d88-8983-c154b5ea769d.png,0
b4a81984-0764-467d-ae67-0347d1289f2c.png,0
b4a86b8d-9d4f-4a3b-9a5e-96cb32198bb2.png,0
b4b3ca26-f475-4a32-96c5-699a2f7220a2.png,0
b4bd9d9f-9dee-47f0-a734-afbfb0e554cf.png,0
b4ca70d6-3ac6-4106-a211-9638f6142501.png,0
b4e70e4e-13ad-45e3-9ed5-a6619e4670f1.png,0
b4ea3ed4-ba8e-4b62-8150-72e39aef9055.png,0
b4eba4ea-6143-4988-a05a-b0f25d6c0b1a.png,0
b4f13c36-5bda-4dfc-832d-3dad114298bc.png,0
b503e477-c5dd-48da-8723-fd1ca2a0b405.png,0
b50e2398-73d4-4eda-8e00-c60167487830.png,0
b50fc2e5-6fd9-4d54-badb-97be4b5a733f.png,0
b51868c2-4a70-4886-bf3a-8d352c3c4249.png,0
b51f21e0-4a3a-4b16-bdaa-c8e0e4e2f8c6.png,0
b522e51e-15a9-4240-998f-5d8f8d594790.png,0
b52ab92c-9e5a-4db9-98f9-5334f2e409a7.png,0
b52f57bb-069d-4ec5-96a9-dab220366094.png,0
b532c1b0-2e90-47a9-b00b-6bdbaa317cec.png,0
b5383fbc-271d-48a0-8d17-83f2dfb2e52b.png,0
b547f70e-e50e-40fc-b3e3-db94bcea0734.png,0
b55b63fd-2e8d-493f-95c0-05390ce2613e.png,0
b55da719-65b6-4bca-900d-a0a1003509fb.png,0
b5712cbd-9eda-4221-be93-522919a0ec70.png,0
b5737d98-457b-4b85-9c95-264d48ec6210.png,0
b5744059-ed7f-4d37-be1d-293a62518c1d.png,0
b588dce0-b8ce-4a96-8b3e-f3f31d229467.png,0
b5971b88-9012-470c-bfb5-2956cd3c96d7.png,0
b5b76ad2-a31e-4590-88bf-a71507e3df5e.png,0
b5ba706b-f5f7-45be-ab33-e955db947121.png,0
b5c69c5b-e88c-4070-afa8-ab647f9899fe.png,0
b5c7d8f1-91f7-4251-a761-7388800ad0ed.png,0
b5c901dc-9e41-4ffd-b880-412e0f9b8ef9.png,0
b5c9f691-020c-4f70-bac8-25b067f0b357.png,0
b5cb73ad-33bb-4adb-9123-e645becd46d9.png,0
b5ccb5ba-0bff-425d-aeb8-f72f6d9dc283.png,0
b5d4c20b-2fb5-4b13-8eec-af3ae34a2282.png,0
b5de935d-902c-441d-bf47-cde979d6f9eb.png,0
b5f80792-7b68-4406-850d-67a121c1220f.png,0
b5fbb09a-9116-4c5b-9dcc-62ec44ae6408.png,0
b5fda723-b6c7-4b82-a960-83d3f52f385a.png,0
b607b534-48a2-445d-8579-29ef85752d16.png,0
b6224e20-43d0-48ff-b33e-34e18ef36d64.png,0
b6295556-d3c2-4ec6-b0da-fb72a758bf14.png,0
b630e58a-f0af-4a41-8996-c3c810de841a.png,0
b641f188-760c-4086-8e46-2a02e9815a2a.png,0
b6426ddc-ac86-47f6-a0e8-080561b3b919.png,0
b6503833-91b2-460a-857a-b4921da4b68e.png,0
b6570908-3bf9-4938-81d9-33206ce1e4af.png,0
b65e8f4d-3b6f-44c5-b7cb-f967a8c70c01.png,0
b6690f38-62b7-4435-bb46-f99a7f3e6e8b.png,0
b66d2c1c-4bd2-422f-827b-b6edd7f1d41d.png,0
b6744d49-d49b-47c1-b006-0a1256e83452.png,0
b678dfde-85c1-464f-936f-de965a7f5fe9.png,0
b684712e-93c0-4515-bd86-4c07825d8c89.png,0
b68878d4-8f89-4c44-9027-9f1802085abb.png,0
b6895077-3de9-4317-95a5-94950eb2ba73.png,0
b68eb02f-6ce7-4752-9205-8b196d34bab1.png,0
b695950b-fcfd-47a6-8766-ce287cc3d415.png,0
b6a763e0-aa38-49b5-a256-e119e8a90c39.png,0
b6b1bec8-7b77-470b-8c8b-0ed42482b347.png,0
b6b3de30-3eb7-4c8e-8f61-bdbece52268e.png,0
b6bdf7f3-e62e-436b-9d61-4041bf19cf8e.png,0
b6c41458-6f35-4054-93be-084611afe2b2.png,0
b6c5ae6e-eee7-49a3-8fe4-70abda58ac5d.png,0
b6c715e6-7367-4189-a44a-42a8e085fdd5.png,0
b6ca7798-2841-4889-b4c1-61a89eb006d6.png,0
b6cd343d-2352-445f-b5b9-28fd457c2022.png,0
b6d4ee3b-c6db-4640-9b41-12f171b0c940.png,0
b6e89c3b-bfa5-414c-851c-f155a5127dae.png,0
b6eb4991-000f-43e9-bf39-2ffd63fbedb1.png,0
b6fe8b37-db6d-4ab9-b8bc-401a5e2b35a2.png,0
b70eb540-c3f7-4655-9d70-00a143ffb5e5.png,0
b70fe4cd-9d95-484b-9c83-72a9a912231b.png,0
b7268bc2-00d9-4026-9423-2d91a6e22901.png,0
b72d2f85-76a5-4acf-b5aa-12ec1c3b0bff.png,0
b73be0ac-9f24-4635-9935-f64c89a07c57.png,0
b73e28fb-9068-4949-b4b1-8d7815cd4af5.png,0
b7419f2a-9201-44ca-96d5-441bd3bf4534.png,0
b74815e5-66c4-40fa-ad4a-e85526b278d5.png,0
b74be914-6855-4166-af07-a3adb0204f35.png,0
b74efb23-b6ac-4f62-bdbf-40cdf14edc5d.png,0
b750db93-d4c4-4d0c-9495-a93bfd4c7d52.png,0
b75127fa-177d-4ff9-a649-122effde7372.png,0
b753fa88-2247-4354-86e7-c0031fe11d13.png,0
b756be9b-d2d4-4132-b34f-f966a460a335.png,0
b75d9cd8-57a3-4485-95b7-3521605481dc.png,0
b75e156c-58d8-41f1-90a2-4ec23a55afd8.png,0
b76ebfcd-dc59-4532-8f46-cf21edcfefac.png,0
b77ab1ed-342b-452f-83b3-3ab219c36840.png,0
b781a0a9-6e35-485e-9548-66c55bcc9c8a.png,0
b78db1b3-7cae-4225-9f6c-fe8abef98f0d.png,0
b79a9188-b51a-47ba-b993-126bf0799cae.png,0
b79c08ae-0951-4632-94ef-5e1153cfb489.png,0
b7a2aff1-9381-43b8-a4e5-08a56566a932.png,0
b7b0bdad-ee4b-4381-af19-501eecb6e847.png,0
b7bec43d-211e-4526-949f-a6fc3dabbf96.png,0
b7c9c4bd-98b0-407a-95d5-663fd127860a.png,0
b7d43469-6312-4261-961d-e2014d6e7dd7.png,0
b7d5bd44-6d2f-433d-be65-4d7a7759864f.png,0
b7d652ab-34e5-47c3-a8d6-8685ab32a7f7.png,0
b7e57533-8fb9-4ed6-ba79-4465fc8f2a49.png,0
b7e7c35c-3253-42d6-807c-7ad291074368.png,0
b7e7ff76-b5ea-4ac0-acc7-2acd41f7aa83.png,0
b7ee4ef9-cc0d-46e5-aed9-4dd961989f49.png,0
b7f3190f-8ffa-490a-a429-826965114a3d.png,0
b7fd679b-570c-4159-aadd-5c39d2238af2.png,0
b8043f6e-400d-4bf3-8f4b-4a708c41ffba.png,0
b804e2e7-2c39-45fa-a21b-0e225df9ddf0.png,0
b805edec-e95c-4efe-8364-fc26fd29bb5c.png,0
b80c4378-bfb8-4dd6-8e93-a5e84fdb19ff.png,0
b824baeb-ce9b-4d29-b0aa-eccba7727c65.png,0
b82728f7-354b-4176-8908-8edbf3327e0b.png,0
b827ba3b-f514-48c8-a317-b84adc9e0b31.png,0
b828a2bd-f615-42d8-a756-ec02ec7b6b6d.png,0
b82b06e3-bebf-4d9e-a0d9-8f11856049cc.png,0
b82ca47e-0053-4a1a-9692-1d3a58f52bb3.png,0
b83637fe-279e-4040-8a0d-b4ac8a860836.png,0
b8457218-2bce-4aff-9a16-0a1c1ff1976a.png,0
b850bba0-879d-44bd-a8b0-79b88ac790df.png,0
b85a43e6-8850-4518-b02c-65e4bdda87e6.png,0
b877bb8d-e274-483d-9586-397dc8897d45.png,0
b8807467-eee2-4442-bcfd-8808f7f5b9a3.png,0
b8960e8b-c5da-4d8f-b4c3-bc4f3706a061.png,0
b89e287f-5a3a-4f27-baf9-38759fed98cb.png,0
b8a8cb09-03d8-4748-933c-49d15073062e.png,0
b8b2dcc2-1c59-4c94-a332-c0710334f2df.png,0
b8b45d03-8161-4537-b5c5-a8f26299101c.png,0
b8c6b8e3-df2b-478e-b80a-e0f92be65472.png,0
b8cf9f96-ccb2-4465-a1ab-386ff38889f9.png,0
b8d2820d-6c9a-4c99-b169-754077f9fac8.png,0
b8d66295-9f0d-4447-aa13-2cd184a700f6.png,0
b90528c4-72d0-4e42-9873-6a3bae2edd51.png,0
b9069b7c-4da9-491c-b105-8c5edd6a7d1e.png,0
b9072c66-a99a-4b11-bb25-2a93fcbe378b.png,0
b9209ba8-6f25-4805-97ce-e1ed39c4ab71.png,0
b92e34d3-0c05-44c2-a98f-add1637f5d4c.png,0
b92ede51-1673-42f6-94c2-aec4504075ec.png,0
b937f658-a71d-4c4b-abb8-665bf48067a8.png,0
b93be596-c156-4f63-ae41-fd5c4549bcc0.png,0
b9494bfe-4875-40bd-a16e-58493d87e5b2.png,0
b94eba02-b414-4186-8740-13e2696fb7a4.png,0
b94ef581-b098-4fa2-909f-96f22d6fd446.png,0
b9553f29-1bfd-4362-bc1b-a3480809daad.png,0
b9590757-7c68-4dc8-9d64-eb59f652b0c9.png,0
b95e1665-c2fc-4547-97d8-4ba8fb1807c7.png,0
b960ada0-7202-4e29-b413-879218512d54.png,0
b9620b3d-96be-46bc-ae31-8d5d6d8491f6.png,0
b9685ffa-8248-4135-9f26-27a485ec601f.png,0
b97e1021-d9fc-41f6-86e4-4a673babf442.png,0
b98714cf-6270-4394-a9eb-05454d7799df.png,0
b9948366-ab75-43d6-ab4a-c0e286dbb16a.png,0
b9a3543a-bf0e-47f1-88e2-a04dd1d04e4e.png,0
b9a3f7fc-4bab-4e56-a206-50bc34fa4716.png,0
b9a94f80-1935-4f40-a52d-ef9da973a3d5.png,0
b9b65900-2ff9-4d1d-8dde-80990a82974f.png,0
b9b9e757-28a7-47d1-98bd-0a81e4c0b1fc.png,0
b9c07a28-107e-4d17-8694-ee497af8cec1.png,0
b9c99ffa-21b9-4f54-8312-f3952ec4afdc.png,0
b9cda0fc-41b4-4d18-adeb-c4c4cd9212ee.png,0
b9dcc826-e6e7-4dda-8e33-8435d0baf7d5.png,0
b9e2b848-0d36-40d0-8660-5affd6175043.png,0
b9e7ae4f-33bb-4a8b-91f8-227ccc992a7e.png,0
b9f10b9b-185b-4aca-a2e8-85640ee37dca.png,0
b9f3b4ba-d6ac-4396-963b-95133dec53f8.png,0
b9f6627a-8842-4e66-a08e-9302975867b6.png,0
b9f8516d-e115-4f48-a43f-79d4ba74840e.png,0
b9f872dc-acb6-4fe1-a5fc-03906ddfee66.png,0
b9ff75c0-2087-4791-84ee-e49811ca4889.png,0
ba0354d6-bf41-4e15-bade-9874cf47a9f5.png,0
ba083f79-b065-432d-b2b6-95850c35e9f0.png,0
ba0b5a1e-ccc8-4262-9d1a-c37fdfdb0733.png,0
ba10a732-1bd2-4336-b85c-37da347a70ad.png,0
ba13e6de-a5d4-454d-8b5d-de3d30008294.png,0
ba14bd2e-4365-4849-9367-139d383b0df3.png,0
ba237771-f858-4f79-9efe-318e07bb896e.png,0
ba2d4acc-03d3-4cc9-92f2-2f9a1bb21adb.png,0
ba2fad3a-ac70-4be3-a7dd-c092f1dfdaf6.png,0
ba37bbbb-ef26-411d-bc1b-7f8980fbc72d.png,0
ba3b13ee-0a05-4219-a45a-90eb7d91dc5d.png,0
ba40ac09-3350-40f4-86d7-d0116a5ce26d.png,0
ba56174f-98a1-4e80-b040-7edf29f8db86.png,0
ba6054d8-d2ae-4169-bc71-0215e57fd6b1.png,0
ba614c4f-bb2a-4153-9a46-1927aa826585.png,0
ba652b03-e12d-4c42-bc2f-8a6865ecd164.png,0
ba6d52f7-d113-48aa-8adc-49f963ed8979.png,0
ba6db8f2-d7a4-483a-bf42-7ab2e83f040f.png,0
ba6dbb79-14a5-442e-bcee-be7d02211e6c.png,0
ba6fdec8-a82b-4409-a4f0-725fd36f02e9.png,0
ba7af3a4-033a-44cd-879d-13130fad6d60.png,0
ba8516cc-aa1b-4f6c-ac7a-e34c5b2cda39.png,0
ba872928-1561-404a-961b-32e8d1818e0d.png,0
ba88ad31-a61b-4f5c-83b7-3a22a509c131.png,0
ba8bb1f1-d1a7-4315-b27e-795db9feae0d.png,0
ba8f1b16-bd3a-4011-b9ed-37c464c73f20.png,0
ba95191c-8de1-42ae-a0eb-806cffb757f1.png,0
ba97fffe-d6c0-4cf6-9672-ceb41b709bc4.png,0
ba9bbace-d0f6-466f-9adc-6fa3267ef31d.png,0
bab71d24-89ad-4ae5-bbc1-4d0b6fefcc52.png,0
bab8b192-29be-46de-867c-64c2c0c66b7c.png,0
baba9706-b1fd-4cc6-a271-35694efea9ec.png,0
babdbcc1-8748-482f-b646-8034334fec25.png,0
babf1713-e201-4200-9605-1c483905a9e7.png,0
bac78a9b-fb45-470c-89a8-defdaa3e34fc.png,0
bac7d309-34ab-4eb8-86a0-ccb02fb03fdc.png,0
bacaffa7-30d2-476a-a576-346e390153c5.png,0
bacb8434-99c3-47e6-be98-e39fb17bf3ba.png,0
bace143d-57f3-4514-8fc2-a69a9e7e11e0.png,0
bad1434a-747f-4671-9f1d-794de63b30a1.png,0
bad27761-8acc-42a4-b2a0-e66a1b4d855c.png,0
bad5f195-a3ca-4ee0-b91f-57092abb4b5a.png,0
badb2fab-bc7a-438a-add6-752f4552efd9.png,0
badba1fe-003c-4792-817f-ef8bfc22c27d.png,0
badc0335-1212-4fb3-8417-a63a9df523c3.png,0
bb00533c-5a94-41de-aafd-c1d86cf8e6b6.png,0
bb012055-eccb-49e3-a909-92888d036f15.png,0
bb060c2c-77f3-48da-9ef9-2d885287e89e.png,0
bb0d0d08-491f-4e4d-8148-9a427a7c96d2.png,0
bb0e687b-e508-4420-8b69-86be037e79bb.png,0
bb0fbd66-925e-487a-bdb6-9f172febd768.png,0
bb1017d9-2ae2-4eab-b696-09ad0e109bb6.png,0
bb38452e-c1ea-4a6c-b46a-a4e7c5a9ca4b.png,0
bb3c0af5-2fd4-4099-a68d-f0c0e492616c.png,0
bb3dca8d-1c6d-4304-b876-b86adc7cea03.png,0
bb41d628-5873-469a-9850-574fca494f29.png,0
bb49948a-600f-4db4-8ac1-3a5f0bea21db.png,0
bb56b84a-b675-490b-b172-39b10b95142d.png,0
bb653b26-d71f-42fa-b133-880aac0e183f.png,0
bb6cbc52-ec52-4086-80d4-976d78842d77.png,0
bb6e3490-e500-4174-9884-a98bbb945e2c.png,0
bb6ea1d5-3343-4acf-a00c-091803bdb0f3.png,0
bb7ad574-8d57-428a-9756-7d9197c989d8.png,0
bb8a43fe-ea85-438e-b20b-894b7d3ae965.png,0
bb91c165-aa67-40b5-ac57-ad8458036952.png,0
bb9fca12-f597-439c-885d-ee2f376af938.png,0
bba5faff-f2f2-49c4-b5da-2d881320de34.png,0
bbac6ca1-30bd-4e32-8b3e-db0cae0c069a.png,0
bbafc410-d00c-405c-b702-5718455ecac5.png,0
bbb976c3-6610-4fb3-a82b-fea4f233705f.png,0
bbc14aa3-d235-476a-a27c-a2ce15ea3495.png,0
bbc1e8bf-b669-4629-9344-cf21dc40c972.png,0
bbc47396-83d9-44d3-a748-00dd5bde92bb.png,0
bbdd66fa-e8dc-4115-bc9d-dd82ca7563d9.png,0
bbe334e9-7287-4c6f-91f0-6dd616066731.png,0
bbed1677-6d08-4793-8ddc-7111cb39c0e7.png,0
bc07e6ce-c698-4e25-8392-81959eb36d50.png,0
bc0ec7cf-644a-4760-8b51-3defef773c82.png,0
bc114b89-421f-4cc2-88a3-721ff2b2ea54.png,0
bc15c129-4d16-4190-83dc-a775dd982bd0.png,0
bc1a6b13-b858-4900-bba3-03ac87e2257f.png,0
bc2397d1-00a2-4be9-87ae-1beedefb0329.png,0
bc25b9b4-252f-4f51-8294-97723612fd00.png,0
bc27110a-a1ca-4722-9c7f-0bcd7e0b0961.png,0
bc2873dc-5ea1-4c4a-954b-d94987bca42f.png,0
bc28f38c-9585-40ef-a140-0b2773dd2e71.png,0
bc2e845d-a10b-4cf8-aa3f-0ebd843b6b17.png,0
bc37dfed-b008-44ec-a3dd-3327b9f20be0.png,0
bc3d8c7d-fee7-4138-a182-9773c157b1d5.png,0
bc405e86-e604-4c34-a6ea-32460f370967.png,0
bc422dd3-596e-40e6-93b5-0f08fc6fa720.png,0
bc50a164-53f1-4e3d-9949-09133238944e.png,0
bc5260f2-1f64-4b80-8384-f836324c67e9.png,0
bc52caa9-dd7a-4afb-bd3b-e66666ee0f12.png,0
bc57e179-afc4-4b32-9294-2e3e0be31da3.png,0
bc59b183-40b8-455c-b8c3-c290d96b041d.png,0
bc59d7f5-e65b-4cc1-a668-4517ab02d974.png,0
bc5b060f-45ae-4a00-aea9-1e7e386daf82.png,0
bc6006f5-fed8-45a3-b507-fb04eb4ec2f3.png,0
bc6b8678-8632-4403-bda0-f4ebeaf073c5.png,0
bc6bcb9d-0907-40e0-9f82-b2fe75091b48.png,0
bc749ca9-15cb-4cad-9e99-06685f803507.png,0
bc7585a2-4fd2-45fe-bbd6-3fbd5bc0d30e.png,0
bc76251c-6b0a-40ec-8097-b21c50a3026c.png,0
bc806df5-0a3a-40aa-80c5-5b404759a20b.png,0
bc816a92-976c-41d6-9659-6fc32281231a.png,0
bc83e722-804e-498f-9efb-7bc329a1327f.png,0
bc87803a-38fc-48c1-9712-1ba098b5ecc1.png,0
bc8cc1a5-905d-43dc-8fb4-896ea5da0aaa.png,0
bc91bcb0-a7b6-4dd0-8098-ffd354264ea0.png,0
bc95cf8e-8f29-42bf-9980-6bf30fc5f9b8.png,0
bc98469e-b765-4013-b865-17da64fb0c9c.png,0
bca964e1-2a1e-4d66-b191-1550430659cb.png,0
bcb07b72-0e8d-43dd-a2d7-50636bf00960.png,0
bcc517e0-614c-4c16-a2f4-50bbe10cb068.png,0
bcc8a986-05aa-4caf-b556-20a83daad924.png,0
bcca16d2-1b10-4644-9724-701bb38c4790.png,0
bcd8008f-1545-42ef-8f75-b40ecf1aa90a.png,0
bcda188a-9594-4ce0-8802-dfc2640dce25.png,0
bcdbc728-859b-4989-8621-bc8cdfece25c.png,0
bcebde78-5cfc-4d40-8c97-2dc0f0feaa91.png,0
bceeea57-b739-424a-b182-9dd0876e6cea.png,0
bcf4a382-f2ef-45bd-a3f3-7d733e767e98.png,0
bd0fcc2a-89d0-4223-9987-2a02c9ed336e.png,0
bd110c92-47f7-418b-9cfb-10f645290ca4.png,0
bd2e9bc1-cdd3-47fb-8814-f111085939a6.png,0
bd2f14f1-1aac-428a-a08b-23257a5a361c.png,0
bd319ae5-2b35-4353-a82b-fa46563bff2e.png,0
bd3923ce-b58c-41d1-9bb5-9c0961400091.png,0
bd481142-efa3-4fc6-8bfb-5dbd7c62eaa4.png,0
bd4942e7-2c8b-47fe-b9a1-34349d36e775.png,0
bd4c0bd3-4b98-4c74-8cd3-6213d2e7c279.png,0
bd4dffe6-898d-4d23-b5a1-8efd7d2d5a19.png,0
bd59abda-3e57-4be0-9140-22c8f6de8c3c.png,0
bd6d2577-284d-42fc-bbb6-b18672cc1661.png,0
bd6ddc61-76d6-4d04-b543-8057337912b1.png,0
bd6e1c5f-cd5d-403d-a09e-271283187b35.png,0
bd7eeff5-2546-40e6-aae5-fb8826bbeda5.png,0
bd8979dd-67d7-4133-af7f-485677b25199.png,0
bd8dbe2a-57c9-4267-9564-7d8d2f8f3a70.png,0
bd910308-50e2-4012-aa3b-f01e35314a2f.png,0
bd922118-0adf-46a7-ad0d-ee10fbc7b5be.png,0
bd958495-ad3b-4677-8bee-25125c1dbfc9.png,0
bd98ba2e-d265-4167-ba0d-4ec68110d7ee.png,0
bd9e0d9e-c947-4a0b-a0fb-a2fbce25d0d8.png,0
bda7d05e-c319-44a5-96c2-7c7c2e77ff4a.png,0
bdaae3df-8dd8-4216-8ad1-7593934b4856.png,0
bdace88f-39ec-48e2-93db-0476cdf7e582.png,0
bdb69d36-f0f3-467e-8d3a-8db2ac1d1308.png,0
bdb78a39-ecde-436d-90e7-9254fe934993.png,0
bdbe12af-d5d6-42e8-b17f-4a9f2c17d500.png,0
bdc1199c-b005-4489-8767-49bbd2bfd98a.png,0
bdc3d286-3a04-4d97-a0d9-7face37db822.png,0
bdc799a8-41b5-49fc-b419-8759349acb8a.png,0
bdc88190-63a3-4998-a128-aab114604074.png,0
bdd6e1f0-8bf1-4be7-b9a4-b48d19cb720b.png,0
bddeeec2-768c-4c49-9d62-def00e1ef0e7.png,0
bde1918b-f7d4-4d49-bd15-c68039ff938a.png,0
bde5d050-10b4-4a55-9c5a-b509013483f6.png,0
bdf9677f-6a0d-46ab-81f8-e6b64b8e839a.png,0
bdfc8797-6cbc-4184-a847-8f468727f67a.png,0
be026429-a687-4339-9260-64690cd3ed1d.png,0
be04b555-9fb1-4044-be19-e4e9ebbdccc5.png,0
be04e74c-c06c-4f24-bd58-c742d22d4b03.png,0
be07e5c6-6fe9-4590-b456-6080f5bd5378.png,0
be2c9d90-ba76-4bad-b9c1-2e73ecfd4bfa.png,0
be305f30-f097-4d02-9d48-76c3fa1275c9.png,0
be342863-9ecf-4861-9502-80b6f0380e94.png,0
be42ebd8-e567-4d4d-8607-987c0ab2c47a.png,0
be436c21-ecfa-4f7e-8c7c-2ff3cc40963d.png,0
be4962ec-6af4-4cfb-859c-382ace1890da.png,0
be4ce4c9-108b-4f79-87f4-47bc77c557ff.png,0
be4fb03a-5028-40b3-8a3c-0508668b446c.png,0
be50bdf3-f7c1-4f8f-8eba-76a22dc59de5.png,0
be55fd48-82bb-4996-91fa-b81a37f0db6b.png,0
be56df34-77ad-4833-8179-18bf26d1cba5.png,0
be590287-c599-4d86-8308-ac6cdb760eae.png,0
be5d423c-9ebc-4a04-b342-f92b819a3a99.png,0
be678f2e-918d-4fb6-ade5-02a9469ad899.png,0
be688a24-332b-4dbc-9f1d-06a709179694.png,0
be6abbfe-1620-4e7e-9b9a-ef8b6d8e5179.png,0
be792f68-ad41-40fb-8f5c-babf29a9e0fc.png,0
be7b198b-1417-4536-ac79-13dfa0529287.png,0
be7f1412-c091-4f5c-a5b0-f70faa0c76b3.png,0
be829396-e29b-44bb-9188-2a94ef84c539.png,0
be8c2b0a-19eb-4e55-9efc-9171358333e3.png,0
be90708f-2e42-427c-b532-5501a4ab1a25.png,0
be9ed5cb-5663-44e4-8ba4-5e0886009683.png,0
be9fe97a-ba2e-4eff-a0b1-2d634d51590a.png,0
beb160c4-a39e-47fc-a936-681defb53e43.png,0
beb82683-d192-4b2d-81ad-a6940e977be3.png,0
bebc91e5-e9df-44c0-ad4f-305cddf7d98c.png,0
bebf034a-99ae-4413-a547-ea806600f782.png,0
bec4c195-3308-4a5f-9a98-8abba25deda7.png,0
bec78094-d857-42e0-b4fb-c6a67ec1da8e.png,0
bec82e55-c1d8-4f3c-afd0-19f76b08c96d.png,0
bed3399c-d55c-462f-9059-d42067e39024.png,0
beda57bb-9e10-49f6-80b8-8b910a279648.png,0
bedf2835-76ba-4bd4-8fef-a7c767b7743b.png,0
bef4478f-32fc-4db6-9f1b-b2b7960efc8a.png,0
befd3b4c-d0a6-48fd-87ee-db4340ba4abb.png,0
bf02491f-2614-420e-b8c1-8779dbf5624f.png,0
bf03a2bd-06c1-4061-8a4c-f1f037a6b5ea.png,0
bf067779-e5d4-444f-b8cc-e5e7ff282fde.png,0
bf0d5b47-c5e0-41ad-8c1a-e9ac6dab9ff9.png,0
bf12ed15-4eec-4580-b5e9-bcfba65e1a7d.png,0
bf152efc-210c-4f7a-b112-bf49164d8a1e.png,0
bf1a0294-0d43-4d78-938c-24c0e426544b.png,0
bf1fe75b-d77c-4580-b832-a2cae12c3d47.png,0
bf3b8984-8af2-4ca9-8cdf-ae7ea79aa731.png,0
bf47691b-916d-49e9-b298-779323592821.png,0
bf494059-4fe2-4f8f-a503-c340105e56ce.png,0
bf597ebf-1de4-4b04-bf23-6f036c4b1440.png,0
bf5e225f-e3f1-470e-bc34-a325f17a4736.png,0
bf60b3fd-3040-4a61-a009-37ce6bc19976.png,0
bf64307b-6a83-4032-9f48-99aa0aec9e8a.png,0
bf64c720-4afb-4ddf-a6a0-bc91dc155a33.png,0
bf6c34b5-41bb-4f76-8c3a-8a22781cde37.png,0
bf787ce7-869c-45d1-877c-9d04394bfbe9.png,0
bf78baf2-7a8a-4dc5-add9-63b3a0f9703f.png,0
bf88dd53-1b28-44b4-b101-33b49816d8a0.png,0
bf89b942-f5cb-4d89-ae7c-2b097a65b8d6.png,0
bf90b850-cae0-4f24-9767-a63923beeaf3.png,0
bf9b08fc-181e-46fa-9a4b-452621e5993a.png,0
bf9fab27-8eae-43b8-9a7d-5b59ef1355ce.png,0
bfa0bdbb-8f93-4c32-b8b6-4e71f6caea5e.png,0
bfaf4b4c-9f74-4411-8b48-207ecdc5546b.png,0
bfc02dc9-0633-4770-968e-b5c8b980d469.png,0
bfdbe64f-1ab9-4b72-a4b5-3ef6a057add2.png,0
bfe24f55-140f-4a6a-a8ed-d0a188316c03.png,0
bfe286fa-8ab8-4a98-acaa-b4349464cdfa.png,0
bfe2ef33-c62d-45ae-9687-ce865f5eca51.png,0
bfe43bfd-5d99-4216-83da-f0e6e918fe28.png,0
c04866bb-85d2-4186-8c48-3ce46dcfa80c.png,0
c05d778f-0ba9-4825-94f4-27fdab33a4e6.png,0
c0767025-7482-446c-a5cb-eecee44b226c.png,0
c0ab74ee-9995-405a-be38-4e74223b050b.png,0
c0ef4e1c-00e0-49aa-a31f-991df235c74d.png,0
c110aa33-1f24-4834-ba09-1b88f18c6161.png,0
c112ae01-e406-4565-9691-bc1809432bc8.png,0
c12ea8e0-0579-46d7-96b0-ac0ecbb307b6.png,0
c134a5f0-871a-42f7-b1f9-77b78516c0ea.png,0
c137142b-7e52-423a-9fbb-7085a807a1b0.png,0
c1822330-35f9-458f-b713-97d2f3fd39ea.png,0
c1d32bfe-9f53-4c13-b464-58dae483352d.png,0
c1dfd251-ba52-4ecb-94fa-f98ce08a07d5.png,0
c1f9926f-975c-402d-976c-ee9a12fa30f2.png,0
c1fd8229-6d44-4bde-8137-690092433542.png,0
c20bbbc0-b770-4199-af48-4c63a48dce6d.png,0
c20d2fc9-39c8-4907-bab8-9acd583be0f3.png,0
c210eab7-72f4-4d5a-94b2-7550ff5acf0f.png,0
c211f86d-0ace-464b-ba62-3e8c9529b471.png,0
c21278c7-0e37-4026-b9f1-14ec778903d7.png,0
c21ccf71-42d6-46e4-8e93-36c1c7e2be8a.png,0
c22ff5d5-27de-4916-8564-3faa3cc50088.png,0
c23c618f-e18e-452d-bf46-809f17c707b9.png,0
c23dc547-3570-4f78-a1d9-deb885ad9583.png,0
c243175d-547b-4990-accf-31c7a2f58427.png,0
c244f974-2859-4a60-910b-29061d94252b.png,0
c24720c4-d88c-41ce-8ee7-949045ac7b4d.png,0
c252b18a-102c-463c-96e7-5c48dede71dd.png,0
c25768a0-cb37-4253-9c06-448030d77d9d.png,0
c2623d76-a8e1-4c7a-b232-62ded2e33e5f.png,0
c26298ce-b514-490b-8502-a0952edf4409.png,0
c26b2a9a-ffdb-47f6-acf3-771fbe0f88f1.png,0
c27f0d34-8752-4875-89ab-dd5f830ea81c.png,0
c280b9d2-11e9-4a0b-aca5-c92fedae05d5.png,0
c2886322-b4ab-46ca-bcac-4d70db04071b.png,0
c2895cd9-b867-44a0-a0c4-6cb35161f63a.png,0
c28a09eb-b266-4625-b6d0-74f6003b7fc5.png,0
c28fc2ae-60ca-4638-ae32-29cc4af24e8b.png,0
c29abad4-5e91-4d6f-9b08-97eb2b73081c.png,0
c2a558c4-8f67-4f94-a31e-fbb5d7d6507f.png,0
c2a854fa-db3c-415a-ad55-4994db0222fd.png,0
c2b2c217-fe70-4749-984f-c2096fa244c0.png,0
c2b6c97a-c501-4a9c-b5a1-1dbb07d944cf.png,0
c2bc5aaf-0a2c-42d1-9a9f-c52d21f7817b.png,0
c2bf72e6-cedf-423b-9a25-f60e60f678d6.png,0
c2c1e0ab-281a-414c-9569-06b9408b50ff.png,0
c2c8408e-74e8-4948-8f4f-9fc28e1f266b.png,0
c2c9dcb4-8cd1-4dd0-b5c5-dc1ddc55f7b6.png,0
c2d5032a-d589-4c4f-a071-74f3899b3968.png,0
c2d86046-7af9-4019-b130-9e9bfde1abfe.png,0
c2e4d89e-1580-473c-9ec5-cd7ba29de6ca.png,0
c2e4e8a9-00bf-4790-9ab6-8829e9890915.png,0
c2e8ee67-6311-4b8f-9426-ac538972fed8.png,0
c2eefdda-ae58-46e6-9923-42d4d084ebbc.png,0
c2fd12f4-639a-464a-ae47-760d74b984f2.png,0
c30551c9-781e-43c3-9516-636e58982bbc.png,0
c3146b7e-b141-4f08-84f2-e9c8d88674df.png,0
c316e283-3aaa-43ab-bc8b-d2e2076da35f.png,0
c319b111-f61f-487e-a02b-444ea13e36ec.png,0
c322bad3-84f7-4cd0-ad65-7ea7874196bb.png,0
c324f57c-05a0-43d4-935e-371b7bef4ac6.png,0
c326692a-f2d2-4025-bc10-8b9fc2fde984.png,0
c32a19bf-d172-4720-a9b0-94f7f6acf2cd.png,0
c34ea5d9-c6ef-43bc-8df1-30918c113d99.png,0
c3513e77-6aeb-430a-bdd1-bc8ce0f74239.png,0
c3540449-bb1d-445e-b38a-215e5b8ef479.png,0
c36d4722-8751-4593-b04e-36b5c86055db.png,0
c3713d1a-6d8e-47c8-ae09-6ae3a5cfc72d.png,0
c3719cb3-65a0-4223-9bbd-ed8c2cef41f1.png,0
c380ed72-3cdd-42d2-b482-b2bcb9a3541a.png,0
c3811c24-35d4-43cb-bdbc-44f672650dfa.png,0
c3813fdc-0307-4e06-871f-435cb90a561e.png,0
c386e937-e121-4981-87f1-14afe0315fea.png,0
c387f123-e29a-46aa-86d1-94338bb8f885.png,0
c392281f-30a4-4ec5-a435-3d6e107cc562.png,0
c39e60a0-f1dc-4a16-aae8-c6df8362a877.png,0
c3ab8309-f5c4-46d7-9659-e3f702236d4d.png,0
c3b54bc5-16d8-4877-a601-7b3995764e72.png,0
c3b6e7e1-e54b-4b82-8a82-cccd17bad098.png,0
c3be2500-5435-41e3-ad66-1a6d65725b16.png,0
c3c04db3-8f73-4f10-8111-f92549418554.png,0
c3ce9cfc-2c8c-4a24-a966-1f79ad820fe0.png,0
c3d0505a-4e8e-42d7-b3d7-f9ab077465ec.png,0
c3e47812-378d-45cd-8e12-ddb59271dd81.png,0
c3ed68a1-efb5-429d-86f4-fcc234bd1fba.png,0
c3fbfe27-47f1-4e32-a7e6-e51b890c5514.png,0
c4011994-4af9-4f34-938a-2b4d731ab2a4.png,0
c4046c56-0b47-4293-8921-c751ee5fb188.png,0
c4073ba6-181c-4421-9793-2c79fd9c005e.png,0
c4095ef6-7014-420e-a40d-3a3f711c500f.png,0
c41e7aa1-860b-47fb-9cbd-8dfc3053edcf.png,0
c42bd380-b98e-45be-8140-a337d0cb9143.png,0
c431cd30-f0cd-4515-b0dc-70e0acf2c8a7.png,0
c4334dbd-6da4-4402-babc-67313afdbafd.png,0
c4361e74-54c2-497e-9b24-99eaa7243170.png,0
c43a02c5-a5d0-4c33-9ca8-b09c639c6f0f.png,0
c43d3826-cd53-4b28-b951-8bd061aaeb4e.png,0
c449f880-250a-4146-885b-b06bacb8fe5a.png,0
c44c6b39-ad2c-4b37-bd08-4b3ab81166a8.png,0
c4567429-7189-4603-ae34-7cbf3a8b6c07.png,0
c469fa09-4aef-4baa-ae73-1596572cde1d.png,0
c46ae1c0-94da-44a9-947b-2d7171c29ed4.png,0
c4834e61-5916-4bfc-996e-60521890e1a8.png,0
c48497e9-8a9a-4af3-92bc-cb4bbfa5f19a.png,0
c48ca8e1-8c2c-4982-b997-233635f9cfaa.png,0
c4a026fa-9b72-4bc4-acb1-0338ebfa30d0.png,0
c4af240e-3322-40d7-9351-db82718ce4a1.png,0
c4b41025-fefa-4067-91b1-886095c38629.png,0
c4bc45e4-b893-464b-b0a5-df5ef62dfa06.png,0
c4c3119c-736c-4156-a0e3-93fb7049ae48.png,0
c4dfa645-ce61-48df-a435-ec3d89186eb4.png,0
c4e0b595-f7b0-4cf1-82df-0bd36f411eba.png,0
c4e7b3e8-9657-4931-9acd-1489b0f4025c.png,0
c4f7c287-fbe1-4bdb-8e93-040c3d897f98.png,0
c5016d7e-b8ba-4cd1-8e5e-c397bc380794.png,0
c506805c-9dd3-42c0-8851-e35e0c8627b5.png,0
c521c15a-caaf-4e43-a00b-925cc816d759.png,0
c52ffbc9-c895-4229-a372-8d5cacc3f452.png,0
c5315efe-b147-427e-b81b-d1cb0bba68ce.png,0
c537edd0-15e7-4a53-bca5-80db800d6e68.png,0
c538cfaa-3ee3-4a05-a67d-0224e244bf34.png,0
c538e873-a572-4cee-9ec2-1c1bbeb6b309.png,0
c53cb164-0613-4825-8dd1-3317b5e957c9.png,0
c53e009c-d663-45c3-b1be-a2c3806fc2e4.png,0
c554651b-4650-4a25-a21b-61419acf33c6.png,0
c560c63b-eb05-42e4-9cee-e98074b10c80.png,0
c5635d90-8a85-482b-a862-82b0addf2a7d.png,0
c568ef01-6904-45ec-990e-2986a961dd00.png,0
c56bf90e-e3c4-4e0b-9d67-9fcbd82572db.png,0
c56f901f-4876-4a9b-8630-58d8ea4b7f21.png,0
c574ab19-0055-420c-b96d-5f562f4a019c.png,0
c57f7af1-0ae3-4d04-8ad7-90b4bd6a1a6f.png,0
c5819ad1-5784-4db3-83d7-3d3a2d348287.png,0
c591fcdf-b868-480d-bf34-13ae48de1d64.png,0
c5930fd9-a326-4253-aaea-3245f49efaa2.png,0
c59b3d0d-a679-424b-9c02-8197d8435a83.png,0
c59c52fb-cd86-43b8-9338-8f2445902cc3.png,0
c5a4a6b6-0f40-47b3-88b1-ca38011134fa.png,0
c5a4da7c-b21a-4249-a7e7-f96e21a7e57e.png,0
c5a693e5-e9e2-4766-a44f-66e0ab93ebe3.png,0
c5b0ade4-6a46-44b1-aa80-d07913e41ea6.png,0
c5b3c088-89a3-4312-89dc-4fe0ce352664.png,0
c5b56560-0d82-4161-b5c1-5e5051a70c37.png,0
c5b92898-2d6a-4047-97c2-6192d08fd9cf.png,0
c5c7b71d-8844-4abd-9286-3967a3fe138a.png,0
c5c85b48-70cd-48f7-bceb-ca244d5007f4.png,0
c5c945f8-6fab-4dc9-b310-be83a2dd69b7.png,0
c5cc1733-1ccf-4de4-a314-e7e39a7c2941.png,0
c5d83772-02ee-43f9-a2a1-b96d53755ab6.png,0
c5da93bd-dbe2-41aa-8f3a-6c9b3740202e.png,0
c5de782f-a7b9-4686-bb8d-2d35ba96362b.png,0
c5dfc1a7-4669-42ce-af9f-62c3d8322049.png,0
c5e27628-afd5-4681-b8dd-ca630472dfba.png,0
c5e3712c-3957-4768-be7f-dc31850d33ad.png,0
c5f1733c-32de-48d0-8fa8-43475cb83195.png,0
c6013f00-4b64-4b06-8d88-9a378df9585f.png,0
c601b6c1-5fee-4980-8dd9-69c4fa054aeb.png,0
c61ca06e-6de9-42b2-bde3-ed71d3632fef.png,0
c61e57d7-952d-49ba-9bb6-da27b034478a.png,0
c620e4ba-f027-4937-99d2-438d313ad4aa.png,0
c62a1483-825a-4a3e-a487-dee5feeec058.png,0
c632eba6-2a71-47ce-b2f5-0e5f03b60ea2.png,0
c649bcc4-a908-4b26-8308-ebd99622d0de.png,0
c654fc41-f1d0-46d9-8fe1-cc56e09cdefa.png,0
c658644f-ffa6-4a1b-85ce-385cd4d9af95.png,0
c658d5f4-1e04-496d-b231-80588b0b092f.png,0
c665e628-0832-4584-9de9-4d07da83f25c.png,0
c6695240-c5ec-4839-aba6-fb9ae271f4e9.png,0
c67d1fe6-94ba-4f3f-af3e-cebc75c44e57.png,0
c695b646-3055-449f-ac3d-574f61b86ddf.png,0
c6975c70-af26-41ef-8a43-2f287176b566.png,0
c699e783-cff8-4e69-a56a-e4894671c718.png,0
c69b465a-7bfe-42c7-8896-0c4a419854f7.png,0
c6a315cc-23b1-4e2d-81f2-a07aef306f47.png,0
c6a5426f-108f-45d5-ba62-644c004d497b.png,0
c6af753a-b070-4000-afc3-c4623b84aad0.png,0
c6b16970-bdd5-44e6-9b18-cebea7523af1.png,0
c6b7c0da-f681-4105-a1b7-c3d727ed90fb.png,0
c6c03b5d-a672-486d-b246-5058591b07ad.png,0
c6c32242-6418-48b9-8458-6f7a812bf844.png,0
c6c6fcb3-1fff-46c0-ab82-7976005351a6.png,0
c6cf1348-45b7-4faf-808b-18e5797194b7.png,0
c6d7f6ee-0c3c-486b-b88e-d2d4f0b8a0e4.png,0
c6d961b8-706e-4d1e-a82b-8cb156ee0938.png,0
c6da5d4d-b527-4207-81a4-1a3ca149411a.png,0
c6f1d032-6dcf-4ff6-a949-884b0416d7a0.png,0
c6f4f1ca-b373-43d1-8306-3d55f7e1232c.png,0
c6fa9952-db9a-42be-9007-4bab222e6a6b.png,0
c6ffc89e-d5ca-4107-8d97-c4ea219465dd.png,0
c701d313-e9bb-4e88-a67c-51363236f30c.png,0
c71f8271-7061-421f-bbe9-e3ec92cb32a8.png,0
c720f971-a5bd-4197-a5cd-5facf11ffd3f.png,0
c726b441-b351-4ad5-b0eb-4ea066265959.png,0
c72995ab-ffd9-47e1-a042-d6a7d9eba460.png,0
c73c6a49-00ca-4862-8efa-785e3d3a39f7.png,0
c742dbd0-c775-4bc5-a2f1-a45d191473ce.png,0
c74d5dc7-fa15-4bd7-bc0e-f3c590c92c10.png,0
c764098c-5301-41c4-a7e6-bc66b8ff7ef7.png,0
c76717fd-4487-437b-8396-e640eb601464.png,0
c76aa53f-ef52-41b4-827c-4fa7ccbd26e1.png,0
c76ee8f0-c26c-4538-883d-cd7994a52779.png,0
c77397c0-c913-4efd-8a03-afe76af020ed.png,0
c7885ae1-f82b-4ff7-a912-446e97e23209.png,0
c789e7c5-9284-4628-b172-cdc67226426c.png,0
c78a13da-c193-4c4d-b301-18b837d27840.png,0
c78c8c4a-27ce-4a32-b866-ae029f2b05f8.png,0
c78d1cfc-3b89-4a20-95c0-5dc62a370c8d.png,0
c7935568-7703-4ffe-8b55-b656cc5bb7bc.png,0
c7a86f8e-20da-4f75-a2f4-3dc176cf7f23.png,0
c7bd1ae2-02fd-4a33-9d4c-34b156f83fe6.png,0
c7c62636-1ee0-4bc3-80a1-99aaf640b59a.png,0
c7c814c0-aca7-449c-a286-83fb143a6c3b.png,0
c7c9a206-d53d-42e2-ae57-19b9624fe2c5.png,0
c7d61820-601f-493f-a8cb-d88c9cae2618.png,0
c7ec76a5-8389-4656-9e5c-731294c3cfdf.png,0
c7f58f54-85e8-4961-ade8-1ef89c780fd9.png,0
c7f7e305-0ea2-41e6-96d5-4e207066389e.png,0
c7ffa0e2-4c2b-4074-9872-088a651d7879.png,0
c804803b-b734-4bfd-ac2d-9245261214da.png,0
c81d0b83-25ac-418d-8280-b0d0f827622c.png,0
c82e230a-53cf-4f7f-a825-8f564e57a7a7.png,0
c830b55a-ff12-40c7-9c3e-185b88982624.png,0
c838c9d7-71c5-4f4f-a4c8-cf90c23685f5.png,0
c8565201-fcaa-41ed-8ed0-d8d5a2228fc6.png,0
c858a139-4b34-40f9-ad65-59dd28a9e591.png,0
c85ac161-3f60-4b93-8c2e-b23ed6e02eaf.png,0
c85e59c9-186d-4c31-80ed-b8fcfe353c0d.png,0
c8697106-77a1-4a74-8843-81f8bfd4fca7.png,0
c874cfd5-20ba-40d5-ab4e-5137fee6ff80.png,0
c87e50e6-4ea6-4c58-99e9-de64408b8558.png,0
c882537b-4422-445f-8f01-24f6b3e7fda7.png,0
c882ed6d-f162-4765-b6ce-ced857bbee6d.png,0
c88f26fb-b256-40bf-85a8-cc6059c079b7.png,0
c8906ba7-b6b5-425d-bcc7-e5cb69ee88ea.png,0
c8974f28-2cae-4cc7-bec8-969bc27e7792.png,0
c89daf2c-b7dd-4455-9efa-b3e412385d74.png,0
c89dddd6-a7c1-48a4-80e1-891670389b97.png,0
c89eeefc-0fe3-43c9-a6d8-0d34c33c376a.png,0
c8ad32ab-daa1-4ab6-843f-d9bd4fe81400.png,0
c8ad3d6f-19c7-4188-be0c-ad2c16b51c44.png,0
c8b05677-ce24-4967-a152-3602c5332c4c.png,0
c8b19efa-518a-4109-9aca-19272ed9c534.png,0
c8b4cab0-ad2f-43dd-96e4-cd6b81f93a6a.png,0
c8d372cb-00ee-4512-bd3e-4a14301a0425.png,0
c8d43f45-f21f-4e7b-96bf-2fc068be6310.png,0
c8da3acb-92e1-4e67-976f-face5ebf80bf.png,0
c8e6f96f-eda7-428c-a5aa-db10331902ef.png,0
c8f5de6e-8cf8-4f8c-b8c9-a844080da4f4.png,0
c8f6693a-36a2-444c-ad76-6613c41e87ea.png,0
c90a1623-b7a2-443b-a20c-a3915df8dac2.png,0
c90ba168-4d65-4205-90e5-4f96d693d54a.png,0
c90cbfe6-d98f-407b-b3c2-45b27fd1ae72.png,0
c919262d-e632-4d1b-9d92-7a8923258ae3.png,0
c91c57aa-ced9-4499-a231-36b78e5fa786.png,0
c91c84ab-e310-43fb-adfb-9d351786b01f.png,0
c93f9fee-9ad2-43a8-9071-ba769cbbdf8a.png,0
c9449bea-76b0-42e0-827b-2677f6c2f1c8.png,0
c9464c74-1f7f-41a2-a6ac-c72e8afcbb00.png,0
c94652f9-22cd-48d2-bb01-5f54abbb7d72.png,0
c9551eed-411f-4e1a-bb0e-7bf68d030fdf.png,0
c955a70c-63da-4054-b0db-389c6dec87af.png,0
c95f9e50-76ab-4ea4-a481-a7b5e23b7114.png,0
c9795d1e-7741-41e3-bd5e-98ab4fe66a2d.png,0
c9814a4b-8bd5-4583-b968-d78138131baa.png,0
c991eccd-23ec-4736-846b-70d968033c7b.png,0
c994f775-15f2-41d1-bfd4-ec7728daf9c1.png,0
c99dea7c-6632-460f-a877-56c2bd610587.png,0
c99e4ca2-87c7-46a3-b741-77e9bf50218e.png,0
c9a6d04a-89ee-42dd-8837-9ae4e58dde35.png,0
c9b6be50-6b97-493a-a306-e6426fde2d76.png,0
c9c28d0d-07b5-48e1-8a0a-99c49d7e6f5b.png,0
c9c92e48-b002-49a2-ba82-d75ae38258eb.png,0
c9c976bf-b105-4b7d-ba23-e2922186c95f.png,0
c9d30580-9a8f-4be3-8a6f-7a68893cf273.png,0
c9e21f1e-cea9-4862-93b1-4a06364d3ee7.png,0
c9f48532-d3d0-4443-afec-49d49eccadff.png,0
ca0d5943-ddcb-46c4-b629-a268e649fa16.png,0
ca112a3c-b701-48b8-a94f-725ea65416a7.png,0
ca25ebf6-2257-47dc-b8d6-57e101e37669.png,0
ca315c36-fd74-46dd-9307-0524e6b937bb.png,0
ca46e843-dd19-43f1-a133-4014e1cd9882.png,0
ca57c6df-0f6c-4f02-ad0b-4bafd33cde21.png,0
ca5beeb6-f113-46c9-8b79-fc39d48f12c9.png,0
ca6a93b3-c87c-4f93-944c-72c9a8fc8c3c.png,0
ca70ad74-6cf5-4935-b0c6-05edbea4c65c.png,0
ca7a2a86-193e-4f46-8ecc-02d6554ae55c.png,0
ca7f1652-0b68-4cfe-95ff-85a03a533d42.png,0
ca822d74-4d24-43d4-8082-370b66e39f14.png,0
ca882f38-6c8f-4f2b-bff7-8327315257f8.png,0
ca885dac-ceb4-4768-927f-260f7dee121a.png,0
ca95051f-e131-459b-8d26-2aec4762fbb6.png,0
caa20ea7-c5dd-4e93-bdde-b09a380fb314.png,0
caaa9115-3afe-4f23-91b4-a6a7246c4401.png,0
cab072ec-3242-434f-bb89-cf2afbd65674.png,0
cab0ffdf-3929-4b50-b386-28b29927b5c1.png,0
cab975f6-28c4-418d-b6da-6cd6a4f8d902.png,0
cac9edd0-67de-4c40-9369-db86097f7e45.png,0
cad0b2fe-499b-4c39-aa98-6fa9c558643c.png,0
cad26b43-35ef-4bdf-8244-a7fd9172f9d4.png,0
cae49e79-ef94-4142-a603-19a4c63305a1.png,0
caef3a9d-6767-4cd3-8c18-ecdb3f07bb1e.png,0
caf4d7d0-d59f-46df-b95a-c7fbbb6b0996.png,0
caf872b0-122f-40a7-81f2-559b21d3b6be.png,0
cafd9da1-9949-4f69-a89a-2abd616daa27.png,0
cb02fb32-08e3-4d2c-b81e-75fb77019f78.png,0
cb11045d-5c29-4b85-bc0f-d5aa621e58a2.png,0
cb20b6cc-afec-490c-bf1d-4c0d9854d652.png,0
cb267a1f-a786-4e14-a278-898c30a5a4f2.png,0
cb30c3d6-cb5c-4d23-ad41-0340c50b30f5.png,0
cb398b60-eb34-40f4-aac9-5e179d5c02e4.png,0
cb4f3549-edf8-4eda-9172-64a7af4223dc.png,0
cb549f09-ebee-4b34-8035-ff9756800541.png,0
cb623389-d255-4025-89d1-1f3e2927bd86.png,0
cb64af87-dadc-45d5-a461-e79a772ff0a8.png,0
cb67e947-3b76-4a29-b818-8993c8971f09.png,0
cb685e37-078e-4752-a285-e05c51c67ee4.png,0
cb686220-09d7-436f-ac1d-2e753c0330ac.png,0
cb70436a-d8f1-4e8a-91fb-38062ce35758.png,0
cb7e9c83-8ee2-4a32-b953-cc9e5d6c5b43.png,0
cb863b06-58a4-492d-87c7-0debe67f6dc6.png,0
cb8b5355-24b1-466b-88d6-2328c670f221.png,0
cb9149e2-a09d-4b4a-a644-81d8f394d679.png,0
cb946e66-699c-4e62-97a3-4e1f99921df6.png,0
cb99fa14-bc99-4e77-ac25-0bf140c5dde9.png,0
cb9b47e3-6f2d-45cf-b699-47aa36a3de38.png,0
cba19601-a1c0-4afd-be2e-83ffd943b8dc.png,0
cbb74e7f-194b-412d-a527-117ddc2ff022.png,0
cbbd6761-0ba7-4d3d-81f7-f335cea85dd2.png,0
cbbf085a-692d-455a-a068-488af4311d7a.png,0
cbc1bba2-a09e-49eb-a8e5-169ebfca2317.png,0
cbc35978-c3ec-4146-a5d3-8c89ce5a80c0.png,0
cbc83862-249d-4f9a-bbce-dc2b70f1c8d7.png,0
cbcb0489-3f9a-47c4-95ab-a7ed364d545a.png,0
cbdcba9a-c938-4607-990b-1c1e7c705009.png,0
cbece609-fa72-49db-81ba-32d1d7f5c723.png,0
cbf789aa-54f2-4b19-ab76-b196cc295130.png,0
cc00554f-d8eb-46fb-94f1-ddad348bcdf4.png,0
cc2448c1-4102-4d04-90eb-4bf2385f3328.png,0
cc2b8292-35f6-484b-99b2-4afe247b1675.png,0
cc2ca665-2c98-41d7-876c-d8d83be03373.png,0
cc34a2b5-49a2-4f24-9d17-555c88973e2f.png,0
cc455bfc-0efb-418e-a45d-c42723afd6b8.png,0
cc476db0-1e85-46f5-8336-8c1640f64930.png,0
cc4aafa8-b67b-41c1-a7c5-e7abb1f365df.png,0
cc4ee7fa-24e0-4b29-873f-bde1671290f4.png,0
cc53205d-f71b-4e22-bfd5-1d722a263e44.png,0
cc5e82f4-2797-49c4-bcf9-643fdd46e85b.png,0
cc77d05d-ebcd-44a4-b1b9-ccd9f0bc9030.png,0
cc7a7a1f-6953-4341-b6fd-5380a642bb1e.png,0
cc7ab99e-17b1-44b7-819f-4b8591392416.png,0
cc956272-fef3-4c1e-b950-8e1d05d52d37.png,0
cc96c2cc-bcf2-41a3-ae5b-6502be5fb2f7.png,0
cc99e584-342e-492c-b4f0-1367ee3c0991.png,0
cca1fb30-2635-4b30-b868-ff9f936e4531.png,0
ccd1784d-6a47-44a7-b51e-35c21f643415.png,0
ccd2d3ca-cd9e-4ed1-a4ea-e3989c590e4d.png,0
ccd4fd70-2e93-48b9-ab78-09fac3251cbb.png,0
ccde43f6-ac91-438c-b68b-e569dfd6e945.png,0
ccde68bb-dea7-4342-84e8-d405d75b027e.png,0
cced60c2-0cdd-4730-8b6a-34386fc4dcfa.png,0
ccee8914-7408-422f-9800-c86f5e906939.png,0
cd0034ee-baf0-4d66-b032-65091682dde2.png,0
cd2f7adb-3ba8-4969-b9b5-44eb40930e8a.png,0
cd320bb4-874c-43eb-b0ad-edcf6cb89c75.png,0
cd330586-5f9a-4704-bc2d-764135845177.png,0
cd393b1b-1d2b-4ce1-9cb4-6e0065139ae2.png,0
cd3a7540-23ec-4b1b-bafd-09bd0688c191.png,0
cd3f4b22-8bd5-4ef1-bc4c-cdefea2fe510.png,0
cd4077d1-5a23-4938-a7df-22c9e2f36299.png,0
cd47c6cd-7040-4c0c-b797-3e8b99742a47.png,0
cd48389f-d5e7-4f7e-b0e0-dda7a74b9445.png,0
cd579d2f-d3b5-46ea-a91c-ec5ddd59665f.png,0
cd5abf04-df76-4139-a26f-0545c5e7ab89.png,0
cd70a898-0d26-4a46-9949-5dd6ea3993ff.png,0
cd86f0cb-06c7-4e52-8bb9-4cdf94f33951.png,0
cd8b9ac2-ce74-45e4-a243-41f013f5e47e.png,0
cd8c2fb8-1560-4e2d-bcfa-933088a9d33b.png,0
cd9d12ca-cf21-4375-8f64-0e1bcf3fd0c0.png,0
cdaa07d4-4234-4cd2-b9bf-abbf5aed1bb4.png,0
cdb24c1c-9d66-4d9c-a651-ec6daa9250cc.png,0
cdb6e5a6-9532-4417-986b-5bec341e9096.png,0
cdb87544-e69e-46e3-b8f4-0244f7365901.png,0
cdc65ff3-7a21-4e8e-8118-24d879ce8a94.png,0
cddc6ce3-acd9-46d2-a76f-8dae7d9245e4.png,0
cdde21cb-a57b-42c8-bf9b-e4964d0e0fad.png,0
cde0bf0f-e8b5-43e6-8580-ce1099686e45.png,0
cde39aef-eb18-4061-bfb9-2c0fa879285b.png,0
cdf1f363-604b-45f1-9fcf-0f2f0c43ff3f.png,0
cdf983af-3943-471a-a111-661ffdde8691.png,0
cdfd8330-743d-473f-a738-d4e42ba678a3.png,0
cdff09a5-ca16-4391-863b-ae2cc6946018.png,0
ce026848-ce9f-4d56-befc-fd4772133fe0.png,0
ce03fedf-17fe-496f-9821-aa1f1e64f46f.png,0
ce1a6d80-31c1-4efe-8ad7-f8a60ffa8aec.png,0
ce1eea09-bfb1-493e-9ba5-5502d584a0f4.png,0
ce30917f-c3bf-47fa-ab69-a1062f387f3a.png,0
ce34568d-b840-4e06-aa12-762aae4f3b66.png,0
ce34ec24-0161-4d2c-a531-79b684622392.png,0
ce3ae888-398a-4fbe-a46e-8572a4925d86.png,0
ce3c8521-9d7b-440b-b4b3-b16feb143029.png,0
ce400bab-2f5f-4ae6-9a1d-8fbc6db63395.png,0
ce474f19-1240-472b-88ef-9b227d5fecbb.png,0
ce4b3358-32c2-4ffc-8bea-3c4bad887322.png,0
ce5d14c1-9d8e-47d6-993a-4390db7e0fad.png,0
ce6329e9-f7d9-4212-b6b0-22150330c6c4.png,0
ce6517d2-cba5-4e79-936d-1d8bff1559fe.png,0
ce6b3cf0-d5c0-48f7-a7fd-616b58cd11de.png,0
ce754f11-8092-4b64-a32d-a5dac758844e.png,0
ce774f35-6a80-446f-909d-040a84419b18.png,0
ce808df9-fa39-497f-a393-efd4890474a4.png,0
ce81a461-251f-4fdd-8222-a6eb7fbd6e1c.png,0
ce823599-6f37-4944-8598-4612d72398dc.png,0
ce84731f-95b7-473e-ad1b-125523a3a71e.png,0
ce85247b-3efd-44c4-9b81-b290baae4fef.png,0
ce8b83d0-dc04-45de-bfa1-bc67b24303a6.png,0
ce8f443e-2b9c-48a8-9d76-503b94b7e93a.png,0
ce9cfea5-2872-461f-838f-eccc70df0160.png,0
ceb1eb5c-ba1e-4994-a7fc-05584969b569.png,0
ceba48d8-8898-4c57-a83f-8eb22f9b9a71.png,0
cebb69a9-f939-4f65-bafe-fb30c51e3fb1.png,0
cebe35bb-d11c-44a8-994d-587d157c0e30.png,0
cebf1b64-db1e-489e-8744-013fbd928b1e.png,0
cece4385-6101-44eb-915e-2ce093ef08e2.png,0
cedc0cde-789d-4a63-9778-b57cffba2d94.png,0
cee1b9c9-5f37-45b3-b897-6b4306fc5a09.png,0
cee43c92-f71e-4e89-a9b1-cf320da0067e.png,0
cee471f5-f330-4216-8df1-737158cc5fc4.png,0
cee5e4ac-1a5a-4e6d-98bc-d22c6ec91840.png,0
cee8b61a-d0aa-42f7-8f90-0be7aac05636.png,0
cef08a3c-5c7e-4126-bba0-abdbded7e810.png,0
cef618fe-0158-47e9-ad65-546f6ffcb4b5.png,0
cefe76c1-d7c8-4f95-830e-6491791f208e.png,0
cf09b79e-b781-41b1-8fbc-c758f862020e.png,0
cf0f4eb7-c01f-4e8b-9dc2-8a95df37b8de.png,0
cf141763-efe6-4209-9b7c-fb8759e4ea50.png,0
cf1c4b62-86c1-4c05-b33b-b5e78d7fbfb2.png,0
cf20ff0f-d183-4768-a899-c995889ccf99.png,0
cf220ea1-8751-4c2c-9e3d-7d5430ef538f.png,0
cf2c825f-a9a5-48b0-a9df-3b79b95a673a.png,0
cf3b5e4b-043c-4fcf-81b5-c11898dcefe8.png,0
cf417f5d-5b23-47e0-a1ea-69e79994d31c.png,0
cf419e9d-fc26-47d7-a05a-7d8444846724.png,0
cf66c8ce-d79a-42c2-b9b3-31f279bcf1bc.png,0
cf6b10b8-de21-4cb6-b7d0-a3d3ef557412.png,0
cf6e0985-634a-4ad3-a0b1-703c6d840547.png,0
cf6f9e09-b24e-4bf8-bfde-bb298d17f10b.png,0
cf710f7a-b44b-43ed-ac8a-8f6fd1a549d2.png,0
cf746da1-6346-4389-878e-da7d674ea693.png,0
cf7b4277-f473-41da-af06-b7efe122a61d.png,0
cfa2a865-2d83-4ea6-ba71-b13006da22ff.png,0
cfaf42f8-cd2d-4f21-aaf5-7113238418b2.png,0
cfd5b32e-0b3f-4cb5-b502-ee042473aa7e.png,0
cfda9975-acb2-4966-9340-a338a71dfcc5.png,0
cfdfb1e0-9486-4cf5-94b0-5613ac403847.png,0
cfe656f2-a8e8-4bcb-a29a-511c9f2f7211.png,0
cfe9db74-671b-46a9-8489-c8f3c76e30a5.png,0
cff4d83e-2258-4c03-afe2-a17be50bdef8.png,0
d0121f55-3bc9-4228-9f53-0d58cee04651.png,0
d0183e7f-16b5-4dec-9190-2141bc78f683.png,0
d018db1f-9e6b-4fdb-88c7-529a10ff12cb.png,0
d01c47aa-347c-4919-a82e-b90b7d3b164f.png,0
d0218b7c-e2f1-413b-939c-14c6e02a195e.png,0
d02c1364-7808-44e7-82ad-bea5e7e2cd3e.png,0
d04cbe24-c089-4ef8-b0f0-f6eb21f61c4c.png,0
d0538050-719b-43ab-9160-4ae850c9a949.png,0
d05b6b06-c177-4411-9cbb-5d5b91e2ae40.png,0
d064a8be-a2df-47f1-b4f3-f340123c2d9c.png,0
d065fe7c-89ee-4d8c-ae98-7000ec5f55f2.png,0
d06d624d-06fa-4b64-a29d-91c02c6a300a.png,0
d07c7766-b464-4176-8a16-8b46b267f0a9.png,0
d08736aa-d78a-4c3b-975a-ef5cf7f2163c.png,0
d0898d2d-4b39-45b5-9936-016e3d162eb4.png,0
d091240f-da0b-47f1-b88a-a7fc8ffde8a9.png,0
d09cd5c9-7f1a-42e4-aa26-aa7cedac3f62.png,0
d0a352fb-62eb-4ebc-9dae-ebcca2bda6c4.png,0
d0a4b2e7-814a-4628-bc09-6b5b710e0c4e.png,0
d0ab662d-827a-456d-ae90-f1aa5f7e3650.png,0
d0b2d5c0-e578-4520-b3e5-da57e93498e2.png,0
d0bd2dd5-7cff-49f8-8d51-60c36ef78024.png,0
d0d6b71a-7784-4b4b-b75a-637250c604c6.png,0
d0d8f511-d623-4616-a9e2-7c5527854963.png,0
d0da70f4-e597-4261-ac43-d639c6f78f15.png,0
d0e0b44c-699a-440e-acdb-b0ce0be27b46.png,0
d0ea3f4f-9bc8-417a-80ba-2ed5603b7662.png,0
d0ee7bd1-36be-4093-a2bd-4e782b9461cc.png,0
d0ef1d89-651a-4eea-9731-d42579d138cb.png,0
d0fa7872-9743-4a81-b75e-4d8973e064b7.png,0
d0fee7f3-1d7e-436f-b294-316c06ab88f4.png,0
d101a3ca-db2f-4914-83f0-a4d7f81af99e.png,0
d11f1b9d-5015-4e99-bb94-c714de18b765.png,0
d129ade5-d54c-4d3d-bf6b-a1de107fcc1b.png,0
d1313643-a3e8-4299-9186-d36e5e883daa.png,0
d131669f-1cac-49a0-b432-f3ca8671d38e.png,0
d13c4943-edb2-4bc7-a034-e6964bbbdbf9.png,0
d147803e-07b9-485c-a4b2-7a492c5f929f.png,0
d147d24a-84d9-445b-b9f6-60a8911d6e9b.png,0
d15fd998-0f0f-44cb-850e-ead59d46a231.png,0
d160add8-0276-4cb0-a9d6-70f8fd302c00.png,0
d162a89a-a185-49ff-b599-12be6ed137ec.png,0
d1743042-acd7-48f8-b03c-7a6515ada9f8.png,0
d17ad5c8-2c59-4b36-9722-3d4e9bf12f87.png,0
d17ca8da-8023-49d5-9670-141910334809.png,0
d180d18c-1134-4647-b0a7-0c8a5e535964.png,0
d183d75c-a407-487e-b7a9-9daff7a48a20.png,0
d18bd9aa-3310-484d-b754-3229e3c3da30.png,0
d1971a81-9fac-4fd4-82b8-8d51847bf4df.png,0
d19ed419-2470-46da-834d-c7047dedfd19.png,0
d1c4f06d-da68-4000-9729-efcde23f9cc5.png,0
d1d3122f-9567-4c5d-a7e8-d8c00f8e00ae.png,0
d1d814f0-b094-47c2-aae7-6d24aae6ccd7.png,0
d1d94c7c-aa35-44f0-b561-8c31676f0c99.png,0
d1d9bf55-e999-4e44-be02-aa94b7ab0e77.png,0
d1df51ed-53b9-4ec6-b798-6c4e1a31bc6d.png,0
d1edb21e-b737-4b6a-b80f-8c1c424870bd.png,0
d1f7a9ef-81a2-43e7-8f6c-b3ae52a1068a.png,0
d1f7e413-9ee6-46ca-ac67-3b6ed09196d3.png,0
d1fd9bfb-f626-4fb2-bb0d-b22cd64dbd1f.png,0
d2022d4e-4224-4aac-ac5e-01ab4bd3792b.png,0
d21874a7-4f0f-4f9c-b96b-349095f57898.png,0
d21e646f-36b8-436f-a75e-486b2329c49a.png,0
d21ed05e-ee77-41f3-a363-ee66ae2f35da.png,0
d2551ef6-c18a-43e5-ba44-e1b07e5bc2e8.png,0
d260ebd9-6e46-4852-8eee-35e3234ac2b7.png,0
d2699035-96c7-401b-9520-c1e242ec8d45.png,0
d26ac6d2-b842-4ae5-a806-6cc1451fb1ea.png,0
d27802c9-4a7b-4680-b5ff-65a77c9a67d8.png,0
d28c6ac6-64fc-427e-b429-4c1755fea653.png,0
d291f3dd-0e47-4042-9097-24c04b5b9e7e.png,0
d29308aa-1deb-4c2c-b414-fdc0f49ef74f.png,0
d2aaaa5c-9238-4cde-90fd-b6a548c85b00.png,0
d2b66ae1-3978-40bb-97e7-70a2f23689fa.png,0
d2b89a21-02e7-49ed-9656-29bb2da04f38.png,0
d2d826ce-3a0f-4f4f-bbd5-367415da7386.png,0
d2e6461c-fac8-4a66-9819-5a21f4dcbbe3.png,0
d2fbd895-1c87-4a86-9867-38a94032c4f2.png,0
d309f369-5cb4-4ad6-8b6b-316a1a973405.png,0
d313d0f0-3d08-4bde-b0ba-b1eb09c03fea.png,0
d32664da-313a-45dc-90f7-0759ac76e207.png,0
d3322c96-f312-465c-acc5-8eb8bc0be0ad.png,0
d341810f-864a-4f08-8da2-c8b0896d6db7.png,0
d346540b-05a3-43f3-9d55-858aaa915c22.png,0
d34c0348-56d8-4cbe-bba2-2c1384a1c69d.png,0
d3573178-716c-463c-a50e-b101fecd267e.png,0
d3581ff3-8fd6-4058-b5d9-4ce6f0ed0f96.png,0
d36d4617-d2f2-47c6-80a5-6120f5acd1cc.png,0
d37fe302-4cd1-46ad-9981-09e1b62eafaf.png,0
d3835b8e-301b-4c9e-8f9a-ba33a1083515.png,0
d3838990-7dff-4f11-b1c9-861e9cec98c3.png,0
d393adf2-8a12-4ded-a842-6e4f4289fcc1.png,0
d398a439-a18d-4f05-a2c8-1487e561a47e.png,0
d39ee987-53b2-4166-ab40-2f5e79f7ed54.png,0
d3a76ad6-faf0-4bd1-8b84-57dedbde959d.png,0
d3a84ba6-c795-48d0-87af-87b2f0b63c36.png,0
d3beb0ea-ec3c-4060-ab7c-6a7d00a3747e.png,0
d3d4bde9-54bc-45fc-9021-1d5a0a834c49.png,0
d3dad6bb-8d1a-4542-823a-ba12bf6a5124.png,0
d3ebec27-0938-46c2-80fa-85ad7871421f.png,0
d3f11cd9-12c4-464c-82fd-d43856533a77.png,0
d3faa24b-5baf-41c5-a7e4-0379f50a18fa.png,0
d40018c2-05d5-4f61-8287-7f43580ea249.png,0
d404b53e-93e4-4dab-8408-35713b4617f9.png,0
d40e61cf-8754-4367-a4dd-0e99cd1af0d0.png,0
d40f1544-3c94-4030-97ba-246ec42239d1.png,0
d4190796-ec42-4201-a5b1-60f133ff8b75.png,0
d41a3f14-7f64-41e6-9fe8-6b56b13d3ac4.png,0
d42790af-6b5f-47c5-bca6-eab88ae09fa4.png,0
d428e8bf-6ef9-49dd-9cb5-d9b11fc6e56e.png,0
d44096fd-8f79-4823-8b54-59604ccb08dd.png,0
d44dd021-1a9b-4250-a560-ae745a511fb1.png,0
d4532e6a-a432-4fc1-86d3-28025329dfe3.png,0
d462f0a2-a21c-4f17-b277-a1e2e214c654.png,0
d462f0e8-9162-4588-ba30-ddc08e33ad3b.png,0
d4665627-1e31-49c2-a447-ad8182197654.png,0
d469143c-2dd0-4271-a2c6-5eedfcdb6378.png,0
d46b428d-9c61-4b2e-a0ff-bcc755ed4ffd.png,0
d4785e7d-1851-4347-8f23-5b0b9e1297d2.png,0
d47c2f5c-da47-4e36-8534-f2cd9b52f5c2.png,0
d47e4af8-01b9-44fc-b53c-35f3dbcfba85.png,0
d47f3880-f56a-4e8f-b244-6b916477bbd1.png,0
d48705e2-4955-466c-b361-3a7bbfd03022.png,0
d4874b9e-a350-4143-9dea-8f3282605f77.png,0
d48e61b7-594f-442d-9e0c-a435f5e811f5.png,0
d4a0c298-aed3-48ad-8f81-4ab8ba07fa78.png,0
d4a1e300-9173-4d57-aaa5-9622e6b6045b.png,0
d4aafd46-960c-4cb3-aecd-49a783ab0d02.png,0
d4b0b6dc-9408-4fe4-96c3-1a7b9ad4ec88.png,0
d4b8eb6a-ebf1-4752-b5a6-4737c5890061.png,0
d4bee165-b0e1-416d-9a12-0291ff70384b.png,0
d4c4d222-b66e-46d0-8324-51d22ec81a9e.png,0
d4c52dfe-097d-433a-af41-b06df7998eb6.png,0
d4ce29be-5881-484c-8b05-9f7887e52eb2.png,0
d4d78866-6c1a-4632-879b-191b01045cc1.png,0
d4e000af-5843-4f76-90b3-0b387d860142.png,0
d4eb4cc5-20be-4a1b-a2f9-5e3eeb05c38d.png,0
d5011cb2-a146-4ca6-a055-2ec956315350.png,0
d5085a38-b7ee-45b6-a0a2-a08d706927ed.png,0
d52ce67b-be7c-4349-8dc4-38562928d208.png,0
d53ebae4-9b96-4a05-b066-4635d52e3ac2.png,0
d5431b84-9bf2-4758-badc-569e71ee1f9a.png,0
d5566f6b-26c7-4610-82af-a29a80ac6525.png,0
d55d7d6f-f869-45f8-8cf3-a176e97bb71b.png,0
d563628b-cbde-4367-b71d-275634867e64.png,0
d564b24d-50c8-418c-bd27-6368d2f3e733.png,0
d5679f97-4534-4e1a-9fd6-758297d3fa98.png,0
d567d023-434f-4714-815c-f45556873cfc.png,0
d578cc91-9c7e-4f5e-b18a-f855a7d6b4b2.png,0
d57aaee0-caa9-46ad-b0a1-d34bebf2a2bc.png,0
d57ea738-4067-4bef-a751-088905ca5889.png,0
d584a479-4020-46f5-bc34-62f6d8de8962.png,0
d58bd53a-c69c-443e-851d-479a78d1c9b2.png,0
d58c4bab-ae58-4c65-81e3-0c80bcef34c6.png,0
d58ef1b3-d30e-45d5-bd21-3fdf7329a6aa.png,0
d5915e55-c9c1-42bb-ad84-6ff7202aca34.png,0
d593a9b5-6908-4b1f-9d69-f6839734a27b.png,0
d596c11d-ea61-448e-bf60-94473370eb54.png,0
d5ad4686-7279-4020-8b6f-0cb21a299557.png,0
d5bf0dbb-c132-42b8-9ed7-4188d0698fd9.png,0
d5c0eb30-b101-4bcc-a8c0-f08675b45efa.png,0
d5d6f7e3-5143-4955-901e-cad92024fee0.png,0
d5dec418-0f74-489f-b696-ce73e6016e40.png,0
d5e3ba36-df8d-4813-95c3-9c889209c6e3.png,0
d5e46e93-68af-424e-b8d9-48b2b46474c3.png,0
d5ef15ee-8feb-4e32-a349-908feaaeb108.png,0
d5f437ea-7585-4f18-bfd3-8e9a2a7aa0ec.png,0
d5f84664-f174-4de5-ad4c-185cffe3dc09.png,0
d60a4305-881e-4efb-b8ed-ab9dca8afdb9.png,0
d60a469e-7d06-432d-88b5-3ad8f25c3548.png,0
d60b8fd0-044e-4bbb-b88d-05289327dce9.png,0
d614cd4f-8419-48f4-a9c8-cb5282f329ec.png,0
d61a99d1-ed3b-49db-9e98-b57c47d289d1.png,0
d62be218-d914-4c91-94ec-7f84fa887927.png,0
d62fb630-b633-4b16-b533-79c594e9f0e9.png,0
d631dce2-124b-4ba4-8acd-26979315d435.png,0
d63607bc-42c0-404d-9967-08613efd1fdc.png,0
d6391e47-57ef-4f91-9404-2c11b7707f1f.png,0
d639b44e-32ea-4719-a519-daca89e77596.png,0
d6485db2-4984-49b8-ba3b-c24e02e51951.png,0
d650a7aa-b41b-4452-ba7e-91a73394997c.png,0
d656b7a1-1ba1-4ee8-ac6a-71fb8e610548.png,0
d65bb050-b618-427b-a607-ff7f130d9f3e.png,0
d65d2526-415e-4711-bca3-8704d4858e06.png,0
d6675589-b0c0-4fb0-bce0-16c34553d732.png,0
d67566dd-9533-4b84-b4a9-edc7ec3efaad.png,0
d6767f06-1031-4bbd-9757-31c7c9fc0b3f.png,0
d67b30b3-a9ae-4a24-bc2c-1d0c8f87e5ac.png,0
d693d7f0-ccf8-4729-924a-fb7fc2b0d40b.png,0
d69499a0-85e2-4dd6-814a-80ae86d3dddc.png,0
d69c5269-3c6d-48f6-9da1-c227c8a4fd73.png,0
d6a0529a-5bce-45cb-a358-6cc404676177.png,0
d6a2ad68-f1ce-441b-bf20-6c165e33dcd3.png,0
d6a9482c-0781-4595-9233-ed6da1ac5025.png,0
d6af45fd-a23d-455c-bc3c-75dfe5f1c455.png,0
d6b4db74-32ef-41c1-a949-f18dbafaa40b.png,0
d6b6027b-bf05-4ca7-a1d6-8b8bf40cf76e.png,0
d6c85c36-7611-4403-b5e2-2328d8aecd10.png,0
d6ccb839-1988-4113-8233-c7698065a8a1.png,0
d6d5e9ad-6ed7-40b5-86ec-be83b8316987.png,0
d6d83188-257a-493c-a35b-b13089cc28b7.png,0
d6ddb156-6078-40d3-a209-49f429ac4d21.png,0
d6eb6ef4-09b0-408b-a07c-d66d7af6e700.png,0
d6ef3c16-9f2e-4ebd-b106-0d1f61cc3ad4.png,0
d6f13820-9629-4032-9aa3-c4ef8f8fa996.png,0
d6f224ef-4143-4af7-a164-f7b1ad68e8d9.png,0
d6f2bc24-e0fc-46b6-a633-cf181e6882d9.png,0
d6f778c4-3a9a-4b12-a4d5-a74d04ec431b.png,0
d6faf8f7-90d1-4cd7-9611-c3405c464012.png,0
d703f118-7133-48d1-91ff-56fcd50d6d9a.png,0
d7071fbe-b223-4a08-bab2-f378ed039c3e.png,0
d70cf6a3-da4b-4ecf-a93a-62eaa70312d5.png,0
d716617f-d655-4127-ace8-18189299a28c.png,0
d716d04d-f4c4-4723-83cd-1e81d6abd2a7.png,0
d71abc0d-aaa8-4226-afc0-fc059b6d6a9f.png,0
d72350f5-c320-43d4-b3cf-d90d5dc6b243.png,0
d728bf28-3971-43ec-88cb-a3b86434956b.png,0
d7290a05-7b8c-4896-98b2-86952826ccd9.png,0
d72c29d3-1322-4e17-9472-9ab38af34234.png,0
d72dedce-c6e6-4d67-8507-9e2bf16dd853.png,0
d7308547-72df-4a22-9387-c1a96c8f8e44.png,0
d73509a6-c0c2-4c8a-8e41-4c58eecfc035.png,0
d738846f-e366-4539-97bf-f84d2f5e7086.png,0
d73978a6-64da-4ba6-b3dd-b47a2baec36e.png,0
d73a6fca-3ece-4c87-83da-cc0c3ff5ad8b.png,0
d7539d07-42e4-475c-9ccb-b976b02a32a1.png,0
d75b70c6-0082-44fb-82a4-7bc03145580e.png,0
d75bba61-b5c7-4d8e-a97b-0550a6de2f01.png,0
d763258a-72c3-455d-931d-382502e70b0f.png,0
d776ba18-1ce5-4126-8ef4-45b88dcba717.png,0
d777f2bb-1383-4f8a-8e9c-fd18d8684617.png,0
d78984e0-5c30-45be-a11f-75a31f7898c1.png,0
d78b9f6d-c3c3-4aa2-af54-a7b2d928042a.png,0
d798aa5b-28ef-463e-81a1-c05c83dcdebb.png,0
d79e7709-3d77-4be2-9f22-a81a1999067a.png,0
d7aa6866-62a8-48cf-9c3f-7d74e62dd771.png,0
d7abfbc4-2684-43a0-aaa6-40530641efb6.png,0
d7afce48-e577-4135-bf70-764ca796e2c6.png,0
d7b27590-3f78-4e51-9ab0-4490b6de0019.png,0
d7b2ba1c-a257-4242-b3bc-928e1d695167.png,0
d7b55359-5045-410e-9820-4776cdaa137b.png,0
d7bc873d-d3c8-4ec0-88c2-61a508ad552c.png,0
d7be9c7e-065e-4e4d-9b9e-766a931eec7f.png,0
d7c45e0a-4ca6-4b22-a45b-42d2f786c313.png,0
d7d7e6cd-012b-46d7-8596-dc90e99bfd5d.png,0
d7d8b0c1-86b7-4f75-81cd-79afd817d247.png,0
d7d90260-5815-4af3-b1cd-7a90bf2fa101.png,0
d7eae70b-b662-432c-9e84-fca8b943a8f5.png,0
d7f53d93-3827-4b5a-8d45-819402c4b3eb.png,0
d7ff9878-2324-4ca8-a09d-81d98648a562.png,0
d80543b8-e679-4d5e-a2bf-889586275a68.png,0
d8081452-c999-4428-8aac-9f5fad28ed81.png,0
d8155412-2944-43e5-ac3c-64ec82f1cbd2.png,0
d81d7dd3-d0d9-4bc2-8276-c0b6b32b5aa5.png,0
d8296b46-288d-4b22-a303-86606effc180.png,0
d83105c0-f7f4-4940-a2b6-ab71d4d986ec.png,0
d83439d1-089a-4d53-8113-ede4c79adac6.png,0
d84123d8-3baf-46fa-b029-8a884e45669d.png,0
d841c5a0-b0fb-45e0-98ee-365dbbfc4b84.png,0
d84420c3-ad2e-4308-8686-22cf5035c65a.png,0
d8578918-1047-496a-b9f1-36ae4d0e53da.png,0
d85b98d0-f007-4ac6-bd32-e7e2d705aa79.png,0
d85df86d-20bb-478b-8ad3-bd9dd4c132ab.png,0
d85e0414-682b-45c3-a331-ab4624482105.png,0
d861e6e0-6c55-4f1b-8959-e89c2c999334.png,0
d8787200-cf92-4b48-8687-c6a356575939.png,0
d8795f44-d739-42a7-8f94-5dd3cce71869.png,0
d87efba3-87d4-4f09-95a0-f927a1a22df7.png,0
d88da3d2-4032-4736-b278-bed083ce1b19.png,0
d8959a46-82c0-40c4-8358-8fdb37f03c25.png,0
d8a724c3-cd49-48b0-bff8-0f1e158f2706.png,0
d8a9e6dc-7314-4ab7-b978-1b2879333bd0.png,0
d8adf370-83b9-4852-bedd-6e180fb95d9b.png,0
d8b63ce5-796b-421d-a044-56c1bc01ecf8.png,0
d8b83616-defd-49f5-adc0-e43d3f86e258.png,0
d8bc314b-c04f-49c6-8011-d857faab050d.png,0
d8bcc749-8840-488f-b0ac-316d7d29a6c6.png,0
d8c78ded-e7c7-4906-b296-79396b642c1d.png,0
d8d58d34-b79f-4745-950e-fdf5c5eb2409.png,0
d8de4b4a-2c63-4959-8781-307de9233934.png,0
d8df4536-4efc-495b-a6f0-af4fca6f8b7a.png,0
d8e8cf3f-c1e6-4291-add7-9df2fa5b3d11.png,0
d8ebd2aa-c8b9-44cb-bb8e-32e03b355c55.png,0
d8eef56d-84fa-4aa9-8762-9b76e5ad3e90.png,0
d8fe9c83-74df-4ca8-8075-012b6f1076bc.png,0
d900e7db-3bf7-44a9-863b-19346fb05cdf.png,0
d914c2cc-9c9d-494c-a03c-0eac2bcd01b3.png,0
d91637ff-b5c7-4c68-83bd-7a51b54188b8.png,0
d9171b01-37ee-435c-830d-9cc3bc93e245.png,0
d92346d5-2e75-4be3-8566-debe05c10705.png,0
d92599fd-687c-4f1a-b9be-5dc0852c0f2b.png,0
d926a5e6-012c-4a22-b961-4e2e547f3fca.png,0
d926bf61-53f6-49e8-8a7f-e81e5a3c18ba.png,0
d937f102-cf15-4beb-accf-5514beb70f28.png,0
d9431971-23aa-451e-a643-a95ce034c3d3.png,0
d94616df-2f92-4612-b86b-ba5b18d423ca.png,0
d94692e5-6d1e-4e0d-bda0-526e7521127c.png,0
d955b013-2d49-4afd-8218-40f5e3af8312.png,0
d95be64c-1ef5-4521-833f-fc3818885c45.png,0
d9628d5b-2437-4df9-b66c-d35e30f3a40b.png,0
d9645d7c-415f-420d-b82a-675062674282.png,0
d96ee1e0-5778-4da1-84b7-0e9149f72492.png,0
d96f68ff-15c8-4e7b-b943-729053f1ce16.png,0
d96f6c0c-2935-454c-9722-bca2ec4b2b4e.png,0
d9757da0-d3ec-4b3c-ad3f-a258b10339ff.png,0
d9763aaf-7377-45e0-a112-2ad0f3bb73ef.png,0
d97e8a59-7b93-45cc-a201-40b5e503d760.png,0
d9863bc6-3f95-4f30-81c7-a63ed66cc831.png,0
d988ff06-2575-46d8-a2d0-be7c2f6ccc78.png,0
d994ee3e-7228-4375-b566-c842dc3c0d45.png,0
d9957c75-1071-4e38-914b-b152f89c3b57.png,0
d995aeb6-09ae-4fd0-a8ad-cdb78205300a.png,0
d995ff97-0cf8-4f17-adab-f23880706cf6.png,0
d9a58f69-27e6-497b-9fa0-c8ce2c692290.png,0
d9b3d26e-1ea4-4964-81e7-0eff0ec336f7.png,0
d9b76cc0-f23b-4a92-8cba-08627b829b87.png,0
d9b8674c-c24b-4065-8aa9-fe6140c51984.png,0
d9b97d4e-90c2-4dee-ba51-1eb32bb31979.png,0
d9c2358b-2f9f-4b13-962b-1b965316e801.png,0
d9c69b69-38f7-4b21-b43c-95dff9cc94b4.png,0
d9c71093-3567-4889-ba68-5c75b41cf014.png,0
d9c72e53-3295-43f0-b3b4-cb8725252a6c.png,0
d9c7d6ac-d99f-4f2d-b50b-52b6df45d5a8.png,0
d9cc9aa2-0682-47aa-93be-c2a0b98cf22e.png,0
d9d7d467-d727-4ab7-9df1-53cebad56ccf.png,0
d9dde361-fd4c-45df-b461-5c9a29853a3a.png,0
d9e3c41b-1521-489e-ad05-9da8dcbfcdee.png,0
d9e8ebd5-c42a-4a1e-9b6d-02c6d97667b6.png,0
d9e9d65f-dd61-4e76-aec0-0cc27e5c583e.png,0
d9eb090f-c64f-48a1-b38d-519d4dad2831.png,0
d9ee51d7-2a14-43cf-81d5-60c63ec90f98.png,0
d9ee5ddc-e3cb-427d-9993-bb00d969210a.png,0
d9f275f9-4f05-485d-8401-810b9f07a13c.png,0
d9fad3be-6120-4eb3-8c28-e9226f4b0e7d.png,0
da0483cc-6cd4-40c5-aaef-b085a01cd76c.png,0
da12c340-e233-404f-af44-ec897b6052a1.png,0
da13d267-e3de-4de3-a2df-b9009e9aa3d0.png,0
da1f3a87-8ffc-434d-8a00-a7faf37d1a98.png,0
da214328-3a8e-4e8d-8801-7e14c0da0de3.png,0
da2dfd94-fac9-4d80-912b-5f5c5cd0d0a1.png,0
da58e797-dbf6-4152-b32c-f618f35f890b.png,0
da681fc0-f813-484e-b4e5-5730f3fb5782.png,0
da7733ee-9b8b-4d96-9638-9ee9b420be22.png,0
da8b5a41-b1f9-42c8-9598-f813c7a0ceda.png,0
da9d4b82-74b6-4a45-b1b6-7c93439f4b57.png,0
da9f82aa-2477-4868-a41d-cc65ddbe2257.png,0
dab617ab-beb9-4878-aefe-1b532b8e7e41.png,0
dabc835b-4db1-4e50-8ea4-72e5ed872673.png,0
dac1c859-cefa-4ebd-88b5-39b8d3f20346.png,0
dac359aa-7dc6-4058-ae14-57e6a0236773.png,0
dad1f755-59e5-48b3-a3a7-a61c308d02bc.png,0
dad5b145-3355-4ee7-a1ca-aba8abc3cf12.png,0
dae0dd94-d374-40d0-a12b-a8feee49f3a2.png,0
dae2fc31-fbde-42de-91ed-473de95656fd.png,0
daf2da8f-5a61-431a-abd9-f46a3862673e.png,0
db024b46-4a82-4713-8e8c-712f32427c9e.png,0
db1ba12b-08f9-413c-9dae-07e9a6327f86.png,0
db1d0350-1fe5-496b-bfca-f58b60546d0b.png,0
db1d2f27-764c-41fc-9f53-8e62f2a00955.png,0
db24add4-558e-4ad6-9f79-a3d78ff786bf.png,0
db25155a-2b3f-42f1-a299-d364ee9841dd.png,0
db26b992-3f94-4f49-a549-64b73527356f.png,0
db367e9a-667e-41b2-b6fc-48afb62fdd02.png,0
db38a091-c7af-4ef4-a94a-cf2a87e11ea4.png,0
db4601ab-e3a4-4f94-be20-65607e00aa6e.png,0
db4b7eb8-c6f8-4a1b-9698-10e28fc216da.png,0
db4bf734-33b8-40a3-847b-10797e757d14.png,0
db664234-a71a-40c9-9d35-9c7d9738eb0f.png,0
db71b2fa-5be8-47c3-a5ae-41f5211edc5d.png,0
db741ba5-5ff0-4c83-af7a-f6be5bd25e20.png,0
db750e84-7776-440f-a985-84f5fbfd010b.png,0
db754689-fb19-40ce-87dd-e790b3dd2c44.png,0
db78b7c1-ba61-4f01-b896-e1565c175299.png,0
db891491-165c-4b70-a63e-0142e03ae889.png,0
db943ed0-fd26-4741-959c-4f0b2b0e61a6.png,0
db94de5f-2105-4541-9c0a-2fb55d1d6cfa.png,0
db98010b-dfdf-4ce8-87d5-2506a924b274.png,0
db9d9677-d418-4ffb-8198-43e36c50c7a2.png,0
db9ffc16-5076-4f41-8693-dd1d54a9daaf.png,0
dba1e06b-a852-4197-bad2-7560f525d751.png,0
dba6433c-6c9b-4c58-b05e-637a4510ab22.png,0
dba6962a-23ce-4250-b895-d9e4a6d26f80.png,0
dbaf93da-7dca-444b-9df2-55314829595e.png,0
dbb173f2-a455-49d3-80ef-08013f0a36cc.png,0
dbbc4ab3-e75a-4efe-85e4-7dd6b391c1a0.png,0
dbc3d286-4339-4d27-963b-4fb45347d053.png,0
dbc50f97-e677-4c35-ac46-5eb7cdeba416.png,0
dbc97e1b-b8e3-4d4a-87f6-7632650a0aae.png,0
dbcd58e2-92f6-49f1-b37c-5c7c058c0f4e.png,0
dbcf52ec-ce9c-4671-bfb7-78c2af3e817b.png,0
dbd3e871-a1b7-499d-a303-705ff2003eaf.png,0
dbd636a9-a182-4bec-9998-07959ebb8484.png,0
dc0287d9-75d2-491b-80a7-87d857967344.png,0
dc08b204-e149-4998-a7c1-1f72c12fac16.png,0
dc10d03d-7a68-47d8-ad32-e8d4cca3a646.png,0
dc1176ec-163a-47e7-849b-f3eabbeab63b.png,0
dc1ff256-d678-4d7d-b4b9-6254ed110f4b.png,0
dc201ea5-d5c3-4ee1-b1c1-afa6d65b9a55.png,0
dc24cf44-9b3a-43b2-a02c-915f79657714.png,0
dc2a40bc-23b0-4c62-9037-6c33a39ba0c8.png,0
dc2ab31a-e89a-477f-a0ce-13a37033a551.png,0
dc2cc747-ca74-4f6c-8520-41f3efdbfe4c.png,0
dc3e3098-bbd1-443b-ba9b-6a60993ca0f0.png,0
dc41834d-bf13-424d-9c82-ba4965e210ea.png,0
dc486475-0698-4f27-8b21-5a9eaa0e157f.png,0
dc48941a-2bfc-43a1-af3a-9a2be3df7ae0.png,0
dc512fc3-2c66-4e46-83f6-9d77721a1b15.png,0
dc5986a8-e66a-45e9-99b4-695454b82fc5.png,0
dc6b1f1a-26d4-4f28-a10e-c4f62eab4195.png,0
dc6e47c3-c3a6-4b05-ad0f-59fa588f1369.png,0
dc719597-53f8-476f-a11e-0defa93be275.png,0
dc825e82-69cb-49a7-b399-62f79385bb90.png,0
dc8a49e1-978e-43a0-af71-180e653359e2.png,0
dc8de18c-1af9-4e29-b581-37ec567ab8ef.png,0
dc91d87f-790c-441a-adde-61acf1612d25.png,0
dc9d814e-5d81-4b86-a680-ba8573e63e56.png,0
dcaafe3f-11bf-4341-8c3e-5f65c7dc5972.png,0
dcb75f58-6982-49d5-9a12-75ea9c632d56.png,0
dcb8325a-8e9a-4dc7-a380-3556067d6a4e.png,0
dcba68e6-4f04-409c-a20d-311448813f5c.png,0
dccf4ea8-192f-4749-91e5-63defbc74f29.png,0
dcd079c6-921d-4d52-8c7e-bf120d73ddb1.png,0
dcd0e592-0623-49e9-b35d-2a7c9d4c7f55.png,0
dcd61221-bc00-48a9-ac73-1ac1960e60b2.png,0
dcdbc669-c6f9-4d1c-a2ab-3bf7870b56cf.png,0
dcdf34fb-bf38-4a91-af40-3cb16829efbb.png,0
dce45bd6-87ee-4092-bef9-d868d8e6a31c.png,0
dceacfbe-4f6c-4c1c-9fbe-67a4afde854b.png,0
dceeb019-ae9d-4426-8b42-38aedd4f385d.png,0
dcef962e-8349-4077-b266-b988a169c33a.png,0
dcf553ec-7ff7-4d00-b71a-24c88898d2ab.png,0
dcf84d28-ff38-4b87-950e-1aa518a598e9.png,0
dd027248-ab0d-42d3-b171-e0f598cb3099.png,0
dd0b42cc-e6af-4b9f-bd8a-cd7c6edc29d7.png,0
dd0c4c4f-b4ec-4046-af11-51bbb94b51bc.png,0
dd1d6a22-aca5-4465-88e3-110449571781.png,0
dd3652b5-1a3d-4ba1-9200-cd2479baca83.png,0
dd41fb23-a456-4506-9f4b-94a1a2dd02d9.png,0
dd43fb26-3526-4202-9612-25386e9495bb.png,0
dd4682f7-2a7b-4687-b7b7-ce9e62fa7b1e.png,0
dd4d5606-b997-495d-936a-8a51c7789418.png,0
dd53ac69-18be-4247-adfd-4a0a0179968b.png,0
dd53ca39-9356-470c-b7e5-fa204a2de17f.png,0
dd55d261-53a1-429f-8e5b-b60f786e6aa4.png,0
dd6316d3-b8ff-458b-b81b-f603e7db44e8.png,0
dd63324d-d1bd-4fcb-bedf-f080f6c62a57.png,0
dd654777-8f6b-44ce-8c87-72cdf4cefac9.png,0
dd6e0529-e9bc-4b31-bd87-15dc953d3f75.png,0
dd750112-f5ae-4797-bcfa-84f3f8f7e8e4.png,0
dd796b4e-676a-4cfe-ae74-4d003c326671.png,0
dd7dee96-47d1-4f31-8488-c8d80001f180.png,0
dd820c11-8c9f-443d-a6b2-543c924a389d.png,0
dd889560-0c25-4b6d-9108-074a1ae843c7.png,0
dd8af8a1-6533-4c69-9005-971629aac506.png,0
dd99f6f2-35bb-4b59-9625-4d0e75de2a54.png,0
dd9ce726-1d01-45e5-8a71-2ae8663ba3a9.png,0
dd9d6811-a4f2-497f-aced-d7b532eaedda.png,0
dd9e712f-a027-422e-9ca3-910944b804d9.png,0
ddac1b05-e5b8-4591-98ec-98c0872c75b5.png,0
ddaf7759-befe-418b-a464-f93063b0fdd6.png,0
ddbc86c3-4b6c-45cd-bd7c-d8b67e7d769b.png,0
ddc083d5-b401-4de9-afaf-d80d6b8c668c.png,0
ddc4204d-175d-49ed-a0c9-30213b6ae26a.png,0
ddc8682f-307e-40b0-a6e0-1c14864c0b4a.png,0
dddc967d-86ef-4300-a744-3d119d33af3d.png,0
dddfd40a-b3cf-4d0b-9710-22b73d6c4dd7.png,0
dde097c7-02c2-47e0-b154-6d300adc1f7b.png,0
dde5428f-9703-4dba-aea1-479628ed83a2.png,0
ddf7ead9-5391-4fae-b43a-22adde99042b.png,0
ddfb874c-8d96-4548-9f5b-eab93d0e9398.png,0
ddfce2d3-f6aa-4771-8718-1fba8c3add1d.png,0
de04a499-1e5c-4a5a-becd-4c6069a7e518.png,0
de12ac43-511a-49fc-a851-cca8953e3e06.png,0
de1a97be-5e54-4fb5-94dc-295b11b74b3c.png,0
de209b62-4f23-456d-b8e1-ab64b5493993.png,0
de25af7b-367b-4682-a9b5-e7f410511875.png,0
de2a97a6-b1f4-4f92-8bf4-3ebe503bf238.png,0
de2ab5e7-5cdc-443e-9905-f4469d98f8b1.png,0
de2b54b9-114f-4f68-9a5f-4602e843cc31.png,0
de2e0dd1-ddeb-4516-95cd-a0e854613b31.png,0
de31731a-a0ad-42fd-ad28-679d712fe6c0.png,0
de377cfa-51f9-4e1f-997a-0eafe8eb2ef2.png,0
de3e77f9-be20-421c-bccc-36cfcf1b8d8c.png,0
de459db0-6f34-4e0e-997c-178cbb9dfc89.png,0
de482422-3819-4620-9f8f-32ad322f70cd.png,0
de4b016d-8fbc-46b6-b22e-0d1641c75c6b.png,0
de54e3a7-5942-4fa9-941f-f147a26643e0.png,0
de66cb84-3e82-4eb7-b9b8-929511f50bd6.png,0
de7a88df-de6a-49bf-a048-9328a4690c80.png,0
de7f4d97-6730-4934-8b32-d979649b5389.png,0
de912601-ffb3-4d15-bfdd-7c079480d289.png,0
de9dd83c-f6c2-4250-aaec-886987864d7f.png,0
deb18518-8572-4110-b819-ea963b40a223.png,0
debf63af-2cfb-418b-8bfc-3f48f1c7f5d5.png,0
dec3b97e-a2e3-45e4-a72d-1d6d9ce016e0.png,0
dec5c8de-c916-441c-a23d-16b8815658d1.png,0
dec71e38-3eba-4c51-ac92-fc16a5188e78.png,0
dec77ec9-90e2-4bf3-b253-3da65c2a79fc.png,0
decb4b85-c89b-4122-b00b-bd6a49a68d1f.png,0
decd3c00-9a9c-4ff3-8302-ae8a2a7c9370.png,0
ded57620-eb2d-403c-a908-f5499ba188d3.png,0
deda4033-e93f-42c0-8b7a-833ce322505b.png,0
dedc62fb-20d8-4609-a5da-96bb6e27d5c0.png,0
dede78fc-ba09-470f-b875-009a6edfac6f.png,0
def67044-2caf-4e5a-9fd4-a2d186893a14.png,0
def6f177-1e0b-4527-8037-268bce2e892a.png,0
def7d5e4-d3cf-4374-a021-cff683363c78.png,0
def80e87-b0d2-4477-adb4-9ff7f33892de.png,0
defbc643-e904-457a-9819-fd9e97318242.png,0
df076110-b59f-496b-9466-e2d30f056111.png,0
df09e7d0-61c7-4479-8a71-7a7c4f6e7ce5.png,0
df0d1f3d-d200-4fc8-87b0-94f053a80a7b.png,0
df174c4e-d805-4182-81e4-75a2887d046b.png,0
df1ace69-26c5-4b38-bdb6-2ce6f3a60b74.png,0
df25133c-f678-4f09-ac0d-f764b3ebd62a.png,0
df2f0b8e-9a52-4ee4-bc43-0bed234bf8cd.png,0
df343532-8c6f-4c0a-ba01-8856cc0e9488.png,0
df444ec7-8a60-49a9-9313-2a42ea0bd6bd.png,0
df4470f6-216e-4636-9f88-47e3adca6e56.png,0
df4a9868-0187-4b68-b1a3-cd8ae6987bff.png,0
df4d746b-2f45-4aab-a83c-258216d97a50.png,0
df50d16a-01d7-46e0-bdd4-35c605d20307.png,0
df51b059-30aa-408a-8790-2ee621b83694.png,0
df5587f1-c3c1-4c7f-a484-466ff7e0454d.png,0
df5797ca-9b18-45c4-9dd6-301975a7903e.png,0
df5fc041-24a9-44f3-8f22-d2bfca421bfc.png,0
df6636e4-de16-4430-8d5a-269998f0ee08.png,0
df674457-a187-4f9e-a01c-0b073f01f2fc.png,0
df755417-896d-41aa-a6fd-b362ab89eb52.png,0
df7d2eeb-7bca-4501-b435-13ae3bd80a50.png,0
df86ce3a-571e-424c-b9bf-1d308a807c6b.png,0
df86f5f4-9cce-4aec-abd8-934b4e08a654.png,0
df8819b6-6ab3-4b88-be83-2de4e569d2f0.png,0
df8a2385-d66c-46a6-9008-eebd81b0ccec.png,0
df98a660-0233-4aa3-b2e6-4e722e8fc43a.png,0
dfa31b81-2024-403b-816f-20726f9a8bb8.png,0
dfa37727-e289-4b2b-bd21-c6a4da9652e5.png,0
dfb3503f-c122-40de-a21a-ed4e0397afdd.png,0
dfb66f45-2a03-4f01-a881-2df6020f79af.png,0
dfb78d4a-4fb8-489b-a68c-864835f7f00a.png,0
dfba3d65-2270-485f-bdc8-cc859e3156e4.png,0
dfbab2e2-ae98-47a6-8382-7bc5a618d907.png,0
dfc324e4-f843-49aa-b067-b51c82de4428.png,0
dfd1dbf2-0dcb-44f7-8e2e-1d74e1732137.png,0
dfddd047-8c03-4034-af8c-b4b0834cff3f.png,0
dfddf479-6e12-4df3-9c57-02182546a182.png,0
dfecc5ff-2989-4b4f-ba0c-f8a4cf85a3c8.png,0
dff6e362-b26f-4af8-8798-eb0609a137b5.png,0
dff7255f-885f-49d0-a6c0-96ff8404e04d.png,0
e005265a-b7f8-498b-b4f2-c1d162e9bb0f.png,0
e0070082-dc43-4dea-9da1-792762f98bc0.png,0
e00c4a0d-1647-467d-a602-6fe8dd8ac75b.png,0
e01bd4b1-8c24-4fd7-9b8a-7888f52bfd80.png,0
e01cee30-c1b4-4034-8a52-bda150e93bd4.png,0
e023e66b-6ee0-4b6e-84f7-3a8ddc0565ee.png,0
e02593b3-d430-4be2-aca5-7ad1f9e2fe13.png,0
e0323a9a-78e9-4177-b718-891d99c575cc.png,0
e03af9b0-0d2e-4cc3-b6b3-c3762bbdcf12.png,0
e044f178-b1f8-4ab7-b9c4-fa67678160f1.png,0
e047d647-ba4a-40cf-a44e-41b4a3982945.png,0
e04808e4-4c7c-4176-ab83-31d41b8a9766.png,0
e04df2ec-5a18-439d-ba91-e68969617372.png,0
e051019f-b034-4ed7-b2a3-8dc566274092.png,0
e0532207-59b3-4386-b98d-144fc5b757e2.png,0
e0604aaa-174e-4c09-b2b0-e814fe1f00b3.png,0
e060ed9a-8978-41c1-8dba-e55385d906e9.png,0
e06eaaf2-5ed3-4e68-ab64-208f93a1097d.png,0
e078ef48-46b0-465f-b01e-b9e97a8381ee.png,0
e07ae889-af68-4fcf-8865-a0f493d024c2.png,0
e07e0635-2b05-435a-b6db-15dfd081f207.png,0
e080c6e0-c39d-4098-a105-4a0e4b3ba36f.png,0
e088ad69-eac7-4438-9230-1c7320dfaad4.png,0
e08f1996-0daf-4672-a56f-67c249e8cc6c.png,0
e09694fb-bfde-494d-a6ca-860001911cac.png,0
e09d050c-ac21-40c1-8b6f-9895582f4508.png,0
e0a86d60-2d8c-4e72-acd8-ccf7924bdefa.png,0
e0acfc04-c3ac-4017-881d-485ac151dad5.png,0
e0ae77e4-db98-420c-b26e-e52829a25774.png,0
e0b3b20a-cf65-4f4e-bf96-ac32eca375fa.png,0
e0b66ba4-0bc8-4a21-b7ad-b3217dd88835.png,0
e0c2789a-7073-46c3-858a-05753b99d31b.png,0
e0c4de6f-0915-498a-8b42-84d181ae4ecd.png,0
e0cc1c8b-2dd6-49fa-834c-94fcf8a9a0ee.png,0
e0d205ec-9cff-4141-b593-eec5c0b5da21.png,0
e0d21bd9-209a-4675-bd07-6f8b9fdccc4b.png,0
e0e367c5-e92d-40ce-a141-94591d3b4ac6.png,0
e0e68c55-90a2-45b4-b9d1-ef8e1f711466.png,0
e1103545-2a34-4b20-b924-ed21c48c9b31.png,0
e1150678-9a4f-41ff-b46e-a0bc5eb07f39.png,0
e115f3df-0b0e-4c22-8543-559f1945cffc.png,0
e116c5ed-910a-4013-a3ec-1144fcaae8e7.png,0
e11754ca-30f1-4e9c-acfd-34563b26c2ac.png,0
e118d121-0791-4250-87a7-8488c7f66b0d.png,0
e128a2e8-6f9f-4615-8752-4be9eb2eaa14.png,0
e12cc2da-8324-45eb-a748-45a3924fdc93.png,0
e12d1aa4-4df0-46c4-9629-6a79b9c0a02e.png,0
e132a4a8-dabf-457f-964d-d6130f5c1d54.png,0
e13755c6-5d92-460b-acbe-5bafc5d401b0.png,0
e146d776-a1b8-4e16-a32e-ef0e6b1d7aad.png,0
e14d98d0-6805-45cb-b4c2-2edeba5965b8.png,0
e155025b-b3b0-4049-94a5-f33c57572d7e.png,0
e163b4d7-9ff9-468f-a3c9-583baf4a58f9.png,0
e1643f4f-42a8-42ae-99d4-f5de6b0b7073.png,0
e16bb5b9-44bb-476f-9e5a-3b8ee59c5b3b.png,0
e174c31d-dde0-452d-8a39-5f13accfa4b2.png,0
e1758368-dd6b-4fc8-a37a-bcec175f5abe.png,0
e1793a72-d265-4c7a-afda-33b32e4a365f.png,0
e17cc8d3-0dc3-4ff4-a17f-d8f2cee09729.png,0
e183cf86-9cc7-42ea-8a35-f9abb41edc72.png,0
e1842e70-7e45-4fbd-9bdc-65da2ed37f0d.png,0
e18d7296-ec3a-4fcc-b20f-98f4d90af21b.png,0
e19147ad-0b2d-4b0a-aa3e-1bebb6a55954.png,0
e1955e14-131c-4fcd-b49a-adb3f5dc1d6e.png,0
e19ef382-08cd-49ba-ab98-4f8c1527bb08.png,0
e19fe53b-1301-48a6-a586-2a7de42d7abb.png,0
e1a1a4ab-a815-4bc4-9549-98a27f9e9ae6.png,0
e1a5f46a-fd28-432f-93e3-851d84174549.png,0
e1a7e9e9-94af-4712-9649-761411662fc2.png,0
e1bcfa18-5fed-4a92-85fb-14438a17719b.png,0
e1bde102-40b3-4bda-a8cb-6f8c30731737.png,0
e1c8acba-f4e0-43d6-8f13-8d8e626fadac.png,0
e1d0fa67-a021-4655-b1ad-bc764c93b9b3.png,0
e1dc850a-d743-4518-9f76-ca3a839ed0e3.png,0
e1f8ab90-954e-4254-b8e3-07608bace40d.png,0
e1f8f3cf-3828-43b4-b2aa-78edc9fb8056.png,0
e2027ec6-9e87-4384-a8c3-f54bb7d00d81.png,0
e20489cb-8481-4722-8066-5a7506a7e7b1.png,0
e20c5b46-c709-49e9-972a-86d845c1defc.png,0
e20f69ae-9ea1-427b-9432-7d99fae81f0f.png,0
e21d8d70-f784-4b28-8c61-f937308ec197.png,0
e21e9a4c-d710-4a17-a467-c3ae9cdb4e29.png,0
e22ba2b8-f82f-4dcc-9992-0996e834ba25.png,0
e22f2f98-2401-48c5-9ff4-c30717b29fd5.png,0
e23c79f5-4c5d-4682-b770-1b33651426aa.png,0
e241479c-90c2-4416-bc2e-c95625994331.png,0
e2435e7a-c994-4a79-bae1-ad657e2497fc.png,0
e24b6a01-19a2-4b29-a2fa-780e09347e2a.png,0
e2567da2-1ad5-4ad4-b3cd-d583b9be249e.png,0
e2597638-828a-4ab5-85f6-11c4230f1f2b.png,0
e25d1f2f-99e6-4713-bf6d-59862f906444.png,0
e260d35d-f044-497e-b092-76ba75729876.png,0
e26cf6fb-62dd-4079-88c5-9ef5af285e8e.png,0
e2727e2b-b542-4181-baca-ff3b2b885650.png,0
e27a1adc-88a6-488b-bc9c-8ecdccf093d9.png,0
e27d9773-4a74-4df6-a650-1c3deba22126.png,0
e291d547-db57-48d5-a994-4e216cddc1f2.png,0
e2989b3b-a42c-4ef9-916a-855741c125c0.png,0
e29b3a37-477f-462b-8894-dcfdfb9cae4a.png,0
e29fb13b-57b7-4489-a8c7-34e72799134b.png,0
e2a0c4a7-98b6-44b8-8f5b-c6ae6b17272b.png,0
e2a8cad0-7dd0-4d15-83ac-5414e0fe9759.png,0
e2a97236-a6b8-47c2-9ba4-66fbbc82f2d4.png,0
e2ad3d7c-e284-46df-ad80-b6d04dfda188.png,0
e2ada05d-4baf-4d0e-a0d8-3f7a0712a7ed.png,0
e2b39ca3-b875-45d0-ae31-9b40ac86d10b.png,0
e2b93bb4-d449-4914-b96b-3b4f0c6c525d.png,0
e2bac125-a7f4-4d1f-9e52-55559e85ab9c.png,0
e2cc534b-fd8d-4147-805e-fff300cfed61.png,0
e2e1cdbe-842c-4344-96be-4aa946b1cc93.png,0
e2fc3d22-252a-4e95-bcf2-76c56a95ce39.png,0
e30bd362-7a11-4797-adb2-708520cdfb8d.png,0
e3100db8-47fb-4c88-a6d6-50129fc6085f.png,0
e314d288-ec1f-4fd4-81cf-b8fe0abf44bc.png,0
e319ed0d-cd63-4bd0-828e-9acca7997565.png,0
e3218c97-e918-4091-a957-d76548563f70.png,0
e32792fc-b3bc-4a0b-af37-47b989658a9f.png,0
e32a1a4c-1b84-49d7-b32a-6f3f632e1937.png,0
e32e9454-f0f6-4eb3-844b-0593c2c248c8.png,0
e3337f74-d200-47ff-87e1-19a54cc14e35.png,0
e33f2a56-329a-4f88-9b38-ed09ecfb9fd6.png,0
e3434fda-b288-40cd-93cf-1a1e96f84973.png,0
e34aad2d-31a9-42a8-8ce1-99022d6e996d.png,0
e34e960e-c1e3-4c54-99e8-b59049c695d3.png,0
e3539d15-18fd-4bee-b593-5c74b0cc9210.png,0
e356eae4-de6e-45e6-a1df-ec51c8ccc1cd.png,0
e36d833c-97cc-4078-bdf4-b88ff5cc767d.png,0
e37b7861-47ab-4671-bea2-87619e92c292.png,0
e37c9ece-5de7-4703-981b-25c2a00a9862.png,0
e37fd2df-ca9d-481e-bb73-6a85eca02ea3.png,0
e37fe7f9-b06c-495f-9f25-31939b140e48.png,0
e3838dcf-aafd-4df1-b12b-d4ee808467ea.png,0
e397dc92-c9c8-4b93-b8fd-831514c74254.png,0
e39ebae1-62a1-4f8e-a01b-307173ef1ed9.png,0
e3a1a1c3-bb46-4ba9-aec9-7b59b96cd728.png,0
e3a72ca3-6dfe-4cfa-98a7-7eb566ff13ed.png,0
e3ae15a1-ad4e-4bff-b34d-9f87bb1ec769.png,0
e3b487e8-8a8c-4910-b290-c51eb96e17ca.png,0
e3b4b22c-0872-4dfe-a23d-ff063367d972.png,0
e3b52ea4-7bc0-4fbe-a5d1-5594ef83abcd.png,0
e3b552b4-123f-41cd-8393-f9854c3089e2.png,0
e3b8d3af-7a11-4844-9d22-81682ecdb274.png,0
e3b95b4b-b2e4-47ff-9e2a-3af2e6fea49c.png,0
e3ba02e5-1912-4517-b468-7db374cbb8bb.png,0
e3bcba66-438e-490a-aea8-3afa233339b4.png,0
e3cd4296-8b0d-4dda-af6a-d19fd7784c90.png,0
e3d0271b-b53f-4d6b-9e99-57fab7644798.png,0
e3dfbde2-6e68-4e08-b73f-787a137ff4dd.png,0
e3e03228-78ca-4f34-b031-b2bb32cb9cb9.png,0
e3e1c3c7-f447-43c2-a5fb-1740d67b5ff5.png,0
e3e58d0d-54af-477a-abf2-8c1d11137114.png,0
e3e8b710-8dac-4cdf-8bdd-74611badc5a8.png,0
e3f8ceb0-1fae-424e-b049-52569a4d771a.png,0
e3fab001-eee9-4edc-b6be-9a60c912e2e5.png,0
e3fb77fa-1b47-4716-8381-9ff0cf75459e.png,0
e40663c4-3234-43fa-9955-e3abdd430255.png,0
e4148f01-792f-4d32-ba64-aca36756b91b.png,0
e41cd301-8729-4276-ac6d-7a9a1df09cf3.png,0
e425530f-056a-4b40-951e-27777efa6300.png,0
e42ac421-014f-4125-a5f4-73567473d065.png,0
e42cd993-ebb3-4cc2-b41e-aa2d2a2d1427.png,0
e432a26b-f360-4b51-bc5f-d7907eef6658.png,0
e43aae06-f1d4-4d81-94e0-a41518a24f3f.png,0
e43c3640-5943-49b8-b63a-900604c25202.png,0
e43dfd99-e6f6-454c-9aea-ce72f2485627.png,0
e43e6efe-9caa-4885-9030-cd0b917e448b.png,0
e4441dd1-485d-48e7-ad2f-a5e58f250cf2.png,0
e4458ddf-0345-436e-91ea-07f4c7ef0707.png,0
e44ab157-4b17-4afe-9ca0-65ddfd15ae0c.png,0
e4554e70-ba87-48d6-81c4-2bddffc3f7c5.png,0
e45705e8-3f37-4498-9efe-108a597947d6.png,0
e45f2d7f-93d3-4fd7-8bae-bd662a510470.png,0
e46a2dc2-a741-4ab5-afb0-fabdbffe1ec4.png,0
e4726c6d-8295-4a5e-8c5f-6245e224793f.png,0
e4774725-d0ad-4529-94f8-9a47059e231a.png,0
e481055e-bebb-4d14-9386-b9075ebc1fe2.png,0
e482e77c-d511-4871-b14b-4f912d94ac9c.png,0
e48a5c0e-c2c1-407d-af46-a1c3c338f4ac.png,0
e49f9187-ae4b-4ac6-9e75-90f56e347aa4.png,0
e4a6023a-15d8-49a6-a2c5-a968297c0c6e.png,0
e4ab5eae-5d47-4ed6-91f5-708b5617a600.png,0
e4b00406-3cbc-4b70-afaf-9d3d312038bb.png,0
e4c5ec13-ee4a-4d4b-9680-ee9e1edaa16e.png,0
e4c7e8b1-c421-4360-9874-a12c70a95a76.png,0
e4d1d8e2-4da1-4df5-be2b-b0e5668a2ebf.png,0
e4d8ef9c-5a8d-4286-ad0f-0065d7f1e3d5.png,0
e4dc4242-1268-40b7-9446-6c2acd9e9144.png,0
e4dce044-ebd8-4b56-bed0-e7ba7f837927.png,0
e4e8cea2-9cb5-4a83-903e-74dd77d9a73e.png,0
e4f05fac-510d-476a-9cc5-26e0fe49955f.png,0
e4f486ca-5331-400a-854b-c0bd2648c124.png,0
e4f5540b-3d55-4a10-8b45-b86f87ccef49.png,0
e4f88354-be72-47c5-bc1a-29024b2051f9.png,0
e50133b8-d5f3-4598-b079-5ebf4522ef10.png,0
e503670b-da88-4821-a11e-7bfcb4be0564.png,0
e5043877-4132-4c74-bd8a-32cdb73a005d.png,0
e504d475-977b-4668-b23c-154100f89fa7.png,0
e5083984-ce39-441b-a37a-ec0b902947a9.png,0
e509ea3f-3b0d-4364-8c1b-732ed409432c.png,0
e50e9327-d7c6-4d35-b94e-1e06fd03e9c5.png,0
e50ef848-ecce-454d-908e-17fa314f1959.png,0
e517aecc-6306-4100-a03c-b1c1a516b9c6.png,0
e51897c6-933b-4ebb-aa97-ad71c7298de7.png,0
e51f26cf-4717-452e-886b-fcde817a9417.png,0
e51ffc7e-928e-40e4-b06f-7c2507bce1d7.png,0
e53c403e-47f2-411f-8869-89d039847d19.png,0
e53f9c40-3d4d-4053-886b-4e786d6535fa.png,0
e54107b1-04c8-464a-91b8-7d370a3ee4c8.png,0
e5410a3f-3fd3-4ac4-b6c0-b27db52aaa3f.png,0
e5450e59-4119-483d-aee2-1d30b44f8fa8.png,0
e5575a73-cc40-4c5c-9a6b-e47299e9fbad.png,0
e5664ad1-46f6-461e-8fe1-08c513a00750.png,0
e56685ab-7fc2-40b7-ab70-c69da0e93449.png,0
e5668b84-ad6f-4647-9e15-c15a5cf41c97.png,0
e56ccd69-f456-4b20-8b39-d369c3b0164a.png,0
e56d113f-edf8-48cc-975d-c42f508fafdf.png,0
e56d6e59-0695-453c-a56d-7a18cabc9bb1.png,0
e572f346-564c-418d-91e1-8c8819f5f794.png,0
e575110c-c8f0-4bde-a5bf-17b714dc9d98.png,0
e5759a0b-09d3-43ae-9448-814a9d5d89a9.png,0
e578f3f6-1eee-4a5b-8b5a-83b262c4e4ba.png,0
e57e3de3-4a47-4185-9ba2-cc4b3b998bc8.png,0
e57ed470-c16c-49aa-9c5b-9aaff3bda730.png,0
e581fe14-9b05-49c0-abad-ea5920d9b741.png,0
e59728f7-a4ac-47d3-9962-429bcdb579ef.png,0
e598870e-3a8d-4713-addb-10299161a823.png,0
e5a174a2-d0d1-4788-a694-600ffa162542.png,0
e5a3ce34-5ab7-4974-a7d7-2e2206d06a83.png,0
e5a478b2-b843-4e25-b35f-2a4ce3f08c0c.png,0
e5ac46ea-1af8-431d-a2ed-1871463cf87b.png,0
e5ad77d1-5306-4449-b676-e8210a26c71e.png,0
e5b0faed-c2b1-4bf0-ab02-8243f1aaa228.png,0
e5bd8650-d4f6-4f8f-b3ac-fed31a1cbd7d.png,0
e5cd05eb-a35d-49b1-aed2-838d58d17b48.png,0
e5cf3d27-7462-434f-b6b5-8234bd2198ed.png,0
e5d2d9f0-0387-4353-b4c6-0dcc6b6659e8.png,0
e5d58e52-f77d-4fb6-9aff-9fc5715521a1.png,0
e5dbda69-4ffc-4bbe-bec8-95a7d08f80b6.png,0
e5eef69e-7f0b-4f83-b13c-c14fabf96f98.png,0
e5f10650-f97d-4671-9954-7a579b593ea9.png,0
e5f7c927-8d00-4284-b73b-8b1904f0977c.png,0
e5fbeafc-202a-4719-a4a2-e19dc5a81d9f.png,0
e5ffd138-39af-4e75-a79f-3531f2ff1b9e.png,0
e6049f73-167c-4a7c-b193-c8574a3097e8.png,0
e60ac83d-b202-4f51-9b5c-d0f8cf24ca15.png,0
e6115487-cda4-4314-8132-fa8dc6655afc.png,0
e6142222-d9bd-406b-a02f-59941a56eaf0.png,0
e619bef4-ed63-438f-8c2d-dd823c313678.png,0
e61e042e-8f4a-4564-b8c1-dda2663ac82a.png,0
e6207d50-e8c0-4955-a8fb-e6d583576490.png,0
e6214801-41ee-45d3-852e-18541823c2ee.png,0
e626d891-0a76-4cad-9671-1d1f2993ecef.png,0
e62f8c0e-25d1-42cd-ade3-42dfbd51bc31.png,0
e63bc160-5aea-4b3c-b683-776439fc4a13.png,0
e63c5cc6-3cf3-4325-aae2-0ef665f6372c.png,0
e63f1c8c-e4a5-427b-9c76-23241732376b.png,0
e642bc2b-664b-416c-a86f-d11b4abe8c87.png,0
e6465833-2118-4dcf-a6e6-388320ab55c2.png,0
e646d2f7-cf8b-4dc1-9f4e-0bbee4e7bf28.png,0
e6470eff-64ed-4d89-ba6c-ed03eeb711ca.png,0
e6479fef-f10e-4fed-b880-ee938b804fc8.png,0
e64850f0-0e2e-4dff-880a-b86992a6fca1.png,0
e6490122-5409-47f4-a4f6-efa7fb74ca19.png,0
e65a76b8-9bbb-44a4-8707-fd17c3cc12d4.png,0
e65e2157-c879-4aad-9398-628b4f869eb1.png,0
e663d497-b41c-4361-85dc-004f4d3e4e47.png,0
e66b040a-ecac-4667-9022-11e11d10d1ff.png,0
e66c1d35-110b-499c-b030-66e223aaa282.png,0
e67f2502-11b3-485c-b508-05755838a476.png,0
e6817988-1f0b-4341-bc2a-99ffea80a000.png,0
e688c2ea-a039-4935-a072-f34e72d1a565.png,0
e6902ba2-a732-4c34-b586-ad631c701ee3.png,0
e6a148ff-0b4b-40fd-83b0-5a4bdc567663.png,0
e6a29cfc-b9fe-49ef-aac0-c51acf18fd1b.png,0
e6b00554-e9ed-4f60-bd14-71dbb7892b40.png,0
e6b8b863-a0ce-48d8-8de2-9c72ba210f3b.png,0
e6cd0e17-9807-4952-8b40-36888deb3351.png,0
e6cddc69-9244-4500-b926-d4bcb4c2c3f7.png,0
e6d643f9-3a71-47bd-ba97-90912b918c65.png,0
e6e1dd39-1ee6-42a9-a494-62c9d24af872.png,0
e6e5cfd6-7ea6-4b79-97c8-3a1ee4670b2f.png,0
e6ef7f43-4c94-4999-9ec0-f341312f70a2.png,0
e6f345b0-b16f-485e-8b1a-bb9cd329bfac.png,0
e6fc8c7e-ccf8-4cf4-90e0-3ef3500d66cd.png,0
e6ff7db5-b9d9-4401-88b3-a24d497b760b.png,0
e701619c-8f85-4fd2-af6b-0e751d4c561d.png,0
e7038aef-3a42-4a0c-8de6-8e7a3c903e48.png,0
e706c18e-3b33-43e3-8d4d-240e63789238.png,0
e7083b3b-af7b-49e4-938c-36e590184de2.png,0
e7089956-4d2e-488b-a59f-6bd3d26183f1.png,0
e7176756-4a8a-492d-a11d-25e3e0f2dfbf.png,0
e71be066-42df-4699-a67f-e32ba9087640.png,0
e72249f8-330b-4852-a7d2-bea2f75666c7.png,0
e7272f11-fe2c-42e5-b705-b13b1b90e8c5.png,0
e72c42ec-602b-4f13-838d-a4f7b0daa6d5.png,0
e7372a72-f654-468e-897c-b02668d484f9.png,0
e73c5207-d11a-453d-a54d-4bb350126e1f.png,0
e74ea5c9-54d7-4f2f-a7f8-33199923bb9f.png,0
e75eeb9d-cfe6-4652-a432-e79e12013389.png,0
e75f84e3-8223-47db-bc5b-3f93e5eba5c6.png,0
e7763b77-4ec7-4dbe-af09-5e074b13689a.png,0
e77dfc75-8bdd-4aee-967c-c7d97f9771f8.png,0
e77f1166-ed2e-4cc2-820f-c5c0e3a50abb.png,0
e784a42b-a925-4c1a-9b42-69df1488ab5f.png,0
e7866d75-fed9-4a4f-9bc1-013f6880697a.png,0
e79fb9e0-c35d-4ea3-9e4b-126923129e28.png,0
e7a56a08-b28a-488a-9f27-1ec9d5984cdf.png,0
e7ab2bdb-ea1e-44a8-b9ac-215003c97ff3.png,0
e7b4b4e3-97cb-499a-8f26-14763f49a153.png,0
e7b63d9f-6399-425e-be10-e143504c475a.png,0
e7b76c05-b373-4974-9a95-df7b8bedd079.png,0
e7c8a177-e53e-42cb-ba67-afc2e46dc104.png,0
e7c99332-9671-4a8a-b2b6-3fe896cd8b43.png,0
e7db2d38-7d84-4992-8b67-fb081774a022.png,0
e7dd36b9-f2e4-40f5-8acd-7544afc8c0b9.png,0
e7deadde-c104-446c-a75f-f200c31eee66.png,0
e7f17ecb-3848-4edf-a51d-9d9fe1d4e8eb.png,0
e7fb60b5-0a61-4951-996f-c1585c2b3aee.png,0
e7fbf482-7849-4311-8fe7-60652f38d387.png,0
e7fcddc3-d649-4457-bd7e-b3a3054e2a16.png,0
e800189f-204a-42c6-9511-dd22db81665b.png,0
e80a7eb1-664c-45de-91cd-8689e2590930.png,0
e80c61ff-3f37-4838-8969-6e850a7f8cfb.png,0
e80ff5c3-17fa-4366-ab3a-a248876e1513.png,0
e811705a-0486-406a-aa0b-3c5ea99e2b1b.png,0
e816e0d2-f658-458e-9609-a745d8279bde.png,0
e8214150-a9bb-47f3-99ab-76724ce4af2b.png,0
e828487e-3ab8-45b2-9b4f-3237273979bf.png,0
e8293694-de0e-46bf-b062-a32647c42c6b.png,0
e83277b2-4bff-4a74-a53b-87b09601b7c5.png,0
e83b9d1d-e6b8-4a11-be97-2cd5df61defc.png,0
e8415258-b485-47a3-a22b-758025e0793e.png,0
e84ee874-b441-479c-ae54-c8e21845cb2c.png,0
e8561858-d226-494a-94dc-1efb11d00a98.png,0
e8659b01-8820-4db5-8c93-fc377f231ae3.png,0
e8672361-b2df-4859-9b29-21dc02907d00.png,0
e87969b7-a21f-42d4-9a22-dc519898d2a3.png,0
e881071b-456d-4b69-9bad-2bbfab31d807.png,0
e88711cb-e03b-4570-a531-8ac8a7f9c6f5.png,0
e89fc6c2-4a0b-4d88-b1b9-f60a7f17fba9.png,0
e8a6ccf4-845e-4663-b561-008bdf13c7fd.png,0
e8b37655-266d-4f25-9979-cdcbd63055f5.png,0
e8b77cef-4d4e-409c-9674-6c6c3dae8729.png,0
e8ba66b2-5146-4f31-8108-22811bf65832.png,0
e8bd60f4-46c4-4f84-aba8-a99deb4a99cc.png,0
e8c7538e-3d85-45e4-80e3-71ec5e26bb79.png,0
e8d3f1b0-6019-400f-b1fe-9f259d4c4fb8.png,0
e8d54055-9b04-42a6-b04c-1ba8ae6bce82.png,0
e8e38713-4227-4c6f-89f4-8d5aff08e7fe.png,0
e8ea6c4e-4392-4b42-90f2-7358882eda3f.png,0
e8fe76e2-fef3-4d7b-8678-26fb32573f82.png,0
e905c80c-8208-4e4d-8282-a73a573f39fd.png,0
e905c9eb-f673-4c09-ab97-cffccdc1fe2b.png,0
e906563b-e1a2-4596-98a9-7ee4e3a5c1f4.png,0
e907438e-7530-4cae-8c4f-9534cf5dcfe7.png,0
e907682a-e610-4ea7-a460-c9bb7fffecce.png,0
e908491b-c61d-4378-a502-cf416a30565c.png,0
e912a77a-18b3-4d94-8c70-9f15fc32b47b.png,0
e9169397-56f6-4c4e-8014-b67cba6f799f.png,0
e91e0b96-1d5b-4652-a940-478f029dd968.png,0
e920a237-e258-4c52-a5f1-f0a3af054849.png,0
e925f4f9-e253-4805-8662-583382f74280.png,0
e9281998-60d8-4581-b1e8-58ae9d5a2bb8.png,0
e92fea77-9c3c-4837-a3b8-b652b6780b4c.png,0
e93c06af-091f-4000-89bc-4f2e42d5bba1.png,0
e93f2956-8f17-4822-a5d3-3efa7bfd0074.png,0
e944dd4c-c9ba-4f6c-9b12-f67230f5cb84.png,0
e94778df-a0c6-4d2c-93b0-7187fdeafe28.png,0
e969df66-5f15-4a16-9dcb-6889c0ffddf1.png,0
e96a0239-5630-4b54-8e34-d17a3bed5841.png,0
e972b65e-3254-4bf3-b9b1-17865b78d8b0.png,0
e97dacf9-9180-49dc-ae6c-7da8e3920c68.png,0
e9805e2c-6c78-4804-ace7-440c0a6200d1.png,0
e9837763-07fd-428b-8cd1-2bcaf05f7162.png,0
e983d088-c55f-46d2-a52d-467df77a2fa5.png,0
e991f321-a3b3-4260-9ba9-d1d7ab734d43.png,0
e994229d-3219-4c72-bb20-322eb6183c0e.png,0
e9a04fd7-07f5-4c49-92d7-3a5d721b210c.png,0
e9a4f360-0b85-4241-bd3c-4c7c67037a4c.png,0
e9ae2d74-c795-4903-b423-ee28fd42598f.png,0
e9b04c75-09ef-44f2-9bda-ed072c38ecf4.png,0
e9b7cd5d-3d54-48d4-a784-8abae7369366.png,0
e9c4ac98-e02b-4a4b-9089-31962949ea19.png,0
e9c5bafe-67ff-47a6-8855-b2257ebddeec.png,0
e9cc4af6-e7a7-48e3-9526-8686c2def114.png,0
e9d328dd-f59c-42e9-86ee-178350564776.png,0
e9df7d4f-af67-4d21-8472-9be380ff0484.png,0
e9e3e16b-6dda-4429-a43a-ad8e062e64eb.png,0
e9f38ad5-dea1-4568-9abc-056143ae572b.png,0
ea0f76a2-08d3-4273-b9c3-1253483fa647.png,0
ea0fce90-a135-4c80-93ca-b0db1ed05068.png,0
ea16d87a-1406-46fe-af11-31c97cccc698.png,0
ea1a2c78-9e85-41ae-a7b2-19e8b60a752d.png,0
ea22a725-cd82-43de-8185-a35285f7555b.png,0
ea230a52-b0d4-4aab-9bcb-73bf5fd46fb4.png,0
ea2f5da1-f25e-4f5b-9e3e-c2e49e93cbac.png,0
ea32facd-af87-403b-a56b-2a0746ae04ae.png,0
ea3347c3-e4eb-4c00-927b-176ddd296f72.png,0
ea358350-8f2a-433d-b687-96b05ebf4c1d.png,0
ea3b4c3b-22e5-420e-99af-daad9b460133.png,0
ea4b1c59-7c69-4c9f-b696-1082bd3cef94.png,0
ea55a4ab-2ad9-4106-86af-eb646a95cd35.png,0
ea6270ea-10ae-4e5a-b88e-54e6471eab05.png,0
ea638979-a6d0-4f57-872e-8d97586d1eb5.png,0
ea67ae91-48f8-4efb-acba-06791d595136.png,0
ea69d57e-6d9e-406a-8d7c-544b54954dff.png,0
ea6c9011-6973-44be-9788-6b62609f63cb.png,0
ea7d6279-052d-4fb9-9703-804abd4b5859.png,0
ea872d0d-d42c-4330-9c09-799bc3b0ab09.png,0
ea934f35-5c3c-4d50-8bb7-d0ad15d48a37.png,0
ea9d7193-35cb-4e5b-91d5-34a5509f7508.png,0
eaa4d52e-bd70-4bd2-9487-c841fde17bea.png,0
eaaca2f5-8aec-4553-a2e3-fa44014375ef.png,0
eaae0864-798c-4b37-a40f-36d5a573e467.png,0
eab08db9-4251-4d24-af38-29bf89e050c4.png,0
eab8fa04-b334-44e5-867e-f36f2b9b1481.png,0
eab95d6c-d32d-4506-a183-4531489c904b.png,0
eabe39ed-472d-4eb2-a037-435abcaf2373.png,0
eac550ba-b757-479f-85fb-5534e0aecc2c.png,0
eac82528-e9ed-4e00-95ba-9d8f0af55596.png,0
eacc422e-0f30-4176-93f6-e8d5e1c91fbe.png,0
ead9646b-d109-4ac6-b4f7-340fca8a274b.png,0
eadd617b-818b-4692-8c47-13ea979ad296.png,0
eae9deb3-2bf7-4e52-aa43-e36b60cc676a.png,0
eaefa668-e01c-4729-8c02-56dd413c6f1e.png,0
eb0461f9-6255-4af8-9d71-0707e043e384.png,0
eb056e61-98f0-418d-a5e9-b82bd8d2db93.png,0
eb063533-8cc2-49d9-bf1f-0aa07b26dfd2.png,0
eb113a51-ca16-4ef9-84bd-5b4c7edd4129.png,0
eb1bddf9-083d-4349-9392-f17ef4d6c0b8.png,0
eb204e91-d4b0-4a18-99dc-ce0b2decc6c9.png,0
eb258f84-16e6-4927-8383-c576e8e242d3.png,0
eb3815c3-783c-47a9-a9f9-2e168f6c0e4a.png,0
eb3aff4d-df68-4d3e-a858-e8a28df962ca.png,0
eb4e6b74-352a-4631-9456-d848c2232440.png,0
eb556a63-312f-4728-8f69-c473734dbaa8.png,0
eb55e5c1-0065-4478-960d-fdd19793fb96.png,0
eb62badd-0421-432b-a6da-b5d6d5535be8.png,0
eb66853e-146b-467b-8d22-0ad88ec54d3e.png,0
eb70a981-bed1-4bf4-835c-0b7e9b2b536d.png,0
eb7175ea-b0e9-413b-ac37-169e9d45adf0.png,0
eb723a10-21f3-41dc-92bd-7bf9540798e2.png,0
eb737f0a-3419-496b-9f43-5b685ed17ebc.png,0
eb7aa38d-ba9a-4e37-a689-27af5e82c052.png,0
eb81f32a-2e1b-4552-9ef6-98055b4ac687.png,0
eb832732-4c11-4126-bb10-f95eb61608bc.png,0
eb8665d9-57d7-409a-a20d-51d0a7767adf.png,0
eb8ef9d5-adbc-40b9-b1a7-4d652eb95e27.png,0
eb91f1aa-7549-4d6e-be14-5d6ae0eb85cf.png,0
eb924c6c-5e1a-4bb1-b9ac-2d28904ecd5a.png,0
eb95bd9c-4352-4a34-8f47-3c57db6998ce.png,0
eb96af9f-72a4-47cd-bb60-84450b69eefd.png,0
ebb499bb-0329-46f3-b862-3901b992d144.png,0
ebd50daa-0332-4674-8cdf-fa02e558fd20.png,0
ebdfdc15-363d-4728-a9bc-a5bddf274dd3.png,0
ebe503ec-466d-4327-8a8a-e8ce9ffbafb7.png,0
ebf19d5c-7a4e-4192-8cc7-2bb14f20e48a.png,0
ebf780fa-3677-4611-a7a1-3b26386564d0.png,0
ebfea9ab-3d53-4994-bec1-f76a7eadda3c.png,0
ebff87ba-651f-4e06-999a-db31cf5181b8.png,0
ec00dc74-d8c5-4044-bb7c-61ce11615e96.png,0
ec275056-a320-4a18-91ed-bb780e814bee.png,0
ec2c0f94-df7e-4de8-83e3-4ee9574c06b4.png,0
ec31cf94-fcab-430b-af91-c7dc400f2a5a.png,0
ec34aed1-86f5-4426-b68e-2fd5e95482b0.png,0
ec3697bd-184e-44ba-9688-ff8d5fbf9bbc.png,0
ec3a11c0-b993-47e4-a658-e6dc1d339db1.png,0
ec3bdec5-13df-49c0-862a-c8dd8124bfce.png,0
ec416f17-0ce2-4846-851e-cc5c2a6a49bb.png,0
ec55b806-a4c8-4738-990b-aac0fd1bbecf.png,0
ec57c4db-979b-4c76-9ac1-ba07c5a5d781.png,0
ec5e3484-2fab-4fdf-a264-58b1d001d0e1.png,0
ec6224ca-82dd-4368-8300-936f333557ab.png,0
ec69eb2a-8d24-406c-8b20-6b2528af149d.png,0
ec755d65-c3e4-427f-b7fc-7a596cf8fbb2.png,0
ec811ac3-19ca-4a43-990b-4e4704a7b649.png,0
ec8593ff-4f35-41d6-9d66-d7b7e06ce3ac.png,0
eca73343-ef7f-4c09-9c6c-7b83cf8f9b63.png,0
eca7a1b4-5d3e-44f2-998d-7077d6032206.png,0
ecb7579a-e9c6-45ad-b414-be2a29b0c025.png,0
ecb8a185-f83a-45bf-b799-e280a0dc8e6c.png,0
ecb8b46a-0cef-48df-95ff-134abb012792.png,0
ecbadacf-7590-4e97-be69-a4ca9e7a7d38.png,0
ecbe84f7-1283-4131-bea3-d8b380179c47.png,0
ecca50bd-8b93-4abd-82c4-76db7bc980dc.png,0
eccfcc8f-ec02-4964-b205-c566667bc673.png,0
ecd30355-da43-4539-af7f-5a54b12abeac.png,0
ece14845-36ed-4e3b-809b-dff4bfd063fe.png,0
ece3b4bd-20ed-4224-816c-1bc0f33301b4.png,0
ecf3f5d3-0441-47ca-863a-78bbf5c1cad9.png,0
ecfdcc29-e54e-4565-ab0f-24d2c73df79e.png,0
ecffe588-b272-4acf-84e9-08e47c9afd3f.png,0
ed05604a-a4db-4899-bb97-4a92dd851182.png,0
ed200eaf-c96f-429f-a8cd-8a54abeae11b.png,0
ed202cf8-732b-42a0-a09d-d5070cf31bf0.png,0
ed24d1d0-9286-401b-8524-069db2ff64b2.png,0
ed369fe4-b5e2-4ac4-8bef-ac7f5e18042b.png,0
ed4e9923-0544-4016-8e00-4d23763c5556.png,0
ed4ece2f-96ca-4153-b165-79816f5a16f2.png,0
ed5b8fd3-20e3-4b3d-8044-6332cd15c2dd.png,0
ed68c53c-3121-451a-bdac-abfa204e1b1b.png,0
ed69e597-d0bc-46ff-8e7e-c37df59ca86d.png,0
ed6d4b42-0789-4c10-9f79-606233052103.png,0
ed7d0798-c5f4-4c2d-a49e-a584652f731f.png,0
ed8b97b1-98f6-4ccb-b665-5b7027b302b3.png,0
ed8d6ca7-48f0-4441-bc06-08ea2bb39eb7.png,0
ed9b1f21-91e9-4acd-b798-d679fcd080f0.png,0
ed9eb455-9856-42af-b719-a755f92da405.png,0
edab568f-29b7-4f2b-8902-cb8b2d8891e1.png,0
edab6621-2221-4ee0-9197-c9eeec201cfc.png,0
edbc1975-81dd-4296-90f6-708e3f67e81a.png,0
edd31ca9-6d8a-427e-9342-ebc5ae9af212.png,0
edddaa15-b11b-4123-a8fa-69dad5611450.png,0
ede3e8fc-97c6-44f6-84ed-ee91967d28c4.png,0
ede555a5-32c3-4f33-8fe4-aba2e9255be4.png,0
edf791c3-ee21-4a97-b8d0-6d4b2053e640.png,0
edff33a8-b569-43a1-83a0-9d2a0bd97cdf.png,0
ee1afccd-73db-442f-8465-f85dee2db2fe.png,0
ee1e76ad-01a5-4bc1-b649-c5c51dee880e.png,0
ee227329-3b37-45c7-85fb-67136ec17511.png,0
ee2997f6-3fa5-468d-b710-5adacaa75753.png,0
ee395417-f321-49f2-9247-6b9349f03587.png,0
ee4288c1-fcff-4761-93e2-54d2e6fc771f.png,0
ee4bf94c-e2eb-4ebf-9246-f5f611cd77d8.png,0
ee4e07ab-4605-47a5-895b-343a6e2308ce.png,0
ee5691a5-997d-4ae7-bd94-d35c2347a69c.png,0
ee5c23bc-9860-4482-897b-36d2950c74a5.png,0
ee5ee553-5acf-4dcb-931a-5988fbb9a351.png,0
ee7ca106-6c0e-44d8-a623-4ce748c335a1.png,0
ee7e4b0e-72a1-47f9-a085-ca3e9b358d66.png,0
ee9c1ee7-38c3-45f0-ac3b-5bdda1fc4223.png,0
ee9c6d5d-7176-4370-835d-a111e4d9c8da.png,0
eea1c2f6-4bc0-433a-abc9-5f97cdc1b0ac.png,0
eea5fa9b-b0d2-4ae1-8ac1-db63d0f5bf01.png,0
eeabffdc-306a-46e2-b5b4-86dac89e1c4d.png,0
eeadce35-d9c1-417b-aeee-6c4151c08b18.png,0
eeb032a7-7856-41c4-ad44-647d1b6eac96.png,0
eeb5c42b-5e05-496e-9662-23e745714d49.png,0
eebb21ea-9ef6-4d92-b8e4-1abe19ba94f4.png,0
eec0fbe0-3bbb-437f-84f8-b2d32a9f78c7.png,0
eec8e710-926d-4a7e-9500-51ab5722a3a4.png,0
eed03dcf-b398-47cc-a4e0-4344fd848ed0.png,0
eed576af-a3e3-4e7c-9c62-8fdbb45e72f1.png,0
eed68c08-5025-43bf-817d-55a05cd07a6a.png,0
eed71346-f031-4439-afe1-a921e60bcd6e.png,0
eee35b66-1cde-4324-acfb-757b330a7b5b.png,0
ef1746b3-1320-431d-a021-6e40a543279a.png,0
ef180fa1-e605-49a5-8ebf-4ec330096488.png,0
ef1853cd-5b23-44d6-b810-4c016358a246.png,0
ef19e875-bf38-4da9-b3e9-21182d3de655.png,0
ef2fc783-b9d7-4bbc-b0b3-f811daad5b56.png,0
ef358d99-2e71-4472-b490-d869b53dbd9e.png,0
ef3ed802-8380-49e9-92d8-7750e6a7fe82.png,0
ef43783d-1395-4050-af17-8af3a9553153.png,0
ef4469b0-6683-4384-b0e3-a5874eededf7.png,0
ef448138-3bf9-40ab-ba5f-0b5fbe90eb64.png,0
ef4c62dd-8abe-4c3b-b604-307a2f55f821.png,0
ef5be15b-0204-4481-8894-9bdb29015051.png,0
ef5e20e2-5a3c-4201-8541-7fa1f0d6b65c.png,0
ef61bf9e-8aab-4f41-ab0e-6e060fe4ff0c.png,0
ef69f3a7-6460-4030-be0c-c71e3ec49e88.png,0
ef76af54-ff7a-483f-854f-3d8527e720ef.png,0
ef7badd9-6de6-436c-ac89-d77e4cced196.png,0
ef880a0d-386f-483b-b9c0-415b547959aa.png,0
ef8f8b4c-418d-4eff-964a-f4276e7a3011.png,0
ef97b154-20bd-49be-b9b7-f7d2ddf3ec42.png,0
efd12382-2f22-4c1a-8a74-93c099b9c2f4.png,0
efd664f2-0666-4422-9408-3ea22c3e2e34.png,0
efec5041-2db4-4013-8dbb-3d4ef71f7323.png,0
f0123546-61c0-4c34-9488-36cbfc3c3937.png,0
f01452c9-636e-47e9-b126-33be9892fdc5.png,0
f01a7f1d-e30c-4114-889f-0ba7547a2479.png,0
f0217efd-ddbf-4d88-9b64-12642a57c45c.png,0
f0231db4-b1c4-4e58-9d11-2dae6e1473d9.png,0
f02ce786-bbba-4c93-a9ac-8e78716bf6da.png,0
f0310a43-5e8d-4661-9cfc-4555b47bc581.png,0
f03b0ac8-3465-447d-8788-3da6f30e7994.png,0
f046774e-36a2-421b-b916-7fb6b64a375a.png,0
f04fe181-ce05-4610-a226-dd6a44107f43.png,0
f0569475-3656-42fc-ac0a-7fc7ebd8ced7.png,0
f060ad29-440c-4662-ad71-e69516a3c42e.png,0
f0645eb6-dfdc-4be4-a701-6977a2fb75b5.png,0
f06bf8f0-73c3-4dcd-9567-8a7f361729b4.png,0
f08fce91-20d8-4e08-812c-8e82860bc0e5.png,0
f0a1f49a-f67f-4716-97e0-840c83610f6f.png,0
f0a33467-3a0b-4559-8305-578c74c51cf7.png,0
f0a45a84-929c-4233-8624-fc34f5753f97.png,0
f0ac2a29-9b3d-4977-a782-a850fb6a9754.png,0
f0b1553e-4080-4712-921f-b72f3c9ee733.png,0
f0b1868c-b52c-4558-8d72-a3e60e7d0072.png,0
f0bc4c9b-48f7-40a7-b5f2-5de61422dd41.png,0
f0da2ef6-5d46-4fae-a924-a1cde8a871a7.png,0
f0e0da1c-1f11-4a28-bcce-1509c528715a.png,0
f0e63975-2990-4f7a-a9ea-8b2193acc83b.png,0
f0e7dd4e-e25c-43b1-a433-4c3189321cf1.png,0
f0ec1c0c-9c72-4edf-8c98-251a44eff025.png,0
f0ed5daf-f633-4f39-9369-3a59ff411927.png,0
f0f1a4b9-07e0-4686-8e62-fad442735516.png,0
f0f46754-477c-4297-984b-7dfd3a6190ab.png,0
f0fa0d55-07a5-47ef-beda-b55a7489dca5.png,0
f0fcd55d-33fd-4215-ace8-2f421db576bc.png,0
f102abdd-ca61-4d8d-b2ed-753d523ebb3f.png,0
f105d893-7962-4758-8c80-f210e2de8653.png,0
f1138254-ddb3-4c4f-935b-92c4eebe14fb.png,0
f11caee0-c053-4839-adb2-4e015e04d1e7.png,0
f12bd21d-e5d5-4387-9f0c-03427516439b.png,0
f12c1c3c-a543-41be-8a53-30d5b1487f66.png,0
f14422e1-ed58-4a91-84f6-82d75ddc0139.png,0
f144c677-5c2f-48a3-bcd9-158f87e71af0.png,0
f14a89e5-643f-403b-9147-88eabb3af0a5.png,0
f171adf5-5c87-4051-8152-91ba18268669.png,0
f174000f-f9e2-4f80-941b-a11c1ca45c4d.png,0
f178cab2-d7e5-49e6-a548-74c08791d2bb.png,0
f17a5597-874f-43ef-82f0-50b716a86856.png,0
f196475e-08d0-4317-88c5-13028e1240a1.png,0
f1993ea2-413f-4a41-bf31-ec23edc32805.png,0
f1a05d14-0364-4b81-ae36-384312dabb45.png,0
f1a46a26-a9c1-4173-9be2-12776029da04.png,0
f1aa4030-201b-4b7e-a2c9-fd1b5fa83055.png,0
f1b5275a-4b98-4710-87c3-caf6ff7c3ab6.png,0
f1bc26f1-19a5-4513-8a79-4083b27c0325.png,0
f1c09395-da36-4feb-9884-b9121e115e75.png,0
f1c7109d-34c0-4483-bf2d-a42fa909eba0.png,0
f1d6dbca-db29-41d4-9b6f-2b30fd6e9f69.png,0
f1ec5794-1372-424b-8900-7a448f5564d7.png,0
f1f2b410-7f88-45db-a6f2-9a4e0ff8f1d7.png,0
f1f66038-121e-43d7-ad6f-5e17c9ffd0f2.png,0
f1fb971a-5f8a-471d-b4b2-d69108ae6e5b.png,0
f20fb2cf-282b-4a1f-ba69-32ce305c0c48.png,0
f21f4bda-4f3e-40db-a018-1ba1fb78ce5a.png,0
f2220b70-8965-4c1c-9710-c039808c837d.png,0
f2252c5e-084f-4653-8fa9-0dc963f0755b.png,0
f235b2ed-d890-4d45-b612-be8e8ed11cc8.png,0
f23ba6fa-6625-4b77-9d81-332e5091b50d.png,0
f2451ef6-3063-4afc-bebd-5c4ee6a0f828.png,0
f24cdbd7-3c4c-44b2-818a-b0c191306db5.png,0
f24d6b7a-c6fe-47ed-9fe1-268182a995cd.png,0
f25757a4-1613-4ebb-b0b2-c09d28908c73.png,0
f25d3891-8cc8-4494-be77-fdd086a36473.png,0
f25fbd2a-7adc-4701-95c4-549983ce8aa7.png,0
f277360c-a13a-4189-ac46-7125796e1628.png,0
f27f1efa-0d7f-4d71-aa3e-9ae8125bf1b4.png,0
f28343ab-cf35-440b-95d4-d65ee8b8db13.png,0
f284005b-1ff5-4eec-b56e-87e0acfc247b.png,0
f284125d-d931-4e20-a65a-0931c722c46b.png,0
f292998b-db97-44de-a3eb-2baf1ac12070.png,0
f295132a-40a6-4e4d-94fb-a5b05f8915d5.png,0
f298a58f-b8a7-4805-80c1-1cf5025edefc.png,0
f2b1c859-e2d1-4aa7-a602-c73ef7cac2b3.png,0
f2bc6d71-2f5b-49ed-941c-2cd7068a83de.png,0
f2ca38b7-7222-4f3e-819d-c3c3713d9238.png,0
f2cdb6cd-1196-40de-baa9-5e23a9cf3370.png,0
f2d1a06c-2475-4d1c-b41d-849b8fe1f77f.png,0
f2d364d1-01f9-4b46-9fbf-57a23db072ee.png,0
f2dc6cb2-9883-46d1-ab94-ffb54cb9ea36.png,0
f2f3fb4b-6060-426a-81d2-b84c1ec588bd.png,0
f2f6de7e-9fbe-4016-9c43-7031e6382baf.png,0
f30e0c38-d83e-4ce4-bfcd-c72211d1fd56.png,0
f316fb8c-af2d-42ec-aba0-6761643a7c3e.png,0
f32a14a8-be06-42f0-b757-984c98f7e556.png,0
f32bd2b1-9ed2-454b-9c4d-edd8e25b6fc7.png,0
f33e64a8-868a-4dbf-a88e-105db80d5550.png,0
f33f9fff-1560-4ee7-8d8e-35de9bf457f2.png,0
f34ab641-fbf5-450e-a8d6-40f8095fdcb4.png,0
f35df256-c4bf-4767-b9ab-bdf429af9903.png,0
f363306d-1c02-4182-9118-17e28d66d265.png,0
f36bbc73-8624-4599-82b2-4c3f882e117e.png,0
f3700f5c-2540-4b61-aa4c-1ea915725b37.png,0
f37f1b3d-eeb0-4a82-837e-8246e400e810.png,0
f39dcdae-cc69-479f-8616-964e3f293bd5.png,0
f3a19c20-4fc9-4c5a-b9bb-26baff924c6a.png,0
f3cf82b6-f7cd-4eb3-a55e-b6b5cb502d2c.png,0
f3cfcf80-aa3e-4f8f-b8f5-8835df4fec30.png,0
f3e00cca-4e89-4cf4-ad1d-5e799e32ab51.png,0
f3f36e6b-8ce1-450e-b072-b61feabeebaf.png,0
f3f4d035-b090-452c-9c40-73d65f1b1940.png,0
f403aa91-e52c-41b5-8d86-af6c5546cbf1.png,0
f41059b2-fa86-4b20-ba04-e064e02afa2f.png,0
f4172404-7b38-4faa-b69d-8d96b7acfb38.png,0
f41e4af2-787c-4e1f-9d63-573c4665b90f.png,0
f4314c00-ee82-4457-9599-d8355c3894fa.png,0
f43b37bf-bc46-493f-8072-7d2e6be6f13b.png,0
f43d1325-d4d1-4665-b36f-47657e04b7d5.png,0
f43d1494-2924-4e7e-ba1f-12bbe10219ad.png,0
f440eda0-0021-4ed1-8d38-fcf15e103b08.png,0
f44b65ac-fe69-411e-be10-56a8498fc620.png,0
f46b5b60-a0ce-48ef-8ad9-3244227107ea.png,0
f470193d-f1f2-4a18-bf81-6e937c607ed8.png,0
f473e66c-9d8e-4a04-bc05-f3359d5b014d.png,0
f474bb81-46a6-47d0-a554-671ea5486861.png,0
f477573b-b80c-46a3-a803-b545d879475e.png,0
f47eaf3e-20dd-4de9-8169-14924b65cf15.png,0
f489249d-93ed-4544-a96c-300aed45260d.png,0
f494f699-44ee-4724-8ce8-ac7158417f02.png,0
f4a8c643-9800-42d9-bcd7-9a4917c3fa4f.png,0
f4ad4e88-ab12-4415-b52b-f372e83b15ef.png,0
f4b0d823-4c8d-42ce-8e1f-9695227bae83.png,0
f4c1d5e2-95aa-46f1-9815-10bf70f564d1.png,0
f4cc96e5-d590-43a6-b5d6-7125e69563d9.png,0
f4d19ea8-6752-459d-aaa3-3a27bd9e6f86.png,0
f4d4d49c-57bd-45fc-92e3-bdb587005341.png,0
f4d8860f-fe7a-46fe-b3a6-e553fe67b3cf.png,0
f4db9279-0ccf-47ad-b630-fd954b34c59c.png,0
f4e98c8f-b5f6-4e9d-9f9f-1d4694cad954.png,0
f4f822fa-eb0d-42bc-946c-32fea8b69f40.png,0
f50b0e32-b723-4a51-9c27-0f7c2582f3f7.png,0
f50fec1e-9b9e-45f6-b3bb-a97d3fe741db.png,0
f5107d16-3da1-4258-8d9a-02e45c3c0d00.png,0
f5216d65-31e4-4acc-bc14-a49f92ce4793.png,0
f521abd5-47f2-4360-91f7-dd6d8bf2c8d0.png,0
f53cc12c-be19-4247-ae41-0ccbab721c9d.png,0
f53ee77b-da21-4d65-8ad3-97561e829092.png,0
f54386e6-9f2e-4e3b-b6e5-d5bea5f40983.png,0
f54914fd-4c5e-4cca-96a2-7dad442fbae8.png,0
f54cc1dd-2929-4b50-a0ed-6778734cd9a7.png,0
f55e1332-1c90-4a79-9c7b-114b9722162d.png,0
f566c3b0-cfd0-4857-8155-6e4c44e5c442.png,0
f56a56a5-e176-4cdb-843c-dffd1ebfca55.png,0
f572b812-8956-414f-8c2d-ba18603f59de.png,0
f5776e96-52ce-4515-88bf-190ab6e0c816.png,0
f57866db-e88b-45f6-b9ce-1a185ac5dea8.png,0
f5808231-bcfc-4205-95cd-9ba5ed5bed03.png,0
f581273f-c436-4c7f-8a6b-5c973b749e58.png,0
f583fe64-e101-4a4d-a2d1-acaab5ae915f.png,0
f5886232-1874-4b66-948e-a0c086d4c853.png,0
f58a1365-013f-49b1-b5c4-24523ba9bc0f.png,0
f58c7fae-cc03-4096-b181-ed0ef21cca33.png,0
f593cb8e-047a-48d1-b1f5-7d637fb94ce6.png,0
f59ae39e-a3c9-46ba-a402-2e17e91bfd5e.png,0
f5b6bfda-91a9-49e3-8d26-1a71d774e515.png,0
f5ba9b65-ab27-4b62-a451-bd60c45f9203.png,0
f5c855dd-5275-4646-9cda-7ed7288f0ea0.png,0
f5c92fed-e929-4944-8658-345ab207ef0b.png,0
f5ca8de7-148f-4136-ba0c-14014c6715ed.png,0
f5e587fa-9b99-4e6f-a0f6-b510bdad6183.png,0
f5f2d13e-b5d4-4d1a-ba3c-f4d742b3eca8.png,0
f5f736d7-ce6f-4e5b-8374-aad9cbf4b86b.png,0
f5fa8017-92d4-4d23-93c0-7603d6ceda13.png,0
f5fa9177-2573-40f8-9ab2-8a0f66b69978.png,0
f609f84e-7834-4854-925e-bb4b883e445a.png,0
f62488bf-6241-453e-af87-c7649ec75780.png,0
f62c9cfa-ee5d-44fc-8ad3-f3041e4ef521.png,0
f64be80f-19e4-4c00-938c-9ad848e9278d.png,0
f65222d9-14c9-429f-b4a4-97faa79ad44c.png,0
f669b477-d922-45cd-9e15-2e560c8a065e.png,0
f688fd10-1744-4d06-92a2-43f3d54a96e6.png,0
f68d03d0-4afd-490f-8132-06e2103b690e.png,0
f6996063-32fb-4c81-88d5-88d378cde412.png,0
f69af194-65fb-412b-8004-9b6a643b1c39.png,0
f69d3d54-8cd6-493a-8aa1-8759da558653.png,0
f6a05a24-1cd8-4eb1-ad7c-5d5fd5d885be.png,0
f6a91706-c486-40f9-aae4-8d4cccb05e6f.png,0
f6ae6a07-2f67-49cc-92ac-c84daae85ba3.png,0
f6bbce6a-4ebf-4fb5-9981-b0f00111618b.png,0
f6c25e61-9623-4421-a9e5-ec775b128523.png,0
f6e3bb77-4eac-447e-8fd5-d12d5ced14e0.png,0
f6ef134a-8d97-4994-b204-988c5447933e.png,0
f6f6cb82-f83b-4abd-88b1-4ad5e9436bfd.png,0
f6f837c1-d12b-4b47-862f-76b2402ef616.png,0
f6fc2565-6f6c-4f0c-9a4f-c367ef4cacf0.png,0
f7137606-eaa5-46e8-aab4-08a40d3cedfc.png,0
f7141c5e-6cfb-4306-a138-090db3e9fca3.png,0
f71ca4fa-eabc-4ab1-b2e4-0535cdc25425.png,0
f71e67aa-aac5-49f3-bb67-118f06466b7b.png,0
f722bf9f-827a-40c4-900d-ffeec2a630e6.png,0
f73e8ce7-ed4c-42b2-9110-700e3c5f9887.png,0
f74e692e-1ccd-4f5e-bc19-482325025a41.png,0
f758a20a-506d-4e4e-97d7-54043148fb59.png,0
f75f713d-fbf5-4844-a112-f8d0e6683ff9.png,0
f76b1745-cadc-4b8b-af5d-12ad18cb6166.png,0
f773866f-22ae-498d-8cef-8f8638a77425.png,0
f785a2f6-f2f7-4a89-9bde-e77d31e35a6a.png,0
f78c5367-68ae-409b-b1e2-1c8fdb24ff96.png,0
f78f155c-0caf-466b-ae36-1f365861b01d.png,0
f794dead-5aa3-438e-a185-a74fab95616d.png,0
f797d075-bb52-465b-84bf-da47866e002d.png,0
f79893ef-5f7f-4b63-bcbe-694a2bd8bf42.png,0
f79bfdae-858b-404b-b25f-7acf681804da.png,0
f79e5a75-5e15-431a-9ba3-de64c1724b65.png,0
f79fa94e-8886-425c-95d4-81abfea92aee.png,0
f7a169e2-a1a7-439a-ab83-0d34cf5ae4b9.png,0
f7a1de8c-7802-4af3-98c4-4dfb088b986d.png,0
f7a5fd29-dd8d-4f85-8164-69b2e83da35e.png,0
f7aa6eeb-8643-46b7-83d8-1e216af7785e.png,0
f7aaf2ce-cceb-49f8-b62d-fe2a31665718.png,0
f7b2bbb3-b6d2-4df7-b9d0-ba983a3c0c7c.png,0
f7b3faca-1b1d-4428-9dc2-086106c871bf.png,0
f7baf04d-3174-4711-b697-87792749d612.png,0
f7e14331-ae8f-4367-8ca3-93699785e0e2.png,0
f7feb95a-6cb9-46fd-84ea-3d421ae122ef.png,0
f7ffee08-c47b-4c2c-8748-93d6ba148652.png,0
f8119c58-ee61-473b-935f-d7b80004430a.png,0
f82233c4-bf33-49d2-b1de-e7111a7428ee.png,0
f8279c3c-7906-4ac7-a2da-a2a94e4de519.png,0
f82e1593-34de-4cd1-8a54-bf7f25f22e44.png,0
f8339422-793f-40c2-8fec-34f8aa036bb0.png,0
f84a628a-75e6-403a-a15c-5dd0126fcc01.png,0
f8529eb0-34f1-4ea5-8c72-30fcb80eb33e.png,0
f872eee2-fed9-4921-9749-9d5dbc24ed10.png,0
f88386c3-c170-4103-b132-ac31c1630054.png,0
f885ec45-b837-42bb-9958-c6f61a7982d1.png,0
f88b00fa-454b-4965-8279-bad3674a9909.png,0
f8a277a0-c56f-4af1-944d-7ccf6beb99c8.png,0
f8b8277d-1c42-4488-b573-d230cadcb570.png,0
f8ba25b1-23c2-4f71-bdb3-3850e40f5426.png,0
f8ce366f-985a-489d-9527-8fa0442c44a1.png,0
f8cf5335-860a-4248-8ee6-fa92dde76ab8.png,0
f8d2f617-b0f6-4ff5-a49b-e63120e4c9c9.png,0
f8dbc41b-06f8-4fca-9495-d35f49cf0130.png,0
f8e8da4e-f23d-477a-84e8-4e45eaa25fca.png,0
f8fda666-c689-4416-bd0b-9c690511ca69.png,0
f8fda695-e674-4535-b484-82f849fdf9ba.png,0
f9049d8a-21b7-4884-972c-2c80f3028220.png,0
f904ebd6-038b-4f50-8f2c-431d909843d0.png,0
f90d21a1-b2bf-4367-8788-f9576b3b2bba.png,0
f90f1f2f-7ae1-4260-8774-fed4be51bc9e.png,0
f91c1b44-d084-441a-83ef-97dc5a71cac8.png,0
f92e80ed-83e2-4f75-9df3-c41242715bad.png,0
f93481d4-8870-429b-9293-333d5f82a636.png,0
f938d936-8c4a-497e-9b73-244a22786490.png,0
f93b6a95-294a-4daa-8dbd-bdad1ac5e631.png,0
f943bdb9-3c23-49f4-be0b-0f8bff48c7d3.png,0
f94658d9-472d-4046-8201-649f5cfab54b.png,0
f947b895-67f8-4132-a24c-99f803410b4d.png,0
f95dd310-be6f-40b1-a6c5-b293aef2357f.png,0
f96219c6-014a-4386-bc58-ed27333089ed.png,0
f9663bae-690a-43c4-bfee-e4bf84622407.png,0
f970005f-e300-4102-a486-f9bbf30849bb.png,0
f974aee2-90c8-4e12-bc06-6aa4a594e872.png,0
f974e98d-2659-463a-9c69-6c596b1f249d.png,0
f975624b-62f4-4739-86fe-3e7c32a055a9.png,0
f9784b2e-2810-43a9-b884-db8bfc836c44.png,0
f98182cc-5969-4b1e-9905-2615b2de36c5.png,0
f986edcb-2bc8-4bd0-9b22-e16f9633392d.png,0
f9891c8d-1f7c-42bb-b46f-7d60405f8c76.png,0
f98a1305-2906-4fee-87b1-f641370fd548.png,0
f98f029b-bd96-4a3b-b7df-68a198750541.png,0
f99e3606-9561-4523-aada-2a8514f185d9.png,0
f9a26f29-b3dc-489a-8465-1335e88122a2.png,0
f9b031df-747f-4158-ac9c-15a7b1908827.png,0
f9b7501e-d8f1-4765-b940-254680b3e2d6.png,0
f9bb71fc-fec8-4faf-8c59-2e5391e6327c.png,0
f9bc0771-a7f0-47b5-8a70-3624bd3e8d6d.png,0
f9bf4d68-b885-4fea-9702-77924abf06eb.png,0
f9c25a59-d1dd-431e-ae40-85295a25e647.png,0
f9cc258d-3ac2-4f5a-a7af-5fca61e18faa.png,0
f9ede7dc-60c9-44d3-b0c5-e1535eb8e9e6.png,0
f9f8083c-d90a-4527-96a5-a44b24d817c3.png,0
f9ffb667-10ee-40cc-8f01-c9cc11ae24a5.png,0
fa087745-6e5e-414b-9900-f15f597c76ab.png,0
fa0f397f-7b3c-4244-9692-80e622821131.png,0
fa1294ec-d2af-4945-b9cb-62cc2d6ee6de.png,0
fa12fd68-820d-450b-9e36-589caa97a286.png,0
fa14080c-771a-402e-b456-3d3a1bb0ff8e.png,0
fa1c922d-6651-46bb-99c8-33c51ce612c6.png,0
fa1dec3b-9428-43ac-9365-128608ce1539.png,0
fa1ec3fb-24de-464e-a770-df03963a7b68.png,0
fa231b7a-839b-43b2-8e52-19ddef1327da.png,0
fa25938b-974e-46b9-8cd0-ea346ed99c7b.png,0
fa2932b5-02fa-4d1a-b2c6-3db35049e65a.png,0
fa2ef1a4-30c5-4198-9604-e1060054ebea.png,0
fa3179b8-cc14-411f-89bb-611ac377f574.png,0
fa57116a-57a0-406c-ac92-62cc15536a27.png,0
fa596a49-d322-4bc9-9573-cac9926e11da.png,0
fa625855-c4e8-4764-abf3-3013eda34b16.png,0
fa65005b-f6ed-4c46-ae15-285ea0595747.png,0
fa77a4cf-1db1-483f-af3d-c2be04c3e1f1.png,0
fa7f8cee-db31-4015-92c8-25d3f792c179.png,0
fa851982-db94-47f4-8469-e31eb0817d89.png,0
fa892e51-e0d0-4fe8-b31e-351a8057bc84.png,0
fa91ac15-83b7-4d20-8413-39a68ca65eef.png,0
fa9279e7-29b5-4997-b30d-dcfa0a3ba47f.png,0
fa96b6c0-2ae5-40e8-9dca-5fe96cb9fa7a.png,0
fa98b567-cb73-4b3a-8c10-dd5c7fd470d2.png,0
fa9acd74-3b4a-42a4-9726-fae933108fe8.png,0
fa9d8ccd-2763-47f3-a59d-898fd7a0bd32.png,0
faa81a73-79f9-4b95-9b5c-9170ecae3df6.png,0
faae5f7d-08ad-4242-b054-1c988002e35c.png,0
fab1ae5a-5a01-46db-a260-7e6b537f53eb.png,0
fab24daa-03a0-48da-a402-c3363abcb880.png,0
fab52177-1e88-4f19-adbf-8af72570ee48.png,0
fab7b94e-97fe-4e9d-b383-f9c2bb586c08.png,0
faba5858-b8e1-478c-acb7-0902932f834e.png,0
fac5712f-07a4-4600-b015-5bea1db2dfc0.png,0
faccc909-7b46-4c7c-ad86-1ebdfec79bf9.png,0
fad8d98a-d6b7-4d1e-b9a2-3f9415c0acb2.png,0
fade31f3-4cee-4fe6-8d42-f858a2636eac.png,0
fae7b1fc-10f3-492d-a79a-49061fe0059d.png,0
faf33ba3-c694-4e86-809d-ff468b6a4021.png,0
fb023c4f-3ac7-4578-9a9e-2fd87f9e0b91.png,0
fb1e65f1-4b6a-4900-8b7e-ba69ed91574f.png,0
fb2dc9da-0ddd-4d3e-b94c-64a64c0eaf00.png,0
fb3e28f5-b1a3-4e67-82af-09e2746b5624.png,0
fb4b98af-d6d1-468f-8194-ceffd09d9fb0.png,0
fb533c87-6972-43e0-9a98-0144c900246f.png,0
fb5c55e3-ef08-4170-a193-7708c964cc54.png,0
fb63ea5a-86c0-4deb-b832-da7772d2a758.png,0
fb64d9d2-da1a-49a6-97b8-c40156481137.png,0
fb6802dd-a4d0-4474-8000-c6dc8c3cdc5f.png,0
fb73b991-f19b-415f-9cc9-2a10f7226bee.png,0
fb7c7c19-3c2c-452e-84ad-16a435b1ee6e.png,0
fb7e027c-7111-41f9-b0d6-32d16ebc2c6b.png,0
fb8a32a0-d1e5-4057-b1e0-2c26d5645d32.png,0
fb92d9dc-51e7-4311-8e68-ccc610fc175a.png,0
fbad7c75-64cc-43f8-b1cb-c1276146bb2c.png,0
fbb70ec7-443b-4261-8c5a-44d3ffd9bb9e.png,0
fbbd1c86-6545-4cf7-8273-0c77161c847c.png,0
fbbd3b4b-eab1-4bc2-b588-4caf9420d34f.png,0
fbbe59b1-39aa-45f2-adf8-42fba9f99c6c.png,0
fbbfc48b-6ce9-49aa-bc3f-94a56f378b81.png,0
fbcdfaa3-ce49-4186-968e-fc4cd26cb80c.png,0
fbcef55b-b6d2-427b-912c-0e98bb9fc128.png,0
fbd611c7-629b-4f62-a9b2-cc5620627c4d.png,0
fbdd9aa2-5da6-448a-8237-9907e0a379fc.png,0
fbe4ddb0-d7bd-45f9-960d-3eac5f6acf99.png,0
fbe7c985-22cd-4853-b4d0-2f594fb3237a.png,0
fbedf818-1c7b-4348-b46d-7ecf27cb086f.png,0
fbf2ba14-0481-4fbb-82b1-f832b3949c82.png,0
fbf900a9-0991-45d9-8bdc-b451f2671492.png,0
fbfada67-91d7-43b8-863e-5bf1699da4be.png,0
fbfc5c95-feb2-43b8-a37f-0846c5db5848.png,0
fbff894b-316c-495e-9bba-e6f6228af214.png,0
fc0e9c65-29d3-4950-9565-b8f44f7f5dca.png,0
fc0ea5f7-1b7f-4de7-96b6-a9016cec14cc.png,0
fc123256-0855-45fc-9796-ad9733ad51d1.png,0
fc164842-b109-4f1f-9f60-e8f2358ddf00.png,0
fc1962a9-5a12-47d7-b164-9e2435dc3beb.png,0
fc246d66-ec6a-4aec-9477-c0366d1c1b09.png,0
fc27980c-fe2d-45ba-811a-c4fdf40ea059.png,0
fc28ab06-6c07-4ba0-af16-7f1c5b133a00.png,0
fc30c08f-0b13-44bb-a8dd-7517e38fcb8b.png,0
fc355455-f89c-4203-97da-50f007c2b7d8.png,0
fc35980f-918e-4f10-b3e4-d4202394e7da.png,0
fc4131c0-41f9-4f66-b044-0e805f939a24.png,0
fc420432-324a-4126-b0c6-1646d437ec7a.png,0
fc4cd37e-7bae-425d-9465-bfdd0ecf0b63.png,0
fc56c0ff-ad31-4a4a-bf44-8e533a409885.png,0
fc5b76b1-3ab4-465e-a120-710a4e06cc39.png,0
fc63a669-3be5-404c-97f2-0902c10ed218.png,0
fc6599d7-fa85-4361-b26e-e51f2375ecf2.png,0
fc6edc1e-38dc-41e5-8b15-d11572a7a4c3.png,0
fc728913-01d5-4954-ab5c-125c19e0f310.png,0
fc74ff08-3d2e-497f-8068-a7c1482cc8a3.png,0
fc79453b-0369-4c86-9024-6f12b8d0ec86.png,0
fc80c907-387c-4d6c-ab05-4a22f3cdbcc3.png,0
fc81660d-7d13-43ab-9f1c-0608f5f21d45.png,0
fc8878b8-aa5b-4ae1-9a32-de3abda9256e.png,0
fc8b3ea6-e7a3-4e17-8dd6-3bb0050e76f1.png,0
fc8c9fcc-1d9f-4bf8-9615-4509c14b7654.png,0
fca8b18a-9851-4115-af53-6d7540820888.png,0
fca8dd9e-ed0a-4818-863a-a0a7f0aed7f0.png,0
fcabeae4-2631-494c-b7f9-f96d6da5e0ab.png,0
fcac5979-fa02-40ad-bd07-70da89e391fb.png,0
fcae3037-2029-4c72-9204-cb11b4113e1a.png,0
fcbe3898-4d24-402a-a64a-f11c95d23235.png,0
fcc073e9-7cb2-44ac-81f2-1ebb32c88dc1.png,0
fcc31b16-52dc-4dd6-ac79-4ac0be052a96.png,0
fcc70304-c7bf-47ce-85cc-0754706b1a91.png,0
fcd516a9-18ed-489d-a9a6-d1302b0ba040.png,0
fcdb8765-103f-45dc-8669-ed7aff4fd20c.png,0
fcdcd7db-09cc-473d-946d-1e27cbd15297.png,0
fcde3246-79cb-4e2e-b9b7-0820aa170a09.png,0
fce3c904-7261-4957-8494-1dd21e71e4fc.png,0
fcf2398a-3fa9-4837-9128-2c60462b9acd.png,0
fd060e38-c89d-4bef-b9aa-427a97a1cf9a.png,0
fd1194e7-88f8-4108-8f0e-c674206ddf54.png,0
fd1550bf-b079-4ff1-a1f3-8aa821c4b83b.png,0
fd1e67db-bdf2-4b41-815b-c33a0d7afa1e.png,0
fd24442d-ffcb-4e70-8516-8e699c40b9fb.png,0
fd2dbd18-2202-45da-bb4f-466c33583179.png,0
fd434b64-6bb8-4829-a529-a66464af090c.png,0
fd49c13b-5627-4ee1-9b61-54013d8f1fd9.png,0
fd4b7d79-d45b-4150-98d2-9e36e2e7d202.png,0
fd56515c-3b36-4750-bb62-8c8ebcc4747d.png,0
fd6f07c3-2d35-4eef-8bf4-544d39357119.png,0
fd6f8775-392d-4f85-bc25-398c02a30678.png,0
fd7047e2-1865-4f07-89fa-75a86c79409a.png,0
fd70d49b-fcc8-4c7c-9bb5-6411b14ab4ff.png,0
fd78ad6a-c1ea-4ebf-826b-55bf09cfceff.png,0
fd7cdea2-9ad7-4443-b14d-2b2da999f474.png,0
fd8423d4-6067-4c67-8530-40e0c492b35f.png,0
fd8770d4-c595-4cfe-965b-9e51bf004dbd.png,0
fd91c06f-552a-4f14-96a5-36c6dace4679.png,0
fd959403-bc04-42c5-9a71-2112925bd350.png,0
fd9724ff-08e0-4732-be2c-f3e9bc94ccfe.png,0
fdaaedbe-1d47-4626-a7ab-f9f06dfd009a.png,0
fdae7287-6f51-406c-8592-e3825f9f3b8e.png,0
fdb7ee89-c1fc-473d-8336-c82f1658dbbd.png,0
fdbb8350-5309-4124-9206-a7db3e795a1f.png,0
fdc740ef-4924-4806-9241-5e5685b251ed.png,0
fddab3dd-9b99-46bc-a1dc-4aeab796e979.png,0
fddd0139-f8cd-4b3c-9879-b99ac10ef51f.png,0
fddfb799-68be-418d-8caf-c99045137eb8.png,0
fde168d7-af3d-4213-9fb5-e0ae8b09c786.png,0
fdec46aa-eb1a-423b-ae4a-b78af0bb9ece.png,0
fdfbe45e-d197-4462-900c-bf5f2d489c11.png,0
fdfed7e0-ef79-4e38-ad9e-4da108f89543.png,0
fe02ac25-6a2a-4c6b-909e-c8a9c7c67f53.png,0
fe23b27d-db99-40f5-b2ab-d9a91cc361cc.png,0
fe30e429-b3d7-4c3b-a701-bbefc8a0dc2f.png,0
fe3458ed-9080-4881-a945-e13e9ff0d14c.png,0
fe4aadc0-da30-49ea-832c-ca0e709cafbc.png,0
fe51865c-9003-4094-ac67-1cc70cb33c88.png,0
fe55d2e8-b8a5-4372-825e-ae4d81632e3d.png,0
fe560784-0eb3-453c-b61b-58350fce5297.png,0
fe56d8c1-2da6-4409-b1e3-b471f46b2c0d.png,0
fe5ef7f7-d542-43b9-9b8d-9bd534294a31.png,0
fe5f1cb5-2742-482c-8197-bb7cf0b2952e.png,0
fe6ae853-4277-42f5-a0fe-09bb32bbdf56.png,0
fe75d8cc-3123-4e4c-a21e-4983e741b855.png,0
fe7a6470-894d-465f-ab6b-205d7f91d9ab.png,0
fe7edfb1-555b-44e0-8cdf-a04278e4fb75.png,0
fe88e494-9645-40b5-bcad-670b8426c9a0.png,0
fe894020-017c-41f7-9f64-99467937263a.png,0
fe8c4d70-fa9d-4bb5-b0c8-43bde0bc4e04.png,0
fe8ce5ce-10ce-47b5-aed2-77094801f185.png,0
fe984b23-53b7-403e-9c18-b4302ff46f2b.png,0
fea45df8-aa0d-4483-ae67-5ed1b4b05b52.png,0
feaf9f54-74da-400e-85aa-35db240cf11c.png,0
feb18c4a-f0b6-4987-8564-22ca37b19f6b.png,0
feb64d56-3824-4df5-8ca0-72f146dc3aca.png,0
fec6554c-a84f-4d37-a05b-3838bbdd914d.png,0
fecef59f-44e4-4fdc-b008-a650845defb9.png,0
fed14c6f-8c53-43dc-9c1b-fde62ddef146.png,0
fedfb751-4365-4ea3-a4d9-ac761534aca3.png,0
fee0c2fd-5a4d-4636-9d31-39a58ae0c8b8.png,0
fee10db3-aaf5-415b-849a-56576d782f1c.png,0
fee72484-77b0-4d59-ad08-5d8f497dde99.png,0
feeae8c2-49ec-4ef9-8ad2-7e29b3dfd617.png,0
fefec27e-8e4b-44c7-bf56-3fbfba05e83d.png,0
ff0090ff-4acb-4dc6-a937-86fa8f5e74da.png,0
ff04a17a-9514-481c-985f-13e09944cfd0.png,0
ff0ae1db-fe69-424e-8851-27216b79ed4c.png,0
ff1184dd-a8d8-44b5-bc78-eb3d38adc03f.png,0
ff172cdc-bcfe-4fed-904b-6e573b1bc74c.png,0
ff1bc114-1975-4f8f-9015-54f0d90eb445.png,0
ff21f6b8-5ebc-4097-a402-54d203884923.png,0
ff241103-be64-4022-b8b1-71a1cec279a3.png,0
ff28b84f-2f94-4614-893d-08300c32ac88.png,0
ff337f11-e307-4173-bd1a-5b285dae5073.png,0
ff350a75-ff2e-44d8-a054-13fc5b6ac284.png,0
ff371a27-7df6-4aaf-a5eb-5e64acc4a054.png,0
ff372134-6290-4cd7-9e93-b1348a7edfa2.png,0
ff3b24b7-a7df-4ee0-a3f8-d213914355c4.png,0
ff3c2e94-b672-4bd2-8073-e9a4b6d9294d.png,0
ff42dbdc-285e-457d-aa3d-725638fa083b.png,0
ff47d677-c81f-4847-900b-a2cb12e06c3b.png,0
ff585970-2151-469d-84bd-331480de6096.png,0
ff5b2932-f065-4b79-b2f8-ec2143ffc977.png,0
ff615475-a82f-4fa0-8fa2-6fb1a32c9dc8.png,0
ff6cc5b2-1e0d-405d-a851-1d56da425660.png,0
ff7a9337-c12a-45a9-ab7f-3d7ea08e1162.png,0
ff7e4f5e-9895-43c6-bb13-8a482c5a0c27.png,0
ff8563d5-cc01-4dce-87c6-bf12e748955c.png,0
ff8a0582-abc9-4753-bb71-a9746d466743.png,0
ff8d7572-1183-45e4-a1bf-730f58bdb988.png,0
ff8d9de6-d439-476d-a171-36c8d5825e41.png,0
ff8dffe0-57bb-4b95-b425-38f8ef290339.png,0
ff8f51eb-1269-49b7-8ddf-77dc2c05ffd4.png,0
ff91fe68-b870-4efa-a0a8-3de999ef71a2.png,0
ff939423-ded7-4887-907b-af5e68aa9aef.png,0
ff9f1f48-402c-4a72-9ceb-d97c416726d6.png,0
ffa3e9f1-6af8-481f-8523-b476e67edf69.png,0
ffad4160-d78e-4bcc-ab1f-47e20e613bd6.png,0
ffb0a415-cd40-4c33-b806-cf533505f89e.png,0
ffb9f122-b2f4-4531-8297-416fc0e47cda.png,0
ffc3fc59-f046-48b8-b7ad-3a9e07362d0c.png,0
ffc9e552-ca53-43a8-a156-b0f97f0d40f3.png,0
ffcc35e8-6fe8-42df-9605-9fedf57240d1.png,0
ffdc8a6a-f513-4a04-9c1d-24840a779220.png,0
ffe16061-b19f-4333-8a03-b41aab42b47d.png,0
fff50447-821b-4b72-ae91-22b0679d6d3e.png,0
fffba05a-1635-4545-9bbd-57ad4cfe8d27.png,0
000924cf-0f8d-42bd-9158-1af53881a557.png,0
0010f549-b242-4e94-87a8-57d79de215fc.png,0
0022995a-45eb-4cfa-9a59-cd15f5196c64.png,0
0025d2de-bd78-4d36-9f72-e15a5e22ca82.png,0
00293de0-a530-41dc-9621-0b3def01d06d.png,0
002c591d-df62-4e34-8eda-838c664430a9.png,0
0053ee32-1e03-4dc2-a103-f46ad0448787.png,0
005f5517-ab76-4b0d-8a26-f808d97171c4.png,0
00dd08bb-b7ea-4617-801e-02b3051c3475.png,0
00ddefb9-d94e-4e86-b945-970be30483d7.png,0
00ec0d87-8e2a-44bd-b79c-4b91cfabcacf.png,0
00f2de16-a231-40c3-9a5f-8198f530a4b0.png,0
00fcc4f0-d7b5-4473-99a9-aa7d3ca071c9.png,0
0124882b-de2f-4023-985f-debb74aa6ebb.png,0
014c6a19-38e2-4e7f-8f14-dd4f0a4582e4.png,0
02242633-faa0-4927-81de-b2b44940068a.png,0
02336c62-4e72-4818-8198-c327096a71e0.png,0
0257438d-8365-4000-935e-3de03114734e.png,0
025b6ef8-0fd0-4900-8519-52dc9181f3f1.png,0
0266f96e-df45-4d2c-b445-bc96485b8f12.png,0
0297e501-88b5-4ec0-a2fd-50a7c70b42eb.png,0
02de832c-0929-4d8e-a333-6fd53367c63e.png,0
02e141b9-8bc0-45df-be3a-5508768412c6.png,0
0300267e-bb80-4c68-b57c-d58338d303a0.png,0
0353021e-7391-4aa5-80ca-d57a51123304.png,0
036244ed-39bf-473d-97b1-2646ef0e9712.png,0
036a1ed9-6ce8-4a5c-80aa-4790abe94dfc.png,0
037e120a-24fa-4f9c-8813-111136e3c288.png,0
03946ed8-d581-4403-b052-753820035d6d.png,0
03dedd9f-7e97-42dd-99aa-afcb09e0395a.png,0
03e5bc75-633b-40d1-88a7-0b5fad2eba85.png,0
0409d9ce-34d6-4ef9-8a80-6f01f68e6762.png,0
040d29d8-e737-4236-9466-649256f9ca53.png,0
04158595-a45e-402c-94e9-df6fce1bb6bf.png,0
04204973-a034-4a50-a43e-2ae45186aa50.png,0
043bf858-b33e-463b-98f5-32c0e75e49b3.png,0
0456cd35-da6b-459a-8ca6-47af176000c3.png,0
045e3b0d-46ef-4a89-8795-0a85a2be0d6b.png,0
04c17986-8a5d-446f-a3ec-46ace41aeca8.png,0
0523a43b-64f4-4ffb-81dd-1e6be8009178.png,0
053208fa-ac79-46e2-9e78-f219ac122513.png,0
0582f503-a451-448f-87a5-a67589c5f7c5.png,0
05905ac6-1b8f-4793-a7d2-ac794b1bb2ff.png,0
0d1b2c45-309a-407f-8224-36761e8451c4.png,0
0d2b7272-c9e2-4ab9-a8a6-5806a6572348.png,0
0d39923d-02df-4a79-baf4-e00fcca9aaec.png,0
0dd92ecf-3247-4a0c-a77e-21d20fddcc2a.png,0
0ded4efe-1a9a-4980-aca2-9d2c49632917.png,0
0e4cfd32-2d25-4530-90cd-26950725703a.png,0
0e5397bc-f36c-4427-89f7-d95f31661c8a.png,0
0e88742f-1e63-4604-94d7-be3de0415200.png,0
0ed30a38-fd74-498f-aeaa-6febf7eb66be.png,0
0edb45b6-eb6a-42d9-902d-204730c3405e.png,0
0f16a83c-dd33-4994-876d-4746f07ab223.png,0
0f4c38f3-854f-4f74-9051-59c801a6c859.png,0
0f5d1591-5e8d-4328-9ba2-0d99deb8ad57.png,0
0f68958e-1720-4511-a9c2-b1d217d92243.png,0
0f7c7af4-5ef8-43fe-a598-e9929fd76f5c.png,0
0f808f7e-2d1f-4af2-aa9a-aae175acd042.png,0
0fcd4b17-359c-40bf-a21c-907d0a91b5df.png,0
0ff01216-ce5b-44bd-a857-bc22dc9f8f3c.png,0
0ff34948-d637-46ff-a36b-02260dfa9b03.png,0
0fff88da-4b97-4a84-8cac-67f093cbbd93.png,0
100d2b25-aba5-4502-bd2a-edeaa66fde00.png,0
100ffc09-4644-4936-95eb-54c41bdeb816.png,0
1013ded6-9505-4e1b-a923-f263ad013d0e.png,0
10163e08-1de2-44e1-9145-1922f4dd6805.png,0
106d08b7-b1b7-4ca1-be8d-8de94d2ef682.png,0
1079ba63-0681-45b7-b1da-fe11ede2b9ae.png,0
10e2a82e-57bd-480e-9b69-e4ec1565b0ab.png,0
10ec7da5-0d58-4c84-bcdc-180591028054.png,0
10f8e8da-3c33-4c68-8c10-bba18360b166.png,0
11083a27-8a7f-42ee-bb01-cb4a9c95440b.png,0
110f1696-ffba-439f-9918-1230c656121a.png,0
1172e6d2-4207-4b90-b66e-bf2b3af86462.png,0
11d0e217-7779-4446-bf81-7529de124d89.png,0
1202ef51-061c-43a4-8d2b-759fce4f15d4.png,0
121eb744-2f28-443d-a361-ba0cb2401462.png,0
1260a8e0-dad4-4b75-8448-0c54c1e21f84.png,0
12657240-8b00-4be5-994e-6bba758e168a.png,0
127a6d90-0b91-4927-8810-2788d3e8a1a0.png,0
12970580-799e-4c61-96ae-3439238b9ebd.png,0
12e5493a-1f4b-463b-a373-67981fc1e76a.png,0
12fa16c8-81ed-4faa-baa4-ba9c1878c279.png,0
131caf9c-9b7f-46cb-a18e-d9c331159d6f.png,0
13259a9d-5393-4a94-aceb-c550042694cb.png,0
13b42b81-7e2f-436f-9dd7-63ec96eccb6e.png,0
13cca55a-615f-4f7c-9061-7d12185baace.png,0
13e7e928-b7d0-4191-8eb5-b56aaa31edc8.png,0
13f8bb2b-9c21-4131-aee1-eef3bc0cf88b.png,0
13f9e2d3-1288-46f8-86da-f19e69bbacf7.png,0
142c4c2d-ef83-468d-869e-fc0d72768cfb.png,0
143b3fc0-c4b4-4e21-8095-7c3fab18c39b.png,0
1467b120-791b-4d54-a7ac-26c3f2201891.png,0
147896bf-619c-4a0f-afc3-f0459340cbb1.png,0
149173ac-662a-4883-834d-43ff97a29b18.png,0
14972d5d-9c7c-430b-bc31-17ce7fc3422e.png,0
14a190f2-7a4c-463c-b1eb-85d7ede5e1a1.png,0
14aee86e-0d8f-4fc3-b3ec-7ca26fc782bc.png,0
14ba7fdd-0279-4a71-a0ba-b638548684eb.png,0
14bc705c-8688-43f3-b1dd-90b0a4deebd5.png,0
14d6efa1-b137-40c0-bc77-d512b2ed0695.png,0
152f7c75-b645-4662-91c6-234d79ffeb02.png,0
19a86909-69d0-424b-9b46-1e7a246a2174.png,0
19d2c68d-abe7-4575-9ee5-d84b9ff656be.png,0
19d52cc1-9453-4f25-b74a-a84eb23c1b27.png,0
19da7299-3657-4477-b22e-998d550cfed4.png,0
1a0aa05e-697c-40ba-a0c0-1dc64a913e3f.png,0
1a388cdd-671b-48a9-9a4c-ca64cc60ef81.png,0
1a4326c3-303c-4140-8747-ae962f87a981.png,0
1a563761-ea16-4583-8231-6c122963c6d3.png,0
1a9af28f-f757-4d16-92dc-469f2da9fef7.png,0
1a9c4cb9-c796-4174-9414-ca3d653b0d5c.png,0
1ad1ecd2-6d21-4f48-bf8d-7a4e6df8c395.png,0
1af50916-9b55-4df5-b1d3-dde1af2bc441.png,0
1b1dc237-cefb-48f9-87ae-467e99fa9cf0.png,0
1b52079c-b9ef-42d3-9e9a-17aea3bc6031.png,0
1b605652-ed75-4e59-9d78-4b5ee5aa11ec.png,0
1b6a11ed-b7e8-4c84-9ac6-8243fae589dd.png,0
1bb316b4-49a6-4c83-9c1a-d9578febc760.png,0
1bd17fbe-7df0-432a-9bbe-713ba0497c54.png,0
1bdb5d23-e594-4556-a8dc-0017e6bc5bf9.png,0
1bed6235-89c8-4cfc-b4d2-36731836830d.png,0
1c2633c2-6fba-4a94-84e7-648ea251f1b0.png,0
1c5c3093-5a22-4728-8d74-84846c3cbe72.png,0
1caa138f-f729-4693-9693-74b14cbb0d50.png,0
1cadf040-18bb-424d-aa1f-2e6fa971277b.png,0
1ce726b3-b936-450e-9c4a-90646b5fd001.png,0
1cfe520b-cb8f-4aeb-8861-ac8ef6c79d8c.png,0
1d0386e4-e101-4f48-a7cb-d4d763316d47.png,0
1d4ba8b7-5055-42a1-b928-49542438cd15.png,0
1d542f61-b3df-439b-bdbd-c8b38eb8454f.png,0
1d7ab7b7-3479-4487-b61b-936d64b8393b.png,0
1d80b0ab-2dfe-4d28-bb01-e0b60a3ce972.png,0
1d9c11e2-ad66-48ae-a898-b7aba7fb0fb2.png,0
1e334125-d0bf-4229-bf47-c7739ec3bf5b.png,0
1e616583-e09d-476d-ac25-8fa620f4298a.png,0
1e79584e-007e-43a7-bef3-94c4889dbfdf.png,0
1eac099e-4467-42e1-af73-aac4feebe439.png,0
1ee4530d-88fc-4509-8470-42514c98b620.png,0
1f0d06c7-de90-491e-ab76-58f62575a35a.png,0
1f0ef178-e4be-4ec3-b44a-232ef178f5e9.png,0
1f15de5b-db66-4f98-95e2-ec108a5d5a27.png,0
1f40556d-19e9-4c63-bc76-4ef8dc78fc60.png,0
1f724a40-9826-4e46-84df-bf4c333c676e.png,0
1f764059-8ea1-471d-b910-efbc4e5fcdaa.png,0
1fbb3006-6ce6-47a5-be74-9ddcaf9b3ef0.png,0
1feec494-6f00-4ddd-ac00-c4a5b5792e8b.png,0
20150694-71f9-433a-914c-c734d44f8976.png,0
203a63e3-238f-40ff-a0fc-de85641f7dd5.png,0
20705b50-3adb-4e95-bee6-e0fbd8f87776.png,0
2081a158-b795-4a7b-bd76-be3e89a8c164.png,0
20a80eb6-1110-4833-8efc-e2cc08adfe9a.png,0
20e1f3f2-953a-4a8e-b7d3-8db21a4ce933.png,0
20f6d471-e33c-4f09-bdcc-2fe9de41cb41.png,0
2118026e-ed2f-4d1e-baa2-0e9e1004f72c.png,0
21273117-1e4c-4f9a-8ed1-f11b7c063060.png,0
212ccee9-80ec-4d67-8edb-5959d344c923.png,0
214dcd68-4220-4010-8510-4c8eee830c70.png,0
21aea18e-5904-4663-9d36-54a43b90e4d8.png,0
21b8cc03-edd2-4c5e-85e2-1c42c86b7d53.png,0
21cbfa1b-6faa-4356-b1eb-a180d7d9b4ac.png,0
223d7974-cb7f-47bb-9502-d91b363153dc.png,0
224a054f-8497-4e62-b4fe-b7829c62879e.png,0
224c3686-d481-46f9-8a3a-4e492ba3363f.png,0
22d23df8-22af-410c-bea9-2e6e8eb1ce94.png,0
22da0004-e69d-49c5-bde5-252ab5895da0.png,0
23550fde-0680-4c70-afd4-c3534df4c657.png,0
23817810-a792-4c97-a15c-24d3c9da1f3b.png,0
2387db99-efe6-4e4b-bbc8-6f725e1b757e.png,0
2392ac11-428d-4739-9ac7-d170aedd262d.png,0
23ca6e02-56e8-4872-b323-ded9792a7fa9.png,0
23dde3cd-bdf6-4586-bf6d-8e3306c71455.png,0
23e9b940-daea-4092-a2c5-6c92bb615e25.png,0
2449f649-1a19-40b4-8d17-bd6f272377bb.png,0
2490b2de-41fb-41dc-a73d-7e946c86124b.png,0
24ee3bb1-b7d3-4d1f-908d-6598df7411b8.png,0
251e735f-99f1-44ff-b595-aa6a5e80b539.png,0
2529eed9-738c-4a5d-9e77-c061d77e3510.png,0
255bd0b6-8c03-4eac-8275-941ced8de709.png,0
259cc555-42e4-45d5-b803-d00a51e34f5b.png,0
2616cf22-5180-4ac5-ab85-6285543093aa.png,0
26346765-2787-412c-be8f-6914ac16259e.png,0
265fdc5a-6b13-4ec0-a13c-81ac83bc3865.png,0
268e70e8-ae02-4926-90fb-f458452c53d2.png,0
26ace3f3-c994-45a2-af73-d132ed374e77.png,0
26e0313c-ca69-42dd-946e-5e0fa33c7e1a.png,0
2721b917-061a-489b-8580-db98f0e80d60.png,0
27257ed5-0b0b-4840-9afd-7422ca03b3fb.png,0
273d9710-bda7-42f1-9068-ebe364b44128.png,0
277238ab-2bbf-447e-b083-f3a708c9ab2a.png,0
277b4a9d-7987-4da4-b421-1d1450fc1266.png,0
2785e983-bdcb-4ece-8dc4-82b14d2d2b85.png,0
27aa5880-422d-4084-b907-409754c89713.png,0
27c98d87-8bda-4d17-847a-2732aa50e55c.png,0
27d43d8a-ffe0-41b6-a96a-3182901c1fe7.png,0
2812705b-aea4-4fe1-a53e-424755cb7659.png,0
2835bc4d-02bc-4d81-9122-2ee44b681202.png,0
2837efbb-3c55-436d-8de7-58608bf3245a.png,0
2847bf15-c5f4-47fc-ab15-0fec98933128.png,0
2877c9be-1665-4131-ac0f-7b145696ebc5.png,0
28b67d93-2432-41e4-9e3b-3d0ba249ad39.png,0
28c22b85-a506-469f-a85e-1618a765901c.png,0
28eaff00-5fb7-40ee-8206-9d2ff5b081e0.png,0
28f1790b-5643-4db3-9d4d-de30d4784a0c.png,0
2902bb15-a15a-4203-8a4b-6dca00a3d9fa.png,0
290ba340-b0c0-44d5-ab13-e0e315504cac.png,0
292aa643-7569-4ef7-8a51-12b62440a2b0.png,0
295de041-5711-400a-8241-7d7cf500971e.png,0
29a2fb4c-481c-4147-89ad-5b6d1e343903.png,0
29c7e6ff-0de0-499d-9049-c2aae8303cd0.png,0
29ce63f4-8e2d-4266-9b3d-00949aada503.png,0
29e4656b-0648-470c-ace8-cef7398e0fc5.png,0
2a0cf5f5-e589-444e-8be8-1cae28382e34.png,0
2a55f0bc-4943-4473-8f08-5c0a36fdc929.png,0
2a5752c7-6f90-4c5f-a5bd-9dd7736097ef.png,0
2a607bec-696e-4248-b6cc-21a6266744bd.png,0
2a6314e0-e011-4857-8bb8-1574e30fecd4.png,0
2a689cee-3fa4-405a-98de-da24278e7d33.png,0
2a740d72-0dc4-4439-93ed-60cad708d7c4.png,0
2ae02282-0394-4795-8de1-23039b6cdcba.png,0
2b4a8d36-11a1-454f-8dcb-0fc2ada7dfa9.png,0
2b7d7f99-ab62-4335-978e-8b8523db2fd5.png,0
2bbcad9d-9dce-41f6-8642-d0fdce90abd5.png,0
2bd138cb-a07a-48b9-bbc9-137a460e1e2d.png,0
2bd26d4b-b499-49e8-ad56-a20232b01af3.png,0
2beb8746-4e01-499d-ad6a-e29e7b30ddf6.png,0
2c0fa3c1-f701-4b25-b9f6-34a10ae2508f.png,0
2c100194-9dd9-42ef-b1f6-5aea93cdf63a.png,0
2c43c983-3fb6-4110-87d4-a282af171b69.png,0
2c587800-9537-42f4-8acd-b86519ab09b4.png,0
2c7ce8e8-56b1-43a7-b955-7e9669ecab45.png,0
2c80b7ba-3929-4c36-9fd7-c7142ae83922.png,0
2c810189-ae70-403e-8846-3286925af6dd.png,0
2c96c09b-aaa8-4c07-8e69-c2210f04be2d.png,0
2cb272c0-90db-4e36-8a78-ed072efcdaa2.png,0
2cbefce6-6465-479c-ad23-8a4839719cdc.png,0
2d232afa-67dc-4a77-bf1a-665e2531f634.png,0
2d2a74bc-10a5-40cd-aa6a-4ae5237c6d76.png,0
2d5e1e45-218a-4a12-bef9-43411265b464.png,0
2d7ebcff-778b-4090-812e-155096ccb6db.png,0
2d8aa8bb-f2f3-4da0-93f6-5e92d02481ed.png,0
2d9bfa9e-b4c9-4ab2-98d6-f821d61435e2.png,0
2db71952-47f3-455b-aed2-675ec9113cf3.png,0
2dc46628-e8b4-4499-adc1-78907fa247cc.png,0
2dfde10a-53c1-4c69-b49a-43aa4543b7f4.png,0
2e12816f-48d5-4a6c-a8ac-c3c2ae7ba059.png,0
2e34adf2-9e00-4e46-8510-a8d0fc2d3b94.png,0
2e4e8d73-c213-47f2-a4f4-cebe3a6b2467.png,0
2e566084-386d-48a6-beb2-8b28732371e7.png,0
2e827502-06a4-425a-9ee3-9a0accbf3a79.png,0
2e84276a-cac7-4573-b71b-512decbc4f88.png,0
2e8dae63-1cbd-4361-bb5d-3baba942bbc2.png,0
2e951e03-086d-464d-87fa-bfab0e329721.png,0
2e974d90-0e16-4c34-9dee-137daa6b54e3.png,0
2ea47f2a-f72d-4de6-8620-d54d44bd5ea9.png,0
2ebf23e9-cac7-4b6b-b77b-7ff6c3903634.png,0
2ed28305-1b61-44f5-ba2c-a8f54635ddb2.png,0
2ee27b62-e1d7-4341-bf2b-9d45dc4068a1.png,0
2eeca9b5-d14f-46c6-ac7e-f676ee83e6be.png,0
2f06b4d6-f9e2-463a-a8f9-f4b9715b61cb.png,0
2f1c6087-6bc6-41c9-8433-c55203f72963.png,0
2f50a1ca-ebd8-4688-863b-fe85ce09c526.png,0
2f55650d-f85f-47e7-b6e6-79ad8e3c7c53.png,0
2f7fd25d-4968-44bb-96c3-91e377284546.png,0
2f876297-aa92-457a-bc28-efa539885b93.png,0
2f98447b-c43a-4dc2-873d-c326a34c1ba2.png,0
2faeab4f-17bf-410e-99b9-77bf4ae75963.png,0
2fb8f201-843f-44fd-90cd-d1f257f996cf.png,0
2fd675cd-8340-498c-90a2-64f5e9abf7b3.png,0
301f54f3-b074-4fa9-9db2-d303fbbf54f0.png,0
3022b5a2-88d8-48b8-8f90-55e037f4e86b.png,0
30258414-64e5-43d9-94bf-b6e175b91542.png,0
30a6c166-dda2-4b92-aac8-c118fa32cbd4.png,0
30b439a2-0a05-4684-b890-85c63b81778c.png,0
31005109-092a-4611-9c42-23c7123a40c9.png,0
313677e1-a894-4abc-814c-42ce8ab44dde.png,0
bfff04d1-f510-4c26-9525-57e4b6b27c62.png,0
c0052da2-7dcd-47e9-9300-122801e1617b.png,0
c0760d93-760c-4be7-afca-5e9914e6f8f1.png,0
c0efaacc-6601-4193-9858-f5da77a86ee3.png,0
c0f3d102-ed5f-4820-81d4-89cefcf2d53a.png,0
c104d585-85a7-4071-b7ff-930ac2565128.png,0
c1098ce4-cb15-41c6-ba39-1fa511b82100.png,0
c110e1ed-fb28-4b3d-b450-e370f13d4293.png,0
c1592aae-c80d-4794-ab28-463905558534.png,0
c196ce23-f37c-4ab3-a9ce-ea8ede90e09c.png,0
c19b8a3b-ab4e-4a73-8e13-ec0a84b6b6c7.png,0
c1c3ec5d-20ba-42f7-91f9-48032d97ffc9.png,0
c1ca4417-83a6-43a7-a9bf-7d9587e7f14f.png,0
c1cf3255-d734-4980-bfe0-967902ad7ed9.png,0
c1e3eb82-c55a-471f-a57f-fe1a823469da.png,0
c1edf42b-5958-47ff-a1e7-4f23d99583ba.png,0
c1f6b555-2eb1-4231-98f6-50a963976431.png,0
00436515-870c-4b36-a041-de91049b9ab4.png,1
00704310-78a8-4b38-8475-49f4573b2dbb.png,1
00aecb01-a116-45a2-956c-08d2fa55433f.png,1
00c0b293-48e7-4e16-ac76-9269ba535a62.png,1
00f08de1-517e-4652-a04f-d1dc9ee48593.png,1
0100515c-5204-4f31-98e0-f35e4b00004a.png,1
012a5620-d082-4bb8-9b3b-e72d8938000c.png,1
019d950b-dd38-4cf3-a686-527a75728be6.png,1
01a6eaa6-222f-4ea8-9874-bbd89dc1a1ce.png,1
01a7353d-25bb-4ff8-916b-f50dd541dccf.png,1
01adfd2f-7bc7-4cef-ab68-a0992752b620.png,1
01b9e362-4950-40f5-88fa-7557ac2a45bb.png,1
01be392f-a46d-4aef-a57e-9cd1a80dd47e.png,1
01cad8d0-45cd-4603-b099-94055d322310.png,1
01cd2ba5-2baf-44b2-bf15-ee57e1ea4599.png,1
01d4fa0f-97a0-4522-b0d8-134400db2a3e.png,1
01dc817c-3cfa-49fe-8662-518edc30652a.png,1
01f3abc2-33c7-4ea2-a599-dc49b76fcfae.png,1
01fa0f5e-00c3-41cb-b5c7-10600c8633ae.png,1
01fdfd88-7607-48b9-ba05-a36e8b6fd19b.png,1
020380f8-5c5a-4ded-bdf3-9ce3036945b4.png,1
02099738-7465-4786-b71c-de8cdac477c3.png,1
020a16e3-baf9-4cf0-859c-c79b5253d717.png,1
02285fa4-35b7-4af6-b88f-3cac45a7f5c8.png,1
02c34d5b-16e9-412e-a385-ccd8cbceae16.png,1
02e93c9a-c063-4bf2-9fa1-cb26692d58f8.png,1
02ea6b76-4189-47c5-a8bf-70590f84ebd8.png,1
03249840-0a17-448c-bf41-7e156428ab59.png,1
035789b1-3736-405d-9910-f8f23c62ae9f.png,1
03ae75b6-45a7-4a68-9871-f07b82b17bf6.png,1
03cd7a5b-d5d7-40a1-81b1-c4264920530a.png,1
03d92597-3e33-4fdf-8db5-a27cf5b8d3eb.png,1
03e9a70f-3de8-4e13-b3f2-9dd6d75f496d.png,1
03edb5ed-9e76-4abe-bc35-7bc95fea7e6a.png,1
0499513a-5d48-4cf9-aac8-115e2a52fe1a.png,1
049d7317-5a8b-4fc4-b81f-159fe6b45a92.png,1
04a6aa6d-bd6d-48b1-822b-21b81c4bdf3a.png,1
04d59a79-e659-49ca-8790-511f89ac3e1b.png,1
05083068-f4df-464a-b669-3c084ee05f1f.png,1
051e6e97-fda7-4b5c-8d5f-084bf3607d22.png,1
0587782c-ac6b-4ae1-8ffb-ce894d09f75e.png,1
059f1e59-573c-49d1-ac78-3323a2ff047f.png,1
05b91b32-5635-4071-b45d-6a73f8eea918.png,1
05b970e1-b223-4c17-a6a8-3f78c43c5308.png,1
05bb6f8d-453b-4e56-ae92-2600e058ba65.png,1
05d4d725-02a2-4c90-8ef8-463217889ba8.png,1
05dad446-45f7-44df-bd2f-4673d9502348.png,1
05ead813-3c04-4e42-a5e1-4ca43294ece9.png,1
05fb0374-ab2d-4cf4-bb36-ce56fb2c28a5.png,1
05fe70c1-4cc1-42fb-9303-083fd29dac0f.png,1
05fe7d73-5c8c-4349-88c4-2071a00d6d81.png,1
06089341-a69b-4777-817b-041be894b436.png,1
06155af4-88f1-48b3-8860-27578f1b2e04.png,1
061664a4-6a23-4cb2-a0da-0c5712b6e0a6.png,1
0618a5bc-196d-4afc-9ac4-d0aa940c6e03.png,1
061b44ff-fd22-473d-853f-81da70e14a63.png,1
061bb9bf-13c6-4ea0-bd82-5768fb83dff8.png,1
061d0ff4-a611-42ce-b780-1d1eb55e50ab.png,1
0620afa3-b2ea-442e-9e4f-c854086ca763.png,1
06250f9d-5ad9-44ca-9283-dbf787e2ad22.png,1
06327569-4e4f-4fdc-a116-db367c079669.png,1
0637b804-e693-48d1-8716-f7c63ce6162a.png,1
0638709c-d31d-4a59-a9e4-fc408ae36145.png,1
063fed6c-4ecd-4a74-8f0d-c7a906a3afa4.png,1
06420c87-02ee-4315-aa3a-63e911174435.png,1
06550cfd-e9d5-415e-bae9-3146329ed9e6.png,1
06634f15-9c78-47a1-97eb-f10f4c210765.png,1
06697be9-b1ab-444c-af0d-fd11a053f2b3.png,1
066d9e27-e48f-4453-b1e1-d73c34910722.png,1
06737bed-8dc1-47d9-8c30-324282dcc84d.png,1
06893030-14ab-456d-a22d-05070773e370.png,1
068b608d-f71c-4859-b909-62c1665b507f.png,1
0695a0d8-d4b6-4dbe-bc04-497897e4516a.png,1
0697baae-e475-4fa3-ad82-51b319a026cc.png,1
06a07f16-f6b5-4ae5-8f68-a97131fe4701.png,1
06a4f477-34ca-4625-945b-81bfa9e77273.png,1
06ac3c8c-cd1f-4e10-ac24-4cb4f3ab1243.png,1
06b52ffd-71b8-429a-a284-bb39240ed343.png,1
06b64e36-9e61-4865-bfe4-d96eef86548c.png,1
06bf9151-5732-4968-b198-f4109676cd55.png,1
06c3e09b-341b-4fb9-9e28-bfd9cf298c6d.png,1
06c50ad5-8ffd-480b-8424-dd38df7ca86c.png,1
06cc9b59-b8ff-4a6b-9e5b-f127c7c1208d.png,1
06cf339f-a71a-4177-b950-ae1fdd5f4762.png,1
06d5a58d-baf1-4937-bfc3-00db1fb2b1be.png,1
06d6e209-0bd4-45d4-81b4-4b97546d57fa.png,1
06df5d57-6f34-43c0-99ad-b9b5f9346cbd.png,1
06e09ebb-cb5b-4c30-8d3a-67a6ec34692b.png,1
06ec9278-5144-4b88-87f4-c195bb24857d.png,1
06efb50a-e30e-4e44-b323-c228c66d80a6.png,1
06f35e64-4b8b-404e-933a-c98f0b5614cc.png,1
06f5a38a-e4b1-4e5f-8c62-f48630a52504.png,1
06fc2885-127a-4274-b20c-554d352ea21b.png,1
0702a884-c189-4a05-bcf5-dc72f4f406fc.png,1
07075b45-c83b-4e9a-971e-4b6c4554a0ef.png,1
071206e7-d4c0-418d-9d06-ef6505ee5316.png,1
072e7048-52f1-4b2b-be08-42e0ca1ba1ee.png,1
073102b7-565c-460a-9b69-13e2f34c4ee9.png,1
07332989-6518-4bd9-96de-f4513948cf4a.png,1
07349035-d546-41ec-813a-612614536f5a.png,1
073630e6-3b52-4b41-a14b-bf8bb57e28ea.png,1
0742a7f3-5f8e-474b-bd1f-0ba8ba9a6b19.png,1
07464097-0781-4632-90ee-39b0e53cd72c.png,1
074f8729-c5ea-4830-8249-9a04208eab5e.png,1
074f91b5-e915-4b6f-bdf0-af1ee55ebd9b.png,1
076eab63-d75d-4272-a5d3-13eae02f2c8f.png,1
077780cb-eb05-478f-a7d7-f0576e4c34df.png,1
0798f0c3-bf7d-4f04-bd5e-b119163ea1b0.png,1
07a35aa8-491e-49f2-a9a3-13df10f32484.png,1
07b7b9b0-718a-4750-b1f4-5af45c5607f2.png,1
07bb7f0d-ef4b-4963-b453-7f9d8c5b7c62.png,1
07c379f0-8ceb-4ba9-84be-cfbb29de8ba5.png,1
07c99b1f-cf0c-40da-8ea9-8c5c9cd51189.png,1
07d1a89d-351c-4a75-993a-ba315142b419.png,1
07d8eecd-8160-4f1f-8e26-d35de039cef6.png,1
07f78db5-7d9a-4ba0-a00f-02c36953020f.png,1
0808c4af-9ed6-46e3-a936-2cafb0004e6a.png,1
0812652c-3d92-4cda-9a06-c9d232e0b96d.png,1
081a54bb-0144-4c22-9909-e3e45b15ff4c.png,1
082fb468-30f1-43c1-ac04-62d16fdd883b.png,1
082fd63e-aec4-401a-822b-eb10d98b562c.png,1
08307845-ccbd-4616-b8e9-58532a766dbe.png,1
083a1a20-f642-42e3-b20b-937383f6da3c.png,1
084aa98a-91aa-45d8-aa52-4fad8344b0bf.png,1
084d42b9-0a43-490d-9a8d-e4d7545c44f5.png,1
0851431b-cad7-436f-acb8-06aed97e5339.png,1
08542d41-e606-41df-b08c-9527b531f13f.png,1
085a25eb-1ebd-4bf1-b320-7833e7c37553.png,1
0862f2ff-7e56-4cd1-8c26-c3f25a86d257.png,1
08725d04-9db2-4b52-87fe-6cdb150a4bb3.png,1
087bcaa5-2477-4111-8390-fa5f2dec4852.png,1
088b89f6-6847-4a20-b1ad-5887b56bbae7.png,1
088d4414-e057-45cb-a206-4dd3bb02dd6c.png,1
089a996e-425c-4311-b473-6948b3eb1060.png,1
08ab87a3-886f-4b5a-9818-889337c63d0b.png,1
08af877f-f833-4d4f-b64c-24e014d63311.png,1
08b1c32d-e070-4a2c-9d75-f41055b7273b.png,1
08c343b6-9dc4-405b-87b3-b6534abcb990.png,1
08d8e57a-4835-445b-8c79-8dd31ab17819.png,1
08da8f40-b186-473b-9fa3-1caa4ecdc02b.png,1
08e84251-b9cc-47e7-9486-be7becdd1d84.png,1
08ee8fda-45f1-4f46-a5ac-315a8d4dd196.png,1
08f17660-dc61-4a5d-b6fb-10dacc1e20a2.png,1
08f1b734-cd93-42c0-b978-9e1e1021bb55.png,1
08f580ca-6c0e-47ca-9759-851b3c0bb397.png,1
08f9a388-c195-4b33-8acd-e05d4da14585.png,1
0902e0fc-fcf3-40b5-ac04-c3ecc14c2355.png,1
0909a8b0-09e7-4a78-9bfb-417a61c6723c.png,1
09137a8c-017a-4bc3-8195-1d152b992cd0.png,1
09147009-39a9-497a-ac10-a07cf7126d58.png,1
091781dd-be2b-4517-9264-ade2f0c85487.png,1
0918aae8-b873-4510-b975-c6e87df90f58.png,1
091cc2b7-8ba6-4fce-8ae2-7547117dbddf.png,1
091d75a8-e23e-4cb8-af67-10cb314077ec.png,1
091fa211-36c0-42a4-bd7d-c8bced664d9d.png,1
0927e819-9640-487d-a04e-f5d4732dbe0a.png,1
0930b0aa-25c2-4624-a3fc-9b60ba0b23f4.png,1
09326eb7-f4cb-4d8f-83c6-8ba7fb8b5ac7.png,1
0949d712-9d3c-424a-99b5-423a598d8b97.png,1
094eed38-9c5b-4042-936d-344ccec4c3cc.png,1
0953df2c-f969-4fa1-a872-022475ecd5ef.png,1
095d6b7c-fa53-4f06-90b9-5c5f76038f04.png,1
095edab1-09c6-4f83-931e-f0a33b77639c.png,1
0965f1e9-2905-40ef-8612-4984e2c7e9ea.png,1
096a447e-8908-432b-a713-a51d3cd2ae9e.png,1
0976dbc4-041f-4bb0-9110-3024d0786c8b.png,1
097788d4-cb88-4457-8e71-0ca7a3da2216.png,1
0983ae59-b906-4fd5-a810-edfe0580fe3b.png,1
098435af-3834-466a-b17a-038ac4f0e464.png,1
09852193-d7df-4cce-a616-a536d5de5042.png,1
09875c3b-c520-4b08-89b0-a7a7299c37b2.png,1
098e14d4-3205-4c2d-a059-738f830c0aa5.png,1
09ac8fc5-e8ed-410e-b167-3abaf28f0e2c.png,1
09afc58a-053c-420e-b379-e331aec15a7f.png,1
09b0df7c-90bc-499d-a7c7-5474199da4e6.png,1
09b2d54e-3a85-4efd-8204-ea73bc70c405.png,1
09bfe52b-201a-435a-b04f-ada40a64b5b5.png,1
09c48ba8-4f0b-483c-85ec-9246d7cc6177.png,1
09cdcb9a-3768-4403-a85e-37a65711aec4.png,1
09d2a8d3-3ef9-4e91-8abe-d1c127747905.png,1
09db0213-0ad3-4062-bc7b-9a82e5a74097.png,1
09dc577c-4219-45cc-9d01-6b46978927a7.png,1
09eed5c5-e0e9-463c-b6f7-24e2de881287.png,1
0a03fbf6-3c9a-4e2e-89ce-c7629ae43a27.png,1
0a0f91dc-6015-4342-b809-d19610854a21.png,1
0a15acdd-248c-47ff-abfc-d33f8a0cf417.png,1
0a2c130c-c536-4651-836d-95d07e9a89cf.png,1
0a2f6cf6-1f45-44c8-bcf0-98a3b466b597.png,1
0a374967-8ef8-4d34-94cc-a06929836723.png,1
0a46eca3-e577-4c7f-a782-9d54754bf096.png,1
0a578f72-dced-4550-8851-d8005549b724.png,1
0a62df77-7459-4acc-9cca-a62c2cec4b0f.png,1
0a66f58c-f98d-41d1-89af-4e0136888e13.png,1
0a7162ad-b2bc-4132-b15a-7fdc80957618.png,1
0a825a59-c034-481c-b596-9c7f0bc42c2c.png,1
0a8efdc1-1dff-4d65-8948-c56a5d74a906.png,1
0a9c4c04-5918-48da-9ba1-b2a3add66ae9.png,1
0a9fd225-a33a-47de-849e-156933b21296.png,1
0aa43663-a1f3-44cb-8ecc-9b36fbb0d778.png,1
0ab261f9-4eb5-42ab-a9a5-e918904d6356.png,1
0ac2fb38-efab-454a-971e-d8349b8ad28d.png,1
0ad9934b-bf35-497d-8082-1ecbc955d6de.png,1
0adcbadd-6b95-4692-bdfb-6a03d51af237.png,1
0adec32a-b360-4396-866f-f1abaca047dc.png,1
0ae5dcc7-197d-4d59-991a-3b93f3a1e760.png,1
0ae738d0-5bdd-4ebf-9c1f-6b10a25be92a.png,1
0ae82435-399e-4cf1-9d78-92d1c184178d.png,1
0af9ad69-4d76-4de9-b93a-294478a97866.png,1
0afeabf5-d5a3-454f-a50d-887f0d21106c.png,1
0b1d5b23-c3ab-41b5-b82d-a16a3d6b5674.png,1
0b202292-a925-4706-963f-28fd16cef0c2.png,1
0b2057bc-4c6d-4c90-8975-94c02392e460.png,1
0b323a31-28e6-45b2-a07c-cc9b60571053.png,1
0b5fa34f-5c96-4cc5-becc-317acdff3221.png,1
0b74faac-00a1-4958-9571-b5f7f9c52179.png,1
0b8e881f-67bc-4021-a02c-0087233e43aa.png,1
0b8f8765-0406-447c-b873-7ac5ce8884aa.png,1
0ba245bb-b2e4-49b1-8c63-576e38470708.png,1
0bae27f3-01d4-4223-adc5-d3264e0d9213.png,1
0bbb1ff7-dba6-4d5b-affe-b3ca0050d965.png,1
0bc7f47a-ecea-4b66-811e-096004721a63.png,1
0bd68d89-6a56-4b5e-b2f5-1be2d3665f97.png,1
0beac0c9-331a-4aad-9cec-099aff98c399.png,1
0bed2d9d-8a11-41d9-b312-41f8c93791f7.png,1
0befe74c-5802-4fd4-aa1a-e5487d685558.png,1
0bf1767e-263b-443d-935f-489fe858922b.png,1
0bf44996-58da-4a12-8be1-da5c9b009975.png,1
0bf4c667-6fb1-4943-8e6a-f80914cca147.png,1
0c0dbae5-b0a7-43b7-a964-11e6bcf40ae9.png,1
0c122fd9-6dc8-4224-baae-812ed5c4bd12.png,1
0c15e437-7eea-4ed1-b1d8-124f79cc1893.png,1
0c1d54d9-0197-40d9-9b07-d99b1e8aa8db.png,1
0c248828-72e2-43cf-8622-b5775c421fb1.png,1
0c294ecf-23d6-4c56-b5e2-0482915cd102.png,1
0c2e5286-bb2c-427f-98be-8fc3796383d5.png,1
0c391e0f-9927-48ce-801f-02eb000f72c3.png,1
0c523b07-6025-4d80-9de3-f435fd92002a.png,1
0c5dc7d1-7022-4e46-bc02-ff9999912edd.png,1
0c77d941-5f63-4e2a-9c1e-4a58043acd55.png,1
0c8199bc-2634-4196-b81b-4732adac9926.png,1
0c8458d8-25e6-44e5-946e-cf729240df59.png,1
0c89ca38-27ca-4cd0-88cb-18093fdcb04b.png,1
0ca3f31a-ace5-4bd2-9900-b152cc212c8e.png,1
0ca8314a-88e7-4661-b5fd-3bdee5fc2616.png,1
0cac94e3-15f2-4657-beae-b508b5e0d176.png,1
0cb05380-5ae8-46de-8585-41b5323d7c65.png,1
0cb52e59-3b50-41fb-a022-5b24741dbcfc.png,1
0cbc601f-91f0-4f86-b780-ffeac24471c7.png,1
0cbe5298-68a4-4de0-a693-46eb8e8858ca.png,1
0cbf3284-5b78-4e23-bffd-e546f7e76da9.png,1
0cc09b0a-1afc-4492-929e-ac53f15286b6.png,1
0cc48c9c-0576-4d70-abc0-dd8cdc1eb788.png,1
0cc66f3f-6bfb-4f99-bbc6-ed28bf3f740c.png,1
0ccff729-ee71-4a5f-ad01-ce12ab162afa.png,1
0cd3f245-763a-4db0-870d-3ee1a3c6bdcb.png,1
0cde91a5-9428-4746-8240-f34c720e24cd.png,1
0d2bc8b2-2340-4deb-b29c-ae4da8fa5764.png,1
0d587b82-827b-4e80-af20-4ee8207700ee.png,1
0d5bc737-03de-4bb8-98a1-45b7180c3e0f.png,1
0d77cf1a-64d4-4f8a-938b-9b838d549090.png,1
0d9b1901-494b-4b0a-a0a4-8f67273c56a7.png,1
0d9f8e9e-3a29-472a-8a96-7c792d6f3edf.png,1
0daa445f-6b0b-499f-8162-91296e89f61c.png,1
0db8b03b-efb4-4a92-9c82-39a5bfecb689.png,1
0e0cfa1a-c097-47bb-bf4b-6b9362940705.png,1
0e302d0d-b8c2-4d92-a735-12e843ff89df.png,1
0e724a83-c104-4d33-94a5-c7df6174f40f.png,1
0e7d0fc9-9a11-4325-91b2-bb13e40d1f1a.png,1
0e91afec-c246-450b-9f10-e07a75ae0086.png,1
0ec6b85a-de25-4870-a100-0d7ca6c798bf.png,1
0ecd1c28-bf25-4d32-979c-448356e0edb4.png,1
0ecd37a6-c1bb-40cf-8e48-1020140ae173.png,1
0edfe5b2-0ff9-42dc-9412-ac0c7ec5d87f.png,1
0f0a1877-3f44-42f0-8905-2856078ff2ac.png,1
0f15c248-4f8c-4d9e-b39b-6e7d59b973c5.png,1
0f1644c9-4f2e-4681-a36d-af69c7ae0e6d.png,1
0f1fced1-4c33-44b2-9009-1370aa6287f3.png,1
0f2bce55-7193-45d0-8223-d978b550477a.png,1
0f3ac29b-7682-4402-bbe5-89e4add87639.png,1
0f831256-0a69-4fe5-9719-1563d2b6b7b9.png,1
0f8f22cd-112a-47c5-8069-d767ed01b112.png,1
0f938aa7-9459-4c95-9b99-d0bf94cc789e.png,1
0fe227eb-592b-4ae5-b050-e7573d423953.png,1
1004476c-1b00-4ccd-9c72-193b6a048e15.png,1
104c55a0-70a6-49a7-a677-c170d356372a.png,1
10866808-61ec-41fa-aefd-89eedfbaec04.png,1
10f3bffb-409e-4d8c-849a-f11144da7c3e.png,1
1101cedc-35e2-483c-9326-1f3232b88f06.png,1
112bf6f9-0ac8-4ca0-a84b-ea29811fd871.png,1
1169aece-61f6-4843-8abe-f2b11265d2fd.png,1
11750ff6-94ea-43d0-bad8-f3c3e5278d7d.png,1
11827075-47dd-4f3c-a7b5-aae992cce35b.png,1
11a41e42-fdb4-4216-9e04-d4914fe2186e.png,1
11c4dd33-9f7a-4b01-804e-051ab0d0e3e6.png,1
122bd0b8-4b45-4587-8cb9-1848e52aa863.png,1
125a6b00-d20c-413e-b5fb-3728fcfce39f.png,1
12e6144b-edc2-4d4e-9ae8-ca95d9aad065.png,1
12fb963d-f74d-4c83-a3d9-c96ee8983ff4.png,1
1321f38d-adb7-491d-97eb-277d57ab6e59.png,1
13acd418-a94d-4b36-900d-c13b9bd048c9.png,1
13e0c332-c269-40a3-9026-02a0f11a4dbd.png,1
13ef2d8e-3b2e-4fbb-9f70-69139dd74401.png,1
14996682-7fb0-42e1-a925-ab2a639bae18.png,1
149d826e-7078-4b2c-888a-d8811c72caf8.png,1
14a7fbc6-6661-4382-882f-b2aa317cadc0.png,1
152f5cd9-cc37-4312-befb-1b036cb68c82.png,1
153dc47f-9a10-4cbe-a0eb-8a747cc6d8b8.png,1
15508c0e-a6bd-4d3a-9be2-76466b9f7eb1.png,1
1551a600-9f33-4837-b932-7514feac3789.png,1
1553848a-161e-48ad-af50-05f38696a6fe.png,1
1555c17d-994a-4400-b62b-4b53fc727da3.png,1
1555f6ac-0266-4120-b948-697809f139a1.png,1
1563a4ed-d5f5-4e31-8818-c5417109d403.png,1
156634a8-5ca7-4822-92cd-677aedc2247a.png,1
156a563f-4580-41d9-b930-2c6859478b50.png,1
15741dba-9bd7-469c-acfc-fb563112ee39.png,1
15884ec8-c8d3-471b-a234-059591200be1.png,1
158aa1e6-0e62-4e5c-acf3-10bb8882025a.png,1
15965584-26e8-450b-823d-030d71049494.png,1
159745fa-e4f0-4e8d-8d1d-b64aee7cbb3e.png,1
159afd7a-feda-4c99-aa7b-f6eaef84afb9.png,1
159eced6-02dd-4c88-ba1e-e34c4c9a00b5.png,1
15b28846-3e6f-40d1-b497-cea5abed3766.png,1
15b66169-1cbc-40a5-bbd6-3acbad9f6445.png,1
15c9162f-953a-48e3-a125-f2ab70ca03d5.png,1
15cc8c22-055e-4e64-8c5f-38816f82daa0.png,1
15cdd2b4-0fb2-482c-92ac-a640e94eccba.png,1
15cfe136-58ea-4e38-b3a8-d372ecad4ac7.png,1
15d3c938-6ccd-4abe-a49d-5fb469a1ea14.png,1
15d9403c-bf5b-41be-add6-a5c2a9e16d35.png,1
15de0e36-aad2-49f5-b797-dba25cc0c500.png,1
15df7a1f-a2a4-4d5e-8771-3280fa1184c3.png,1
160786ef-dd0f-4c51-8268-b6faa3cfe59b.png,1
16105557-552b-498e-af02-9f0285876567.png,1
1617a0bd-1dcf-45a5-8f0c-e0fcbadd48ce.png,1
161cacb1-dcdd-45f7-bfb6-3281fe82203d.png,1
1620067b-02c9-4f3d-9b49-a1b7f6f77358.png,1
1623088d-9f8c-4910-b681-c81fef043fa3.png,1
162b17de-b15d-4122-9352-ec3445f61f35.png,1
162c2fa0-aa64-4cc8-aacd-930750957868.png,1
1631378d-7d0d-400e-ad6c-1a57c74377e2.png,1
1636e48a-74eb-48d3-9a84-83f99af0a1fc.png,1
164a9325-6bb3-4af3-9217-e7ca73cbbb1f.png,1
164e8e2e-f90c-41d8-a7ee-cfee6fef16b2.png,1
165e4595-deeb-4910-b06b-89e2fba035f6.png,1
166088ea-38d0-4881-8a1a-7e6d5fc442dd.png,1
166479fb-b1f7-494c-b894-2ddf6d21131a.png,1
1682a002-e834-4696-8101-70afe4edeebf.png,1
16860ea6-c3cc-4cc1-a405-9b2a242faf8e.png,1
16939adb-3468-4e45-9b87-0ec9a8b0f2ea.png,1
1693a790-88c8-46fa-9ce7-3b0c5834ba90.png,1
16968a9f-ba45-4f51-a584-ac57612de5c3.png,1
16b79bed-11af-493a-994a-294b21d34c88.png,1
16d8d1b9-1430-4043-acb3-d3938a354028.png,1
16e5a578-1e41-4fa1-ba13-bf18051625cc.png,1
16eaa539-922b-41c1-95e4-afc569bf818f.png,1
16f07d74-df3a-4436-86bd-31041b0af6c3.png,1
16f580c9-9242-4535-8fb6-a1724f4bbf34.png,1
16fecf77-f64c-4a80-94e9-4eaa27b78aec.png,1
16fff742-c937-4b49-b7bd-b6d9f7b75847.png,1
170632ff-5466-42a1-95f3-30ea4ef63e3b.png,1
1707921a-8b1d-419e-b5de-6e069bc9e4eb.png,1
172f8b71-1d19-4a36-ae9f-41ae528c72be.png,1
1738d7da-d93e-4f81-aefd-a1adb148664d.png,1
17477206-a644-49de-83a8-b32d5ba9ba5b.png,1
1748e4e2-5c73-4794-81fe-2c5fe4af8cdd.png,1
17551520-eef9-476d-bdcd-9556dca30e14.png,1
1755b457-2c7f-4589-999e-aa172dbbb188.png,1
175c8be2-76a4-469b-9595-ed33ecedb3cb.png,1
17700745-d6cb-49cb-aa70-d725ba0165ae.png,1
17709922-a966-48f3-ae70-32fa7b5d418e.png,1
177423d8-e811-4fd7-bfba-6b77b479e466.png,1
177648ba-1d97-4195-bd33-f4d11e826aa8.png,1
17764c35-e511-4ff1-a7d1-cc5d670b0f08.png,1
17802f46-96cb-4658-ae3d-16be89ac69f5.png,1
1792982c-8183-4199-8217-510c92805614.png,1
1794b7b4-de8c-479a-bfa7-2ab868c3061b.png,1
179c5fc6-32a7-4144-91e9-58c2371616d7.png,1
179dbb8e-d6b0-4afa-bb53-f6590e3892c2.png,1
17a26c7a-8bd6-494a-82af-c504a5a6a1bb.png,1
17a5ce04-809a-42ed-9e58-100cfb33de7a.png,1
17af8e70-3af0-4a47-a5ba-f16938c87c7e.png,1
17bb233f-6ee9-4645-92ee-b415499f691a.png,1
17c749dc-e97a-4c5c-b4f4-c68b135a1a64.png,1
17d34b01-a492-4764-9ee7-1403ed7a3f97.png,1
17da6531-1b17-43c8-b052-c5e75b582730.png,1
17dc4e24-2228-4cdb-8052-9259a907f9c2.png,1
17dcf534-9163-4887-ad53-18e99fc28aa1.png,1
17e95c76-ae2f-4ad9-b713-08b617d3c9bd.png,1
17ec1772-41a6-4bd6-a2a0-b9d45599eb28.png,1
17f0a95f-5460-4c36-951b-6f9c8834b951.png,1
17f68ac3-2385-4b13-b8c0-66ba8b343205.png,1
17faf806-5b26-418b-8d5d-a1ff45539ea7.png,1
180bbb1f-4105-4fa1-94cf-5bb8294eaae8.png,1
181f55a1-d776-42e0-b2a1-ab2e73dc31a2.png,1
18221e7c-d8f0-4d76-b9b0-eee4aff2a191.png,1
18230da7-8929-47fa-97bd-0c4f570867ca.png,1
182d2f6f-1cf5-42a9-a178-9ae0786c9236.png,1
182f6df4-daf7-43d5-86c3-9bb53846dafd.png,1
1839045f-af6a-430b-8771-c984f87799b0.png,1
18494f9c-d897-4af4-aa20-e0517395ac49.png,1
1851dff6-31ec-4453-9ddc-95c0aedace5b.png,1
1858bafe-3d3f-4fc6-84bf-e0f85ea1e264.png,1
1875e3ae-e7d2-41af-8305-61f7384cb19f.png,1
18774506-f9cb-497c-898f-0bade580f342.png,1
18792f05-1f16-4343-884c-c33420e6b104.png,1
188218bc-84f2-4103-8e34-0dd6d3103b2f.png,1
18832ae7-6e31-4667-8eb5-3eddf5ab6d8e.png,1
18845136-172c-4e84-9b1f-4127434db08c.png,1
18858e0d-b651-4ea1-91c9-62268b06d1a6.png,1
188713c0-6005-47fd-a5b4-62d3c9119c0d.png,1
1889dd53-607f-4897-9be6-b2a5c078d6b3.png,1
18b5d52d-78e4-490a-a766-af881acda223.png,1
18bff0c2-16fa-4681-845a-c9a8f019ceaf.png,1
18c4af3d-0768-4f17-9c1f-d6f8199098ac.png,1
18cded58-0cce-4b19-93de-48082a7b7d4c.png,1
18ce990f-bea9-4174-a6a2-8f61c4517b24.png,1
18e76660-3742-44d3-94b5-62f1f7b027df.png,1
18e8b809-d2a0-4749-a4a4-23b1f4881839.png,1
18ee3d5a-1d35-4f91-bef4-da13e40c4935.png,1
18f349ea-e436-443c-a040-c07c705f9989.png,1
18f84176-38fd-4c45-9054-1ee74075bb99.png,1
1923df31-e23a-4ee4-86f8-35d124af2f61.png,1
192c7502-0bb4-4479-ae6c-9ff142f1c684.png,1
192e8e4a-4db4-4c04-9b74-297e15b87c8e.png,1
192f3509-9413-44f1-a585-57829f15ad38.png,1
192f8bc4-1d12-4b3e-84a6-d94f77928faf.png,1
19370915-6723-41fe-be09-29defbd9b7c1.png,1
19377a2b-4f78-42f5-bbde-27c797d84cfb.png,1
193d589c-8295-4445-8e13-bd3beeddcbe4.png,1
193ebe3c-905d-4ee0-87c0-b72999547d3b.png,1
1944c064-d08d-4173-9c7a-a777dcf5262c.png,1
194917f4-f78a-49f9-a35e-3de36e668f5e.png,1
195033e1-ab56-4857-8b68-ef116fa576aa.png,1
195ddf15-9620-4827-97da-01a44d5842f7.png,1
19720da5-a262-4c83-9ae9-fe6f7f5cc5fb.png,1
197769ca-8d7e-4a21-8fff-ed1417dca35a.png,1
197c3079-d2b8-4227-8513-743e0e3d6431.png,1
197eb663-bd40-4c72-9fec-4160cec1f64b.png,1
1a557ac7-3f9e-4750-9d36-1c311cad8a6f.png,1
1acc13bc-a199-49bf-8360-c20314fd85fd.png,1
1b2aefc5-a9dd-4f84-a314-3acec56df761.png,1
1b3bc37d-dfa7-4dee-a7dc-18008b346586.png,1
1b4ccf65-5872-4694-b441-599471b7794a.png,1
1b5c50df-36c2-4b74-85f0-84925fa63ac1.png,1
1b6ac013-a672-4eda-9e69-75b0628ff944.png,1
1ba253cb-105f-4250-80bf-be5565bd359c.png,1
1be56c93-6607-4b08-b73a-dfe4ca81f7b1.png,1
1bf08f3b-a273-4f51-bafa-b55ada2c23b5.png,1
1bf6fe95-9953-4e27-a71e-4dfbfa81e63b.png,1
1c20a2ed-7081-4e30-b5f8-a329c51d14f1.png,1
1c6867ff-939e-4096-9738-322c4c2a02bf.png,1
1c6b087d-a573-450b-9a4c-f5a5de9a8004.png,1
1cabab6f-b2b8-4780-b6bf-525f2ad15096.png,1
1caf3708-4998-4594-bf7f-ea4beb24b6f5.png,1
1cf02f00-7c14-467a-9283-1f6bacf783a3.png,1
1d193b54-7f79-4a6a-bcaf-352a03025019.png,1
1d1badbd-7789-4923-a387-7ee4e3b18cc7.png,1
1d57c801-71b4-49da-8933-2cabdc927fef.png,1
1d763b86-e7dc-4db1-ae16-601d80d36c5e.png,1
1d7876e7-2229-41a4-b6f5-0ead284ed611.png,1
1e1d4b6e-7fe6-4ea7-91ea-9c42ec8d6f00.png,1
1e8fbc6f-08f6-4801-b437-69d9e5bde269.png,1
1ee29f7c-f059-47b3-8d59-6edd3ede27d0.png,1
1ef28712-7b54-49de-838a-3a56326d26a0.png,1
1f20a7b4-fc0d-49fa-8cc0-ecd516509372.png,1
1f393b78-0251-4f0c-8ca7-39fc54f8ddc2.png,1
1f45c8c0-4475-45e9-85e5-0cf139d0572b.png,1
1f5f34b6-8e8d-4e25-88fc-6ba1b5b0ac06.png,1
1fd92186-f1fa-477d-b23e-abfd7ad537ce.png,1
20ed5a77-bb84-4c95-b126-714bd59cdfbf.png,1
20f39b8e-be82-4f24-8791-651533a73184.png,1
20fa542a-4930-46eb-8e1b-3e938980e6ea.png,1
2139214a-4a50-4144-9c2d-eb4c929e1e7e.png,1
21dc80a4-e6b7-4cfc-9463-3fc2f660833f.png,1
21eca20b-515e-4f51-95e3-c5721e1fd6a1.png,1
2230de59-e044-4b6d-95c0-1154c0cbb802.png,1
2278d9f3-e7bf-4e36-a194-aaf5bdb20762.png,1
228b3dc1-f78a-4ac9-b213-2a416583d063.png,1
22c13a41-b046-441e-adbf-ed77104b6249.png,1
22c1b139-cb5e-41cd-83fd-7e06d6f4038e.png,1
22f2d3ec-f7ea-4778-850d-bb111590202f.png,1
231de9e8-63d9-4093-9d57-2bdcdee49225.png,1
237fb342-b23b-44dd-803f-b63161c3f0cc.png,1
238e2a87-d6ef-48ec-961a-54ab1e947878.png,1
239f7e39-e679-4892-9c87-04d1e4fd240f.png,1
23aa3daa-1283-4144-9299-6e4ffab7a8f4.png,1
23ec5265-20bb-4f80-9315-66ef0d7adef9.png,1
23fe6bf8-de06-4041-a3b9-beb2fe73b455.png,1
2409fc29-8acb-4e1d-8fdd-fc333d5c4852.png,1
240d4da6-3775-4515-b884-d67bccc47496.png,1
2415c886-456c-447a-b418-bbf877ddefd1.png,1
24bc6cbc-3ed9-455a-8fbf-f106ce3e1e59.png,1
24dba8ea-22b9-4a3c-84ce-6bafeab8e6d1.png,1
25651f11-e9b6-423e-a9d0-d20347cb4caf.png,1
25d1ddb4-df24-4e52-8a84-b0dff45f9718.png,1
260e3c89-2bc0-48c8-8203-64d63693fa8d.png,1
261341d3-1df2-4cf4-b9a8-b1e02a124900.png,1
2635357b-8865-4551-9ed8-3f90b996c982.png,1
26950e98-3b48-4d7c-b2d0-daa4249be551.png,1
26c15b0a-9865-414d-94b2-5349e8903f88.png,1
26d622c4-c7ec-4952-9210-7b2a2144cb79.png,1
27205fb6-5f28-4fc5-a9d8-c6748b97f4f7.png,1
27532c20-7a0b-45b2-b229-496126a327ad.png,1
284e095a-2c52-445d-9dd5-93c45021a7b7.png,1
28fd01f3-ea55-450e-934c-df01b11cfbc9.png,1
29576186-ed47-4331-8ea0-08d899822c1f.png,1
296c307e-cf85-4ef4-95eb-7a05d4576dfa.png,1
297bc9fd-b7bd-4c9b-a46d-9131a3b9ffbb.png,1
2993d607-03e5-45ba-9d1e-7e5b418b5a24.png,1
29aec016-fae1-429c-b88c-58e10cd90d7b.png,1
29b0895a-a35b-4681-9706-71bf3c50f857.png,1
29b9a5ae-56e4-4e15-a78d-cbaeda0c276a.png,1
2a15b6f2-2a17-454d-b14c-ba1bb4bd79f4.png,1
2a37f773-2855-4765-989e-0991de60bd0c.png,1
2a640896-7f55-4136-95ed-1b8a9e208005.png,1
2aae181e-a4b7-47f4-ac47-e99001b9008b.png,1
2af7c7b5-4b57-470a-9b31-1f167e3e500a.png,1
2b57dc05-b925-4d58-b536-c9eae9677d05.png,1
2b70a757-4dff-4d97-baf5-f41b8d3ab4da.png,1
2bbcfa00-cfcb-4761-b3e3-83687fd65d5b.png,1
2bd6fd9b-f94c-49fb-b301-88ea19122b6a.png,1
2c0efede-becf-44a0-b762-10e97cf178de.png,1
2c8258f4-ecf5-4dba-b17a-5411cc1d569e.png,1
2c9c7310-1292-4b46-ba75-f1eacd3d5074.png,1
2ca09b04-a0a9-4592-be28-bb6a47dc1732.png,1
2cafbcf4-4191-44a1-b81e-b3b6c75ecc7d.png,1
2cb31ff6-2062-4da1-9e5c-5a1bf8b62fe4.png,1
2d09d0bb-a4fb-4a50-99c4-496ad756533e.png,1
2d32deab-9bd2-465a-8e7f-9b14452fb055.png,1
2d5d4cc5-5633-4718-ac7a-61bd0c7dbf4f.png,1
2d6d00a6-a1e4-4423-879c-3fb846daa88c.png,1
2dce719f-1702-406f-a471-03f033f1822a.png,1
2e04a49d-3aac-4245-be51-8e96ce679a0c.png,1
2e13eff6-7bb4-4b45-846f-1522888dbfe1.png,1
2e19d541-b5d1-41d9-8265-989b6bfb1ecd.png,1
2e853bc6-714b-4092-b570-ec70dcc13911.png,1
2f873371-c1a7-4c07-9470-3bbcc201832d.png,1
2f8bdf8a-af90-43bf-8d5d-0b434cca29f9.png,1
2fba3da2-e622-477e-a8fe-8fcc06550b25.png,1
2feb2bad-6b36-4067-87f1-54d39235e3c5.png,1
3011a504-67f0-4bda-b774-46cb7c38b839.png,1
3036fb15-305b-4e9b-93ab-4e555a0fd323.png,1
3038262f-ca56-436a-bdfe-7a547026fcb0.png,1
306ff5d4-1ea2-4ce1-9fc7-25a98fac5148.png,1
307e9bfc-29b2-4d3a-9a39-2ac51d7b13f6.png,1
308eab64-517b-46f1-8865-d9566b087bff.png,1
30ac4f03-d153-4c6a-a13b-e47855fcb2fb.png,1
30d3d2f9-4342-4ab4-9032-34d894c2cfbb.png,1
31102758-a5ba-44c9-b480-b744bcfcb861.png,1
31368401-b882-40ef-a728-8657ea3144b4.png,1
314b6a0c-897a-4769-8e91-64816d8e5d8a.png,1
314f6860-4382-4ccd-a787-34b388e673f1.png,1
3156adea-d1f0-4a8e-9dfd-fc1d9bf5fc1f.png,1
315b5137-1117-4090-9329-d6a6fff607ef.png,1
3162d754-7972-47b0-ae60-1ae6e2bb4150.png,1
3164b8ce-f84e-47db-9c14-e78890c955ed.png,1
31694f91-f16d-4d5c-9dac-b5c7dd5c767d.png,1
316eed14-0f52-44f9-8be0-12e045324a4a.png,1
31714284-24d2-4e29-95ce-1342164502fb.png,1
31739fc0-50fd-49e1-aeed-d7e39f7106fe.png,1
3173b82f-569b-43e6-aecc-b4fb6a14466f.png,1
31764d54-ea3b-434f-bae2-8c579ed13799.png,1
31790935-a1a3-4842-8925-4b6fd5415103.png,1
317a2577-b48c-4dac-bd52-31286c7546af.png,1
3185ee2b-a09e-40fd-8f57-4d2802c0248d.png,1
3188960a-9044-4c39-b74d-71b289d857d2.png,1
31902a4d-1835-463a-a19a-5a84cd646751.png,1
3198c328-990e-452c-81d3-4b149f54421a.png,1
319a8d01-4507-4882-a8fd-f667073fc847.png,1
319c7cc1-72c8-4b0d-96b2-bf6de8c26021.png,1
319e7123-a32b-4971-acd0-975c52958411.png,1
31a00524-b6eb-4d94-99ed-e70827499507.png,1
31a115d1-ad82-4fd8-be3d-76d918338afa.png,1
31ad19e6-fe6d-40da-b2cc-a0dc5554d79e.png,1
31b33ec5-c46a-462c-a933-36a361673a2b.png,1
31b840b4-9cc0-4ec2-a817-1f109b4e46fb.png,1
31ba8a38-bc46-4208-9225-f4a6290d7966.png,1
31bac031-0b6b-408f-8acc-1651bd777dc0.png,1
31bb6549-ca98-4586-b5d6-b0e9142e6ae2.png,1
31bef3ba-3580-40ab-a7af-567a5c95e4da.png,1
31ce9f98-f5e5-4893-895d-e2c383e76d95.png,1
31d565cd-7b80-48ab-a86d-c5aaec5b4505.png,1
31e2cf57-392d-4fdf-97ce-69a2da281eec.png,1
31e4e2fe-9d21-4cf9-ba57-3174ebc32a43.png,1
31ea34d0-7ac3-4069-85ce-641bb524ec63.png,1
31ec89aa-09c7-4342-8bb5-ba7b585e875e.png,1
31f1be65-da88-4ec2-8c2c-90fabc73c01e.png,1
31f4be2a-eb24-4816-8766-56ff59314cc9.png,1
31fde4e6-d2f5-4467-aa7b-e6bb2e2738d1.png,1
3208e231-f146-41b6-b726-1d4267728342.png,1
320df0f4-4189-401a-a836-569ba4f8f389.png,1
320ed4b4-0793-4224-866b-29d9cfc5b90f.png,1
3211c41c-8ced-42ba-8b0f-a04797f1ff27.png,1
32176b3f-d931-4219-a5f8-e2af7eff02b3.png,1
3218b157-1f46-4da3-863f-9b97ae22308f.png,1
321aa7d0-ba83-423d-98d0-b2b89360951e.png,1
321b9103-0c96-4719-912d-b9b94e222077.png,1
321cd5e5-6a3d-43a8-a175-e06793dbea00.png,1
321d8cc5-0fc3-43de-b12f-851515e800d5.png,1
321dee3c-8bf0-44ed-a0b6-e951783b9508.png,1
3239951b-6211-4290-b237-3d9ad17176db.png,1
323d4055-2830-433c-8585-e02ff7821a17.png,1
32408669-c137-4e8d-bd62-fe8345b40e73.png,1
3246006e-f323-43c9-a322-4979fdb85f37.png,1
3247efbe-0804-4aa6-865b-155e6b9bbb86.png,1
3251dea8-4f74-4f4b-8f56-167b0213414b.png,1
3258ba2b-f4fe-45f2-ac47-5d6d1fa5819c.png,1
32652bc7-21e2-4aa4-ae0c-461950e4c131.png,1
32659f33-5e60-4db1-9696-657e54b769c8.png,1
327573f4-41c7-471b-b613-50dbb86a02da.png,1
3275fe4e-18e7-4fe2-94f9-aa0d725232aa.png,1
32764f2f-ea89-4d7c-aa7d-e70366218270.png,1
327988cd-ed44-464a-88bb-a903bef4c947.png,1
327af298-ff3a-44b9-b5bf-93ab3a5abb04.png,1
32827da4-939c-46de-85db-a2d75cb0dfad.png,1
3282f02d-965e-4da5-acf7-b3d8e8154a31.png,1
328ca6d8-ae49-41ad-9e58-823c8049b1bb.png,1
329c254a-e6bc-44cf-bc09-365d5d43f4df.png,1
32a9a619-a589-47b7-8eeb-7f341cd4e0d4.png,1
32aeea3d-b01e-421f-9094-d4fdd87e85ac.png,1
32b0d04e-72fd-429a-8f71-6d1089e24415.png,1
32b35555-525c-41c4-8bbe-44ae86d3ab26.png,1
32b9ab38-2dc3-471b-87d8-4a67f49bfb7c.png,1
32bac08d-957e-44e0-9c11-26657e24170b.png,1
32bba2f6-0701-4646-87cc-9ddc27439be4.png,1
32c39ff5-359a-4a7b-b41d-d7ad312766a3.png,1
32c3e235-1885-4aad-b4ad-2ef8583fbb78.png,1
32c41ed0-6704-465c-94d3-3073b9b4415e.png,1
32c9f801-2eaf-433b-a87b-08ab319ba27a.png,1
32ceee8d-3208-4abc-b329-55f7d2264398.png,1
32d18643-336b-4b68-a0a4-12efb635e9c7.png,1
32dbe7f3-6c0d-4320-9c89-775dbbb933e8.png,1
32e6fd38-0e31-450c-93ec-f29ea5a6ad2c.png,1
32e8b837-8656-47e1-87ec-b365c7670984.png,1
32ec2e2d-9efb-4510-a7c1-14a007336a68.png,1
32f02701-5caf-4d1a-8293-861b33c20908.png,1
32f1f953-db5b-459c-bb4f-4b785ee2c3a2.png,1
32f3d89e-418f-4146-8036-7583ad6f1f0a.png,1
32fbc636-5413-419b-8539-6e6a7cca9f4b.png,1
331b086e-e4a6-44f9-aa82-aff072c27a7a.png,1
3331a818-6190-4caa-8e71-1849f68d1557.png,1
3333d928-dd10-46f2-927e-f7d5ac070221.png,1
33382d82-31fd-4a74-950a-1820412aa6c5.png,1
333b7a3b-2d48-4926-9498-3e6b30239ab2.png,1
334c4445-63ce-401a-a1a2-1a467901a1ae.png,1
3352dd2e-717c-4a5a-ad4b-81315818b351.png,1
335d17b1-bdfb-4939-9dc9-fa93f09648eb.png,1
335e0c90-7426-44a3-a9c3-11b21485d840.png,1
335ee631-5d9a-464c-8fdd-fa759b5c9fe0.png,1
336622cd-55bc-4404-beb1-8c75de224d0a.png,1
336c9afc-e140-4d5e-ab50-7b11809dbc1f.png,1
3374e3a8-2156-4553-b434-805405e67264.png,1
338019e9-6ee8-47cc-b49f-32dd39c0adbc.png,1
33838dc8-dc3e-443c-be25-609ce5d66743.png,1
338907f5-8c8c-47e7-a57d-6c9eb5b4529b.png,1
338a1c2f-60a7-4656-ba2c-8c99103da696.png,1
338e80a6-7b26-4133-b051-a40e063d39a3.png,1
339728a0-cc96-409e-af99-8af5c6ce5f23.png,1
3397d218-ad10-49dd-a3e0-9b1ee6d3d91d.png,1
339907f7-5f76-40b4-8476-9c3460417d16.png,1
339d0607-e869-4869-ac6d-379172682713.png,1
33a39200-fa81-4530-ae1e-274ca204f3ea.png,1
33ab4fe9-ce46-41c0-9074-c7ef83765af7.png,1
33b72cc6-9c86-4664-91f9-df8bb63e349e.png,1
33b759a7-cc42-4d7e-8f54-c1a32b389674.png,1
33c24f1e-7526-4d84-a057-facdc540f22b.png,1
33c66fa9-6a08-4d0d-b309-88ce91a217c9.png,1
33c80447-e65b-41f8-ad03-523b78048641.png,1
33d18acf-9ad3-4441-9167-e23bf9a3022f.png,1
33d21874-f7b1-413c-8013-0b4a98d12fb9.png,1
33da8f93-c3f9-413c-bc49-2a51f34aded2.png,1
33dea6c5-2f2c-4164-a489-8ae440b921f1.png,1
33df5e75-0b13-4c2b-b217-a0b32e3fc396.png,1
33e18761-b2d9-43d1-a9f4-b16a99a2664e.png,1
33e4f74e-b8f2-470b-8815-6ee3e94b8590.png,1
33f0fb8e-35b4-4680-8f22-990a36899bfa.png,1
33f85237-bcad-4dd9-8a03-42d061fd987f.png,1
340244af-50e9-405f-85af-7fe6c8e0f838.png,1
34034bf2-1e42-45e7-aad2-80df607373bb.png,1
340af340-aa8f-418d-a73b-3c11814cc1c3.png,1
341983d7-a04e-4b75-a021-1c5562139301.png,1
341a6e43-a2cc-4b6b-8aa0-7766b661377b.png,1
342209eb-5fc1-46cf-83af-4beaee1a60b6.png,1
342bd0cf-b337-40e9-8512-eb170292e2f2.png,1
3434889e-68e9-416d-bf95-ca21275eda5e.png,1
34411756-b5ea-47b6-bcb4-3dd037d95eba.png,1
34591201-fa13-4dfc-809f-bb3cb8ca7665.png,1
345d1a85-8d32-4e43-8e9f-dfb0048da3fe.png,1
345e6018-89b7-41d0-bd33-2350c1c60311.png,1
3460d66e-b863-4d11-8d55-14b559ec1588.png,1
346fdfbf-788e-4791-95f2-f986208c7796.png,1
347476f1-b3e1-4e7d-a029-e6da07d7e57c.png,1
34783bc6-c67c-45fc-81ca-202df5b71f38.png,1
3479a9b0-f4e7-4408-a261-979e0fe974c7.png,1
34820ad5-f8ca-497e-8ed9-79c10bf864fc.png,1
3482d22d-9a14-4b38-b28b-6f7b93a78e43.png,1
34858b4b-37ff-4130-be8f-7075f3f3b056.png,1
348699f9-4eb2-42b7-b9e8-8bc3230b32a5.png,1
34873b9f-5305-404e-b7f7-5105feede48a.png,1
3488f56d-1c15-45f2-ad45-ee5b11196442.png,1
3496cccd-1600-4ae9-920f-a5bf7919801c.png,1
34985379-397f-4afb-9ca7-538cc629703b.png,1
349c35ba-a32c-4cef-bfe9-613da6d7054d.png,1
34a24f18-584c-41df-b0c6-2cc9fc5cc0e3.png,1
34a86615-92b7-4b4a-813b-9e62e51b6d10.png,1
34aba493-c3b3-49db-a2fa-b65345248969.png,1
34aca5a7-7786-4060-afea-cf31d8fc05d6.png,1
34b11240-350d-4383-a5bb-169bccf1e760.png,1
34b275e2-88a3-44a1-a8ad-16d8d79b1999.png,1
34be1f4b-2863-425f-9f8e-6dc21579575a.png,1
34c83691-e038-4b28-b2c3-7fe99d4783c8.png,1
34c9ca0b-413a-447a-ab1a-66b08a53af7d.png,1
34d340bd-2928-41cb-8d2a-98ba84999a01.png,1
34d36b9f-af87-4891-b001-6dc4f5379cb2.png,1
34d37f0b-6aeb-4af0-b0cf-f4516a3035af.png,1
34dde192-6b08-405f-9672-60e19c896d28.png,1
34e19eb5-78d1-42b9-bc47-b043d97feefb.png,1
34f16115-b927-44eb-9880-b413b65421fa.png,1
34fb2e85-9588-40b8-acde-380c68c7afa5.png,1
34fdff09-5bc2-4df5-b8cf-3c37662037c8.png,1
3502cf28-bcc2-4cf4-84bc-749ccc2dd222.png,1
35061124-9245-4434-b165-b89aef28bb75.png,1
35062e5b-b6ef-447d-8c60-f8673b9168df.png,1
35071f53-b924-440e-bdfe-7e6f3c74989d.png,1
35114241-ead7-425a-a694-4f5131f0dc50.png,1
35129138-f9bb-40cb-bce0-927b0116faf7.png,1
35147425-e8f1-494b-8cce-74252c0578d6.png,1
3517d4f2-175a-4ec4-a274-eda1d8189299.png,1
351a2161-64fb-41c0-889f-653d320a406f.png,1
351d5ab2-c3a6-40ed-baf5-b4a68f45eb4e.png,1
351fe1bb-2966-43a1-9837-fc9664c05266.png,1
3533d3a6-27af-4d2b-a232-ce489a2148d9.png,1
3538b9f3-b604-4e3c-8f04-bb5b1127733c.png,1
353e8a3f-aa4f-4688-942f-7e5616923d11.png,1
35477f5b-9747-4f99-b1ce-7c97150cccfd.png,1
3560b1b0-6f5d-4439-b9ca-2043e8cbecd9.png,1
35677465-3a7b-4356-b4f1-36136cd7186b.png,1
356b2d20-3a74-4628-8652-cb7800eddc3e.png,1
356b4fae-852c-40cc-b736-53b64ea38a99.png,1
356dbb8d-6a9e-416d-aa38-d2cb7aab0e14.png,1
35705250-dc4c-408b-8caf-237bd857ae52.png,1
3574c226-b39c-48d4-ab38-362c4e52ee82.png,1
357640b9-dc43-4011-b620-4d490c596777.png,1
3576b088-b3b9-40f2-bd44-de169e3e82f7.png,1
357e0be1-1698-4b87-aa27-db197bc709ce.png,1
3580d303-401f-4f0b-ac88-0729834349a8.png,1
3588a0b5-1a41-4afc-a5c9-56d37548bae2.png,1
358a25c3-ecbc-490b-b887-1594168f4dab.png,1
35926045-c5ed-4db4-9f3d-2e77bda01d14.png,1
3592ae43-bcf5-48e8-9cca-680c9a724831.png,1
359355a8-5981-406a-a8c3-3dcfdde9169e.png,1
3594b48f-fcc1-4947-93f5-64be66467147.png,1
359ce100-a41f-40e2-ba95-c91b83725a35.png,1
35a13820-ba8a-45d7-b566-9ee95b6bd7c8.png,1
35a379c4-1e56-41f7-8a25-a1c2e9b88464.png,1
35a60fb3-459a-43a6-9c1f-066578ca5d63.png,1
35a9fe12-15e7-46d5-9095-529d5298ca70.png,1
35ab0be2-1772-4ef7-b8f9-45e5e371ac11.png,1
35b69e13-ffe9-4034-8d6c-32b5ad8e8b1f.png,1
35bdb4ca-55d0-4d4c-b2e6-ea721f24d985.png,1
35c45480-3cfc-4988-8bd7-4c1ee56ed88b.png,1
35c98046-1334-4b50-8232-41fcc65d150e.png,1
35d5dba1-22ee-4f68-b28f-bd16ae96ae00.png,1
35dc2301-0e1e-4d37-8926-350cd1be37ca.png,1
35dd41bb-baee-48e7-a450-95532043dc36.png,1
35e2f247-6930-4b7d-bc43-baaa622cce2c.png,1
35ebaf46-2c58-46c0-879c-78cc3e49876c.png,1
35ef8c74-74d5-49ae-8b45-98d349344628.png,1
35f287e7-12d7-41f4-a5e9-711086bd031d.png,1
35f72695-d6d4-405a-8ddc-b64cbbca55ef.png,1
35ffa64a-fc84-4582-95ad-40d4eab93197.png,1
36042724-581b-4459-a45a-603beec0bdf2.png,1
3606dcdc-56a2-405f-b799-2f7e13d1b2e8.png,1
36144553-f906-4552-9d9e-e0c25885dcba.png,1
361bdb6b-b414-457f-87dc-bb30e20463d0.png,1
361c09b7-beb1-4be9-bb4b-c6400c293a19.png,1
36200569-a271-4fcf-819b-1bd00e626534.png,1
362642f9-cda6-438a-8672-935c6191220c.png,1
36283110-2808-4ac2-9dc7-c8e2a6754c83.png,1
362c13d9-0606-4ce4-8c29-01c7fbb846cf.png,1
3632aa2e-04b5-499d-8a27-1af18699e5fa.png,1
363a0e1a-adec-4a04-9fc7-0ed505dbc4f8.png,1
363a77dc-eb92-45ec-9872-aaf32a4bc920.png,1
3642d117-1150-46a2-9e21-1cc388f1db2f.png,1
3647d0dd-fcf0-4606-bddc-ba872f5f7ccb.png,1
36491026-0b06-429a-97bf-644518295055.png,1
3664fe85-e22a-40f4-b7e9-0d6c155fb7e7.png,1
3666d8e9-60ac-4d61-a527-a87a4fbe4459.png,1
36698ec6-be46-4899-9465-2bfe70780ba2.png,1
366b30d6-2c8b-4985-978b-b8cde00f4377.png,1
366c5768-5fba-4ba1-8532-082d3ba3c9bf.png,1
3673cc6c-6c57-4910-ace9-795fe9a4d0c2.png,1
3685fe73-c5fe-47d6-b9ba-d433b79041d6.png,1
3687784e-47a5-40d3-aa45-5cae7dd23e8b.png,1
36898db8-3570-4740-a396-aaf6cee6b7a1.png,1
368d0726-3481-4f66-81a2-f89bb7294ca1.png,1
3690bde1-7419-46a5-baa2-14b88feed1ea.png,1
36946b92-64ac-4bfd-9984-e3f9b8b95bc5.png,1
36949a19-b38d-400f-ace0-1abfe2ecfc3a.png,1
36984bda-bc42-40ee-a3fd-bfe8f78f2ddd.png,1
3698b8bd-311e-4784-b9c3-dbe1d5296dc5.png,1
36994bd6-13dc-405e-9f98-680a0e5b2eea.png,1
369b5945-e573-4e49-99e8-dc608604be51.png,1
36a9f078-981f-47fd-87eb-e8be3ac35082.png,1
36ab4430-59ea-442a-9968-9329b3c93954.png,1
36ac7bd2-34b4-4551-96b9-8404ec7d9079.png,1
36af11b1-75ca-473d-b29c-4bfa1802a81e.png,1
36b750d4-ac1c-4301-addb-bb00f6edad82.png,1
36bd8ee6-cfb2-48ae-a57d-dcea7ba8deec.png,1
36c3ea72-267d-4eb7-a0b2-a3e34acd2d07.png,1
36c50ee5-7885-4c34-8f24-829f85cea256.png,1
36c67a1f-c782-4fae-b8d4-092bc51c6b05.png,1
36c6e858-3acf-46df-8b0a-9b452885f85c.png,1
36ca4185-52e1-4cf3-b007-5c7680d2ae74.png,1
36cf3250-2ea6-4ef9-8143-c1bbafe83475.png,1
36d7ebd2-a4e5-42d1-bde0-c7699da0b152.png,1
36da2e3e-cd74-48f5-89bb-00cd186f4de9.png,1
36f22c61-5bff-4583-8269-35d25b6bb2c4.png,1
36f51cc5-a28d-48f0-a086-df424f7f2c94.png,1
36f775ee-d044-43a3-bbe5-000ed7b498b8.png,1
36f8833d-6bec-4307-af23-3908684ee79b.png,1
36fb7333-2dbf-4be3-a424-6739b2090dee.png,1
3703a60d-cd4c-4183-865d-82825a95af81.png,1
3705e8a9-bda4-43dc-8671-5f3bb5e1ff8b.png,1
3707b351-5760-4962-93a0-9f58252d22e7.png,1
370e4257-86fb-40b7-a4df-b8a3a7b25226.png,1
371e6626-7884-4232-9629-0220fe6e7172.png,1
371ef146-4a13-4b5f-9d48-7889a12d8ebf.png,1
37261c45-c1d3-4e6b-9d3a-a2ca48b99db8.png,1
37280a31-74fe-474a-879e-d349dd211e18.png,1
37290d29-2a81-4c9d-aef6-15eea1376e0c.png,1
37296532-0632-40c6-ba5c-377e4d12cacd.png,1
372bf07c-c79b-45ef-b643-128dbb3efdc6.png,1
372dc27b-20c5-418a-b09d-8816843e940e.png,1
372f17ff-2906-489f-92b8-c778489064ef.png,1
3730cf87-f147-4872-8885-44700d3eacaf.png,1
3734bc4a-f4dd-4022-a23d-39b41ac8ec3f.png,1
3734dfbc-ce7c-478e-8160-53ea00b32c5c.png,1
373a5932-9260-40b0-9762-f5420f1fc4e5.png,1
3747c54e-e425-451d-90c0-943e99b873d4.png,1
374b2ddb-10f8-4fb7-a745-3ecf886af10c.png,1
37541ec6-57df-4f39-8318-e18663fafd0d.png,1
37581397-f072-40bb-a05b-e234033fc871.png,1
375e3962-cb81-4f04-ae25-f74d92320998.png,1
3768dc07-b49f-4e4d-8233-5dda9692ca68.png,1
376a90dd-55c7-40a7-b5ea-73cafe9d75aa.png,1
376b255a-82a3-4105-a546-36a477bfe8e3.png,1
378ef52a-cbc7-4e92-bd6b-ecb4045508f3.png,1
379b5fc2-ad30-4dd5-be88-a633ff87649c.png,1
379b92af-9463-4071-a11c-8c475992d5b1.png,1
37a1e5df-1309-40c2-b943-0d347681258b.png,1
37a3ae61-b059-4972-9e28-c7bc02cd1ada.png,1
37a40c9f-fa3d-4819-85c0-531d0ba6b991.png,1
37a63005-ac07-4f34-a770-3ffa029478c6.png,1
37abb6cd-4189-4750-bfdf-faf6bad1b233.png,1
37b36218-c174-4940-a7bc-5e5601df63d6.png,1
37c1ff63-3e09-4419-8b98-3a981ea916d9.png,1
37c377d9-a4f9-4b58-82b5-42c1624e2d57.png,1
37c9c0cb-0536-4056-a7c6-98a37569e1cb.png,1
37da4826-2d0a-41dc-8a81-720bef416a37.png,1
37f025d9-05c0-4e27-9a75-2e6a2085fa30.png,1
37f5c61c-c395-468f-a4ea-7108343a22cb.png,1
37f70057-7e01-4aae-8940-6712bfe34255.png,1
38016466-59bb-4364-a099-03813dd09f46.png,1
380c4bec-022e-4b0e-b96b-40be0dddfd52.png,1
3810c7be-ecfe-47f6-bdf9-39fcb52e9c6f.png,1
3817e718-4a42-4d67-a34a-ab1a4b9d52b3.png,1
3818b3c2-3960-4490-9615-2747147f1950.png,1
381e2cd6-431e-4cc3-b6b0-5771b5741d8a.png,1
38247d25-1b31-438b-a0b1-53294160846f.png,1
38262da1-7640-43a1-88ba-1c14960c159e.png,1
382db3e8-f756-48c5-8def-e0630634a680.png,1
38314ee1-b525-43aa-af34-8e1dd877395e.png,1
38364eb2-ec1a-4747-a2ce-64674bbeb32d.png,1
3838db1d-2236-4c84-b6bc-2c81606dd34d.png,1
38395193-8ed1-4d49-9f3e-4d9a2418eaed.png,1
383d8991-e27b-4f43-bab1-e1f492ace0f5.png,1
383e9756-7d45-4289-b35a-9fb2a5108e81.png,1
3858239f-f7ce-4858-94fb-095174a6c0e8.png,1
386334b4-06db-4a66-a7f1-9d0a6d9f2cdb.png,1
3866065a-3fb7-4253-97ef-930ab899a723.png,1
387126a9-0e30-4e23-94cf-e2a6811e6d47.png,1
3874e3f6-0c79-4fc1-a874-1d761e475e53.png,1
387a5aa5-1494-4955-8c5a-a44ecb695a54.png,1
388cc388-c2aa-4bfe-8a63-4565c626d951.png,1
388d9b4f-6c31-44ac-b878-8f5c3843fd1f.png,1
38929efc-a8ad-42b5-9fff-8ba881a7873e.png,1
3892a267-e293-471a-b15f-ba5d2e453f64.png,1
389628be-67a0-4854-a44e-0c4e2df93b04.png,1
389667d4-723e-4d59-9647-668106c276cc.png,1
38ac304d-c9bc-4056-9d15-e6290c2ca0e5.png,1
38b147a7-352b-4adb-88b5-2449d362acae.png,1
38b557eb-bf26-4da1-b6ec-5674cddc9ef2.png,1
38b5b90d-6f8c-4470-8d45-b83e5dff6a4b.png,1
38be1bd3-9535-4c1d-ad3b-65e8caebfce9.png,1
38c31493-fc1c-49e2-8e16-88abd447dcfe.png,1
38c5dfe6-dcca-4bfd-85c1-f3868ab37c6a.png,1
38c62eb3-02a3-40c8-a0b0-50539ef22661.png,1
38ca6aad-7cff-4616-8d1a-0ef485eb0eb0.png,1
38dee80a-f2e3-41f4-8a72-1f89f4a9c003.png,1
38dee97d-933d-48f7-8f77-dbb7bc9b2776.png,1
38e001a1-f518-4dc3-bdf7-b568ba90f512.png,1
38e8ed40-7a1f-4678-b655-31d3431b0ba7.png,1
38ead95b-c698-4cef-bec8-3f95005484c3.png,1
38f2df56-b804-4c70-811e-b01f1aac0216.png,1
38ffaafc-11bb-4ca1-8242-dbb576fc8cc6.png,1
390dad2f-bd13-4f16-92af-4e061499eddc.png,1
3912ec76-6f03-4ce6-8065-8e5f442a2437.png,1
391589be-c014-4862-ae43-84f42b030f30.png,1
391a0d8a-9d87-4420-9e76-2bd87dbce5a3.png,1
391ea361-3ebe-4930-9645-e14740e6d58b.png,1
3922a7cc-ff8d-4479-893c-b82d86109414.png,1
393288db-4195-4b6b-a380-053c20aecf81.png,1
393e9541-7b37-47cb-a706-a3e518f440af.png,1
394e0236-0dbc-47a4-8da7-0e4e5311f690.png,1
39552f5b-ee51-4a9a-9028-8fcdaae9baac.png,1
395738ff-53d2-42e6-aa6d-a01e4a07f01f.png,1
395cb95f-700c-4a77-89f1-dcbddf957552.png,1
39693e31-b11e-4cd5-a626-2862cb0ede1d.png,1
39709c3d-8105-442a-bf70-22a4319b1f47.png,1
39895c94-84ec-46b6-8a39-f57c99abdbca.png,1
398cd60c-17b9-44bc-8547-5cb6b6dad714.png,1
39919c47-0f93-417f-96fb-1aa8a6d6e7ab.png,1
3993a64f-ab45-4594-abe9-2807e19a1d71.png,1
3999dbf4-b2a0-45b9-9ee6-5f62f5bd27c9.png,1
39a52f1d-c8ca-4d68-8b84-817f382febdc.png,1
39a5e461-791e-45f0-a4a9-2f4d06c8eca8.png,1
39a6f9ed-168b-42ee-bc90-890a9ee1f3b7.png,1
39b06cc3-1e49-4459-bb87-b8b69bbe74d7.png,1
39be0109-70d7-4bec-a59e-970da31447b2.png,1
39c1395d-f5d7-4ce2-9154-04bd38bc8729.png,1
39ce47c6-a221-4399-8ac3-21b0b4a323f6.png,1
39ced0d0-246c-430d-9bea-efc60bfa487c.png,1
39d6260d-397c-46cc-bdac-c8e908a91f6e.png,1
39d69ac2-14d7-4659-af55-125893812ad8.png,1
39d8b259-c37f-4e07-b128-b768d8d7a010.png,1
39e24ec0-26d0-4eb3-9dfe-59356ed30dfc.png,1
3a010152-9ce2-4780-bdd8-bac6fa101991.png,1
3a037b3d-5100-4ba1-bbb4-eb9c22d9e572.png,1
3a03d95c-fea8-471e-b7b8-e8efef2fd4a9.png,1
3a0c1a58-6d13-43f3-a5a0-07d8ecdf7fd5.png,1
3a0c80db-3411-4547-8822-01f6e746bc51.png,1
3a0f9e11-0dee-4e81-96e2-9ce8417270ef.png,1
3a0fb504-c7fe-4f7e-9bf1-98560c74614d.png,1
3a146de9-9044-4abc-b15c-e7e0d18a0704.png,1
3a183229-e56b-4c3e-9d3c-127adec8a2f3.png,1
3a1c6cb8-cb42-44c7-8d5a-925f813427c7.png,1
3a2cbb37-3c4d-4fdd-86be-e304ae5b0bcd.png,1
3a364ace-4994-4be2-a3e2-cab2627c740e.png,1
3a37447e-4d0a-4165-a5a2-74a015de8098.png,1
3a3842d1-d803-4374-a17d-b5a37e8024cf.png,1
3a3e5ddf-0b42-4c84-b13b-8e3ac1e8b2c0.png,1
3a453242-5b12-4bd3-967c-5974d429ac05.png,1
3a483825-5dc2-4318-b0a6-7378f155df2c.png,1
3a48ce85-63f3-4443-857c-1d180ed52e7d.png,1
3a4bdc29-1bbf-4dd9-9fe7-00c42a081bc1.png,1
3a510377-9cb0-4fa2-97fd-3c663e64ec9f.png,1
3a58fb6d-911e-419c-b00e-b7d29918baf1.png,1
3a5b4890-bfe1-4953-add3-a1bb443d862b.png,1
3a5c1a62-279d-4c69-b3e5-394e34518b73.png,1
3a5ff12c-56f6-4ea0-ba4e-82e49b889222.png,1
3a62a3c3-ad7c-4164-a473-939b599fb5be.png,1
3a6a7fc5-350e-4d58-a8e5-397fa81e2586.png,1
3a6bee2a-e8ca-41eb-b33f-5048b9f0e068.png,1
3a6c8986-b679-43a4-aa31-9e9e59b5d79b.png,1
3a711453-b25c-4239-9c8b-080070a8afcc.png,1
3a776e35-1909-4109-aa86-0fd23f023e44.png,1
3a7cb9dd-169c-467e-a5f7-c179a6459d80.png,1
3a8937d5-ef45-4b0a-99f0-3cc01ba6901e.png,1
3a9196af-16e0-4a6a-95e4-426614770eb2.png,1
3a95e2d5-ec7a-4020-a48c-7d61fdb3d0af.png,1
3a9cc5df-5d6a-4401-bd8e-8cd1f0b27285.png,1
3aa0d0a3-61f9-461d-b160-f2f15f5b3394.png,1
3ab3b6ca-609a-4d1b-99b2-571528e637e8.png,1
3ababfb6-429d-4d8b-92e1-4ef161ce0ed0.png,1
3accdbb1-0300-4065-8757-94eb3dd213c3.png,1
3adf7f71-3ded-406d-a08c-a61d152f78dc.png,1
3ae1c3de-e2a7-44f5-b794-b1ef71640d0f.png,1
3ae8caf1-f752-4917-beda-1e34cbc64d00.png,1
3af465f7-7be0-4b58-969b-943499e00946.png,1
3afea858-8721-468b-9e94-b795d195ef62.png,1
3b01037c-d534-4829-9ec8-81119a652602.png,1
3b081d12-6804-4a33-85cd-712a886e4e01.png,1
3b0e8d0a-230a-4483-96c9-d91bb17be632.png,1
3b17bfb9-8657-4b74-bae8-f597877f4227.png,1
3b18606f-8f64-4492-9438-235228fc1ae1.png,1
3b1a0e72-4870-4927-8171-293f1a767bde.png,1
3b230c42-36a4-4f32-a891-2800c14e63a9.png,1
3b266180-6af2-4859-9576-17fd9ab9fff1.png,1
3b26e791-3f6c-4cc5-93be-b690134eeb8d.png,1
3b2cd577-6e31-4b41-8349-dacac273aadf.png,1
3b2d5952-ecd3-4e79-9ecc-908adde0ab99.png,1
3b31b14d-5c0e-4a47-983f-98099dd9f991.png,1
3b3d0da3-cfb5-42c8-a195-6ac03626a11f.png,1
3b3e5b7a-83b7-44e9-8da0-7ca48f13486d.png,1
3b411a6e-270d-48d6-a3db-fbb4635151dd.png,1
3b4a83a5-e755-4b20-b21c-0a0424095325.png,1
3b4b5587-e5b3-4609-83a7-acf33a0b5803.png,1
3b4bd4e1-b078-4d51-84c5-7e5e3905fb24.png,1
3b4decc7-fed9-46fd-9d30-179b7cde4a2c.png,1
3b57df96-2208-4717-9d32-0d54ebbee4fa.png,1
3b5ce046-19d3-4a6e-8664-0a5fa7e1014b.png,1
3b636d43-b04f-4609-9af5-d987d3e12f98.png,1
3b637053-8dd4-4651-8170-080d1a1a4e3a.png,1
3b6538ab-c405-4a7b-9e2e-239a97e224ef.png,1
3b66da46-f0a2-4e41-bd6d-68a8ba799708.png,1
3b75d0e1-a430-4d1e-a89e-672d25ca6953.png,1
3b7bd8bb-27f4-4416-9c4b-d68c4065aa54.png,1
3b84f97b-fa88-424a-891c-e57c3b92c062.png,1
3b8d4df3-3950-412b-9206-1cbb57c7943e.png,1
3b8f18ac-4583-4d1f-b3d5-27b8ee43f5e2.png,1
3b935aac-701f-406e-a4e8-eab033f2cc38.png,1
3b94276b-4b65-4339-a629-0500f0171c45.png,1
3b9bcca1-0ca9-4e93-ba0c-0a6ae1342726.png,1
3ba80992-3ec3-421a-97b8-354f1a5dbae1.png,1
3bb0913d-db75-4c66-81bd-fdd9143eef15.png,1
3bb338a0-7e3d-4248-8731-a8daffa15e58.png,1
3bb9b9b3-b086-4083-ae6f-d1f86c3eb089.png,1
3bba8ae0-61b8-4682-8b16-2e08078878b9.png,1
3bc44999-08aa-4429-ab87-a2958f22b2f8.png,1
3bc8260d-31f1-45a4-bad5-06d0936f9bed.png,1
3bd214a7-b62f-4e31-93c5-9cea5c2a8a30.png,1
3bd6f6e0-c07a-4c22-87e7-53d60de9ad0e.png,1
3bdd7783-a978-415c-b0eb-d57c618d50de.png,1
3bdf49c0-0eed-4b48-b831-1510cffd2d04.png,1
3be59bb1-6183-4c8d-9ac8-4591b6ab90d0.png,1
3be6a4c5-7c20-48cf-ae13-e18a828b3868.png,1
3be6cdab-6c53-43c9-ac23-901a8dbd281e.png,1
3bf6bb05-9ec6-4c32-a8c4-fdd7704c188c.png,1
3c072590-e9e8-4ac2-b9e7-dd1776e2a537.png,1
3c0a97d7-6d90-46a6-a10a-1df9e4064d52.png,1
3c0f1edd-10c2-46da-a01c-a151aa88f2df.png,1
3c112c11-3e6a-4105-bcdf-78e146ca8862.png,1
3c183f4c-967f-41e5-a87a-d8dd5aac0fde.png,1
3c1fdc6b-2e9a-46f7-8dbd-28d4155f9b93.png,1
3c203807-9c47-42fb-b82b-680090451273.png,1
3c2270fa-2323-48c2-a341-1ea0d84d7cee.png,1
3c239733-d999-4dad-ab3b-3b5bf7b893b7.png,1
3c319790-02cd-44d7-bb91-8e758463ac82.png,1
3c329c7a-1dcf-41c6-a3ab-1db886e8ebd8.png,1
3c37c82e-fbd2-41f1-8292-1ff77df2b3fd.png,1
3c3edd61-17dd-4ec2-b434-d5bbe0bbb13f.png,1
3c4a89ed-4338-4410-8848-a0bf226f6e21.png,1
3c4ab309-7722-4a52-a340-868b0417a0cc.png,1
3c4c732b-8281-41ef-bd8c-98f98a1c11fe.png,1
3c5b5b81-50e4-41e4-bd8f-d49d13e768d4.png,1
3c66e4d3-1167-4322-8367-b50e762c138b.png,1
3c679832-d552-4db1-b170-0a82e5753da5.png,1
3c6c4fae-aa8c-4fc9-ac6f-d0970cd37d79.png,1
3c6c5d28-22ea-48f0-a2b5-f170b8908125.png,1
3c6cc4e8-ab85-4053-9844-4f9eded69eec.png,1
3c725c16-4631-429e-941b-3c797df3f901.png,1
3c77978d-d287-470c-9bef-b47836b7fa55.png,1
3c7d89e1-4fb0-4832-821e-5978aa5284df.png,1
3c806302-fbec-46b7-aa1c-62e06ac85cd3.png,1
3c8e008b-261a-4f4e-bbb3-d3651cfd7dfa.png,1
3c8ebe92-dc43-48b9-bbfd-03dbc128d2af.png,1
3c92c85a-acb7-49dc-b732-1b6e203e6d7b.png,1
3c958476-01ca-4d79-929a-5f1ee467ee27.png,1
3c993fea-80ff-42d5-a7ef-e2fb8209e4cf.png,1
3c9b55d0-d7a4-4ece-99e0-3393bf619e70.png,1
3ca6661a-ffbd-4d4d-b49b-c96cfd218307.png,1
3cb2bebe-0b95-42af-9bfe-72aeff44f745.png,1
3cbb9e96-b202-40e2-bff0-176d31500640.png,1
3cbd12c8-6302-43b1-a28c-fcc892540c2e.png,1
3cc33510-2c4f-4e01-b850-4b66183aa1e9.png,1
3cc57eeb-c3e0-407d-834f-2a1f417d157a.png,1
3ccd18df-0b1a-4a0b-ad46-00b602382ba6.png,1
3cd1620d-069f-40cf-a63a-197a3eda9c66.png,1
3cdd4c46-2476-4203-9161-1bdfd56c4278.png,1
3cdfc137-9edc-4905-b185-b27d77cea721.png,1
3ce512cd-65c8-480c-9707-242b3715d3da.png,1
3cec271b-e1db-4485-b3ab-878da8590082.png,1
3cf1aff4-8d32-498b-a7fe-d2a6a5292d3c.png,1
3cf4dbff-f5ff-407e-b902-be8040ed992a.png,1
3cfaf293-a1a0-4130-b994-ad3df8a4008c.png,1
3cfd007a-77cd-4125-900e-e0e014592a35.png,1
3d04aef0-2bb8-4de2-a871-4c814bca5d9b.png,1
3d0964c8-b41f-4e3b-a871-fbaca943558b.png,1
3d0b66d4-1954-4454-95e6-e3888e596bac.png,1
3d0bca0d-9a01-4379-b8e9-3af3b021ad79.png,1
3d1a1f04-fc3b-4635-b1e5-1c7ab62f20e6.png,1
3d1af87f-b6ad-408d-bddc-8bd1f27dd890.png,1
3d1c3cd6-7e88-48ea-91b7-3150c2833bcf.png,1
3d259836-0ac3-4608-8384-ea7b8473709d.png,1
3d294e57-04ee-4a84-acf5-4974a1be2c5d.png,1
3d2acab8-4160-4aa6-8071-4ab0fa1313ef.png,1
3d33aaf8-2163-4126-888b-1596478fe2be.png,1
3d340335-7343-4c65-b23e-4ff5abea13a0.png,1
3d341003-fe1c-4709-a20a-0a543a3e3743.png,1
3d384875-3304-44de-8b8b-40a131a722ce.png,1
3d384d50-e9c5-41d2-ba41-a5437c5dd15a.png,1
3d413032-b091-4f90-a131-17bc1eeb0647.png,1
3d48f4d3-7a90-4ead-8634-b2d394575284.png,1
3d4dfd10-61c7-4305-816f-fde544d1f3a3.png,1
3d505bb2-544e-4e2d-8859-ef33bf31c49f.png,1
3d57f7e9-b198-4478-84c4-063bea92b00e.png,1
3d59faf9-6b80-42e5-b5fb-95048344c92a.png,1
3d5e4188-b4c2-41b1-81fe-a48f6271fe47.png,1
3d63ab2e-862a-4f11-82d3-b9f561e8ecec.png,1
3d7cde16-cbce-4a84-997c-11b9befe3f23.png,1
3d7fb4b4-5e62-4591-aa4d-cbbc1ca3ffb7.png,1
3d824fdb-8d06-4e9b-84dd-67f121be3874.png,1
3d8a52f8-3769-48d7-9460-2df223a06632.png,1
3d8b3936-bbcc-4700-999f-0c2129d07997.png,1
3d8ebf19-bf2c-4dff-9c25-25aa15d1ed88.png,1
3d963020-db86-43c6-8133-21c69cb65df0.png,1
3da1b7e0-888d-4b1b-8304-10d7d609d9ed.png,1
3da7cc6a-7864-4ab8-8842-297650b7db19.png,1
3daf4e31-32b6-486d-8091-4747a365cf60.png,1
3db4f481-4e2e-4dd0-a191-a807ee22a39b.png,1
3dc73486-dbf7-4b9d-9e26-fb24848b16a2.png,1
3dc8aa2f-0e49-47ba-9eaf-1a3bdb189ada.png,1
3dcbf0ea-0175-4f6a-94c3-5cea4380e5f8.png,1
3dcc0fa9-312e-427f-9a03-132bcb72b3e0.png,1
3dcd38ce-8adc-4c9b-92f7-768a33611f57.png,1
3ddd8bc8-e9a2-42f2-b6fc-ef95c5a11d5c.png,1
3ddfe89f-2b00-49cc-ad50-30ac45c8aad2.png,1
3de7efd4-d074-4fee-95d7-4718e4d7df91.png,1
3de892b0-7adf-40c4-9fec-db8a7e5bb5d6.png,1
3df07ee3-c7ae-4bcb-8ee5-5d71c5c5cd6b.png,1
3df3ed06-02ba-49b0-9c46-d146e71cad5d.png,1
3df7c845-1bfb-4bb6-94e0-0fb68e6d1f0a.png,1
3df8778b-822d-4cae-8f94-9fe156c601b7.png,1
3e02b7d7-22a3-4aa7-87da-5947c45f83fa.png,1
3e05a42a-757f-47bc-b968-acd340e29ec2.png,1
3e07be0a-9693-4f9c-9295-9e72b3e2a872.png,1
3e090052-b2cd-459a-bde0-837321f83cf2.png,1
3e120bed-fc23-42ac-85e6-59a28a1d215a.png,1
3e1c25da-aa39-4bf9-8ee1-71b5a0f4977e.png,1
3e28d63e-ac00-4b0f-ac60-c475bcb1bc19.png,1
3e2db6da-3b64-4388-8098-1c4c037ec03a.png,1
3e2f4083-d432-446c-8418-e8c46801d453.png,1
3e2fa4f1-9513-41c6-b520-43154569f8cc.png,1
3e310709-b9b9-49c3-b2fc-cc82c5b8018a.png,1
3e37afc9-f726-407c-84d0-df382e141721.png,1
3e3babaa-b242-4dac-a549-9c87dec28ead.png,1
3e439e6d-97d9-40b8-b201-794a5ce5ff1e.png,1
3e475f20-70ff-4592-9524-5e10aee1568c.png,1
3e5468bb-e835-4781-babf-52c2080a5bfd.png,1
3e62e51c-befb-4a66-b28e-fc469b19e4a8.png,1
3e68ba7b-58ae-4415-a4e0-1698e03c4489.png,1
3e6a9a8b-2203-4b04-8d60-83fb82c1ed18.png,1
3e6ff69e-0090-42c6-97b1-26434f52b19d.png,1
3e75ff4a-a15d-4451-850f-605c3244cb17.png,1
3e7fc50e-d9ae-4b91-909d-1ea4cc9ddcb1.png,1
3e80e9c7-8f9a-4da5-b084-6f3d364d6010.png,1
3e881f10-28aa-4626-a79a-50cc014b7a1a.png,1
3e8eea71-b36a-49a9-8fbc-47749ee2c641.png,1
3e9ff8ec-edfa-4435-a3ef-898b09b234bc.png,1
3ea07f33-3cd8-4a27-b680-8e1bc57aa1b8.png,1
3ea1ef34-b3ad-4af8-8fbd-93e46be01e24.png,1
3ea263f3-acee-461d-bbcd-9641d9db79d9.png,1
3ea67d3a-90be-4e77-a745-a9e323189097.png,1
3eaa3bc8-d5dd-4104-93cd-2c217c6762f6.png,1
3eab8ad4-5d91-4b53-a7f7-9ccc04100665.png,1
3ead6e4c-1d18-4eed-98b9-a1ea9412751b.png,1
3eb19434-abba-4221-bc02-545d97b9a093.png,1
3eb1d6ec-9172-4b4f-be53-ca981f71e610.png,1
3eb94a9c-7597-4c32-8ec4-37d3889fe317.png,1
3ecaa81f-9128-4e65-951a-091280adb30d.png,1
3ecaaa65-d48a-4b92-8b65-cd37c32da231.png,1
3eccadbe-e821-4487-afe7-2bc5f2ee5774.png,1
3ed5e37a-df95-4bf3-9ea9-fab48fc42f86.png,1
3ed75b04-2a32-44a8-9297-0e58441f0e8c.png,1
3ed830ca-6746-47e8-b91e-0cfeeff9f9d2.png,1
3ee3b4b5-b782-4f60-bf1f-b62589e573e8.png,1
3ee66e0c-e360-4e76-ba81-b65f8600ae32.png,1
3ef0d810-9e16-45af-a3f9-8d9bb371c308.png,1
3ef164d4-0e03-4695-bc05-bad84b526960.png,1
3ef72bd8-0acb-4001-a5fe-b16b53318a63.png,1
3efe3e31-90f3-42a2-ae15-70f8906f14ec.png,1
3f040848-3b3f-4cc9-b7e1-eb5bea7a3a7c.png,1
3f0cede4-95d5-48f9-8ec9-1606ef72c56e.png,1
3f13b743-77e0-46a8-8f1a-12caa6007b16.png,1
3f151141-a3bb-47aa-a213-4a90e8c55502.png,1
3f167f68-6cde-478d-8e78-9ae22529c22f.png,1
3f20c5bb-e534-42fe-b3f7-b6c3c4ec01ed.png,1
3f21e402-4cf3-451e-bb19-f28bfbd1796a.png,1
3f24788a-dea2-4936-8290-68b53dd532e2.png,1
3f25e62e-b79f-4cdd-8607-adc010808d4c.png,1
3f283405-31fa-4865-acbc-0be1e297546d.png,1
3f2bb376-afc0-4bd2-94bf-64b55746917f.png,1
3f2c6378-2869-4f4f-86a8-c83cc15d8580.png,1
3f2ec62d-8a48-475e-b6f2-ad2f87ccd631.png,1
3f30761d-5615-4039-a155-0fd26f461742.png,1
3f34c48c-80e6-4a04-9351-6ad809760b70.png,1
3f375c9a-9059-4886-9275-165281dd41b0.png,1
3f37ab54-2eae-4feb-9831-4fbfe65a0229.png,1
3f432d6b-e0a2-4b46-ad7f-e42f713814ee.png,1
3f4eae54-fb2b-4616-a32f-c42f7df570b7.png,1
3f5d46e2-0430-450d-ad40-6b905b283b5e.png,1
3f679b9e-6ebc-4a39-a08b-a1bccc6111a1.png,1
3f702d6d-d83b-4fb6-8078-84c586652373.png,1
3f750eed-bfad-4c3f-b268-8c9f4270cf05.png,1
3f774e0d-f367-4fa2-98cc-82845d21d5f6.png,1
3f797a7b-4239-433a-8131-a1e3585712b3.png,1
3f79f27a-6d84-4ff1-88a2-eb05ff9a5f57.png,1
3f7da5a2-f06c-4b3e-9cd0-0aaa3931c286.png,1
3f7e55d4-fa63-42d3-8732-98d16f2e34be.png,1
3f8d726c-6c25-44dd-b9ea-e7138d6ca20f.png,1
3f9d98ed-1a89-436c-a528-8d34b10a8530.png,1
3fa7ddd4-6491-4809-8a46-fdfc6931ca22.png,1
3fa9f026-6175-4e8d-b6eb-e42bf92ba727.png,1
3fad6559-5289-4da1-a682-df0c97a08e38.png,1
3fbd74df-08fb-4145-abdc-5e27828b3d30.png,1
3fc3e7fb-1fff-4ad0-9900-8874ada57d05.png,1
3fcc1a52-4329-4c61-9a79-f62c237387dc.png,1
3fcd4b0a-c575-40a8-95ce-34eab7025d62.png,1
3fd78890-11cf-4bb2-88ac-0a8e7fc54c61.png,1
3fdcd01b-1029-40c9-be8a-a72876d0323b.png,1
3ff0bd8f-7257-4ba9-a4ae-ae0c9f9138d7.png,1
3ff30575-fa0f-4e5c-bba6-651f4ea724af.png,1
3ff3fc6e-bef0-4d90-a4a5-0eb40c1f7710.png,1
4005e782-c12e-4657-9b29-1707ee6eb08a.png,1
4007ffd5-5e8e-403d-8755-72ecaa2fce43.png,1
400c2833-e303-4822-903a-621dd055712e.png,1
400f9de2-ee62-4c18-8d8b-7c122b688ecf.png,1
401afe9b-4c20-41cc-b52d-21995c71e872.png,1
401b69a0-3d07-47f8-bfea-4bc30aa51403.png,1
40346c30-cf4a-4fe3-a6a1-935ac182a551.png,1
40473564-beaa-462c-8457-59058198bd25.png,1
405599ce-75dc-422c-b058-08022f60611a.png,1
40668cfa-55dd-40a3-86c4-805dd9d32202.png,1
4068843a-d393-45cb-9d08-567238cdc6d2.png,1
40696bda-f0b2-492f-ad2b-f904a7967866.png,1
406aa509-7936-40d8-a5ee-1fe828f89320.png,1
407bc983-cb9f-4559-9e82-8b559e466042.png,1
408c1583-d078-45f4-9369-2fbaf03be8a8.png,1
408d434d-3508-4059-a1d5-2805859bbe46.png,1
40b011e6-7d68-482e-b8b0-664a61ebe21d.png,1
40c31d96-78f1-4d21-984b-db5c143a43e4.png,1
40dbceff-201d-4889-9aa1-2064246fb6b8.png,1
40e09e66-bed3-4fd7-9c73-683784dcf71c.png,1
40ef3f33-d990-4a08-b652-ed4e02e84159.png,1
40f57a2e-1b3c-46fb-9350-558e34b8f4e9.png,1
40fd6a4f-4987-494a-a297-80ba2cfa2dc4.png,1
40fe04af-77d2-4c36-80eb-043568abdbf3.png,1
41159056-4cb8-4937-aa38-ad56a362c673.png,1
411a54f5-4dbb-4684-a34a-df300a20f851.png,1
413d1f9a-dbd3-476c-b71f-ffd23ef38b98.png,1
414e4ca5-583d-4518-9e9a-de70d68dc8af.png,1
415419bd-51a7-4708-8cb9-1adcba6921b1.png,1
417947e1-87b7-439b-ab21-57a54ce3e0de.png,1
418c026a-52a8-4b5f-a11b-5dec2fae20f5.png,1
419e1001-50d6-40bb-a448-57abdb795117.png,1
41abed8d-8781-4564-b0cc-9d4abbfcad5f.png,1
41ad1f3d-60ec-425e-aa10-5833893049e1.png,1
41b00808-a610-492c-b2f5-82de09d84366.png,1
41c35afe-fac7-4688-943c-7127cd7dd136.png,1
41e4abf6-897e-464d-9cec-ed3c51d8809e.png,1
41ec1c4d-4c6d-41be-a305-bb43da76ac27.png,1
4206173d-0db2-4f32-80fb-0bd99d5532e1.png,1
4217397c-f5d1-4890-8d71-5c6eebf8340e.png,1
422d598c-f96e-40e0-abea-f6db2f9945ec.png,1
4240c194-667f-498b-989f-ae7bd19e68a0.png,1
424aaa0a-b9a0-4766-a8dc-46ff4a5422db.png,1
426a8a7e-a02a-43fe-aee1-b052cbf0ed57.png,1
42705f2c-8bdc-4a9d-8e13-864b0a89be21.png,1
427412d0-cf4c-4a13-b58e-6ffdd004c6ec.png,1
42765f9e-beea-4f46-8af4-f1282095662d.png,1
4281b0c0-eab8-428f-893f-06a2291ace68.png,1
42900731-1044-4fca-9641-96c7dd02625c.png,1
42c5154e-192b-4b06-baab-ebecff1d2eed.png,1
42da1a6f-7984-4d82-b10a-603b8e3724c5.png,1
431e971a-2b49-460f-a870-57aa856e56d2.png,1
433c5421-aff0-4b35-b520-1540c9efafe0.png,1
435963b1-c698-4e61-a104-cc500836e2c8.png,1
43e51c0e-1a39-4476-bb12-c04d89783b8b.png,1
43f6b995-26f1-4796-8719-4fe008c7536d.png,1
442882b2-28f4-4994-9ae2-5072b566687b.png,1
444e8478-9c00-487c-8b75-fe72dc480def.png,1
4455076a-577d-4531-afed-17f91bca0ffc.png,1
446ed45f-a926-45ab-a93e-3e047c2c7440.png,1
448c6151-2bb5-4df3-b07e-7f86f3a5737a.png,1
44a23bfa-5c34-4919-9b41-a31f1ff4fcf8.png,1
44b2c703-136a-4e7f-936e-5b9bde44251e.png,1
44b60029-338a-487f-b4a3-7afcaa4f1e41.png,1
44b62adf-2f05-4c3d-9bde-ec2994668c3f.png,1
44c3f553-5e5d-4a75-852b-2f8b8315270e.png,1
44da3869-4815-4f7c-9350-a396d9961443.png,1
44db1d69-388e-4268-849e-852c1f092a01.png,1
44e8dcb4-99be-4173-b406-12d12a53a030.png,1
45128bfb-0967-46b2-a4b8-23ba3f4f247b.png,1
4525bf0b-20b4-4f4f-9149-e32632812d89.png,1
453a9434-2ca7-4a28-b6f3-833b994e6e73.png,1
45415872-fc2a-43ba-869d-5131c57622f1.png,1
457e1b0b-89f5-4f7f-b752-fd8420414b97.png,1
4586263a-a2e0-4484-ac01-968b45a3b897.png,1
45877324-19f1-49c8-90f2-037d0a6ebfae.png,1
45a1e0ab-3eb3-4587-b679-2b2310635804.png,1
45e18056-b7eb-4477-8eeb-7b740b61e093.png,1
45e92e87-9e8e-4783-ba97-c032c17864da.png,1
45efba63-8fe8-4f5f-9adb-6d2eca3f12f5.png,1
4637f5df-19c7-406d-829a-aafa747821ec.png,1
463c04a5-94b8-4969-a725-a58c2b6211c1.png,1
464a8cdb-4e55-48de-b61f-72edb6992e0f.png,1
4672156e-25e5-4bf4-8891-9e0e4a742c49.png,1
467e09de-b9b2-4d84-81af-c7b88314b08c.png,1
4699eae3-390a-4a76-9be0-7646d1a36425.png,1
46b861c5-844c-40be-b390-63008b567261.png,1
46c06db4-948e-4495-a9a1-d4f945a0fb6e.png,1
46c48199-1dcc-469c-ba56-f7a741dbfc50.png,1
46c629c3-b58e-4b25-bedc-c8aabd9b5ad1.png,1
46d60c88-cc89-4a8a-88ba-bcebc581513c.png,1
46da5af2-a757-4670-90cb-5cc59c1e6d87.png,1
46e3db27-f943-4322-b7df-c960c6f0e915.png,1
46fa57be-eafb-4431-841c-3a9258139fe9.png,1
4703da4b-5d0c-416a-9ebe-39d1776bf593.png,1
470595fa-5702-4009-9b56-88549ad8c560.png,1
472dac2e-aba2-4119-b9f7-37939e23e0b1.png,1
4736f2b8-2834-467c-a8a4-49fbd25a18af.png,1
473cc35e-bf1d-4253-891e-5fab620cb47b.png,1
473f3632-c6d0-4a5b-9cab-f1c6d24a7424.png,1
474c28ea-3798-48df-b93c-c90472423623.png,1
47761814-5258-4ba7-879c-a60bb9f68029.png,1
477b167a-6a23-4fa4-bdd7-ed33c6ea7daa.png,1
47a15caf-d139-4fa3-956d-6f8afa5ac376.png,1
47b6aa0b-bd34-42a0-a0ad-469a1c6e3e1e.png,1
47bb2ad1-6ee1-4bd2-858e-ade3df967177.png,1
47cb63e4-4f88-40b7-b4d8-725fdc053c28.png,1
47cb6d42-b61b-4cdc-b865-b26f2196f979.png,1
47ec1b70-a18d-4c98-a313-4999a4059742.png,1
47ec2841-0ef0-4fa0-8678-732fb8d23db6.png,1
47f08678-452a-458c-9933-ccd0f1126f20.png,1
48029094-265a-43e6-9e29-455237085578.png,1
48235c65-9a41-426c-b695-a01590d15333.png,1
483d087d-712d-46eb-8f5f-eaa1a53ec2ed.png,1
4840410d-437a-4340-86b8-4571051d30b8.png,1
486c3a4e-e899-44ef-b89e-f5f808177b91.png,1
489a175a-4c5c-4b7f-8fdc-cd8514404dbe.png,1
48b71876-62c7-44c0-91b1-0952bbca6291.png,1
48d31260-a62e-4b8a-9d3c-cdc6da1a962f.png,1
48defac0-fab6-4c3f-9d1a-0ba441d599ec.png,1
48e264dc-d8d4-4e82-aa62-ed0174d321ea.png,1
48e340be-50e5-4495-9a4c-2f934435903d.png,1
48e7614f-7e6f-4b42-9e48-c1c674c802e0.png,1
48ea9943-604a-4f7f-bf84-22ef754c5e2b.png,1
48eb6bcf-ddda-49f3-9f80-5a7a11b5bccc.png,1
490984fb-c110-4d82-b779-11c70ca9f0c9.png,1
491ff1d8-9dc1-4855-96b0-874870c611e0.png,1
492b37bd-b835-4096-a23a-b7ce37fa4a9e.png,1
49300dbc-f609-4c80-be6c-808222542479.png,1
4955984e-afcd-42fc-a3dd-1daa3df12f3e.png,1
4956c94e-ac73-49a1-ac87-f0092e7394d6.png,1
497a4c59-3101-4257-8c12-f052cb1aa116.png,1
497c6936-eabe-436c-9def-6a4d129b12d3.png,1
49b96a4d-7bfb-49f2-a31f-932371038652.png,1
49c04987-96af-4edb-b560-53c56a357cac.png,1
49f0fa25-89cd-41a7-9c70-4d7d8d9be572.png,1
4a2078dc-3789-43b2-a31e-19014d4fe3eb.png,1
4a2fec02-fe01-42cc-a1fb-a1588b147f60.png,1
4a4be7b1-6a74-49d9-b0cb-d9aef48f990c.png,1
4a567c8b-ab4e-4c3a-a053-9a23b087545a.png,1
4a699c93-97ed-4b6e-b36b-e58088eb24e4.png,1
4aa7db1e-ea71-4b63-ae8a-877244ae1e06.png,1
4ac05784-cc3a-4dc5-95fa-9367d7d898a6.png,1
4adac412-738d-4b9c-be5c-200d616d0d59.png,1
4add9b3e-0e87-4875-902d-2f685166ce01.png,1
4ae0b788-62b6-486c-a95c-76764250c086.png,1
4b048bdc-0a0a-43ed-aa0d-5971e433874b.png,1
4b0cbffb-4974-411f-ae98-553830c360f0.png,1
4b26d000-be82-4426-80f6-d129ff2e8c7c.png,1
4b85f617-4e30-404c-b9c1-5e9b8776dfba.png,1
4b8b9a8e-c100-46ad-9a21-5699b33656bf.png,1
4b8c3f3e-19ba-4883-866f-bdc033d40d87.png,1
4b97fa74-037a-4042-91aa-4c679535b187.png,1
4b9908cd-9433-431c-9626-7e7590ff5978.png,1
4ba30648-7755-4012-89a0-ac40c5acad6b.png,1
4bb57856-c155-4099-bcd6-d254547994d2.png,1
4bfc4e8c-ee7b-4997-bcdd-e0734cba30b9.png,1
4bffacc2-e2b5-41b8-a5c3-804b8466bb47.png,1
4c2a3eec-38e9-459a-980c-545d0c50f7bf.png,1
4c30e2c4-f7f6-451d-8ce9-d065ff7c4b36.png,1
4c645f41-0960-4544-9ec5-706d70db8c54.png,1
4c665597-adbc-4583-9d9a-20cc0d8d00d0.png,1
4c7fc3dd-9dda-4ee5-85e5-9b6136e1ce64.png,1
4ca78474-f750-4feb-adb7-47da99bf4255.png,1
4cb68d48-e377-4079-a094-2b863723204f.png,1
4cdde362-4086-4e59-bb96-c0f38b20568c.png,1
4cec7c74-e39a-48d0-8ec5-2b04ad0bfa3e.png,1
4d2edbba-09ce-42b9-9ca7-032f14a76a66.png,1
4d43c0dd-d87b-4ccf-83df-c82be5ea2aef.png,1
4d5ca402-e14a-4b6c-86cd-d25512b31047.png,1
4d5d6c72-d216-4b0c-a277-a24ba9151f32.png,1
4d64af6e-6810-4ca7-9b78-c8868a6ba248.png,1
4d8dd9fb-db10-4e3f-80ed-ff69ed8d799f.png,1
4db53f6a-d873-4ef7-b321-f505473504e6.png,1
4dcb986c-d32b-4acf-870b-342a42da7617.png,1
4de82994-1662-4fd2-ae76-e70667dab381.png,1
4df56375-c7ed-4402-9f8b-523a2f26ae5e.png,1
4e00fa41-f9dc-4826-ae11-3c2c0d056ff1.png,1
4e27dfb7-0951-4b29-9851-b28d24f9b9f3.png,1
4e31aec9-ea07-47c2-8712-678976de22af.png,1
4e99be88-ebed-4cb1-ab69-09764a51c417.png,1
4eb0ed96-3ad3-4608-8a3f-2012fe203df6.png,1
4ebf1975-7346-4f23-82b2-17f8e18dce6a.png,1
4edadee3-ed63-4cb8-bced-20db6b38d0cc.png,1
4edd32a5-7960-41f5-a68a-df4744f3fe21.png,1
4edf6d79-0dc8-4b45-b40f-2bdd0665e115.png,1
4ee60076-67b2-46f8-965e-29c167a30cd3.png,1
4f1112bd-389c-4689-988f-14f6ff4687ce.png,1
4f146c9c-d0f0-41ae-b9df-e0f7a7c75328.png,1
4f2fc5ae-4c6c-4022-b012-6c809e78759e.png,1
4f4289e7-3e09-4934-ab15-bd5c25546061.png,1
4f5bd645-8b4a-4377-9e31-1ee3b5ef0286.png,1
4f7604aa-98ef-43c5-a0f4-6b4b043bd7dd.png,1
4f781277-d540-4cd6-b405-4f215281d78e.png,1
4f7c7705-738d-4ab2-818c-1fadc70c1fee.png,1
4f90568e-6ab1-4e42-8046-4b65529217c0.png,1
4fa69712-d57b-4ea9-bdf3-40cdc03f02ff.png,1
4fabf46a-ceec-421c-bb64-8527b44aa576.png,1
4fd82276-a900-49e3-8282-ffda6edd6068.png,1
4fd86b92-7ee7-44b7-8b94-7bafbedfaedd.png,1
4fdb5a1b-7bb8-4133-aa82-2c051b94bc2e.png,1
4ff92c49-7068-4dc6-8cc5-8e551e7f8db8.png,1
5003f421-e6d3-4c2c-b713-eba27a9078c2.png,1
505e3473-fe7f-4c3e-8684-b7f9ecf1d052.png,1
506792d8-848b-4ed5-ae27-000f116aa3b4.png,1
50cb1cac-baba-4a4a-bad1-d12cee21b2ca.png,1
50d01d67-020b-4806-8ceb-b2838fb8709c.png,1
50d934dd-f974-48c2-b021-f40b9539051e.png,1
50ddf7a6-1051-41ec-b2c1-b2f9aa46d7c8.png,1
50e589e1-e878-4994-b29f-ce9d731ac2db.png,1
50f7689c-9b02-4553-b96c-000d70d45d50.png,1
514fbabf-3986-421f-81dd-fa99d8040082.png,1
515ceb83-83d3-4d20-944d-14394023a5d3.png,1
515d7f97-f72a-4b82-aa13-c33c88f379e5.png,1
518063cc-d0f4-44c1-9589-af6c046c6dcf.png,1
51b0e89f-608a-4040-9d0d-694ebe072c28.png,1
51bccfa7-c788-4b2e-b5e6-17db32b1009e.png,1
51c42643-1a55-4d9f-b9cb-1fd6846b22d3.png,1
51ea5b97-a5a2-4ba0-9090-b85214c43c04.png,1
51f540ba-aad8-4e1f-bc8b-7373d3d23ee2.png,1
51fbcba7-7bdb-49de-818c-066ec4ff155f.png,1
520d385d-0571-4204-86d5-15d7b63f04b9.png,1
52116588-449a-47a6-85fb-3672c149d7f0.png,1
52188e35-d9e9-47de-a3c9-71a22f5de52c.png,1
523ad7b7-2430-4621-a90d-02d0e33f99a2.png,1
52437d77-5a6c-4765-ae7b-a2383cac50aa.png,1
524f5b87-d37d-4287-b7fe-0e7d05fa9d25.png,1
52510771-8dac-4123-9d82-6a8df9ce0a50.png,1
52523b06-76b3-4a00-aab3-f27815a378c6.png,1
52816546-4463-4a7f-a120-7d492a86a524.png,1
528d7356-ba8d-4d21-934c-9557d0fe197f.png,1
52ba9595-c55a-43d5-88f2-6ae572263e49.png,1
52c8dcfc-eb27-449f-aeda-b14412989a4a.png,1
52ec4779-e0e9-4b01-8b61-a2222cb76a10.png,1
5337cc53-2e5d-4583-8173-c130cbe8fc74.png,1
537cd661-6eba-499a-a4bb-2f442897db12.png,1
53872ba6-efa0-456f-80bd-bdb4ed66fc59.png,1
5388b543-b3cc-4d17-b620-e9defedd7715.png,1
53a939bb-ceff-43fe-a013-5b3179dfc804.png,1
53d4697b-98ba-4dbc-892e-a602baec576b.png,1
53d91b9d-2b76-4f28-bf6a-f1b79effc6e6.png,1
53da51f9-d894-4a24-9d1c-513b6c1433f8.png,1
53e69b04-f8ec-467c-911d-a039065ec631.png,1
5415656d-d814-46c2-a8c7-ab2831c42a91.png,1
543f4f16-4b7f-43bc-8d44-da66513c58b0.png,1
54539347-4e0a-4b42-af9a-420d5f0c95e7.png,1
545a0775-e301-4093-860f-dd10ff6dde3e.png,1
545eea70-f537-42bc-95e6-79e0c59f4c68.png,1
54992aed-342d-4ef3-b938-ed89aea56d7e.png,1
549ee5af-e19d-4483-9f7b-d3025dbb1979.png,1
54f4c62e-8ee3-458e-8468-8cc7b3042169.png,1
55211b4b-62e6-4d9f-8b0b-72525ed68e6f.png,1
553e5581-e9ac-44da-9a81-a95ed7320afd.png,1
55521950-18eb-4dd0-abc3-52e52466fcdb.png,1
558be737-d2a6-46f3-ad06-cd8af95b5d36.png,1
559415a8-f9bc-40ed-9ac0-0f60104e7e9c.png,1
55bc511a-5207-4316-b23b-d7a78a47737f.png,1
55bf665e-e53b-4320-baa7-4fdaa54447db.png,1
55ca872c-8c78-4f06-b0e2-718c2c200e54.png,1
55d5a0b4-ff06-4c41-8aee-d3d49febd027.png,1
55d80d80-afcc-4b9e-ba27-fed14edd99b6.png,1
55e3d725-ec64-492d-81f4-b8caa6c4c539.png,1
5620c301-4fee-478e-bdb0-124a00010443.png,1
564eac4e-bec9-4cd6-94cb-cc6ba78983b9.png,1
56511fc0-4881-4ba9-bb78-d5b3a600cf6f.png,1
565ebdfa-d002-4503-a1fe-855657522eb8.png,1
567f81ac-7be3-4663-9a3b-826319bcd6ba.png,1
568694ec-5807-407a-8c10-40d0831e367d.png,1
56879516-a43e-49f8-a482-8df58d7c4c3b.png,1
56a9a226-789b-428e-a1bd-303f4d7a2f1e.png,1
56b5e2ac-86d7-439e-b061-2ce718710d76.png,1
56b6e64a-0697-4768-a23c-11e2b2cbdea3.png,1
56b6f280-7857-4623-8f9d-4f0c69dc71a6.png,1
56ca817b-e17d-4b2b-95c8-d544a7786124.png,1
56cd86a4-bfdf-403c-b6ae-b9eea812fccc.png,1
56d45b74-a679-4ca1-bc70-822edcf8a015.png,1
56d828a4-3b3b-4ab1-bd49-45da987f8935.png,1
56d96f1b-0a2f-40f9-8d6f-dc2744ba04af.png,1
56dd1ee4-9568-4763-9a1f-36b6df629329.png,1
56eaec61-0b13-41db-ba1d-85075dbc0b7b.png,1
56f44a88-2d8e-4910-9c41-46684fd1fdd4.png,1
56f5bc59-c8a4-4cca-85b9-7b704532b3bd.png,1
57006321-67ba-47a7-81b5-714bd8c3392e.png,1
5711b0c6-2b21-4b72-b036-c1b3160cb6b4.png,1
5735ead4-b24d-411d-8151-e3bf27f8f0a5.png,1
573957bf-09b6-40d0-aca6-389696465e7b.png,1
575014d8-3cea-4d15-9c5b-5b7323131fca.png,1
576a7e67-815c-47fd-a603-fcdab510ac78.png,1
5774a68f-e370-4522-a1c2-cc03e2bfb3b6.png,1
5776eae9-886b-4027-bcec-4ade9a431014.png,1
5777035e-6415-45c0-a12c-b85f01256574.png,1
57835e6c-04e7-4e8f-9570-da0a6bef6b31.png,1
57880594-01e6-4768-bd1c-b943840d6040.png,1
578e3b58-53cf-44e8-9d2e-81bd47ec7edc.png,1
57a3b6a4-4b5d-4436-b526-275ba2586b46.png,1
57a82f17-448b-411d-81e2-2f40e84510be.png,1
57bffc6f-1656-45a2-9e49-e28d1dcbeee1.png,1
57c7a66f-46aa-40cc-a1fd-67511f5d67f7.png,1
57d11808-6e38-442d-b908-b5da489f73e3.png,1
57ddcf7d-96d4-4529-a2f9-9d3c9d25ca89.png,1
57ecf732-8919-406a-a0d2-d74622cdf302.png,1
57efac0d-fe0d-4fd1-a986-8642a0a0fe6a.png,1
5803ec5d-f374-4c19-b7f5-93e12e5a2eb2.png,1
580536eb-6002-49c0-ac65-d330e36794b9.png,1
580ac649-504a-472d-abb8-0d53d82fc801.png,1
582e641d-ac17-43b5-89a0-453555dd152e.png,1
5845fac8-a76f-4012-a19e-e6b1f2815f90.png,1
5848e2cd-4a74-400f-8fe8-f78c136a2ec3.png,1
584b8c84-e2e5-4a88-b650-d97308671fdd.png,1
584dfe20-9b9c-476f-80a5-90204394360e.png,1
584f7e37-6bbf-4194-b671-61bcf49c56e5.png,1
58508fc2-0fd8-4c2a-87ee-a3bdda7cd9ff.png,1
5860110f-acc0-4361-9c51-7da5f5c102ce.png,1
5871bd61-108b-4c53-bc24-c20522d56061.png,1
5893d5cd-50f1-402a-a8ad-55a49f0f5ebf.png,1
58aaec2f-31f1-42f3-964f-815347480fb6.png,1
58c76b9b-8d86-49b2-8fb1-101e7c6af075.png,1
58d2ffd9-f5a7-4215-9ca8-3b41536a989a.png,1
590adf90-b0e6-40df-9500-85b6bfd85e21.png,1
591142fb-40d8-4c86-81e3-f6437d671c37.png,1
591ef0ea-6a2f-4079-9bc2-20c988507809.png,1
59491c73-0991-4643-9ddc-3475e02b14d0.png,1
594d0672-dd1c-401d-ab95-598b28a480cf.png,1
594df72e-4237-41a1-8712-73f91c596cb4.png,1
5973a2ae-a2f9-404e-930d-0d7c96f756ef.png,1
59751586-7297-4037-a4a2-faf0a96cb7c3.png,1
59a41481-07af-4816-8e5f-472ad42febef.png,1
59a7bb86-70cd-4b0f-9f17-330e2a76f4aa.png,1
59aa41cb-ece4-46c3-8ded-a26ed0284271.png,1
59cdf0f8-72cf-414c-8c16-1140498012c0.png,1
59ceee49-67e6-4a01-99e4-98e554fa6794.png,1
59f84187-780f-424e-a5fa-0cd4f4098e5e.png,1
59f86f85-1504-41f2-b6e7-51394fd65ca1.png,1
59fbc2d1-41a6-4a64-ade7-9b951273184e.png,1
5a18b41e-6e23-4fbe-a55a-ef6cfb027b0d.png,1
5a1edc6c-b8a9-4b7f-870a-4e5f867cca33.png,1
5a4a8c72-7042-41af-9869-32cb8d493110.png,1
5a4e67d2-ce41-426c-a695-b98fb6e0a276.png,1
5a7cc989-874a-45e2-bdb3-9967f331babd.png,1
5a8415b5-f658-4d37-8144-1aa22420f84f.png,1
5a86544f-f65f-4a0d-b9be-8fe05da50413.png,1
5a884330-8bda-4ec7-a502-677150e3d5f7.png,1
5a8e51d4-1b33-45b3-8f96-5a4027462cbc.png,1
5aa43eef-1877-40eb-ba8c-6001452f7d89.png,1
5aa4469e-a36f-4ca9-b6e1-f0bc9dff2653.png,1
5b19a5a1-d627-495e-80dd-c367f34a448c.png,1
5b19f8e2-420c-42a8-82d5-5e1e5d30939b.png,1
5b1b89b6-59e7-4275-b68a-5c0c4704d668.png,1
5b35df82-9440-4634-9a28-406e1819cd4e.png,1
5b4100a0-0646-48c3-86c0-43f7c43cdfd4.png,1
5b684669-0ee0-44ff-851b-e2f6146c7e30.png,1
5b6ae851-f240-4a3e-ace5-c8f61853c872.png,1
5b6f828f-98b3-4a29-b93c-763594d135fd.png,1
5b72c6d2-e7eb-44a6-b625-78d2ec0008f2.png,1
5b795813-0205-4879-9bcb-69b7a417316f.png,1
5b87ecdd-73ea-4dea-887c-85a52c6d2f9f.png,1
5b924690-7a86-49b8-b36e-1d12d5f4fff6.png,1
5b9d346b-8f6e-4ebf-8865-0c1ff9baac49.png,1
5b9dbcce-4621-4180-bd1d-805b3ce9d7e0.png,1
5ba8be0b-f11b-47c6-a91c-fe62c0ef516c.png,1
5bab9e56-d8ea-47a2-8848-fd768e4a52af.png,1
5bad55a2-06e1-4ee9-8fbd-555a1f75e647.png,1
5bb67504-f09e-49f7-9c4c-03b43f034fa1.png,1
5bc12970-af13-48bb-bd12-a5cc72fb7154.png,1
5bcc2f5b-46d9-4e87-bfc5-b4808ec4f13a.png,1
5bd3e1eb-3b86-4531-8b6c-049a37fdd8ad.png,1
5bfdc9ee-e21d-46e5-bbfc-20cea10c3175.png,1
5c0149ad-fbb6-49a3-bd2d-de30ee0db938.png,1
5c08d026-9acd-40ab-abb9-141bc3b6afbd.png,1
5c0bb75f-a4d1-4070-b40d-6fff71138147.png,1
5c0e0efc-38f9-4335-8283-77502ffd5738.png,1
5c1e55b7-e799-436f-a366-d7474c644e8a.png,1
5c251c5b-f578-4c22-a373-d5973a41076a.png,1
5c26b94b-78f6-49ff-95a7-a2e4fce83778.png,1
5c50e664-6bcd-4c92-b4d7-aa6a6fb1f46e.png,1
5c516953-ec2d-4859-9334-3e6ed90d4ba6.png,1
5c643f67-e321-4f90-bcd0-58c4517561a9.png,1
5c65a8b2-7873-4490-9fce-ac4fe0417ada.png,1
5c666895-9341-42c3-8e52-af6d4650066c.png,1
5c71c9c5-9ec5-4db9-be98-32f960fb02eb.png,1
5c832734-cfe3-4602-9b28-f71416e62fa6.png,1
5ca1b422-48da-4b44-b98e-152ea6f5f25a.png,1
5cb11c59-6ba7-4f94-b9f8-12927ffb8981.png,1
5cde22a6-dc4b-4306-8af7-a81baa15734b.png,1
5cf12272-d4ee-4ac7-a6dc-278500dfd009.png,1
5cfe7d99-d956-479c-85cf-7f8d65465f5b.png,1
5d1d1eb6-1c43-416e-b280-7aa689c4589a.png,1
5d1d4b97-459b-457a-b7cd-729c494ddb60.png,1
5d36ee43-66c6-4d3c-a3ce-9a82b054b773.png,1
5d5f2759-c1af-454a-86a1-5f190fa0f001.png,1
5d76b90a-e59d-4031-a49a-fca0f14aef78.png,1
5d8dbcf9-0d68-4aec-8638-b0a9f45d71d6.png,1
5d911996-656d-43cb-af29-6ff04cbf752f.png,1
5da4ae85-379e-4c15-b67b-340296982a10.png,1
5da671da-84f7-4847-9995-334ecf044f86.png,1
5dbb180e-0145-49a7-a6af-dffb8718fb96.png,1
5dbb418a-7dc7-4ceb-a3f0-956b28b39734.png,1
5dd4d7bf-e9d6-4660-aa90-c405ac7dc453.png,1
5ddf194a-9266-4248-90a2-ddf0573aa569.png,1
5df1e543-92ca-42f2-94a8-7446f944a1ba.png,1
5dff9c58-6243-4f60-8ac2-09caae7a9921.png,1
5e0d73fb-b207-4bab-a1e5-9d6b3163520e.png,1
5e30641a-d90c-47f8-a798-76155850846b.png,1
5e32bc94-2e3e-4774-8823-a199e26b024a.png,1
5e36040b-0804-4c66-a879-32afdacf18ce.png,1
5e3c7f02-5622-4d7d-83a3-6555eb5839d3.png,1
5e3d34c0-03f0-4c4e-86b3-ecffbc624f87.png,1
5e3da45b-f7b6-4948-aad4-7a37cf9cae5b.png,1
5e528963-b34e-4605-be13-8faaa2b0c65b.png,1
5e61818e-7ea7-4580-85e4-b1d0e3b88ed3.png,1
5e79685b-7bcc-49d2-986c-e3d07a319a3a.png,1
5e875cfe-01a5-4433-a953-f460c315838a.png,1
5ea7521b-b287-4ddd-ac55-14e05c75d62e.png,1
5ead2889-223f-4fa3-a540-04495121c121.png,1
5eb5e5a8-076b-4bf8-ae80-26f6334e8790.png,1
5ed1cd5c-727a-4952-8ac0-52992df725f2.png,1
5ed67fd4-8c5e-45ef-9d0c-1f8fef1e2fc2.png,1
5f016f29-19c6-4895-905b-354bae107073.png,1
5f04038d-8c7a-455a-a2ac-8582102d7227.png,1
5f1863c0-7804-419a-878d-b9719f354b22.png,1
5f1d47f7-b5e6-45fd-9393-fbfafb495c4f.png,1
5f3f0adc-0d3d-4fbf-b24a-e2b1ccb4af93.png,1
5f40e828-88a4-4f07-8286-b5446f4d4790.png,1
5f47b009-71fc-40d5-8c16-278331ecb652.png,1
5f52ae89-20ba-4536-8313-4395f5742f49.png,1
5f5a17ca-f3c5-40d3-9e81-6adb42e45a05.png,1
5f60e810-6c24-4c0f-b768-ed371e544a10.png,1
5f65bee6-5413-4c82-9f73-415793e1bef4.png,1
5f8240fa-94df-47ed-8f8c-3eca1f92bc28.png,1
5f8ecc2d-d8b8-4974-b327-7920315c55aa.png,1
5f9dcb8d-95f7-4d47-9e6b-34dd8101b6c0.png,1
5fb1f7f4-d9ee-45d0-b335-fed129ce68dd.png,1
5fe137e2-d416-4f49-b685-6a3fe5367910.png,1
5fe5ff08-5be1-4676-9bc7-4395b67514aa.png,1
5feccc14-e51d-4c12-bc60-4cdf83014ee2.png,1
60370334-2b17-4c9d-a05b-b5746bdaa3b1.png,1
604a0eca-1494-47b8-a49b-713d24d070f9.png,1
604e0958-831f-40cd-87ff-08fe60c9890d.png,1
60670c26-f00c-4139-973e-280d02a2d74d.png,1
608623de-7a7a-4988-8e94-61d8a0a1cbd3.png,1
60930f08-9007-42ae-8c36-68442442c6b0.png,1
60a47ebe-6e62-4691-85cc-d45a27aaacc9.png,1
60a5f9e2-e144-4804-be95-0c7634cf889a.png,1
60ae6dde-b322-4c93-ad89-1b061fa48098.png,1
60c027e6-b1fc-4064-9e9a-2301d520a19a.png,1
60c3a86e-4268-45f6-ae8c-003a5833287d.png,1
60d168f2-20b8-46ac-b873-4293e0cb5728.png,1
6108f7c0-96c4-48e6-994e-32e3cbeaf8d7.png,1
610ea636-e9df-4a9b-a396-867c06d10cb1.png,1
6126c957-5789-4264-86c9-9fe21c0498b9.png,1
6129213e-1ab7-465d-a84d-e871246fa712.png,1
6135977c-f19e-4a7f-9e11-6fe03805e750.png,1
6146d693-14d6-4039-951d-3284cb2a034c.png,1
617d8a06-9de7-4b9e-b7c8-a9c234a44602.png,1
619f82fc-2d14-469f-8d00-4d7f2db77c1a.png,1
61ac1cd2-a064-4983-8abb-9c9c06cfded8.png,1
61ce0cf3-07e0-4969-b724-beecc01f8447.png,1
61d1d633-b916-4c45-bdd4-cbd800153f00.png,1
620ef67c-0975-48e0-88cd-170226a62e8b.png,1
62127739-ede8-468f-902d-51260da4dce3.png,1
62158463-7464-4781-86b2-f43cf3f1833d.png,1
6222228a-e831-40b9-8d5e-eed896717642.png,1
624a95b9-354b-415e-8bcc-382c6510469d.png,1
628a64f3-01e6-48ae-9430-57e5a4f7b188.png,1
628cca99-9eb5-43e0-84ab-8a8f113aae55.png,1
628eea1d-9db2-4a99-acb3-0d846c3ac48f.png,1
629df578-2436-419b-9393-8ed83e2bda8a.png,1
629f59dc-5e5b-4c71-8201-308827e78873.png,1
62b4b084-06c5-413b-a365-ef2882ca98ab.png,1
62b8400b-e127-4874-984f-e34e08152af0.png,1
62bfeec8-bc21-4903-adf0-5aeff23ede5b.png,1
62ce6e7f-e6f9-400f-81aa-1efd9301e256.png,1
62e7f210-65e0-40e1-ba52-8c21b6e767e9.png,1
63001e65-eab4-432f-a166-acd9e9262470.png,1
631d3a80-b2a4-4230-8d82-d141d3a8f064.png,1
63271b16-59f1-46db-af92-63570f893222.png,1
6327bbe9-a523-4204-b542-028c366d9f11.png,1
6329ef20-a219-43c4-a437-e15622f8c0ac.png,1
63450918-0bbe-43ac-9d0f-22bed387dfdb.png,1
6365ff26-72cf-4428-8610-66aab9c787c9.png,1
636c69a8-5df4-43a5-b723-fd6372cf7f89.png,1
637a9c51-38d9-4235-94f4-8730bda885b7.png,1
637b1dfe-c876-44d8-b5a9-e5ebe3663773.png,1
639a7b70-1b46-42c1-bc8d-05b1861292ef.png,1
639b858a-eaf2-4605-9a90-25a07876421e.png,1
63a260ba-f241-477c-9319-74f01d50e335.png,1
63c27990-e4e2-4c0b-a53e-040929938de9.png,1
63daff08-6af1-4f59-b438-773c688af1ee.png,1
640743e2-59ed-4859-b25b-eb92f351cef0.png,1
641ead6c-0e54-4a5f-a3c3-e49d137ce16e.png,1
64422f2f-ef37-4a5b-8f2d-0b3b3d7ccde0.png,1
644662c0-c18a-4f1e-bccf-f0b222d99f59.png,1
646917f3-2303-43ef-acac-37470021e91f.png,1
6470a79b-e277-4f10-80ab-5d5484a010af.png,1
647b7bbc-5cfb-4776-b157-838a4264d318.png,1
648d7073-547d-4ce2-b91d-87436e5e7abf.png,1
64965325-3bb3-41f9-9377-b19ec6110048.png,1
649895e4-23f6-4e75-baad-3210eadbd9fd.png,1
649bf5e9-8164-4a1a-b96f-b9e7475e758b.png,1
64b36fb9-40c8-431a-abd2-6b9170f52db6.png,1
64c717c5-62f8-4434-b967-350679a2d4b9.png,1
64dd81eb-6c14-431b-ad5f-520297c62f97.png,1
6520137b-c98c-42be-9689-dbce52e1df6b.png,1
655aff3f-1f68-4148-9d5e-c82548653b36.png,1
656ac314-64a2-4281-8a08-6596c5c5a20e.png,1
657e2cb9-e776-4aad-80a4-f3826adb26eb.png,1
659311dc-e5f9-4150-90c6-65e762f170e6.png,1
65a4eba0-f1af-4eea-bb11-03b9957b36f1.png,1
65b5430c-faff-4993-a138-f2cb1fb2ad06.png,1
65b87566-709e-4b0f-b4bb-55020515f6e7.png,1
65b922a3-2b52-4acf-aadb-16f3a946165b.png,1
65c77a9f-d874-47b4-83c8-3468e5100908.png,1
65d36e7a-f867-4bbf-98fe-f6ce549cae87.png,1
65f038e8-a727-472c-bb76-7a71cd4397f2.png,1
65f2119b-0e72-4f6e-9ec6-194f56b5b07d.png,1
65f61ec4-b763-4d94-93ef-135e22717e12.png,1
660413b7-c06e-4194-9157-be698934cbcc.png,1
660423bf-1b7b-43d8-9d9a-ec96ea1afc1b.png,1
660de8ab-b176-45d3-8a0b-faeab54c07f7.png,1
660f30ba-71a2-4066-a469-0aeacd155d2c.png,1
661ca6dc-2132-4e8b-bac6-67add068a186.png,1
66412414-434a-4a66-97e3-68bf804d8a4a.png,1
664cb381-ccdf-4c19-8a86-a664d402221c.png,1
666dc889-847f-491f-ad5e-300f859dd70a.png,1
6672d139-1fd5-42d4-9c2c-55b25002e6ed.png,1
66a4d456-d66e-4341-aa83-b011427fd9de.png,1
66ab31a6-be10-4f4e-ad4d-b4aeb9371271.png,1
66c52ba5-c91d-4f0c-af96-18148fd9dd66.png,1
66d6805f-88d7-4f0c-b7c5-7a702c3bd70b.png,1
66dc3433-430a-4625-ab04-ba239d8af9be.png,1
66dd2ba0-b107-4261-8acd-6a6a782f1d5f.png,1
66f69589-bf3b-4083-b226-79c68e030099.png,1
670d7af7-4422-4f2e-994d-96179316a71a.png,1
67125768-f10b-4605-8e7d-f0202b32df4a.png,1
671508a1-7593-4563-904d-d7055e85d809.png,1
6720f41b-840e-4c71-bbd2-838858ab2281.png,1
6735932c-c8ca-45d5-be56-1ff682a3182e.png,1
673a442a-9862-4b7b-83ef-9205c4c9dc1a.png,1
6756a810-a4d0-4e64-9ea0-df78a7dd0cc8.png,1
67949b55-7b2b-41be-becc-70f86797db4e.png,1
6797dfe0-ba4e-464c-9644-8c1022b68a25.png,1
67b858ef-f3ff-4c13-b473-3d8ec8ef889a.png,1
67b8ef8a-5285-4eec-88c8-8f4fe53f0f6e.png,1
67bc7433-4582-493a-af6b-82d0383d9c32.png,1
67ce8121-c2fd-493a-ae78-f256b3c1b0f0.png,1
67d3851d-3518-4f78-8386-9ef96574e1fc.png,1
680d309d-3aa5-4883-ae61-1b211286f5a4.png,1
6821b958-8b00-40f0-8ec2-8912d21acfaa.png,1
68276cbf-0a10-439b-905a-6cefb1e2fdf3.png,1
686caa6d-9f3c-4a1c-87fb-84063fe336ed.png,1
686f3f50-0432-4f11-9bd8-63dd369af840.png,1
687fbf95-5c46-4699-8b54-ee8e947226ca.png,1
6882ecfb-e577-42f1-9cbd-5f6408ae189a.png,1
688a3275-9225-4e2e-b719-0c754d6b222b.png,1
68abf087-9790-4441-b12d-75ebc081ca4b.png,1
68c5169b-377b-4025-a26a-1e941a55a667.png,1
68ceed79-9969-4054-9631-b1c84808d6e8.png,1
68d4ee73-479a-4e8c-beab-6822aa605a0f.png,1
68eede7b-2f55-4d00-8158-a0801fa7193b.png,1
68fce9ea-3122-49bd-8968-85e8f9315c83.png,1
6917d6dc-90c7-47cc-8169-f02d0df8a0aa.png,1
69220eb7-f35f-4620-9a62-cd5478fc9f99.png,1
6951acfe-67a2-4dcf-a1a7-638dbd3ed528.png,1
695e33f8-31d1-467e-add2-f05041880b28.png,1
695fc74e-72d0-4bcf-a9a9-a75e99fb7306.png,1
6966f0a9-201d-4ec6-a077-fe9d77c199eb.png,1
69692a08-ac46-407f-938f-a781b55e0752.png,1
696e7d33-e966-462c-885f-65d496899f35.png,1
69702abd-0555-4e3c-bb6a-f73a1d47adfd.png,1
697491a0-2dfb-4d33-ace5-e824a637215f.png,1
697ba0dd-6546-43b5-bfe6-f331fb96e0fe.png,1
697fd96a-05c7-4d2f-8e1d-ad99238e4a94.png,1
6982a34e-4c06-48f9-90e0-2f86551bd9cd.png,1
699aa162-5dfe-487a-a8e5-5ca7fa3efa20.png,1
69a4ab5a-da8a-4a93-9d83-801a700003e8.png,1
69b6a3c9-16d2-4936-bf61-4ca8a10722c6.png,1
69b99b7a-439a-4813-97c9-58b48f7ff969.png,1
69c66f87-1483-467e-a44c-846685b2f474.png,1
69e484ae-9462-4fc5-bae6-3a71ce35fb94.png,1
69ffd6ea-f6f2-408e-a314-eecbd3a3756b.png,1
6a007557-7c16-4726-b91f-2da91ee8f798.png,1
6a078738-03df-4e3f-adb3-d203baef1e1c.png,1
6a2d8b64-cf13-47e2-bed9-41a6b801e1fb.png,1
6a377640-4f7d-4f15-868a-91dfca7d6651.png,1
6a3f2b9b-ae83-4561-8ad4-069e40152866.png,1
6a41e296-8bda-4f84-8766-c253246b77d0.png,1
6a4d75d0-51ae-4952-ad56-132474a2cf7b.png,1
6a5d55af-fc99-4957-9404-f08e4150dc55.png,1
6a66b5bb-54f3-46b0-9675-9d137cb3f895.png,1
6a6df4ea-7a2d-4e5d-9092-d8870a19ec86.png,1
6a778bf7-2bbd-4804-9d81-38eca7019ffe.png,1
6a82ef54-9e27-4c55-afba-47298ad088c9.png,1
6a97ec99-92f5-4989-a29c-30bdcf595eed.png,1
6aa4fb59-0bea-40b9-9c66-83199d91714e.png,1
6ab78b00-c23a-4eef-b0c7-d9d6f684faaa.png,1
6ab804bc-484c-4419-b791-d2ebada36138.png,1
6ad63e9f-6f28-4c3c-8032-26d5bf2fdf95.png,1
6ad6525d-5225-4623-9f5a-65816cc3436f.png,1
6ae4184c-07b8-456d-8a73-e204b7a3cf6f.png,1
6aefeac2-d497-47c9-939d-5558d039ae1a.png,1
6b013c90-ec73-4a7a-a607-17540c493e0f.png,1
6b1c5aa9-639f-46c5-91c9-186952430ee7.png,1
6b2e1586-e6d6-4df6-89ce-06d8f4698cac.png,1
6b56a3bd-389f-464c-a506-c20d2a2d5b0d.png,1
6ba9800e-ebf3-4fd4-9fa7-1022883c4f21.png,1
6bd155f1-693f-4343-8d38-dc0d1cd9347b.png,1
6bf02e28-807b-4020-a18a-3d34fed0d3aa.png,1
6bf1ce7c-185c-4f99-869d-8af5c72c1a5e.png,1
6bf5ff1a-07df-4c64-8fdf-dd8a26ab9b5b.png,1
6c0341ef-950c-45c1-9009-777d893e8060.png,1
6c1c37f8-f8b4-4412-8dd3-9173e9f264ba.png,1
6c3c8214-b6cf-4dc8-934a-56e5c7a82072.png,1
6c490407-f039-4eaf-94c8-1bff41b09f6c.png,1
6c499ba1-df4c-4b47-b81e-34ded09a9dc4.png,1
6c6483ba-b672-402d-8d8a-10452b1e1387.png,1
6c7865de-dd67-4785-9234-a3b80e376360.png,1
6c917d96-f4b2-4c0c-b4dc-fcb399cfcb87.png,1
6ca7f663-f2ea-467c-baeb-7662614b3484.png,1
6ca9f96b-f164-4022-8c4d-28eed6214c4f.png,1
6cba26dc-51c2-4a3a-bbd7-3af8dd5bfd65.png,1
6ccf77da-c917-4fc1-8bf7-f0e7bfd3acf4.png,1
6ce335ab-d239-408a-a771-0020cdd35cfc.png,1
6ce63faf-9387-4c60-991b-11771dc50c98.png,1
6ce856cb-8c76-4ab6-ae18-d1afea549f94.png,1
6ce8af4e-7d9f-4dc1-9caa-7b06b72ed863.png,1
6ceb3cd1-dcfd-44ee-b02a-0cf6e981b081.png,1
6d0b86ac-4d99-4a45-8558-20de59ad39b0.png,1
6d0d2d29-ba30-40ef-b9a3-822b522ffb51.png,1
6d13500d-05ee-4f4f-bc08-aeda019858fe.png,1
6d1efe52-1513-43c8-947f-158a33c0ad81.png,1
6d2e3884-793c-487b-a3d3-dd8cc2ce1031.png,1
6d462751-b97f-48a1-b09c-192c5e114825.png,1
6d6ee99a-1458-417a-a97f-fa58e67f0605.png,1
6d9912ad-e56b-4ff3-931e-75b39df49c0f.png,1
6dad7d7d-5e28-408b-9315-a74c48d88097.png,1
6db32359-5e81-4f10-b509-5c55e1f27654.png,1
6db53e07-4656-47e7-bed7-5782fd117f91.png,1
6dc41591-33b0-4feb-a809-95bd1620f648.png,1
6dc49720-b500-4b82-8909-08bc243ea4df.png,1
6dc76e37-3793-4ef1-b0ae-e6fa2335e139.png,1
6dc8b0d2-34f9-4570-a0c3-bb9b4715498a.png,1
6dec415e-7e38-493d-b5e3-bd8bbb476984.png,1
6df264b0-ab7f-471c-b371-7c4018fb43a4.png,1
6dffc01a-6230-40c0-aa0d-196ce0c995bc.png,1
6e01cefa-becc-4ad7-b8fb-c8172fc9e7da.png,1
6e028cf7-8ea4-4e7d-a2b5-0d5bd2eca495.png,1
6e2aacb3-74b4-4909-afd1-5e9765df303a.png,1
6e32b376-5740-4565-abd0-b41035f7db64.png,1
6e5571f8-ebf5-41f3-88e3-2e78a6dd5f0f.png,1
6e66dd4c-d183-42c7-ad77-32abf6ca9760.png,1
6e73017c-4e3a-499b-a597-4a797bb179de.png,1
6e79d058-f131-42b2-8968-0a4665d71be5.png,1
6ea77647-dfcc-46bc-b15f-d41dd2349037.png,1
6ec7e05c-1bbe-40ae-8d65-ec917da68f16.png,1
6ec8cf52-32f7-4995-91d2-07b4d6bd9d1f.png,1
6ed32587-0518-4b4b-95e6-a4b0651b1a6d.png,1
6ed71d2f-d2e1-40c5-b750-5b25b302915b.png,1
6efd348c-705e-4e83-bbd1-97e336ee6b1e.png,1
6f0797fa-820f-489f-b7d5-75231b307bf7.png,1
6f0b7ce0-dbac-4190-94eb-c252d9a36b83.png,1
6f0d2ff9-c0dc-48c3-a944-1f18dc185e1f.png,1
6f2b836b-d150-45cd-ad9d-2ba6a6d4a508.png,1
6f316d9f-5bce-464a-997e-bb04596b9844.png,1
6f3177d5-1942-460b-aece-51414a64ed5b.png,1
6f3953f5-5129-4a74-b8f9-cf386f919930.png,1
6f3d76ce-9c4e-4e4c-b344-776d764e1be8.png,1
6f3edd10-1cc0-4f2b-874f-3d599bdf463f.png,1
6f402f79-f774-41bd-b722-6319665ee388.png,1
6f47bae9-705f-41c8-8a28-d5cf88927b0e.png,1
6f4c4632-50d2-4ba9-8a75-0c651f66a096.png,1
6f558e12-6030-4774-a18f-e7e7f5618bdb.png,1
6f5859fe-9eaa-4a4e-bb4c-217596812fef.png,1
6f5d9135-ffc5-4076-872d-ba8a5bf7e8e4.png,1
6f5eb191-d7ee-472e-b08c-e6975896f5c4.png,1
6f648895-e84d-40a7-a8cd-b3c0d9677a91.png,1
6f964e55-2f17-4361-b6f2-3af8e5d6e55a.png,1
6f988c8c-ad47-4694-b5c9-bf572cc7c23a.png,1
6fadce8d-3ee4-4f94-b05f-e6f0bc531c6b.png,1
6fce7a48-4cdc-4bbb-a702-2b0af9ff3498.png,1
6fd0d3d2-a990-41a8-b843-94d2356afe42.png,1
6fd45bf7-e07a-445e-b853-f871d9281630.png,1
6fe4d086-05ee-4b7c-887b-58954b0c5e6d.png,1
7002c25e-83ce-4af1-9cdb-a9d4899d6104.png,1
701ee1cc-5bb4-4b0d-b1df-437d8a5fdcb3.png,1
702dd374-879d-4b8e-ad5b-7729f16a9ae2.png,1
70338dbe-6db2-410b-89b6-3d4e3fef82d2.png,1
703bcb21-559a-4c64-9d9b-6ff164c06218.png,1
705c3feb-6faa-442a-a321-f8b14d1d2a2a.png,1
705e0a68-4c09-44d1-90ee-6fe5e992d3f9.png,1
70764772-7dbc-4ab1-a5ed-08108fa547d8.png,1
7086a7d5-056c-4752-8523-51929ca5e412.png,1
708849e5-564d-4e3a-855d-e1107874f513.png,1
7092a623-6d2d-4ecb-abed-be46296c4d7e.png,1
709f9796-ee68-4825-9bc0-21cf7b2ccdf9.png,1
70a2c018-870c-4a1a-b3d3-d2647df5d30e.png,1
70a630f3-c0cd-4487-b07f-87e2bbe961e0.png,1
70a9e4e6-99a6-4f66-92e2-f1c30c714301.png,1
70b0ae1e-ee05-4bdf-a35f-0d7eac98e3cb.png,1
70c6d6ca-f753-4860-9479-6f7f235e861f.png,1
70d2139e-967a-4fa9-b44d-b1515b82af4b.png,1
70d7f4df-5497-4205-a36b-e47b58145fa2.png,1
70df055d-95ca-4ea1-bae5-d98a6a17aecc.png,1
70e3331c-8717-4ff6-b2b5-0fefe6336bdc.png,1
71069ed0-4e0e-4afd-8fdb-d35863770c87.png,1
71131596-6768-4832-a4b4-5b7a1478d060.png,1
71212080-ccc5-4e0f-bfc1-95710057baea.png,1
71231f52-c755-4f52-956f-eab77b9434f5.png,1
714f9b26-0dee-401a-9f15-ae432961c820.png,1
71576c22-51ce-4510-98d8-6933e0b9b810.png,1
715befe0-993e-4532-85e1-30e038524fb9.png,1
716bf6b1-1764-4774-959f-1d5e3f6fe098.png,1
71700acb-e58e-4f94-a8f8-a78d72c5fde9.png,1
717269da-561f-461f-93c5-f5047f91e5b5.png,1
71813eab-6524-4c28-a978-b518a631585c.png,1
7181705d-bd1b-4896-94e6-0cc4d7562d56.png,1
7188416c-2072-418f-a1b0-acee21705cad.png,1
718cee3f-4cff-4edc-92d3-80f0169e3b5c.png,1
718d6d9e-aa8e-46bf-8b5d-1e42e6f398bf.png,1
7193cbb0-daf6-4ee6-90b4-1db93123040d.png,1
719a4121-a78a-468d-b175-5b0f5fcc992b.png,1
719bb18b-a428-4fd8-9338-46f1187ffa5c.png,1
719c6eac-44d9-44ae-a090-29e17f9349bf.png,1
71a40b76-1525-460e-88e4-8ecdff621e5f.png,1
71a747b4-d566-4590-8a69-4176501f6884.png,1
71a96026-101c-4da6-a576-60cd288b9733.png,1
71bed21d-d089-4918-a058-2b6602d176a2.png,1
71c5e5fa-6d92-44a3-a9fa-1e3421b27a07.png,1
71c67893-6acf-435b-b80d-9100ad2e5d2e.png,1
71c7d986-b660-4df2-9c2c-a346d0aa7f03.png,1
71c99471-4012-425d-b52d-17f161aa1262.png,1
72012b70-e633-4b7b-aeb2-ec7834d198fc.png,1
7202cb18-cb1d-45eb-9060-207d4cd52b9e.png,1
721ca747-d0c2-45c2-adf3-4c3640034519.png,1
721ce331-5526-4469-ba71-84f7880021e1.png,1
72247058-293a-4a90-a972-093fe8f12148.png,1
722503cf-a801-415b-a10e-848bfea55911.png,1
7227e6d8-8eb3-40a6-80a5-27950bc9ce97.png,1
72290038-af8f-4ebc-ae08-1cbb558ada40.png,1
722ad9c3-919a-4c08-bb67-cafd603ba754.png,1
723515df-a2b9-4f89-bb3f-437e364bc726.png,1
723c952a-b50a-42e1-a0d6-5d177bc635d2.png,1
7242e926-d7f8-4b5f-96ec-306a5b393d08.png,1
725e5df8-932f-48f6-bb2a-619c40e00bd6.png,1
72667b71-9dee-478c-b49d-cade9780abd7.png,1
7267bf25-e31d-4bd2-97a0-d841630f0b74.png,1
726fccb9-cfc1-4a53-b948-460b93073dc2.png,1
727fd52e-3999-4f15-a113-8af93d60e1de.png,1
72848196-fd24-4106-9c33-9c29b7a66a04.png,1
728a07c1-31e8-4167-ad19-ddd7b96ad14c.png,1
728a62fc-4310-4aca-9d68-72c8a829d69e.png,1
729ad38e-12b9-4bc5-8773-cd1615b5bd04.png,1
729c9ee1-d716-4b76-b5e7-690d6e914ea8.png,1
729f2aa0-9564-4228-b516-1d8d4be8bb55.png,1
72a10e64-2d93-4b61-8b90-8efef7284ced.png,1
72a2d10b-cc88-433c-b988-8013f7530d99.png,1
72a33431-fe30-4297-98df-892c88f0f11a.png,1
72a6910e-c0f2-422e-988b-dcbf1450f0e6.png,1
72c531c7-1323-413e-ae4a-ee0f5ba791ae.png,1
72cdac79-3367-4312-8b8f-2da4938b2153.png,1
72dbeeca-38a3-4375-942a-9c3b098da64a.png,1
72dc0bc2-8c6a-4214-b06f-862e9e8444bd.png,1
72de14b5-3dd0-4971-8fa2-137e4f91bb90.png,1
72de59ee-6a34-42d7-8379-66af5f507bbc.png,1
72dfb20b-bace-4888-85b5-22646ca74a28.png,1
72e35063-f91d-4110-83e0-07daa736fc7b.png,1
72e5e42d-dddd-4ce2-90f9-ef9edbeaa549.png,1
72f5ea03-e82b-4062-8e3e-32bdd8d3229c.png,1
72f79a49-6208-4253-9094-8081308caffb.png,1
72fcb14d-5126-4976-b31f-ad2d21d2462e.png,1
72fd2587-d327-4e42-9e18-03479b1a18f9.png,1
7302e6f8-50b1-4b00-a299-c5d1dc4c1c76.png,1
7307c83f-63e1-46e1-9400-8d1eac241510.png,1
730b6928-fd01-4955-b4be-bca1e1e9306f.png,1
73212dc5-6535-4837-838b-f08aff61c1a3.png,1
73247e1a-000f-4d41-825f-c8a0d2162007.png,1
732836e0-76c6-4bd9-9798-b7039f6b6e14.png,1
73286fe9-2e42-4a75-b071-a4c2173672a4.png,1
7332ae2f-48af-425e-971c-81092e98187d.png,1
733320d8-8270-4171-b6f3-7ab2eda1e109.png,1
7342f4bc-2ce8-4d13-b820-7d90f8804a1b.png,1
734b9290-8d34-4d42-9d2b-1b3bdb98c373.png,1
734e9b9e-18c4-4d9c-bece-dafaad5742dc.png,1
7358decc-5bb3-4fad-8eab-c3c6459d2c11.png,1
737007e0-adbe-4773-8e57-da8a0c7b3f53.png,1
737030d6-07d1-43de-9e11-82b31accd240.png,1
738524e2-9e98-43cb-8c56-b480a2a0ae2f.png,1
73a0777c-caaf-405f-80ab-342715b384c9.png,1
73b46983-7780-4d82-874a-d9255dd639cb.png,1
73b9e53d-0501-4d0e-bc35-9eab24af5551.png,1
73bc84c5-99b9-4e31-b8db-e3707aaf3576.png,1
73cb75e6-0cef-4f7a-9c8d-cc9cc4eb0fd7.png,1
73cd5772-d381-4e83-a022-3fab0f78b035.png,1
73d61528-0457-4796-9ccf-6d23f76bdd73.png,1
73d61c35-605f-435e-af98-5cc68b188a46.png,1
73dec8bd-601a-4cbe-9ae8-336c5cbd77e2.png,1
73e02b82-d818-45fe-80bd-3f8fd75bf95d.png,1
73e62967-5fef-4dfa-9a3a-1e045a81f593.png,1
74075cca-a426-4710-92de-e23aa74b76ac.png,1
741500a4-d128-4b85-852b-428779f5c5ec.png,1
741e924e-b826-47e9-a349-879561029b24.png,1
742365a8-d9a5-41e4-b8a3-24a03a894f9f.png,1
74321b39-3aab-444a-893e-fa743ddc9224.png,1
74340139-eebf-445a-a0a1-2b9101233a3a.png,1
74457e4b-4059-4ba4-959a-3a8e12b7d5f8.png,1
74480045-29f4-478e-b1c0-322b2f4ccdc2.png,1
7458057f-a75e-49ed-a22f-41960bfa2a00.png,1
7469db63-0c15-4e73-b6c4-9df8c2b9dd6c.png,1
7471b0e8-8f55-4ced-b8e4-18a7554a0ebe.png,1
747b1c03-c554-41ea-9d57-7b54894985f3.png,1
747f9c4b-8bba-439f-8e31-d8529cb41850.png,1
749fbf6d-b0ea-4118-91c7-a47d9d704f62.png,1
74a08fcb-fc92-4b2f-9301-3602dbaf0a41.png,1
74a8f43c-5b4c-4da8-8117-36f475dc1634.png,1
74bf0245-0e19-45d6-9f31-65eaff09fb8a.png,1
74d04109-2cd0-497f-a3d3-b04fcbd34b10.png,1
74e774b3-ca7c-47c7-b580-393f6a432206.png,1
74ed4f73-33e6-4607-8842-57aec6c318c6.png,1
74f02a21-db6b-439d-b17d-81c23120374d.png,1
74fc0444-3b29-4b22-8e3d-6a92f87f725f.png,1
7507bb99-a8cf-48c8-a4dd-859ad26e9e1a.png,1
7508399d-307f-450d-8f47-f24930ad6fb6.png,1
750d6b01-4273-43b2-8de8-500e738cb257.png,1
754ca39f-2e96-47ed-bb55-a56727317591.png,1
755233cd-2ad2-4cbc-b927-97243e46135f.png,1
755c7169-e84a-4327-a4d6-b0ff906a88f8.png,1
757438a0-081e-45e5-9896-ba91f82d3055.png,1
759a11de-da95-4cb8-a373-ab848ae74171.png,1
759f55b1-8bd3-4695-a4ac-6ad6336abaed.png,1
75ca14eb-205b-4ffa-8ac5-fd48aba8dc11.png,1
75cf69a5-bdc1-4ef9-8937-2abad5bec289.png,1
75db7623-17d0-4f7b-9c6b-c7a060f5ac9f.png,1
75dbc949-4634-4f9c-b3bb-a8c03747e9e1.png,1
75e94dfc-7a8b-4c92-b719-8037440fbeab.png,1
75e9b334-1789-496b-9006-8adccedcd7e4.png,1
761160f0-7d5b-448c-b708-c77838def919.png,1
761418cc-7757-4cfe-8b26-9e76c955487a.png,1
7625412b-fbb0-46d7-9f7d-00b436cc467a.png,1
7628b348-fdb4-43f6-a7bf-7eb0e20d0ae8.png,1
7638c224-6103-4774-8254-73f3b394779d.png,1
7639c65f-52bf-4040-8907-729964dc5563.png,1
766d8a8b-a2bc-4ca5-b28a-623f62886e9c.png,1
76712baa-545a-42d8-8670-79a56926349f.png,1
767b5c8d-d09b-4d2c-97ea-17dea981a4e4.png,1
768e5d7f-10c8-45c3-98e1-7487f808a42d.png,1
769f98fc-59c7-4f3a-af65-80a75b679923.png,1
76c05ccc-eaf3-467b-abae-7f8f1a4aa6c9.png,1
76c091fb-7149-448c-bf1d-ae3320317b33.png,1
76c77e8d-bfc4-47b9-bffd-0d136fa06302.png,1
76cc4621-8f68-4394-98b4-1677b6314cbf.png,1
76cee8c3-d2a0-47c8-9755-b65d3c152134.png,1
76cf9b95-b598-4788-9a10-77061046ef98.png,1
76f00430-861f-4370-9e06-dd5b9692b669.png,1
76f71a93-8105-4c79-a010-0cfa86f0061a.png,1
770b8908-24e0-4c1d-a3c0-4d75065b02b7.png,1
772e6245-dac6-4f17-999c-368d4593f98b.png,1
77326677-302c-48aa-b578-953e266790d5.png,1
7759e7ae-641f-4504-b373-95a8763dc59a.png,1
775c8468-399e-49a9-9fe4-07e75071abe7.png,1
775cfd2b-66a5-46ef-8531-c554744b634e.png,1
77633bed-c31b-466a-946d-6624b97231a8.png,1
776835b8-9137-4b15-abd4-3aebda8793d5.png,1
776b44fa-43e6-4f7b-87fb-7ae97763085f.png,1
77762e93-073c-405f-bca5-0f1fd339bf4c.png,1
777696af-08cf-4f9b-a8be-b9dc685bfa44.png,1
777a8a88-5c76-4de9-96fa-7cdd9149e59e.png,1
77823cf2-2603-4db9-9c50-ec8ae13674e3.png,1
778cae69-d2ce-4217-be96-e2dcc699969c.png,1
7798d157-4dbf-402c-8b93-d3b97cb29d64.png,1
77a4a76f-d348-4dd4-b22a-d7b676121d78.png,1
77b4b295-c277-42a7-b210-b236ea42274e.png,1
77b4e9ec-9002-444f-b3a5-9e5ab9dacaa5.png,1
77bcb2f3-2dfb-4ed7-b88a-b21ad2c87df3.png,1
77c10182-8222-4824-aa46-9afec3d539ca.png,1
77c809fd-1fb7-4dae-a0e6-33408425eb92.png,1
77d82c92-f380-4e26-b39d-b43d5c814833.png,1
77dc3ec3-a29e-4733-99fc-80b51a76e833.png,1
77e3cf70-b78a-42fe-bd17-0ed96618d6b4.png,1
77e922f5-6c41-4885-9e1a-f5e50c24d2ca.png,1
7802c9a7-66c9-45a2-9005-ba61a5ea588a.png,1
780579a3-2dcc-4343-9c92-de8be54e2865.png,1
78221b16-5fd9-4a99-a966-56b693c2e5d7.png,1
78228039-bc86-44ce-8a13-57cf49ccf493.png,1
7828ad2d-6180-4903-aee4-e63fe42e63dc.png,1
783cc3b7-1d84-45f8-b42d-96ceb9fc7e43.png,1
784937c8-08f4-4c04-a2fe-b4dde8643154.png,1
784a3ed0-2565-430f-819f-f713e1775344.png,1
784aa072-7400-4f08-869c-7d47230d198d.png,1
7860706e-b07d-4c69-b17c-03ca4f8e8a95.png,1
78647486-de44-4da8-8401-8fd8f3316250.png,1
787fe62b-0e2b-481a-b1f3-2a3f754ba7dd.png,1
78815820-d7fd-4763-b69d-7bad8475e7ed.png,1
78834a4d-5eae-48bb-a7c2-77c17d3f2ab5.png,1
78886571-4987-4ea8-aabd-67e3ccb483bf.png,1
788e8f37-4c9c-42a3-a731-a4d7a6865cea.png,1
7892e538-8c5e-4521-a550-4a88f399bf63.png,1
7894c061-9fc1-4226-83b9-4f22483a02b1.png,1
7896b8d7-ca85-4cda-9246-9d7baeb3d487.png,1
789e8a7a-2ded-466f-8d50-17e8bc955978.png,1
78a396fd-20af-4384-acdd-c9a6ddb8c1ad.png,1
78abc3f5-ac62-4e42-a6b4-1c44e09cb566.png,1
78b4b710-15b7-4ea3-b761-c2371594cbf1.png,1
78b8f6bc-96ba-4528-b6b7-39d1a140ce07.png,1
78c6e09e-25c0-45b0-974e-e314d2bdd4ec.png,1
78c9b88e-a134-4470-b161-22e4a698206c.png,1
78cc9897-ddd1-4e87-8ce4-c05192891e76.png,1
78ce6b9a-db15-4576-8e8b-4c52650a457f.png,1
78dba4d7-e138-4d40-b6a5-ac2d8c65dcf5.png,1
78dde3fa-b019-4cc6-aa77-2a2935675890.png,1
791e72c5-ecb4-43bc-aeda-7756af052534.png,1
79255e97-c107-47ee-918c-6eba3081f3bc.png,1
793099eb-6d36-4551-ac5a-9862d07ee199.png,1
79310bce-abe6-4e7d-a285-2601cfeeca5e.png,1
79319bc4-8e67-469b-8b9c-5ddfb2444749.png,1
7934f518-dbaa-4201-922b-1bc93a245e84.png,1
79397fb3-fbe9-4b1d-baec-a934f2825e25.png,1
79398af7-b117-4371-b174-9a7644c12e06.png,1
793a56ab-71fd-4bce-b9fe-d25c63d93459.png,1
793b04cc-60bb-4413-a2a7-36c7c56ac05c.png,1
793c8547-aa10-4a67-88eb-0318ff9a6541.png,1
7944ddb2-ca88-4e4f-8311-65aa85ee58bd.png,1
794c2473-8e8e-4f2b-989a-7148d0737c95.png,1
796c9a6a-2ea4-4361-93ec-bfa894d4033e.png,1
7970b714-abe9-44e3-a10a-223c15f24753.png,1
79719bdf-3066-42d3-8496-6a12e12d2523.png,1
7971ccf5-18a3-47d3-a2ea-eea88033404e.png,1
797eafe0-2b9a-463f-ab2f-446fc39384e1.png,1
7981f347-5149-4b0b-a73a-e1b833904b60.png,1
79858395-3452-426d-bb99-e01af7961b44.png,1
79956cb1-e48b-4b95-92f0-c4f41a6bd1f5.png,1
7999e55b-1fac-4460-b340-2a3003772cf5.png,1
79bb5ea3-ca6c-4d75-a379-a6ee6c6da659.png,1
79c5d2b3-0df0-4d85-b0f1-7936545c8c54.png,1
79df0c01-2397-4d31-8318-435a1c80ae47.png,1
79e66b5d-e740-4fea-b9be-8cb2c75fd375.png,1
79f1d59a-1bac-436d-91bc-a4c40c141d5f.png,1
79f29a4d-fa0a-4977-abae-346d8ee33aa9.png,1
79fdfa10-9752-4ab8-a1ca-7f33037dd5aa.png,1
7a0105da-41e6-4500-8626-fb6e8f0dac5a.png,1
7a1e02f8-4965-4364-918b-83d3422f931b.png,1
7a32a64b-a415-4585-a110-981b913ac959.png,1
7a477b7b-f2d2-40ac-a20d-661887491d6b.png,1
7a530f4d-13af-4e4e-bf2e-080c7fb27ffb.png,1
7a58d08a-565b-4abb-a328-cb8b83391415.png,1
7a5c7e58-8094-4ce4-94fa-e5e3e2fce6ab.png,1
7a881e37-b18a-43ce-b98f-29c479dbfcc9.png,1
7a8dd22c-7af7-428c-a043-578390fc6fa1.png,1
7aa7ec60-510d-4ed9-94cf-da1fa6f1f2e5.png,1
7aaba35a-c23c-4cac-918e-5b94bec6b827.png,1
7ab9c4d4-6582-42bf-ba0c-6f84b60b0c47.png,1
7ac15ebd-be55-4c7a-9035-34645d0cc1fd.png,1
7adb12c0-b1b2-402e-9c58-5a8873eef61d.png,1
7ae2ae8d-3370-4e6a-b1db-8ab3ac862ce3.png,1
7b2d7682-0c3a-4ce5-aae4-d06a5ab14ba9.png,1
7b3e032d-e3ec-4c61-8a49-785fd6d0d87e.png,1
7b3e4cf6-f37e-4e95-a6c8-3901352dbd15.png,1
7b4c5581-5fd4-476c-b2bb-ee4dcbdf7c71.png,1
7b4f5dc1-3585-4cf8-83f9-39df3101feb4.png,1
7b56e6a2-be01-44b9-9ccd-a70cd5c8fbfa.png,1
7b73919e-d14d-4f3c-88cd-e81a21ba756f.png,1
7b7d7bf3-0684-465d-9a74-f51887685387.png,1
7b8e6b7c-06c0-4006-8cbe-f1d92edeed07.png,1
7b94fc31-0735-4840-beb8-c685f22ec90b.png,1
7bb1c647-d8d1-4640-b495-f41c4d2a34ca.png,1
7bb5c7df-51a0-4675-9962-6407d0160c65.png,1
7bca5ce8-2b0c-4fcb-95b5-f43470092618.png,1
7bd0fbaa-3042-4771-8dd8-d7a2f5450c65.png,1
7bd2d1cd-f950-4898-8d7d-375da645c19c.png,1
7be096ac-d43e-47e6-8325-4d404ed8106b.png,1
7bf09d53-83de-418a-ac0f-1c29a9dcf6fe.png,1
7bfc500f-2f54-42ab-ae52-50be710e1c08.png,1
7bfcdf16-2730-4b80-bebb-d5889a8fa71e.png,1
7c142fbc-8cd2-4b09-a687-c0253a2a3b06.png,1
7c1a130b-a944-431a-a2b1-735483a46c12.png,1
7c1d3e58-174d-450f-9f19-caad0cdce430.png,1
7c3c2830-d863-4804-b172-e5d435e780be.png,1
7c5188fb-01b8-4923-9715-83f13a5e861b.png,1
7c545810-e2b5-4849-a2ff-893075f28192.png,1
7c6ddc4e-9859-43a4-bb33-33e9efa42685.png,1
7c735cd9-19d9-4918-a3fc-154c0a5c5d9c.png,1
7c8b9b44-5d6c-4e18-a42a-8a57e4273651.png,1
7c8f2458-3d40-4810-b57c-1f149c2c4d3c.png,1
7c909599-24ad-4164-93d2-0adfa96ec86f.png,1
7c9248d5-b2bc-4359-9667-108109a2de2e.png,1
7c9c96d6-47f9-4ab5-ad10-9be7371ac649.png,1
7cc95413-c3e4-45ef-b047-4021529fbdb4.png,1
7cedbe1b-b8b6-42b4-a0b2-ae189fee42af.png,1
7cf4a9ef-0192-432d-bcf4-b4f8ebb3704a.png,1
7d3b3dd0-2fa5-43dc-a84b-673bc0eebaa7.png,1
7d3f2d28-c21b-4a64-940c-c635176f35e1.png,1
7d402380-193a-4aef-92aa-8c80e11217fb.png,1
7d5f828f-5c6a-4898-a64f-8364339f35cd.png,1
7d6b6af5-80ec-48c7-8efd-c11183e16280.png,1
7d80378b-b46b-4dbc-a8b5-70982536ea06.png,1
7d9de861-2aa8-49d6-a2c5-47a5d7e1d06f.png,1
7dc708a6-2f23-45e3-b924-67c0b5c621f2.png,1
7dc823e0-f7c6-42b3-8035-553aeda2a2e5.png,1
7e2246e4-8412-4216-af50-7ae8c232f9b9.png,1
7e2b8ceb-9db2-4159-9e63-96d734dd1218.png,1
7e4e7293-a984-462e-8d9f-c7a30863dae2.png,1
7e68dd71-1e3e-4fa6-80ea-fa2a226aa06e.png,1
7e7765a1-8baa-4c1b-abdd-34113781994d.png,1
7e81f530-2762-4af9-997a-914d24e3ea6f.png,1
7ebeb647-d104-412c-a202-247b650f7cc0.png,1
7ed87a3f-31d6-4a1e-82d9-01bdb6de0c49.png,1
7ef28198-53a4-408e-8a54-1d421c97edba.png,1
7ef47be2-106c-41d5-aa52-7c14a0fb82a1.png,1
7efe1069-9223-445f-a8d5-64b5a35438d2.png,1
7f011de2-72be-480f-b9aa-4967985778f0.png,1
7f0f9abd-a95f-43d7-9d27-d15926e055d9.png,1
7f29e031-874c-4ea2-9f7f-edc056cb5e83.png,1
7f44bc68-029e-4c1f-ad3a-9c020086afb0.png,1
7f6f91c5-70aa-4838-bb5e-0461f07ef1d7.png,1
7f81fcb5-397d-4a3e-acaf-6837b5fc19d6.png,1
7f957ae7-0d22-47c2-8c41-ecf5aeccb1f0.png,1
7f9623a6-510f-4e84-8e58-12b65a5e9dfc.png,1
7f9859ae-f79c-495a-b5ab-f717e2bde686.png,1
7f9b4539-9cfb-49db-9d19-dea98ab6445f.png,1
7fa10f67-8c38-4027-b7f6-50887f85ad43.png,1
7fb3c5d0-81fd-46e3-9063-cd8d71831790.png,1
7fb3e6fd-596b-41e7-815b-b2be3f856184.png,1
7fc478ab-7eca-454d-885c-6aec22dc6903.png,1
8005e8b9-ab58-45e2-b902-8057864630af.png,1
8006bb8d-236f-470f-8a76-2dd20eafcd70.png,1
80314888-a5ec-4ba1-8cf4-ad9c67fac5ba.png,1
803c7f34-9b41-41b2-8cac-1b78147e3c32.png,1
804249b1-2260-408b-9aaf-3f2e3eeae93f.png,1
8047b765-c93a-4059-8a09-9b1e809809e7.png,1
805a1fbb-fea5-4d9f-8d1d-3bc372e1b24c.png,1
805f684c-7781-45ba-83db-4ae332bd2cd7.png,1
8062dc3e-fc3c-4e7e-b418-96c59942426d.png,1
806b6a9d-cfd7-4f32-85a8-8dfc916b4fab.png,1
809830cd-c757-4e81-abec-0d6d935ae0ce.png,1
80a57687-c167-429b-84b5-3ed038c18e38.png,1
80b493e1-a3a6-47a2-ae68-6a502c081507.png,1
80bb1913-c1a4-4f50-a2e0-a9e237ee2a53.png,1
80bca6c8-5cdf-4528-85d6-aa6f3336664b.png,1
80e23d5e-c9f9-4f89-ab8f-d7b1a48efd84.png,1
80ef2532-7497-4e5e-bdcc-d97da06da0b5.png,1
80ef86fd-e36a-4c00-b25a-1101e5d9b2de.png,1
80f0c0af-f93c-4d16-ad28-5f2bde2d4684.png,1
80ff754b-9ce9-4c0c-8155-f64a5752b0a4.png,1
811411e8-31da-4df5-9244-dd888c6af020.png,1
811b44c8-1564-4d18-b19a-37caa720c102.png,1
813e0822-259c-4c62-81bb-86b6c0a2a948.png,1
8142655b-0c33-40c2-a873-e504651431bc.png,1
815a3c1b-f88e-4853-80a0-15d0f0cddf4c.png,1
815dd1c1-3e01-4038-9723-39d05e8b3cd3.png,1
8160b6e6-9cbf-4083-b849-991b1eaed067.png,1
81638698-2938-4b4c-8c47-729da3b5c37b.png,1
816cef8f-cbf7-43c7-8386-609bd95c78e6.png,1
81785a74-18ad-49ba-92c6-e570b0d4ce57.png,1
817c90f1-a049-474e-bfd5-4e937e6fc234.png,1
8182a93c-4137-4fcb-b983-9814e7a09926.png,1
8192a218-3ed8-450a-bb3e-052e36567763.png,1
81936d3e-4dda-44c0-9de4-66af23839677.png,1
8194b336-dd7c-42de-9471-ebba8c4db0c0.png,1
819825bd-1bb0-4eef-9299-e2ae28531c2f.png,1
819d6b1a-4e49-4fd6-8ac1-f7a9f355617e.png,1
81a51c71-28ab-4a62-bb1b-458117d8234c.png,1
81b3ca12-841a-4c71-8fde-7fbcb835b6c9.png,1
81bb8c21-7660-4f78-bcb7-1ceb2347f2a8.png,1
81bbeca6-83e5-41b0-9949-24169a2c8c51.png,1
81c5f05c-0a87-4db7-b2fa-6b930ac99b49.png,1
81d9d146-e9bb-478b-aeed-c2431780030e.png,1
81da1196-4ca8-4c29-b0cf-6c6cf6386a6f.png,1
81ebe1ca-04bf-413e-9f69-ed7ee39271fb.png,1
81f89fe4-78c8-409b-8f4e-e20588818fa1.png,1
81fb1d2e-b163-4c60-8c75-9ec4d724285c.png,1
82054420-6a12-4690-ae52-9d3be158499c.png,1
82099a84-dd20-48dd-a87a-7ffd3d948c8b.png,1
820a493d-b8cb-4724-9609-4db39b42f368.png,1
820ace18-945b-49e0-99b7-386c94a92182.png,1
821694bc-d155-4690-84f8-268eb8da05d7.png,1
822723b2-1db3-4f0d-a869-004a14a7bcdb.png,1
822ac3a2-71b5-4540-9139-2dcca518f09f.png,1
8249731d-189a-4352-b8a9-80b68bd84254.png,1
824a4fda-1ff7-4ab9-bf6e-21fe6fa37f67.png,1
824d9f73-9c41-47be-984b-29b40f5a8b86.png,1
825548ba-023d-4e18-960b-e2470130c200.png,1
826361cd-08ae-49c4-b535-25a4f14026f8.png,1
826a4142-b079-4825-85f7-5fd69292e4cf.png,1
82764af4-85dc-4512-bdfe-d9e9f66e0fc4.png,1
82766337-019a-4846-b06f-4ad97d538f67.png,1
8295ec58-4848-4e22-9b39-129e0888f413.png,1
829c0125-36d6-4bce-ae3a-6e1aef128f51.png,1
82ad571f-aa41-4f2c-b07f-de31c4d1a53c.png,1
82b9a505-f0ed-4bdd-a3d8-be9b13d720d7.png,1
82d01371-245d-40a6-9a69-28a374144bf9.png,1
82edc80d-0b41-45e4-8460-e46f64c67dbf.png,1
830029b1-3429-48f3-b13d-c7c611865d6e.png,1
83094251-fcda-4f05-a02c-00b6fd9d764b.png,1
831259b0-87f1-41d2-8968-d8a57914eb3b.png,1
831dbfc0-b9b0-4201-9609-ace98fa96deb.png,1
83276a98-f22a-46fd-ad83-93e37b1e8749.png,1
833d97e7-d927-4ff8-b7ff-6a28f629b6a9.png,1
8359edc2-7296-4807-91f2-97b6fa47bc7b.png,1
835ea6ca-9564-41da-80de-568f18c82ab2.png,1
8375d80e-2122-4b60-811d-0da040f6b68e.png,1
83a7cf6f-434d-487a-b273-5185ab1b2f24.png,1
83a9ae1b-36be-4a4c-a0cf-00e76a4f0463.png,1
83bb8d1a-8486-4ee9-885d-17ddffde40fa.png,1
83c2c654-5bc2-41c4-b53d-054888e022d6.png,1
83d25ba1-ba1c-4d32-b505-5cf0cffeff4c.png,1
83d2803f-0327-4971-8812-8ddce716b372.png,1
83f0d9e7-520b-41ee-a7c0-f93713784281.png,1
83f84af0-3376-4352-8a13-2649e66f35eb.png,1
8401176b-2a3f-4497-b3ae-f761e7d626ff.png,1
84102d80-4e38-4676-8012-1e76204dcefc.png,1
842eb0e1-5f81-4167-8e37-66d8dd5355bf.png,1
842ee9d8-de33-4eb6-a79b-c9b28f21f98d.png,1
84309ddd-319f-4e6d-b312-2bc70537b074.png,1
84321b1c-3284-4ce4-89a7-fa42d6d9f997.png,1
8445fce3-aa62-44de-aba5-3750dd837d8b.png,1
844ac956-e1e2-4f27-b58c-390d6405c3a0.png,1
847f25e9-6983-4c5f-a1e6-f3629557f1a3.png,1
8489c930-19a8-4895-9211-4efd3d38ae58.png,1
848a75c0-f225-406c-ace5-4c8589cc2368.png,1
849217ad-5cb2-4a87-9796-420b69722b14.png,1
84a14ff5-f4fe-4ee4-9873-ccb84b76d5a8.png,1
84b0f6d4-30e5-4124-8d7d-5f747e2368bf.png,1
84c7222e-0f68-4de6-9f85-9e3fd1089f79.png,1
84d73e68-ceb9-4bff-94d9-9b97523109ee.png,1
84fb9389-5b59-4db4-811c-7345c8bcd579.png,1
8502b7bb-f681-47a1-aa45-06f6b692841a.png,1
850a00db-8884-45d3-b3cf-1ba8635b9294.png,1
852156be-0aab-4dc7-95d6-eda950096d0f.png,1
8522dcea-7cb1-4289-93ba-2d45fc95541e.png,1
8522f781-3c10-41c5-860b-dcdfb6746bbd.png,1
852a3e14-dd80-4965-847c-913e49c53239.png,1
853eb3dc-762c-4b84-901e-3399addf1fe6.png,1
8540e870-c8f7-494d-a779-a5fba52040b3.png,1
854290ba-d47b-457b-949e-c86f0e7e5143.png,1
855d0926-1ae6-403e-a08d-85bd8bae4941.png,1
856db494-ff64-4ead-a9c3-b4ac4d7256b5.png,1
85708ae1-d69e-4153-bdad-ced31dfaf486.png,1
8570eacc-7d96-40b8-9be9-11a7b56db4c7.png,1
85727853-cb45-478d-a517-a0f0c85d0eb5.png,1
857c6181-8392-4a98-bb1f-f128c97ada7d.png,1
85867e93-12ca-4fea-9d71-6e21bad54309.png,1
859a8249-1e52-4a1a-9d35-e1cd84389c28.png,1
859ec41e-8eb9-4aca-a0bf-c17a0984b894.png,1
85a40af4-f5e5-4fae-8260-6c6031a73e0b.png,1
85d53fe7-2778-4b82-bf1d-e1d8796be73e.png,1
85d594b2-bfec-4a82-a67d-79b59ebed297.png,1
85ea73b8-aef6-43a1-819d-0ceb0af633f5.png,1
85f49d66-c50b-4f89-be34-2aee655583b3.png,1
85fde190-a997-4f2c-8378-61749288bb46.png,1
8609c224-17bc-4886-a08f-d82e098fe891.png,1
8615728f-3449-4e56-aa8f-cc4e2e2aef5c.png,1
8615dbf0-431a-4b5a-abd7-6811fb272ef6.png,1
863a923a-3906-42d3-92db-76c900091fce.png,1
863e0a4a-8eaf-4dae-9a9f-fe81a437b27c.png,1
86401948-d976-41b5-965a-120a8cc3899a.png,1
86459db9-dc9d-42f5-818d-9525684d5406.png,1
86469e34-c9ba-4ec9-bbe0-6d04535122a0.png,1
86656024-1e59-42b7-984b-db90873f1de8.png,1
86784b68-1b60-419a-ad02-6db2723902f3.png,1
867fcea9-55eb-4414-88ad-558e717f753c.png,1
86936d5f-73fb-462e-bcbc-5815879cb3d6.png,1
86a6c564-e88d-4a30-9dc7-cddbab5773b5.png,1
86e9848d-dd57-48b4-b016-5b1447fdbd58.png,1
86ed8bcd-55a0-4b91-8073-0cd11b77c907.png,1
86f084ef-539c-404b-9a91-c9a5d5ab3771.png,1
86f92091-0f8b-400e-9a13-f3d61ad724a5.png,1
87106150-d046-41a9-ac79-f4ab113e1d22.png,1
87122134-7b22-4c4b-b447-2a4056846af9.png,1
8715ecee-c904-4336-9809-c4744ae07ea0.png,1
871ebe50-8492-496d-a49d-510be81eb07a.png,1
87233f70-c512-4a6b-8ece-a4cb41accb66.png,1
8725efa3-5cc4-4dad-a36a-260a998a6953.png,1
8732a404-be54-4ab6-809f-b92b3dde6e63.png,1
8736a34d-c090-422e-bc99-6281271d6554.png,1
873f4d9b-de57-4129-a83c-0bfc6cdfa313.png,1
8741ed59-b23a-4b7b-9113-cf359cc2bc41.png,1
8759fcb4-1a14-4724-959d-235060495181.png,1
8768a800-28e8-4ae4-83ba-2f4326b2d3ac.png,1
876bef9f-d3c8-46e3-bb6a-15d36dce2c21.png,1
8778c62b-df16-4649-ac6d-46aaf01f9f9f.png,1
878ae8b8-f206-4d82-8099-3a56f89bb9c4.png,1
87a3d945-d417-45a8-9f57-08cdb83e4e8b.png,1
87bea6bd-4a01-4fad-8621-8e641e09dcad.png,1
87c837b2-2bcb-424f-9ba3-c49aea7b3860.png,1
87d4b0be-2d47-4bd5-be11-32cc82345b82.png,1
87ddbd40-b218-4bfd-9a82-2ea252e08c1e.png,1
87e4af8b-1110-481d-86de-f315ca03936d.png,1
88042e91-0b4a-48d9-958e-0d32af897545.png,1
8804e7cf-a2d8-496b-92c6-140438823b07.png,1
88070db5-6752-437e-ad22-3f0f2451180a.png,1
880a1959-2f94-4572-8ed9-041d0d85e2dc.png,1
881171f8-f1ea-4740-89f2-52fbc63fc2d2.png,1
882203ce-6bd1-4fee-905f-2d72d9dde0ce.png,1
88334a4b-2cbe-44e1-8e19-2d45a576be9f.png,1
88363702-59f4-4dc3-b3cc-316b9216fdc1.png,1
883ba5e3-307a-46ee-9bb4-674c33c0f182.png,1
883e12fd-4837-41dc-9298-86e3c6a5cc5a.png,1
88483dd4-8590-4da0-b4eb-077ccba7a431.png,1
88655da0-c331-4400-aedc-de357b57b35b.png,1
8882a89a-09fa-4724-9e1b-283023523b01.png,1
8893aab9-24ab-4e67-8610-826f483a7145.png,1
889672e3-66b7-4879-9b02-0bc41d3f66d2.png,1
889fbb03-ad00-4da1-abea-6ad0a8843335.png,1
88b5a0c7-4f3b-4a3a-9882-617c1b87c187.png,1
88c25715-03f5-474e-9cee-5ad1f7beb4ce.png,1
88dfac4d-30d4-42fe-9122-82246ecee401.png,1
8915ce9d-e920-4a9a-a4c6-4c40ab8af51e.png,1
89167da1-8247-4305-a734-2ca77f25fc82.png,1
8917b2df-a22a-4da0-935c-397926ad5a1a.png,1
892ad6c7-8a62-43c6-bc29-8f8dd910f68e.png,1
892ff532-34fc-4006-8af2-8d914136848d.png,1
8930e23b-f647-4611-ad5a-fb9fd386e967.png,1
893b6861-0bfc-4e9f-94d4-3a967dda4223.png,1
8944679f-3dd1-4a34-95d5-322efd9c0764.png,1
895c1071-db4e-4163-a754-1f3e0d32d439.png,1
89821e35-22be-4f81-9aca-15a5192a5c6d.png,1
8992fd71-2070-4b0d-8098-07940eddfbb5.png,1
8996833b-bd93-4721-bf63-1da145e7f851.png,1
899a3c1f-3355-4092-88a6-67848ecc137d.png,1
89b98f9a-d4e7-4234-a047-2e3874155181.png,1
89c65de0-3fdb-4eb0-bd98-3456a244bfd9.png,1
89e42055-203e-4f3e-be86-d234c067ae4f.png,1
89e4a086-64bd-4111-8aaa-e7954129b38a.png,1
89ef518a-ad5f-4f83-9125-ec26c1006662.png,1
89fe1bc2-7a5c-468f-8202-fef9fd13eba7.png,1
8a035cce-8090-4ded-a2d2-a2bbacd88cae.png,1
8a0d16d4-5824-4bd6-a6b9-987e2bf71f3c.png,1
8a108521-47c7-486f-b172-f1c3c3252fc8.png,1
8a233483-8ab2-4cc5-b32b-20fe40cc5d77.png,1
8a283d3e-888f-4b6a-ae13-200b21f9e69a.png,1
8a36f06f-80b0-43d6-8dcf-391e49587ebc.png,1
8a4673b4-243c-432d-b2d6-fbc7500c2cd9.png,1
8a504f1d-b42c-4328-8571-f4e0a8e0fb5a.png,1
8a545321-245d-4e23-a4ca-634a90c5ba89.png,1
8a546535-613f-49b1-897c-a0933c53cb84.png,1
8a598b45-731f-4005-b5ba-3f09f2701dff.png,1
8a5bf4fb-a18a-4dd3-b611-10ef3cc79b19.png,1
8a5cff4d-53d2-4a42-94da-e4b3f2008b1d.png,1
8a61a6c6-b600-4eb4-9bec-ea32804c03b2.png,1
8a6eb7c9-81ff-43c3-81d8-85922e96507e.png,1
8a72ad25-c50c-421b-bc5a-19b0357fb006.png,1
8a746dc0-cc72-4f17-b0b1-388cecd3022c.png,1
8a7d2eff-9c77-461e-b50b-b6dac8e54ba7.png,1
8a90ffce-3f6e-4d49-8307-0351381be2ee.png,1
8a9eb130-2d16-4a85-9f57-c8795d068f01.png,1
8aa0828d-eff2-4791-a38e-37c3f533f4c0.png,1
8aa2f1cd-a9f5-4f10-8dd7-1d40b2fbaf50.png,1
8aa93e86-e189-4412-ba91-725813f54b56.png,1
8aa9d5ca-5419-4abc-8819-66a2d37c8c68.png,1
8aaeb451-26b5-4192-9a82-1d7eded2e363.png,1
8ab2915f-7b4b-4aa8-85a1-8121483c3776.png,1
8ace1a2f-7c08-4bc3-88dc-50e2ea032056.png,1
8ae596ed-a849-4e0d-acf0-5173e0df0d33.png,1
8af89b60-74e2-4f60-8764-b954598cddc4.png,1
8afb5369-59d4-46c5-96e2-700291f598c8.png,1
8b0cf414-03a7-499c-a080-cdc52003c84a.png,1
8b216d4c-23b0-427e-aa94-d516d4ae9698.png,1
8b252ccb-1a24-47cf-bd2d-b42c6c9a2557.png,1
8b2543f1-89e6-41d2-8ede-ab0f9b797f41.png,1
8b2e953f-7c4d-48ee-ada6-8d12f1b4025a.png,1
8b31fa8e-9b16-4185-b7e3-2cead2a6f4ea.png,1
8b3a6f49-caac-41b9-be2c-93b0def7d93b.png,1
8b3ffca6-7869-474c-b397-58e089dd09ab.png,1
8b59638e-0f63-4999-831e-2f73b51a0407.png,1
8b60f253-6ae0-4b16-89bc-f3e3163dbbae.png,1
8b6be652-97a4-4149-bd5a-92464ba031ef.png,1
8b7729cf-8961-452c-8b03-926516ac5c90.png,1
8b78523f-8061-41b9-9be6-cd64fef9f2d2.png,1
8b7faeea-4312-42a0-876c-bf8b1ead07e8.png,1
8b8369dc-4085-4e1d-b1ca-5e1de60c15f0.png,1
8b905c1d-6d77-4502-8ccd-e3b23c313610.png,1
8baa988a-3db3-4abb-8824-5532a4a020da.png,1
8bb961eb-7baa-4bcc-b92b-bce2538f7cf6.png,1
8bc6dd29-efc9-4ffc-9562-2f35b815390f.png,1
8bca4dca-cff5-4d7b-bcd7-e303c59c3c6a.png,1
8bcaf61e-7a7b-477e-9618-02c434998ffd.png,1
8bd092f3-8098-4b44-b0e5-72f8449df38b.png,1
8bd6bfaa-af66-435f-95c3-99c9f5e7074b.png,1
8be52575-7877-41c2-a1cd-cb16915273b6.png,1
8c07ec1c-76d2-459d-ad7e-7b3e198affb8.png,1
8c10567b-8e66-4f35-bc42-d2698469e586.png,1
8c2aa2bb-ac88-4f14-a322-72d7e23749e8.png,1
8c2f692c-da4d-41d8-9e6d-c558cb5ac6e0.png,1
8c40a566-8a0a-4d7d-ac62-574c133d72de.png,1
8c5f7cb0-f287-4221-8e6f-12ec2daa2ae0.png,1
8c68ceb7-2d5c-450e-bfda-052b862de063.png,1
8c6af598-175a-497b-8938-02c432afd70d.png,1
8c79e5d7-7862-4db1-8d88-062abff2e172.png,1
8c8a3a36-3c8e-4a19-9821-cc7467d962ee.png,1
8c984367-b094-429a-b8cf-a9aba99e8ff9.png,1
8ca19865-fd6c-4bcd-a2a0-7f9e9ea4bc5c.png,1
8cb6fe1e-ed23-44af-9a1d-85fe2bdb106e.png,1
8cc0b6f0-ca96-47a8-bf47-7fe2d3641d0c.png,1
8ccd3bde-4f32-4339-a35f-74918a8ff1b4.png,1
8cd0ae94-29a7-4c44-a95d-ac1415018644.png,1
8cd0b312-ea6b-43c6-b637-ccba125ee5cd.png,1
8cd4d1a3-e2ac-4475-9a06-33bdaa9876f7.png,1
8cdacf7d-d81c-40af-8bea-d107073d0412.png,1
8cddc2e8-0283-4be1-8fc4-b683cef00bbe.png,1
8ce28cb3-1184-4792-b774-229fa7dd633e.png,1
8cf9fffd-08ef-448b-b9ec-1074d9e5691e.png,1
8d09cad6-5aec-48fc-8c66-1b5e7c144ac8.png,1
8d0e17f0-014e-4e69-a2f5-bc08ef148dfd.png,1
8d14d37c-f6de-4138-b8b9-20613c8befc2.png,1
8d1a4fe3-329f-4eea-a5b7-953d617a74fa.png,1
8d2681aa-f9f9-4ca6-92e9-27fbb546d0e5.png,1
8d469ff7-e46f-4102-9e95-fdd63753b34c.png,1
8d48694a-f998-4043-bc98-63a3c18527f2.png,1
8d4c6a5c-34c7-43ae-9f95-7c013eff7eec.png,1
8d4da897-7d1c-4d08-a5f4-f99092face76.png,1
8d4ddcd5-75ce-46b9-acba-f8c7552603df.png,1
8d5c67de-61a3-49ee-9f57-49e13ed92ed2.png,1
8d742ab6-06d6-40c8-b843-d9975264f0f1.png,1
8d76ff2c-da0c-49dd-95cd-21d753f0495d.png,1
8d978e76-14b9-4d9d-9ba6-aadd3b8177ce.png,1
8da6abd4-8940-4696-bc43-6f0891cb7493.png,1
8dac50e2-b384-42f6-b05f-80347f7d30a9.png,1
8dbe2174-b173-4e56-be9c-a2a1c29c0919.png,1
8dc8e54b-5b05-4dac-80b9-fa48878621e2.png,1
8dd9cf58-1874-4592-b5aa-f5fd962337fd.png,1
8dda3f06-b2fe-40ca-ae22-6457c956c3bf.png,1
8dee40b1-4d3a-4d8b-853d-5651925b0ffa.png,1
8e1b4918-def3-42df-a2cc-d0f071f42051.png,1
8e2b2c4e-18b8-4a78-8817-b1e8a1a5f32e.png,1
8e372481-be5f-488e-92e6-ebaefe9a7147.png,1
8e4e52f9-8212-4a0a-bafa-85cdf3859e5f.png,1
8e52b303-1920-4d5d-8487-d86fb4e3e315.png,1
8e67f906-1ff2-40a8-8ea1-c5b4887ce2bf.png,1
8e6e3560-41b4-40ad-9cf8-0c51628bde2b.png,1
8e8955c9-dc5b-4109-80e8-06a714111cb0.png,1
8eabc9fc-174a-4019-b8f2-d67bd6013b47.png,1
8ead702d-e231-4ef8-b53c-41c81e44235e.png,1
8eb51db4-ac8d-4a83-b071-53fce028dd27.png,1
8ec959f3-27f9-43dc-98d0-dfa7ddf7d9e9.png,1
8ee69af3-04f7-4fb3-96a9-775c37234c4f.png,1
8eee2836-b938-4953-b394-99facc3f78e1.png,1
8eef29e3-b9de-4c4f-b1f5-efb9fe7b349a.png,1
8f0500c9-dcdd-4c0f-8ba5-452c0af5fc02.png,1
8f0e79ea-5db6-4a83-9886-c7d58f5f4825.png,1
8f1e9f08-630d-4ea4-b448-1d465801d7e4.png,1
8f1ebcac-42fc-458b-9f4d-c678698c3bdc.png,1
8f202a05-d9d3-43c2-aa4b-0ab8939f0607.png,1
8f460d7d-164d-4f3e-b3eb-1c9f0c43b49e.png,1
8f664785-3fed-4146-a80b-e844738feff0.png,1
8f88e942-6de5-4c75-96eb-edff7ded7a8d.png,1
8f8d4853-d810-45ce-9673-1fdeeb0d8fd7.png,1
8f8feef4-b211-4d70-83eb-cef152569c34.png,1
8f96a328-72fe-4c24-a57f-be79315acddf.png,1
8f96a6fe-81f4-4b69-a2f2-8477b9ea9772.png,1
8fa2efa3-f8c8-4b89-9c22-e6468ec696d8.png,1
8fac10c1-1b23-447b-9169-ea50cae270c2.png,1
8fb744d3-d002-4b00-ab8c-fe96d252e1e5.png,1
8fcccb09-858d-4e00-9d3d-09f499477fcd.png,1
8fdda05d-cfd6-4a9f-bc0e-cd4f542a8c0d.png,1
8fe8e95c-46a1-4ee2-a2d6-2174c6ec50cf.png,1
8feb2bb2-88e0-4796-b5c5-005159a8d8d0.png,1
8fefb690-a1b7-4948-98a6-088e5dd8b3da.png,1
9012a0fd-7354-4934-8a18-de81af9a153a.png,1
9038b827-4244-4154-bcf3-2d14c486bf54.png,1
9039dfee-f9b1-45ee-a487-ab6a51d7cfe0.png,1
904070bc-c210-47ef-b886-abb6b0dd7ee3.png,1
9042bce5-f59b-4b28-b9af-49dd5a717f5a.png,1
905a246c-e06d-4060-88f6-98e3b063786e.png,1
905cf7dc-9b4f-4c3d-816c-65c3b6be7237.png,1
905fcc4a-7a63-4326-9e55-2e8a9ecf1d9c.png,1
9067a3b6-b8bf-49a9-bc76-675853dd37b5.png,1
908a9eb7-dc6d-4113-ba9a-28a50140563f.png,1
908d0efc-973e-4880-84e9-fc1b0a892461.png,1
909719b9-a1af-41a2-8ce3-bb99200a5cb0.png,1
90b1ce86-6956-4957-a33f-280c1354db0d.png,1
90b2b94e-efa8-4ff7-98e1-86ea3e33b575.png,1
90be7b6e-0db5-4395-843e-d38966f41412.png,1
90ca0844-924a-4f74-926e-7561a808c0f4.png,1
90cfaf6d-0247-4431-be9b-bca6c060e394.png,1
90dc43af-fe27-4f49-92c3-969de5551b5a.png,1
90e7387a-be9f-4560-8155-e8f17d7c96f3.png,1
90ea89b5-c9a8-4147-8882-70e8e656b888.png,1
90f6ccf4-8b05-40d9-bc14-66fe5ac54b4d.png,1
91088f01-2556-41de-ad37-fb287b9e793e.png,1
910ea9c6-196b-47fb-97b1-763ab080fc3b.png,1
911027e5-82d0-44f8-af40-de9049922430.png,1
9115e87c-7fc1-4d6b-9cdf-436ea13c8c33.png,1
91211176-bfab-4346-ae4f-e35866564361.png,1
9130c6ff-ef18-413c-af5b-7c7f8de455fc.png,1
9131bb85-6251-4f0e-9ccb-4a4189f84087.png,1
914dae25-a1f2-4a77-a368-2d5d5907ac74.png,1
9164c28f-9820-49e5-8020-460bf25c270c.png,1
91671d38-4311-4998-85d5-870181df120d.png,1
916a0cd0-d682-43e0-aeb2-8da59c626599.png,1
916d9880-914d-49da-b1ee-011714c9c1b7.png,1
916de1f3-688e-4d39-bd41-db3f653e90b8.png,1
91721abe-bffa-4fe6-b816-618de13464b2.png,1
917ea1aa-b1b2-402b-b831-cacf85756279.png,1
9181661b-2b5c-4310-8313-395549a15eac.png,1
918762a3-791d-48f5-9b3b-9c149ed72264.png,1
91b2ce38-efaf-4476-b77c-4f363d340f11.png,1
91b2dbb3-48bf-46fe-8d23-e74580133cd3.png,1
91c00a0a-b2fc-446c-930a-0567100f54e7.png,1
91d27278-e329-4065-bc04-1e69f9ee2db0.png,1
91d9f69e-f6da-4f70-b539-7a3133714594.png,1
91e5caec-93a8-4361-abbe-22fa1bd60c6f.png,1
91fc2006-9134-46f4-819d-24893059183d.png,1
91ffea2c-cabd-4e92-9250-9498ecbd424c.png,1
92097b0f-44d8-4358-937d-cbf8c34c0732.png,1
92146ef9-15ba-48b9-ad5a-893a27c6f484.png,1
924f4f8b-fc27-4dfd-b5ae-59c40715e150.png,1
9271f16e-e163-4ade-939b-3383b8252da3.png,1
92a0f940-652a-4a9e-aeee-26f003abda25.png,1
92a2dfab-f33a-4324-953a-afe96680c541.png,1
92c60df4-5279-45d0-90ca-d15b74d7d7b1.png,1
92d7540d-db17-4fa8-814a-3d719157928c.png,1
92dec024-edba-43be-973d-b2d58886e7c3.png,1
92e64cff-df51-4747-9203-fb083bdc520a.png,1
93059609-6473-4853-9413-7ecd7d3dae96.png,1
9305cf44-0565-4dc8-8e45-103cede2b3f9.png,1
931b6fb9-e53d-4748-8d66-0d0cf92c96ce.png,1
932d09e6-2597-4a6d-a7fd-f6c07de79bb0.png,1
93351a14-30a7-494c-a02b-7f2d72c724c8.png,1
9341907e-9b62-4197-a0b3-3ddd3c55a884.png,1
9353a231-323a-469f-a7ad-706f900b1202.png,1
93550df9-7f67-404f-a974-516acecd5c48.png,1
9363ce31-c17d-4287-ba3e-39ea2884a3cf.png,1
936e16c0-f39a-4970-903f-6af6722c26b4.png,1
936f2425-bc13-49ce-a4a1-979fd314ab48.png,1
93708fca-e95a-40b8-9c7f-e99c8ccf10fd.png,1
93727b85-2fa2-478d-aecc-46e14f391dd5.png,1
9379cd1d-a032-4fcc-8ffe-b06e221dec96.png,1
93870d09-4d81-4d16-b703-791700c8eb57.png,1
9388011e-2250-40d3-be0e-39bc418d984b.png,1
938fb8f0-71d5-4c4b-98d4-0539a59a9ba4.png,1
93986f45-f0ed-44c0-bbc4-15bfe78ec6da.png,1
939d305e-8292-4575-8bdb-d5533fe5312e.png,1
93a0df9d-5094-4d9d-a0a8-cf5fe99b1845.png,1
93a95c68-c487-4e09-89e2-6e3849e44886.png,1
93c1ea7f-20b2-4860-9beb-fd0ad2f54bd6.png,1
93d411f7-22d6-439f-b0f6-ff1ca5a15699.png,1
93dae4d4-9f5a-4554-a882-6e4d3e9b39c1.png,1
93e19d77-ce48-41e4-b78f-b873525673dd.png,1
93eb36cf-5356-4be3-b740-1c4d7a842741.png,1
9402fbff-b5cd-4372-a203-074a2f7d8bd1.png,1
9406092a-9d4f-4143-be9e-452da62457b5.png,1
94399962-8f89-4dfa-a93f-7a3df88feca5.png,1
9455d314-1d14-45a1-aeb6-ec17f05c93b2.png,1
945a109f-4015-4844-a49a-500b72237ce2.png,1
945a3e8f-a300-44b2-bf25-b8fdc63e0c7e.png,1
94808997-3c67-4d45-bf6e-423f3705d30d.png,1
948ad418-c89a-4476-8152-1e956ef27cbf.png,1
949ccbce-b365-46ab-ac0e-c6b633c10e04.png,1
949d29ea-c8d1-4627-aa46-65aca7112946.png,1
94a7ba94-9251-42c8-84b6-c3cac85a78ec.png,1
94ae3bbb-8079-4a25-bd9b-5aaabfb38948.png,1
94c389e6-2850-4ce8-994f-11bf91f656e1.png,1
94c4e247-1228-4f50-b8b4-316754d5828f.png,1
94c76c85-6c36-4c63-bb12-704c4cdd422f.png,1
94ce6989-c700-4a9c-b3c6-8c5a512b6ff1.png,1
94fd8652-cb5a-40c6-9c5e-e429de9e8715.png,1
9528063f-230e-4a25-b3b1-412caca2f750.png,1
952d444d-b0b3-434f-bb33-59e411657688.png,1
9530b7b3-6cf5-4d8f-b76a-8fcedc319c4e.png,1
9569c848-ec76-418d-b8f4-6fe8cf77d882.png,1
958ef5a8-9119-4b34-b009-6a3fa8abff64.png,1
958f6fd1-f377-4a55-bb38-7a9db2fd79dc.png,1
95e6c3a5-1f34-4b87-8a71-a73032470fc0.png,1
95ea8862-87be-4353-b341-2aa1fee16451.png,1
95f7313e-5394-4dc7-9405-3c3356c5c964.png,1
960e8747-cfc9-49d5-8bb5-47513f50be0c.png,1
961041ed-849e-4253-8d6a-97a8aa29b2d4.png,1
961da0cb-cf97-487b-8e59-a07b4fff6c2e.png,1
9673d5f3-fc1c-49bc-902a-81ff14db1da0.png,1
967f0c4d-8ce5-4c1a-b1c3-5c8603b63c4f.png,1
9683c5bf-fd40-4716-b7a2-1927b1f13319.png,1
96862a19-db35-4c6f-a6f4-2f00a1bd303d.png,1
96b91c36-e503-462e-9d18-38f7439690f7.png,1
96c14a9c-2346-4e84-88c9-ad30bd422de8.png,1
96d2413d-d424-43ea-8d6b-f2e861c2773e.png,1
96f4aeed-716c-4db1-9f81-a186c991855e.png,1
96f6e753-c609-440a-9c94-fa65d47b38d7.png,1
9708b405-8887-4824-b354-f7c245eedfc3.png,1
970bb2ce-6966-47ed-82d0-923d8d0b8617.png,1
971befc9-5a0d-4bda-acb5-2cebeaa8163e.png,1
972128de-cda3-4ede-a5a1-61c05bfe49b2.png,1
97354b7f-c36c-4e81-a6ef-cbce71682715.png,1
97558fff-a0e4-4d73-98da-0de2750873fb.png,1
975aac17-f7e4-4b6c-a669-e73b0bb5caef.png,1
9760925f-858b-4470-aaeb-5908bf03672a.png,1
977bd2ba-e5f8-4459-b48f-36dfe1afb215.png,1
9785f111-2f91-4137-998e-6b2e516bc97d.png,1
97a6f7c7-df3f-4127-907d-27823c48f2fe.png,1
97b01ec0-6e26-4e8d-a486-7a078d44b42d.png,1
97b0ce05-4da2-4ec6-a48b-786b8562dd82.png,1
97b49b96-d8ba-4fed-bc9e-e0912c9f66eb.png,1
97b7fb68-359d-46f4-b20f-5cb82bb8dd81.png,1
97be853a-7fc0-43cd-85c3-a92ad92e5350.png,1
97cd19cb-73b1-47df-b60f-380d44fc0ec9.png,1
97d33835-1ad8-4c7b-8fce-4552d9dbe2f4.png,1
97d7ab4c-257f-4cf1-b582-d37ff1e2fb4e.png,1
97e3d9f2-fa1a-46cc-932c-b96879e199f6.png,1
97fe9a9a-3b11-4cbe-b053-2d5de0739dff.png,1
980bedbf-2f34-4596-a7cb-ec66fd1ec4de.png,1
980c366b-becd-4652-8934-682a2961081f.png,1
980f7412-072b-4cc4-846d-99fc5607d70c.png,1
98170722-6cba-4e3a-8b9f-fba220d8e7f7.png,1
981a2806-2512-4ff1-9c99-2eed4ad32b9c.png,1
98325e35-8c87-418b-a7c3-81b1180e85ea.png,1
98447918-1170-4213-abaf-437efe240700.png,1
98692be3-a420-4f98-bffb-4f98187059a8.png,1
987d7028-3873-4b8c-aa45-d3f52f3501ed.png,1
98833b28-3925-4098-bf44-c81a9e687838.png,1
9889dd70-f91b-462c-a5ce-8b77b97052a1.png,1
988a4bbd-3a14-4b4b-b846-6729e35fcd91.png,1
989620ed-615e-47a9-a2be-402c3b6f937e.png,1
98abcf3d-aa93-49e0-af76-029af14e6aa7.png,1
98b74eb1-7a17-4c4f-ab85-a93ac598c1c1.png,1
98c8bc72-1779-43f0-a118-538edcbc9e71.png,1
98ccc363-75a5-4b0e-b1c9-2cf36baaa657.png,1
98cd0b89-202e-4b22-83e3-ea843488ea6c.png,1
98d96d73-2a33-45a0-a242-dbbad2f2e579.png,1
98e6b228-3bd6-4bfe-be77-12b6567385d5.png,1
98eca0bb-08a1-4063-beb0-0b35819e93b2.png,1
9911bf13-bce6-4b33-b866-1944aca8fab0.png,1
99122ea2-e76e-4b70-bfd9-350b8af5691a.png,1
99147d86-515a-47f7-a537-1692f2276564.png,1
9922146d-a19f-4889-80ca-d6f802118fdb.png,1
99239481-5f84-4fe9-aa79-dfa79d3e7ae0.png,1
9937dc6d-2541-4b08-90c9-7d9e5231d6b0.png,1
994a1363-1acc-4cf3-9703-13c0665dd4bc.png,1
995add3b-6d5f-42a4-ac2f-7e46ffe27897.png,1
9960c058-8c83-46c9-b311-5dd7e927eb34.png,1
99772300-b5be-44cf-b8a9-682247e5e8c7.png,1
998e3a78-6d50-43e2-af5c-56a1b747092b.png,1
99a1a344-cb16-44ea-9d2a-a9daddbddd26.png,1
99a21978-b49a-403a-9424-5745a90c8018.png,1
99b9190e-c092-4d21-bc5f-d6c82c513c92.png,1
99dcf680-1f54-4d88-aa29-d909be9e82ff.png,1
99dfce1b-ea95-4bc5-b162-dd891968dae1.png,1
99f7ad08-2189-452c-afab-6d7b1c62c049.png,1
99f99868-4c89-47f0-adbb-5a9ca675002d.png,1
9a05ffb1-0988-4f71-89a3-2eac51deb62e.png,1
9a1a620f-7089-42f3-aff9-4220286b60eb.png,1
9a1f8fe3-174a-4c13-9885-75e52c0153b2.png,1
9a1fd0e4-262e-4856-85ba-88faf8b88726.png,1
9a1fe07c-88c3-4ec2-9713-09d3beaf9830.png,1
9a2accbb-06fe-4051-9542-2fa5f0c9e261.png,1
9a30433a-c79c-4f15-8be7-26adfa92943c.png,1
9a36a93c-00e7-4d9f-aa34-893a92043d52.png,1
9a3e1197-91f6-4e4d-9aeb-fcde3483849c.png,1
9a3f2627-ed43-4666-9f27-01589d9c6d44.png,1
9a4b8ac5-0371-4bc0-a609-32ad46806f7c.png,1
9a543e59-766e-4da2-82aa-a891682b2793.png,1
9a54b667-9691-4074-99a5-3e3c9c5a0835.png,1
9a5ebaf8-f562-456f-a1fa-e485ee712790.png,1
9a61bc75-01c7-496c-b5a9-b4ad264b7885.png,1
9a75986a-bb57-4f82-b9cc-af6a5a9ea8c6.png,1
9a8d4c24-8275-4805-ab84-9ae850c7ac32.png,1
9a8d7f49-ec4d-40db-998a-a1b81ad9ac52.png,1
9a941e8d-d526-42b2-9322-cef1e02bba21.png,1
9a970136-ec7d-430f-9a70-c873fe64eddb.png,1
9a9cec58-b096-4661-8a89-f536aa33adcd.png,1
9aa7e15e-45ea-4d4f-a5eb-97f021d97499.png,1
9acc3015-cffb-414a-a8b1-87555ba73b50.png,1
9ae26474-0da3-437d-a0dc-744b8c474bba.png,1
9aed29ce-85b0-4cc5-9dad-7a1aac9c28b5.png,1
9b16af6c-5f7d-4550-a641-e41460c820c8.png,1
9b176562-4004-4e23-965f-ae050251378b.png,1
9b19d8e9-16b4-4a69-bcf0-181d4709d3f0.png,1
9b215f1b-5061-457f-acad-471ca01f774c.png,1
9b218763-f3a6-48fb-b17d-50d25cf9bdb8.png,1
9b2d7e34-af22-45b1-a619-4995b7118919.png,1
9b3f98be-cd49-4634-9dc0-d473d6766fb7.png,1
9b4ecc3e-5499-4d0f-a218-0dc17aa963e2.png,1
9b6f8882-b59f-4a4d-8f48-b3f355fd70b9.png,1
9b72e9f6-1001-4372-9120-951dab8c68eb.png,1
9b788ef2-8721-4f1f-9d4d-8a2e0d65cba4.png,1
9b838133-a269-416a-a0b5-9dc3ea7d585e.png,1
9b90c3f5-5126-4ef4-b109-244c88676697.png,1
9bb53dc0-28ed-47ed-bff3-9e6cc3c03d62.png,1
9bc3b352-0796-42a9-8028-3fa131afbe7b.png,1
9bc684ec-12a8-4c76-85a3-29a75d550968.png,1
9bf4af74-aba7-41ef-9606-b19bf8526a72.png,1
9bfbcf53-fe7e-47b3-ae0d-3d4cd48001ee.png,1
9bfebbd8-d79d-4a61-9403-d33d3406fce7.png,1
9c025c17-e81d-4e8a-b466-01a4d1c0d553.png,1
9c0fbb4b-715d-43ad-ac16-3cd798caaab3.png,1
9c28904a-278c-44ad-b4a9-7f5bc3ae58a6.png,1
9c363f6d-ca24-41da-ac87-52bd65884df0.png,1
9c3ec0a7-6816-46e0-b797-8412bacea535.png,1
9c3edffc-7981-40c3-84b9-d719e49ce1db.png,1
9c48a4fc-de51-4ec0-a6e8-24995708ce92.png,1
9c67f8fa-acdf-4c93-b250-cf0c053b47b6.png,1
9c6b1f79-c2e8-497a-88aa-34af955ce666.png,1
9ca9ffa9-4810-4ed4-b919-39b2315ed461.png,1
9cbf0728-d245-4782-8aca-c25c5e8e158f.png,1
9cc6707b-0793-492b-b59a-ededa08fb144.png,1
9cde0ff6-095f-4ac6-88a8-c9ffc4676230.png,1
9ce51c73-3da3-475e-ba21-29837e865ff8.png,1
9cf3c0e7-f25c-4358-b5a9-aca2e0b6f33e.png,1
9d021f29-5ab1-4713-a377-3cd80baaa477.png,1
9d1ceb1a-66ef-4135-a905-3d7b51b0fb4d.png,1
9d1ea51d-29fc-4aa1-a4b0-fa1f1c979d0f.png,1
9d315378-b59f-4999-a993-cc4443925be6.png,1
9d33381f-6428-462c-a2bf-2b87d276f0eb.png,1
9d42ccce-13f6-4053-8597-988d3ca98b74.png,1
9d49e8a3-a382-4765-a6e7-1c865d8b7712.png,1
9d4a60a2-7a43-4d82-986a-0fbe9126fd88.png,1
9d5031cd-338b-45b9-8bf0-2cf09f3b8e52.png,1
9d541ed8-0776-4d41-8ffd-4f6bb9c3cf19.png,1
9d5a35ff-4644-4f75-91cf-4ed3142af182.png,1
9d5d0c30-fdd7-4799-a106-97b3bd6c4274.png,1
9d5edce9-4fce-444f-b907-a70e2c6cd166.png,1
9d7688a1-8de2-414f-ab31-acb03992c952.png,1
9d78bc61-be12-4f04-a542-ece6d960a05d.png,1
9d801278-8699-4eee-ac13-14de9cc773d1.png,1
9d82f9f6-b84d-48d0-9ce5-68329990d7fa.png,1
9d93caf3-5af3-48a0-9a6e-23bec560da26.png,1
9dbb7a32-14df-40ca-871e-410111c45c05.png,1
9dbd05f8-87b8-4902-8e3c-86da0690fd63.png,1
9dc1e167-1784-45cd-9fad-9bd7c8c7d904.png,1
9dcc61a1-27d8-4ad3-9b8b-6af5bf82b588.png,1
9dcfa483-4ed7-4cc8-954e-eb7c188e914d.png,1
9dd62ca4-f07b-4843-97bb-a69b7bf8d327.png,1
9dd6e2cd-3afe-4a03-a3d3-de161a0446a7.png,1
9dde630b-1f95-46e6-bcde-117eee4c7283.png,1
9de4153d-5383-4dc7-977c-e064fb2734c7.png,1
9de7304a-bda3-4aa7-8002-c7b1b662745d.png,1
9ded4d8b-5e88-4470-bb20-1d55d76d6658.png,1
9def0034-2612-4df3-9fa9-d5677dbae95e.png,1
9e0e05ef-1c6a-4883-957e-f36f5c59b9ad.png,1
9e0e8620-d08b-4704-9782-19b061a5d83b.png,1
9e149c3a-0dbc-4d4d-a7f6-939c4e4d8688.png,1
9e14bba9-48f8-4382-b606-d47030e9b893.png,1
9e2df0fb-8488-4301-9e4c-8ca2457fca54.png,1
9e310044-aadf-4584-871c-b0db5fc0982e.png,1
9e43a65f-f310-4cb0-a645-8ea52d98f88f.png,1
9e53a361-9507-4b07-9b3b-56bad312fb6a.png,1
9e6239f2-9352-4bad-a19a-22538ddd0e27.png,1
9e6bd994-d868-4805-8511-08ddcbe33c14.png,1
9e6eb4fa-abd5-40a7-bd06-5ca016b16021.png,1
9e763f85-b627-45b6-ad70-2982aae80d5d.png,1
9e7bd306-471d-4c5c-aa53-a9d24e0779bc.png,1
9e8bd81f-b091-4c02-9ea4-1927c896dfc2.png,1
9e90750a-8dfc-487b-a151-4ccf46ddc765.png,1
9e98ccb4-e0b8-44de-acd0-4927030264d3.png,1
9e9cf557-f329-43ed-8095-dc66bc667c28.png,1
9eb988cd-aecc-4335-ad09-b580be434377.png,1
9ebb6f78-9a39-466f-b5cd-bc0eefb7179f.png,1
9ec6e281-84bf-4b6b-be0d-0ccd279257cc.png,1
9ed27b99-3235-476c-a752-abdc005fb46b.png,1
9ed655dd-cc93-4bde-be51-804bac051f25.png,1
9edc3935-3942-48c0-8666-bc5857f24aec.png,1
9edc8604-a965-4eb7-a5d0-61df8a9ae45d.png,1
9edd183b-ecc3-433a-9669-f891d34f8490.png,1
9ee07fd5-612d-4a33-89a6-12fa8ce9bb48.png,1
9ee2b533-9bd1-461d-acbc-ac74aa13818b.png,1
9ee3b37b-f1e7-4b02-8f8f-a8af4ce3990e.png,1
9ee5d70d-a1ca-4fe9-af45-27dc20017d27.png,1
9f1ab54d-5fb8-4464-9617-26a7d25f26cd.png,1
9f2cf186-cae2-4b29-8312-d20cd1df7d25.png,1
9f2e86d5-cf74-4c4f-84f9-c9e842c8ef0d.png,1
9f377ef1-a9b4-409c-8e6f-94199ac19a75.png,1
9f3f5192-ef06-4085-bfbe-17ec62087fd4.png,1
9f579871-0644-4b33-8547-240b76dbccdd.png,1
9f586862-a0d0-4980-ac2e-7a82c9d4c30b.png,1
9f70e16b-6372-47ca-8589-1862539f0655.png,1
9f756055-99fc-4a80-97b4-f89f98cf92d2.png,1
9f76ae9b-da2b-4add-9964-e681f2a31697.png,1
9f9b51c5-dd69-4bf8-bb3f-49def4d4b85f.png,1
9f9e35d3-2032-489f-8729-474a160fa176.png,1
9f9e7267-220a-43f8-b222-9a330b08957a.png,1
9fa17c26-8aae-4dd6-af8a-5750f042adf9.png,1
9fae656b-cf66-4c4b-a5ed-1962ebcafb7d.png,1
9fbc34a0-5af2-4ce3-a672-c7d90c78aaa8.png,1
9fbd7b9f-ef1e-42ce-b594-1a3f017fb604.png,1
9fd4b2e7-d443-417a-8436-b5921152ddd7.png,1
a011c70e-6fda-4056-b364-8bfa67a878d0.png,1
a01dc83f-bd19-454b-a317-007a2730852a.png,1
a024d155-a276-4395-826b-193fcf6a5b9c.png,1
a02a2b40-a352-4e80-8390-d44e1264bcb7.png,1
a02c7ae4-7571-4ae8-ae35-5e4121ebd250.png,1
a0367348-011f-4ec9-9efa-144fd325ba5f.png,1
a03a2aab-7039-4743-9dab-3870899b1f35.png,1
a056f19b-06e5-47f8-9861-005b6dd08fc0.png,1
a058e58a-be32-4941-86ce-b01a36285658.png,1
a0688bb5-65a3-4b02-b0a5-cd0dc775608d.png,1
a069b05e-0957-454f-af9b-8daa65d406d1.png,1
a082d750-3663-46ca-bf52-cc32b2f403c9.png,1
a0930be8-f005-4141-a181-c1494cba358f.png,1
a0999072-21a9-4898-b391-5990998eca20.png,1
a09d65c9-1707-47d4-a241-212aa118a860.png,1
a0a7949a-d305-40f8-a8a4-3cfcb773f3df.png,1
a0af1a60-0f1c-4d53-9a71-dd438aa06b70.png,1
a0b69080-fb84-49f6-a2ab-e3de1cfd2ad1.png,1
a0c22f32-1156-4c62-894a-19ce51aee219.png,1
a0c4fc4a-52c9-49df-8564-5d23e9d0ebc0.png,1
a0c64b6b-5c91-422e-96a6-5389d9c23cec.png,1
a0c6c07c-17b8-4d76-9c54-e88deb2b5039.png,1
a0c71f08-8694-4294-a903-f733a09f84c9.png,1
a0ca289b-6e0b-433d-a45b-8f86044e1ae1.png,1
a0d6ccfc-3f60-41a8-8e11-4fa091384129.png,1
a0d6fa61-86b5-452b-87e9-a99995c6c4f7.png,1
a0f962a9-f02a-47ed-894b-392e571994e8.png,1
a10735b4-e069-4df3-b1e4-5e54825ebfe1.png,1
a108c5e8-49d7-4ec4-ac83-a5cb0442e536.png,1
a10bf127-bf41-4e8d-969c-63963bd98935.png,1
a11a11e6-18b1-4efb-9c26-37f458bc1b0c.png,1
a1225d16-619e-4bfe-89a8-49106b1534ee.png,1
a13bf9b7-ea61-4bff-96dc-e6c716638461.png,1
a14ac79f-dbcc-41aa-98fc-3f1440891839.png,1
a14c9773-4ff1-44e2-882d-6e37a1a5af3b.png,1
a1538feb-5647-463b-9876-ca6e5ff00f48.png,1
a15fd96c-be59-4a81-b253-bea26b1b20b1.png,1
a16c339d-0eb4-4010-87a0-f422a08a00bb.png,1
a1733f0f-0822-4ca1-8e60-cb3981a7f7e8.png,1
a175b2d8-ebdf-4643-8afa-8a4566766f75.png,1
a17c5d46-08a6-4fff-ba32-9a658a981e0a.png,1
a195a887-4e7e-44d9-b9d0-a2a72b1c243c.png,1
a199305a-70db-4d2b-8354-691e91c8c27b.png,1
a1a1b826-0de6-4d0f-b082-2eec1c456944.png,1
a1aff3c3-4eae-40ed-800d-d5aa693e1132.png,1
a1be5d47-d573-411a-862c-d5e0ec36f469.png,1
a1c8a30b-9978-4be6-9be1-d55456ef2480.png,1
a1d846a0-7213-4eff-a9b2-f0adc352aa47.png,1
a1e46713-1cd9-4360-9a3f-5e57e418c5a2.png,1
a1fb3bf8-b4bc-4dd2-9cbe-e4b2ce75789e.png,1
a2018dbd-1979-452a-a629-b5230b69d259.png,1
a205b165-66a9-4bb4-9cdc-f2e1c5845664.png,1
a20667cb-b7b3-454c-8fa8-2acdd4bd0604.png,1
a20a5357-fcdc-4d8f-b5ad-7a49c2df7db5.png,1
a20c1c8f-e16e-440b-89d0-2393ea43b340.png,1
a20def8d-de06-427e-8416-09ae16bbaadc.png,1
a21dc214-0756-48ec-9b5b-16ca1bb243b0.png,1
a2269867-3a23-4cd4-80ec-8c0f917f5986.png,1
a228d0c7-b6aa-409d-98df-569809daa353.png,1
a22f0f36-ac98-442a-a980-069a248630a9.png,1
a232cfa5-b1de-4178-9de1-d506c8db2f62.png,1
a23ac27d-83b3-48b7-837a-dbbe83752ce3.png,1
a23f2117-8ee1-475e-aa06-e74f6b6118d7.png,1
a24b4ad9-13df-42a1-9e3e-f92c9682b64f.png,1
a25d0b6e-cd0e-40d5-a225-4ef92baa4202.png,1
a281a261-8435-4861-bea0-0bca497dc5a2.png,1
a28266ba-94b1-4789-88e7-e7a1c4bc6d0d.png,1
a288ccb7-b58d-4411-a5da-6dce74957e74.png,1
a2960536-841e-4c2b-8bc4-a3d6f460dd9c.png,1
a2961d70-7b12-4eac-bb33-8567bba2d3e9.png,1
a2990f44-8592-4427-b704-b19565a0bedd.png,1
a29d2f91-e135-4810-b896-ee443666df54.png,1
a2a093bc-6179-4a31-bcbb-645d2f136a80.png,1
a2a84bc3-c75b-4df6-840d-e118b61594d4.png,1
a2b6217a-2c7b-4cc3-b313-ec48bf272a2f.png,1
a2b8c42b-db97-4b42-aae0-c8ba85053132.png,1
a2c7baa7-e6f5-4409-bf23-d96c54d6843b.png,1
a2d27e14-d9c0-4596-84d8-c526b0afc9a7.png,1
a2ddccd7-9c2b-4d81-9375-928b418da482.png,1
a303195a-cda8-484b-ace4-04c4a0c40c30.png,1
a30808af-7822-4f47-beaf-0c1a840cd980.png,1
a31468bb-700c-4430-ae7d-8a547db8fa5f.png,1
a31fd48e-8dd7-4a31-a197-ed1d67ec98cf.png,1
a3215a02-302a-40c7-ab0e-e1159cce77f6.png,1
a332b7c6-2db8-4158-a01b-ab2baff58cdc.png,1
a3330875-c899-4f4f-81e7-40eea365b08f.png,1
a33882f0-bccb-4c22-8104-deae4a3b3b4c.png,1
a3558c74-f838-4da4-a8be-ad248ad502cf.png,1
a35df48c-325d-4b85-8f4d-5b96e886634e.png,1
a36085fc-65ab-4a82-8aa3-010967287008.png,1
a36bcdda-c363-4ae6-a8b9-47bb0e05dc43.png,1
a36d17af-dcd7-4414-a701-3ef7c462e05e.png,1
a36d5534-15f9-4cb1-aacf-99c5f96b6d40.png,1
a36e4035-44c1-46f6-9ec3-4152df152050.png,1
a36e7035-fe1e-4145-85cc-e893094beb3a.png,1
a3729a13-c791-4f7b-bd48-fbaf4f7fc0e4.png,1
a37a99cb-7e48-48e4-a7f9-7740ba109954.png,1
a37b8547-1850-4d8c-940e-cc9d74e0798f.png,1
a37e89b4-7aa4-42f0-969f-f92816142442.png,1
a3914966-dba0-4178-8efa-20f3dbb5e75e.png,1
a3a15e9c-71d6-440e-9457-89e2aff93fe0.png,1
a3a2056f-fca5-46bb-bfc2-bfc7d381169a.png,1
a3a2bb07-b700-4ce4-824c-03859b93e5b3.png,1
a3a98509-171f-4c00-8d47-b6a0957907c3.png,1
a3ac5fe9-431c-4c10-8691-d0d26e6a0edd.png,1
a3bcdd23-510f-4f18-876e-69bc9cf62ada.png,1
a3c04f4d-3621-4679-872b-fad6dd79a4f8.png,1
a3d54ec1-68db-497a-ba57-b7feeb3b7739.png,1
a3dda87f-1087-42ee-b602-453eaac55e5f.png,1
a3e9eaec-d502-4e5d-abc9-bb5e28742b83.png,1
a3f5a3d9-78a1-4689-8b1e-15f146e14b4a.png,1
a3f77eaf-8e19-4ad8-84b2-9549f3dcbef8.png,1
a3ff8160-0b83-4f41-9880-201c7981a2e5.png,1
a408f2c1-9ec2-49fc-8dd6-617dd540d512.png,1
a410dbbd-1ee8-4b79-876e-200b093b0e43.png,1
a41249dd-3195-4d4d-bcaa-7ea2178e2d68.png,1
a4146511-3e5e-4663-a79a-d0b578aca940.png,1
a4160584-0311-47f5-877b-9ab95fc2d553.png,1
a41f6e40-d536-46d9-8d24-4948704d5972.png,1
a422ca04-b11f-4995-a7b7-a9f4c0988f30.png,1
a4444af9-6137-4f0e-9b51-ca7236cf43b2.png,1
a4446942-ca25-4f9e-8ae9-4f373c3bcb4d.png,1
a445b3e6-a5ab-4eda-93d8-7f26d4076748.png,1
a445fa0d-51c8-4e5f-aac8-7f2e551c67c3.png,1
a458d820-3a26-4f46-ab7b-28f42a1ff4e0.png,1
a46cc8cc-8314-443f-a7b6-c16eb68a4a3f.png,1
a472a01d-2145-4d5f-bee6-588b785bf036.png,1
a4746533-ed20-4024-9193-cc9c101e0f94.png,1
a47895dd-28f9-43b2-9214-a4e55fcf92e5.png,1
a47bcc17-20c6-4144-aca7-6032540b33e9.png,1
a47c09af-6f13-4057-a0e6-6e1f422b584d.png,1
a48c5a65-73cd-49a1-9a23-13e56e3138db.png,1
a4a28a4f-9496-430c-8cc1-cff2b44ac359.png,1
a4a5cd1a-bd42-42e2-89f9-b1617da60a68.png,1
a4ac5fc1-dbc7-4380-8265-04e05f959c0e.png,1
a4b449be-8c92-4191-aa74-cce130365f0e.png,1
a4b7d67d-7e52-4b14-9897-4fa498b25d0a.png,1
a4c04a83-5178-41c3-b300-be73b521947c.png,1
a4c510ea-e84b-489e-820e-2777b240f33c.png,1
a4cba60f-6006-4a32-8ce7-488fa06bec4c.png,1
a4cc8800-73db-4fdf-94c0-8b15b7777bf4.png,1
a4d40476-66d3-4733-9db5-63b4fd7215a8.png,1
a4e7b487-c516-4e48-a31e-8b21e0a18117.png,1
a4ee6346-dfcc-46f8-9d8e-69665a8083c5.png,1
a5193f5a-e9f4-4e32-a520-5b06d13f1d2a.png,1
a5194c02-0772-4af3-bf54-73865383e620.png,1
a5282399-d86c-4e4a-a91e-bd62a535d2ad.png,1
a52f8c02-a360-40a0-a2dc-1fd91b8f51e9.png,1
a55004e9-3474-4aa8-a929-0cc99df4609f.png,1
a550099a-36c5-4807-88ff-e77475bae0d9.png,1
a55c56f0-ed46-4761-80cb-5472187e70cb.png,1
a57aae30-eb23-4e9d-b11a-4c304c823364.png,1
a57f578f-1e6f-4248-bd38-2dacfa772fdb.png,1
a58b8dca-87bc-4461-be69-11acd06067d3.png,1
a595fe39-ce96-43dd-ac73-89d49124b966.png,1
a59835f0-1e71-46fc-b68f-2a16ca414b4b.png,1
a5a07f9f-959f-4210-ac86-6cdab44b099b.png,1
a5ba75bd-c961-4096-b9fd-6253788cfffd.png,1
a5ca0085-546e-4939-beee-25f87a033093.png,1
a5dcb09b-5ae9-47a6-a561-524d7838b22c.png,1
a5de312f-1c37-451a-9d60-2089e0227b97.png,1
a5df1553-7c85-46e6-9e0b-870d67d23eb7.png,1
a5e1f9e8-784c-415c-bded-f83e6130a111.png,1
a5fb7e34-07b2-4534-8f9f-3fb289ed8d26.png,1
a60ea99b-fcba-4bf6-9ffe-c5f700e50792.png,1
a6148502-53a7-4916-93c1-9fa49c9a953b.png,1
a61c9969-4521-4436-85e7-0fcb71e61dd4.png,1
a653c489-c9e9-41ef-80ce-6a38f443ef01.png,1
a65ddf29-a6d5-430b-8096-4528c45b47b1.png,1
a662a526-362a-4c97-9407-3ac207c5ba81.png,1
a66d3ed0-cbef-4cbd-9748-12f48a463f73.png,1
a66d881d-c072-4ea0-a00c-74a62981a3e8.png,1
a679589b-9b88-4010-825a-cb3653587e78.png,1
a67be9a7-9130-4e1b-a7a1-1f137ffddb7d.png,1
a681ac25-1798-4c81-8e28-a1c5014e00bf.png,1
a684b3b1-3d9f-4288-9095-cb5b28aa2eda.png,1
a68a107d-2929-430e-bcab-d68d6de7802a.png,1
a6905106-5479-4725-b81f-532376d24222.png,1
a696320a-43e2-4f36-bb75-3b435ddceccd.png,1
a69636c7-d292-4e42-9114-a5a1c1158086.png,1
a69b6651-4a96-4fbf-bd9f-d2ec7161e5d2.png,1
a6a38450-9151-4178-a830-a08e0223f8a5.png,1
a6a420f8-b676-49e1-9273-fd1b9f9fdfc9.png,1
a6a94200-33a0-410a-9e4b-bb080cfed624.png,1
a6aa1429-135a-49ed-bbaa-ebede9b1b63c.png,1
a6b07082-0fb9-48a6-8c53-2c40ea901b62.png,1
a6b8e55c-5e2a-4ee3-8731-479985e068f0.png,1
a6b9565f-bc91-4841-8969-ff94c3b687b3.png,1
a6c2fa0d-7cd9-4a0f-a40d-770943f06072.png,1
a6cbb3dd-75ab-4671-a6b0-9a51c04a81ec.png,1
a6d7b6da-d474-4195-8270-08fdfd6e8a20.png,1
a6d95e82-3d6c-4047-abf2-505f059cdf17.png,1
a6e29ab5-cb08-4bae-b028-f97cf3bfd943.png,1
a6e6e9be-4ced-4c05-ad59-a07061fe72d6.png,1
a6f211a6-43f4-4f15-aa2a-cf72fb29bd3b.png,1
a70544fd-cd5f-4650-9008-224672ccd7b6.png,1
a70f69e6-aae3-459e-a3dc-175a2bcae6b9.png,1
a7170988-66ea-4448-bfd7-d64b06d33753.png,1
a73a46b2-fcef-41ad-a292-60df60ebba72.png,1
a74060c8-870a-47e1-9bc9-c1226caf9a87.png,1
a754f888-8407-4228-be35-17a0140ef6cf.png,1
a7714d9a-c359-4edd-94a4-c6943c437021.png,1
a771930c-cb2d-4fcd-8ee4-8ce2acdd1115.png,1
a7a08920-e6ca-4638-a59b-ac10d5e58c8c.png,1
a7a30231-a1b4-4305-ad66-6a707a27a1a4.png,1
a7a45cd9-785e-402c-a66c-4762b71ec4bb.png,1
a7a95de8-1075-49df-a0ed-edc1baca084d.png,1
a7b7222f-91db-467e-afb7-68f44f06c6a2.png,1
a7bbb7d4-3dab-4510-81b6-d79020126058.png,1
a7c69985-832e-4c35-810c-6578955cec97.png,1
a7caec7a-dd5a-48af-ab0e-817aa2617b9f.png,1
a7cc220e-bef4-4d27-a921-7773ebef1282.png,1
a7e875c8-2f8e-4eb1-bb43-5a5f7d206ba9.png,1
a7f3e1fa-fc47-4b6d-a377-8a4ee4bda0f3.png,1
a8098820-9876-4866-91b5-6ee9f91d106d.png,1
a81ed846-615a-4432-8e34-67b1169ebea5.png,1
a8328d63-6a90-4e20-a7a9-65226cdaaba8.png,1
a83f3266-8fe1-4d4f-86a9-94ee9b7e8c4a.png,1
a8521ca7-b65f-42e9-83e2-f3dddf811eb3.png,1
a85de598-dc47-445e-982b-e0db1c3d18db.png,1
a85fcd51-0b79-452d-8afa-05d90cdeedcf.png,1
a86617dd-c1b7-4a69-aff1-68537437cb93.png,1
a87fca97-b625-46c0-a9af-9456c03aaaaf.png,1
a887251c-8046-4ff2-b5e5-9ef155ef94a7.png,1
a88b1cbc-3ab1-4cbc-b0b6-386e90185260.png,1
a8935cae-155c-4200-afc5-6fd74dd1b31b.png,1
a89d0ed5-5c57-4769-855e-6cfb7b9958c1.png,1
a8a32c9b-44bf-4f83-a091-2f006901ef22.png,1
a8a49a6e-55df-42dd-8962-c239609f5f57.png,1
a8b5a123-6dbd-412e-a871-12f4f65a6a05.png,1
a8caec22-eaf7-4acf-bbb8-fa3cdf4f69d5.png,1
a8cb813b-9d3a-46ff-8003-053271cdcc9a.png,1
a8d21d6b-c91f-4ed1-97cc-9f5b9f138146.png,1
a8d39eb7-7495-410b-8c23-0723b5245dae.png,1
a8d85d30-72b0-45c3-8234-9544fbb60c09.png,1
a8e0af66-dc6e-441b-82c0-077c56cb43a9.png,1
a8e2a670-e58f-48c1-bf03-051d1678cbc9.png,1
a8eb3550-b9a0-44e9-84e5-cabc2d890425.png,1
a9023293-e3bb-4516-9769-d3c5b9565e61.png,1
a92643fd-0f58-43e5-a400-7c35c2544610.png,1
a93bed75-231d-47cc-a21e-9a70c0d072b2.png,1
a93def1b-0944-4a6d-b49a-cfff8dca694b.png,1
a940da0e-5033-4069-9318-0f675dfcfc16.png,1
a94b358c-1e82-484b-a36b-462bd297f9d6.png,1
a94ec882-bcc3-4c59-8c6b-2d690595a04d.png,1
a94f400d-d742-49a8-9821-f0028c807a5e.png,1
a9552aa7-691e-40ab-835b-16237c608b03.png,1
a95a4817-482e-48bd-96bf-c661573e7032.png,1
a95c830d-b00d-40cd-abd4-1e256ce80721.png,1
a96bb268-a6b1-4dcb-a7f7-eeb51527e72f.png,1
a9883ad6-826d-4257-bd75-504e2cc7b497.png,1
a99561a5-2c12-48cd-be57-ce6b6cf58da1.png,1
a9a0308c-67af-4872-89f6-e9ecb5390ada.png,1
a9a8cd2f-52ba-4968-913c-7168c06e2293.png,1
a9bf1010-e610-4b41-814d-99a4250d00c3.png,1
a9c3b3d8-0e8a-4b5f-b05d-d66f5f8fe2ad.png,1
aa02e36b-226b-454b-8d8a-66e4ada01d99.png,1
aa035292-3f9b-4800-89f4-b1e9722c7c67.png,1
aa1970b8-5039-4ba9-a933-4bd96ad81a91.png,1
aa19d527-3efa-4e82-bc1c-74c450386423.png,1
aa1ab66a-081e-4c5f-a6b8-791a5182466e.png,1
aa1b6c09-41c6-4782-8572-c9986505cbfb.png,1
aa2b8e03-8968-4d9d-a783-e64d9bca1d15.png,1
aa4294f9-fe5f-4912-9e73-0cbf35bddfdf.png,1
aa47c55a-7cf7-4105-9132-de080664f052.png,1
aa49ed8f-c583-41e7-9fed-d5f930e19366.png,1
aa5418aa-065b-4dfe-b61d-3cddd302b4f2.png,1
aa542085-6557-457e-b897-43591ce22108.png,1
aa61804a-c589-4027-b85f-4eaf8282e3a8.png,1
aa62706c-0083-4418-ad03-72beaf1b2446.png,1
aa636938-1fb2-4d4c-9678-b703388552e7.png,1
aa720b92-39d2-4db4-a6c1-318840cb973b.png,1
aa78c204-135e-4605-8310-7202c41e08cc.png,1
aa9d099a-3a55-4fc8-81c5-9963bd04e9f7.png,1
aa9ee7e3-71ef-48e3-9eac-46955dca641b.png,1
aaa04d93-39da-47c1-8736-a1a2c85114af.png,1
aaa75c43-b169-4831-a539-f6fb2b173a05.png,1
aaacdecb-a59f-41d9-ba6f-7e02185c2326.png,1
aabc6613-e421-4402-8e28-53dea1fde054.png,1
aabdd5a1-1880-4f5b-81be-ecf8f426a077.png,1
aac0f44c-3942-460a-8d75-ece0ac88ab0f.png,1
aac5e3c9-f621-4193-8818-ca6ca3ba8320.png,1
aac8b420-f849-4c60-8486-0155f282633b.png,1
aacdbc1a-465e-4f29-8c4b-995cd8337384.png,1
aad5a7ee-f327-4444-9a29-f279d3832286.png,1
aadb6dc2-bcd7-42fe-a424-a5f7af6c9f74.png,1
aadc5c44-f71c-4975-8946-d5e8b484441a.png,1
aaf0cb77-efe2-4129-ba1e-a7b153132427.png,1
aaf271c4-df7a-477f-a609-4dca15b54649.png,1
aaf27f12-2f10-4f29-bff2-ab9407234c83.png,1
aaf35f7b-67a4-472b-85f1-fd87bdf13080.png,1
aafca7fa-b482-4e37-bbc4-96da4b744847.png,1
aafda091-8953-40c4-802e-853a206e50d2.png,1
aafecca2-fefc-48e6-be48-a34488e06cbb.png,1
ab11a2eb-d568-4ee3-acd1-36b81ccba932.png,1
ab15c0f4-0b43-47d5-85cb-b5d29f330ef6.png,1
ab166102-1b92-4bf4-88c6-eaa40cf0a56a.png,1
ab173751-9a1a-491c-9cb0-404922df4a1d.png,1
ab17c7e8-3447-431f-afcd-efec89229fe2.png,1
ab212af5-998c-44bd-8581-b608b6545855.png,1
ab27263e-592a-43ef-a1dd-6bea8a934e6a.png,1
ab2fd39b-2c9a-4fe7-852e-c1019ee3e602.png,1
ab335009-3c56-4dc0-8280-77dee7889d5d.png,1
ab39973c-ae43-4ded-8c33-678bb4f28988.png,1
ab439d42-75cf-4049-82c7-1155a8e92560.png,1
ab4e14e3-259f-4e54-8860-b2762e8374e9.png,1
ab514814-ddbf-46df-b913-650244f68f48.png,1
ab5225a7-a79d-4fcd-a04c-d478c262e0b7.png,1
ab59e6e8-22f2-43f0-8fbc-3e8bcaba1d47.png,1
ab5af9ff-8001-4442-af29-693abdb98e14.png,1
ab6619ee-546c-4245-be8d-6e0eece3581a.png,1
ab6c8c45-7aad-43f3-9b5c-49cfad1dc0f6.png,1
ab6e779b-d387-46fe-be63-74bb6c2a1d08.png,1
ab6f5973-db3c-4c21-8981-189792ea16ee.png,1
ab708945-6f3a-4652-85df-4f02d6079a75.png,1
ab71b558-cd1c-4ca8-b06e-05b4f3f48525.png,1
ab7d4c3c-d22d-4d21-a0c1-c78e26a2cca6.png,1
ab83e64b-4204-405f-a77c-02f4fa01c6e6.png,1
ab9069f0-1511-414d-b37a-2920517004d4.png,1
ab93d6fb-751b-4eb9-a022-9affc62846ed.png,1
ab940f3f-3e24-4923-9907-17b3507157be.png,1
ab96fe46-8079-448d-a9e2-76b8e096e6ae.png,1
ab9eccef-dfdf-4fba-b1f9-fccdda382eff.png,1
ab9faaf2-1f9c-49fd-9148-1ae56b695fae.png,1
aba529f7-0175-4d1c-b3df-601c95cec965.png,1
ababe608-9aa0-4055-8a0b-6ecd96b84b54.png,1
abc07cd4-2d0f-4ad8-a516-b45d035dadb1.png,1
abc5356a-b8b2-4a0b-9dab-14c54efb4f29.png,1
abcb43a2-7b1d-428a-b909-e54c92acbd5b.png,1
abd50515-15ea-489a-bdb8-c38dd3ef0b36.png,1
abda22a1-7761-4590-a1a8-132e093c54f2.png,1
abdd57b2-8bbc-409a-853f-885215db8c6c.png,1
abe4dcac-25e1-40f1-9deb-0a18079fff6c.png,1
abfa6fc6-e696-4d79-890c-aa14ce01ea2f.png,1
ac0fa091-cdb3-4e17-a8bd-58545c3e0106.png,1
ac1426c4-11ff-485c-a0bb-790bd57d0527.png,1
ac166a48-f6e6-4236-8a92-c41b1e1ed87d.png,1
ac18858f-cb0a-4d54-89a0-25a8c2bc0980.png,1
ac1c77f9-db17-4bb4-886f-718a265eaa4d.png,1
ac1f192d-7a24-44c3-9175-819291bd4db9.png,1
ac2257b8-e600-42bd-ab9c-951fa49b3ec6.png,1
ac23d97b-7d42-4ad9-ad8f-db7e6aeddffa.png,1
ac2dbd3f-3b25-4628-8b69-338d34cbf628.png,1
ac2f43b0-3e63-47e0-9e50-4ba59b9b747e.png,1
ac338f2a-61c9-4664-b97e-23e05c260b02.png,1
ac34a830-57ce-4390-9076-6faacdedd54b.png,1
ac38760f-7332-4278-b011-982c9615f3cf.png,1
ac3e813f-0c91-461e-83eb-e3bdac5bb756.png,1
ac4bf897-0752-4095-9404-1e6ff42a1dfb.png,1
ac512fbd-8e85-4cc8-9af2-fb035189a72c.png,1
ac51aa90-d1ca-4247-911b-09e5b324fa30.png,1
ac69ac97-4835-40b9-a4a7-442626dd28e9.png,1
ac69e22d-1383-4d35-841b-c2da8b402469.png,1
ac6b782f-206e-4cd2-8002-427c2843f90b.png,1
ac6e81b1-37eb-4bd6-8a58-8c8f246fc16b.png,1
ac70e5ac-f93d-4fbf-a8d8-6db501f56cc2.png,1
ac710523-7dfb-4d63-821c-34b2d6ef03d7.png,1
ac7bdc8e-b181-41c1-8186-f12472ad3899.png,1
ac81e9b6-5789-4797-ad85-510186cdd4a9.png,1
ac87627c-76ef-4704-b965-6e2badb21d5e.png,1
ac88c984-77c4-4407-ac9b-157861501eec.png,1
ac9106d5-8cbc-46b0-b27e-8c998b04ef51.png,1
aca5cb44-9cfc-420b-a0c4-19f9ef692afb.png,1
acacd8c0-68d9-4ff7-ae58-80021e4e08de.png,1
acb42b54-806b-4770-87c0-8dbe0b064192.png,1
acbf5ac9-25e8-4aba-8ab9-1b497c22e284.png,1
acc17db4-7fc3-4657-a8c1-0555bcbeba48.png,1
acd43666-c66e-48f6-ac31-c7789f9acc62.png,1
acdc118f-742d-4e1c-a5b4-f9f052adf54d.png,1
ace3688f-2479-4468-9759-1e9a1fe02d6f.png,1
ace71169-f41d-4a68-a7b3-b16abf065f9c.png,1
aceadc8e-a025-4184-af7c-20325cb516a3.png,1
acee926a-5141-461f-b0c7-edbbf8bf51c8.png,1
acfec3cb-9511-4f09-977c-87b061bd50dd.png,1
ad07e798-4dea-419f-94c3-f6ae51875465.png,1
ad217b8d-1a8a-4347-871c-812febbde1e4.png,1
ad233e1a-853b-4ad8-951f-a756c3cf2d53.png,1
ad23629c-4db1-4b9f-87cd-625d4e1e2cc9.png,1
ad310f52-5ed7-46a5-a083-3ffd1bc4bb71.png,1
ad35c3e6-87b5-4114-b057-c223431c49f0.png,1
ad410976-c87b-444f-abd7-36b1292d680b.png,1
ad445bea-e0e4-429f-97ab-11271727984e.png,1
ad463d4a-996c-4f96-90ad-1bb3594e5a90.png,1
ad49beb0-b610-4b07-adf1-60b4a6413159.png,1
ad4d16e5-a851-4327-b9fe-5977da445669.png,1
ad50d85f-8915-4dc4-b048-74de08e2059b.png,1
ad587880-a108-4b52-bf4a-28d248bb1539.png,1
ad5a2700-3388-499a-8584-d811cacac4ac.png,1
ad69b71d-7005-4f1e-a6d8-27d84106c9af.png,1
ad731170-1388-4ee3-89f9-786322217fc3.png,1
ad7bfead-6c0b-436f-9d0b-92827be703c3.png,1
ad7e68e9-245c-4c21-a5d2-6da5f6f9788f.png,1
ad800121-7222-4b35-abbd-72889217ce37.png,1
ad87f2f3-94d1-459a-83de-fe597d9f5d13.png,1
ad89c871-f23f-40a2-a39e-53db93884b59.png,1
ad8fbdf0-b0df-4e0d-8fae-0ba105c81cc1.png,1
ad95ae75-d5e0-456b-a375-43efc5c21ee1.png,1
ad99c503-84bd-4309-9d4e-2a35a77b7b4d.png,1
ada57dae-a677-4d5e-a9b5-1143893e9154.png,1
adbd0f93-b694-41f2-947e-44c7804cacb4.png,1
add35dae-274e-4e32-acd7-babdcb3e390f.png,1
add89c20-44cf-461a-9857-c41d753d4062.png,1
adde381e-2a52-410c-9e75-3481e0fc8f18.png,1
ade2b6b7-5ee9-4480-844c-5eb07e2c08fc.png,1
ade6a8d3-7d45-4e17-9784-5a04e6f16b76.png,1
adecfdaa-795c-4d5e-8318-7f02f00b9894.png,1
adf5f84f-432e-4b58-bbc2-6121f9119dd9.png,1
adf7dc8f-19dc-4543-8aea-982cfa21629b.png,1
adf7e674-fb5f-4f3c-a302-961d784bdd48.png,1
ae00e0cf-f575-44ce-8188-a611b464eb38.png,1
ae03e3f2-a0e7-4c1e-a2b4-1d9463a86d2e.png,1
ae06ef31-ae55-4e3c-9460-ae5c3733bedb.png,1
ae094b72-b7e5-4dff-a775-8bab37b0082e.png,1
ae1a7456-d4f8-4f0e-9764-ee93b0ec3245.png,1
ae1faebd-b5e2-4f43-93bb-9f3011e237a8.png,1
ae2e618e-ca4d-4fbc-aae5-d6f39e4b484f.png,1
ae3ec9ec-d945-49c3-8172-d815347858d1.png,1
ae3f4d88-7880-40a1-aa43-4481dbc330ea.png,1
ae47e8ca-08cf-432e-8f3f-bbfc8413570d.png,1
ae5041f8-a77d-4078-9148-6253192db07a.png,1
ae5ace0c-758d-4f0d-9acd-3f4817b0634c.png,1
ae5bbcb2-8f3a-4f5c-a7b1-1ecaa6a7a967.png,1
ae5d10d8-1ed8-456f-886b-8689db2a0ee8.png,1
ae657240-1b69-4b1d-af95-673af661fecf.png,1
ae6974e6-b709-42bb-8076-ab8499929f09.png,1
ae6a227c-27d7-48f1-b424-ba091d4c1c08.png,1
ae6db66f-c029-41c5-aeea-a936884d577d.png,1
ae710da6-ac50-4de7-891e-d9a7a180ee05.png,1
ae716bca-9b2f-4cca-8ee1-3cf6063593ef.png,1
ae76e24d-14d2-4937-aaae-3a2b0aa0e2c6.png,1
ae77fb82-6cd1-4a22-8224-8ad1c359fd5e.png,1
ae7a7ed0-ea01-44de-9287-b2dec267bcfd.png,1
ae8452fb-7e67-467b-9202-24dd2cd71610.png,1
ae8e592b-13bb-4d75-aac3-3eed3f0c21ca.png,1
ae909ea7-5fde-4d40-8295-337f5fe62d29.png,1
ae9de5c9-8bb7-4570-8c3b-d5f724108f0b.png,1
aea56cac-4a31-44b4-b007-1385775d939d.png,1
aeac2576-33b3-41a1-bf61-355103e4d3ea.png,1
aead3682-bdf4-4f43-8468-8e6ac3cd41fa.png,1
aeae6cbc-d713-4760-845c-fcc93ed5ad64.png,1
aeb2a32c-595a-44c2-b827-c6ce0f6ff4f3.png,1
aeb6324d-08d5-426b-9a60-bc39d5151edb.png,1
aec1daa4-1910-4270-8de2-9abe6f3b1bf0.png,1
aec5b2e5-ceff-4e21-a089-19efcd0c3d45.png,1
aecf37ea-fe82-4618-bf8e-650d83f2ba42.png,1
aed92e78-27be-4dc8-a464-56ca888e4626.png,1
aedf3a44-37ec-4ec8-aa62-10faf378d97b.png,1
aee1a1e1-5de4-4a11-96e6-13de381cf308.png,1
aee1bed8-19e1-4ca5-9d1d-3ebf08a06156.png,1
aef45568-9947-4c75-83d8-3643210d9c3b.png,1
aef66833-841d-40c8-84f8-acfc81c2f9b8.png,1
aefb98af-4f16-4db8-bffb-db3217f56a99.png,1
af051401-ddb1-4ef7-be58-4927387ddf51.png,1
af0894a8-0a8b-4327-add9-a3bdcb425b76.png,1
af0a996a-d4a0-44c7-b316-72176ea9838b.png,1
af0cb664-287b-47b7-b7f6-55518a510ebf.png,1
af126ce1-a5d6-43bb-b5d1-5fef9bcbeda2.png,1
af15d432-68fc-4a2f-b456-a0366722799f.png,1
af1d13fe-4442-418a-ab7d-01983275a99a.png,1
af2cd4c9-097a-464f-8956-3e1a977696af.png,1
af31012f-209d-41cf-a2f4-4ef1105067c9.png,1
af335d18-feec-4942-9831-3e25ca20e7e3.png,1
af37b2a0-1a31-46d0-b64c-a7a6e3cd2995.png,1
af45702a-fad7-4664-8094-df145d2e7622.png,1
af467edc-df3a-4c0e-ade8-0249d40607e9.png,1
af4d7012-0021-4729-8eda-a8393698cf33.png,1
af59f4a2-32d4-4888-ac7f-fc0bcc23abd2.png,1
af652954-95f0-4406-a5bc-aa1e6d19bfe4.png,1
af6610f4-df97-4703-a786-cdbfbed483fe.png,1
af75eb61-1bdf-4562-8ac6-c1ea4f344073.png,1
af7ebb36-6ff3-4d40-9330-3bc530b1f7fe.png,1
af83a7a6-dfe2-4419-a4fa-a0090858f8bd.png,1
af8a9a3f-9487-454b-8ee6-65c9554f3a87.png,1
af8fc053-b69b-4915-9ea8-f538028f9b2c.png,1
af935971-e768-468a-8bbe-cdb025daec83.png,1
af9788f6-93e8-4460-aadd-5074c5b3b7fa.png,1
af98dfd4-7155-481f-b07e-fbecf6ddc40d.png,1
afa1bff5-3158-4bd5-bfe4-e85bcd3577d7.png,1
afa95e84-6a86-4203-ad3c-f3adb8aaaa03.png,1
afb20c9c-a4bf-4a02-99ea-50d134dadb6b.png,1
afb87feb-0409-42d0-b5cf-7e6a820f67c0.png,1
afbe84b7-428f-45d7-8d51-8b54a7547c98.png,1
afc077be-f1dd-4a46-aa37-b1a478687264.png,1
afc7efe2-5df9-4274-8df4-31eefde7b574.png,1
afe0a0c8-878e-48b9-bcd8-48526125fcdb.png,1
afe73151-621d-439f-a42f-b970900e2bfa.png,1
afe8e940-8718-4fbe-b852-fd462a7c3274.png,1
aff2efe8-0cf0-4789-8ec9-b15d10f32c69.png,1
aff963a8-7c66-453f-b247-b99fac926e2f.png,1
aff9bfdd-b179-49e3-8981-dff5e0ff16b9.png,1
afff57ee-fdb2-408a-a01e-7814931892e0.png,1
b0047aab-84f1-44b7-b485-37df40388101.png,1
b0048d9d-6e9d-4a32-b852-12a696cb677a.png,1
b0052168-b95f-477b-9220-e26a6d33f1d0.png,1
b00b6900-8b72-41db-a443-e1fbce442336.png,1
b011429a-7f44-413c-af22-93b110e9710b.png,1
b0172af7-ae97-41a4-a848-cdea0fc1866b.png,1
b01c0d6b-11ad-463d-85bc-f4e4f1dfbc8a.png,1
b01c73b4-b417-4f83-8996-6448caa89c0e.png,1
b01d24dd-ff2e-4b9b-99bc-29023fc5b3ec.png,1
b01ee12f-55ad-4548-84ac-a560a0a429ad.png,1
b020af54-1c80-4f36-829e-a5c9515802fd.png,1
b03867f9-6a0e-4115-ac46-ed96db6b6644.png,1
b038a798-3637-4f41-9e6a-c84660b45560.png,1
b039548f-9627-4701-951b-ae89efd3789f.png,1
b03a2f26-e8af-43ab-970f-d35b2614e268.png,1
b04f96a2-e122-43e7-93d6-f82ca84f6706.png,1
b0502b9f-b85c-4cac-9e8f-325ed59315e0.png,1
b053417c-836f-4f6f-9224-f9dc286ee6d0.png,1
b05b4898-2003-4a43-a5bd-8de50200db4a.png,1
b05deb36-6273-45fb-861a-c7058330c950.png,1
b0604ee6-5f21-4b14-98ca-3bedaccd4e10.png,1
b06a0fe5-dd0c-448e-bbbd-b773b17e5537.png,1
b0780603-efa4-453c-a51c-a23c4efedfc1.png,1
b07a3786-2c97-4204-8fa3-4b303d4d655f.png,1
b07fc720-9696-4dbb-af78-013c1464b916.png,1
b085cc58-d5b4-4fb7-9879-565c0e8c1198.png,1
b086dfcf-4704-41a5-bdf7-22139c5d0711.png,1
b090dd7d-b4d9-4ebe-b36d-95f83510e955.png,1
b091d2a7-572e-4183-8dfd-acf6ae5e3e86.png,1
b0958738-73d0-47d5-9703-0de86944e0da.png,1
b0aa124d-a986-4c75-97d1-36c8cf3a0734.png,1
b0b3639e-7625-4bd2-b9a6-0bb87918987a.png,1
b0b3ee88-fc81-4a0a-acdb-d8c030fac137.png,1
b0b71bfa-9d78-4325-87e9-7b5f03d6cc99.png,1
b0c0a6a2-cbd3-4aae-b488-e871db0b78b7.png,1
b0c6e2ba-ceaa-4eb9-b241-7c387f8df4ef.png,1
b0c98c20-ceaf-4f52-a67d-f738000cb927.png,1
b0d34352-21d3-490e-8ecd-16baee334aba.png,1
b0d3f19f-10f9-487b-9cf8-8c2d6dc5d746.png,1
b0dbfa41-de0b-40f5-b635-3bdb73c620a6.png,1
b0e1aaa6-9bd5-4ee3-832a-dd12e0486252.png,1
b0e2b584-8e6f-4849-88ad-778a07abc055.png,1
b0e900dd-5c9c-4764-a429-3f18f056b4a1.png,1
b0fbd4ac-3ab4-44fe-9c2f-4179bbf4260e.png,1
b0fc321d-54ae-4ab7-9207-03c7fddb3a15.png,1
b1026ffe-0240-4b32-ae61-e47a0352399f.png,1
b1046f7e-c90f-4043-a678-087754decbd9.png,1
b1129974-9d1d-4329-bb38-9979786102ca.png,1
b1185bf9-79d4-4497-ac44-cd2581128f5b.png,1
b11a86fc-8db1-4a1e-90f5-8c07ab29cd99.png,1
b1243623-70de-4b30-884c-775a3edd978e.png,1
b12ab5b1-c824-4776-b859-df3ee1817269.png,1
b12bfc4b-6127-4291-bf50-e1c8750d7a19.png,1
b1323e3e-2460-4db7-a98e-f810c0004836.png,1
b134c7f3-2f65-4734-93b0-12c482e2b016.png,1
b134ec86-1a70-49fa-89cc-b43686c73d0f.png,1
b13df066-d9eb-41d8-82c0-3fd56846a98f.png,1
b13ff5d7-7ba5-4cf4-9ff0-e87e87c3489c.png,1
b145a972-a2b6-4dca-b98b-37d41f7c371f.png,1
b154363c-2aa3-4f9d-a0f3-99e32ca63289.png,1
b1564fdf-53a6-4629-9253-431690f09c3a.png,1
b159a6c8-a3de-419a-a9c4-41309ef57e0a.png,1
b15b5ce7-ad31-4506-baac-e6316aaf6cf6.png,1
b15cff7a-2345-45ad-9eef-4a9e5ab6762d.png,1
b163a08c-8dba-409a-b2d6-e30047625970.png,1
b165b941-4ec6-4f1b-9f03-2e908de24266.png,1
b16bcbb6-570b-450b-a9e5-b1e3663205bb.png,1
b171964f-e911-42a4-a1ec-e57128258011.png,1
b17cb86b-e90c-4a31-926a-2e5b022c6275.png,1
b17fc3e8-99ee-4297-8432-0bbef7d24e1b.png,1
b180a83e-0a9f-4ce6-9b9b-adf28f7420b8.png,1
b181eb13-a6b0-4576-afcd-0e23c90723ba.png,1
b1831e52-f668-47a9-a900-f42924698045.png,1
b188b6d2-3f51-4962-b70b-3e4f31b43a00.png,1
b18a2d86-3e3a-43ec-b9f6-0fd249bc1a0d.png,1
b18b104d-6a96-4402-9e0f-64ca63b4f1ec.png,1
b18e4375-e20d-42e9-a545-a62294135c07.png,1
b18f7658-00da-4668-bfe8-9a3d2b2d2c33.png,1
b1976cfc-3bae-4bae-a968-4892e6f953ca.png,1
b19a9422-a790-4a43-b59f-65a3bf0f16be.png,1
b1a24561-8456-4032-9ad4-23a6d5a2b999.png,1
b1a36998-390d-45e5-bd85-21c2c33690f3.png,1
b1a8c34d-b577-45d2-8f8e-9190e2cefb4a.png,1
b1a975a0-4a69-4c65-b761-44a506b86be6.png,1
b1aac51c-f1d5-4dfa-8264-fa5027d9af98.png,1
b1aeb5fe-529c-456b-905d-e7c0f37b072c.png,1
b1b9f018-bc87-4f21-af0e-d56a58eb27fb.png,1
b1c0e005-6c1f-4231-b878-415b4cf1b578.png,1
b1c607c2-6651-4bfa-8a6c-ba85c349927a.png,1
b1c9ed5a-9be6-4f5e-a7f8-5eba7289c156.png,1
b1cd1f20-1ea8-4520-8875-97fa8c83dd9f.png,1
b1e65c1c-79cc-4b8b-920e-c972bc296790.png,1
b1e7b5cd-f1b6-400d-b62a-57e6c45c663b.png,1
b1ee3437-1d7a-4a85-a406-f2f7bca754dc.png,1
b1f2db42-68ac-4c11-a4f4-3f6b8b6be999.png,1
b1f74e4d-e64a-4555-b60e-8dad24766fd5.png,1
b20b2346-f86c-45b5-aeea-a4b10e35b764.png,1
b20c86c3-84f9-466a-a405-a0cd7207a84e.png,1
b20f3c7f-0af4-4a22-901a-32584fbeea28.png,1
b2103ba0-f721-45a3-876e-c4e53ebfe890.png,1
b21091fa-70ab-432b-a05d-edfa6674cf9f.png,1
b217cb57-c3f5-4fab-a81f-48425916ba54.png,1
b21e0de5-4fee-4584-9ee1-31af96400c21.png,1
b22a1ca8-6580-4618-99ae-fb2ecca1df83.png,1
b22eeadd-f4c0-4ede-b41a-78549f7a058e.png,1
b2314db2-44f7-4fea-9a4a-a0d22f518ac6.png,1
b23184fc-0e6e-4802-a451-da82e2ac6e9a.png,1
b2368b39-bba3-4458-87ed-70c19cc5917f.png,1
b248af4f-3c62-418f-a55c-80ca6f73a9e1.png,1
b24bde0d-d372-4522-b8bb-0fbc770b80ac.png,1
b24c6410-39a2-467f-9994-c933af83d198.png,1
b24d51ce-7415-4784-9748-7a239428ae3b.png,1
b24f4b3e-6e1b-4824-af10-270ec5093de3.png,1
b2521978-0df6-4fd5-b684-f03b1b96dbf7.png,1
b2541f48-1acf-4f33-b604-8665fc1517c8.png,1
b255cf25-6d4d-438d-af57-95f8e8f3654d.png,1
b2592a14-6876-4e33-a1c3-ab09cd7c774f.png,1
b25f283e-c7d0-47b0-8daf-17e79407866a.png,1
b26151b2-5f68-4af1-9730-4d608dfde81a.png,1
b261b9bd-4ff0-4fb9-a1f4-c7d44a2e45c9.png,1
b2651591-53ae-450f-ae37-2220cf6108e7.png,1
b267ae3f-b52c-403c-be9d-c8ac9070020e.png,1
b2753475-d0b2-4dde-8a7b-311e1db27397.png,1
b2761cd1-6932-4d3b-a9dc-88f5a79a98ed.png,1
b27ce840-3616-4cec-8499-fa7dc760c387.png,1
b28af7c9-9cb3-4cd9-8261-0d1815d1609e.png,1
b28ef305-54b7-4a24-9edc-00eb8e13d649.png,1
b29dcdc8-57c8-443a-a69c-615fa7dc9973.png,1
b2b15756-fb84-41d3-b8c5-18b425ef54bd.png,1
b2bf46fd-5c27-40ef-9f97-a56b9012d31b.png,1
b2c2c9ad-7966-4c68-bb66-6dc9f9c19fda.png,1
b2d2dacc-918c-4962-9631-3fcc7e94fe16.png,1
b2d5a048-01c8-4140-9f32-822db6e813c5.png,1
b2dab5c5-79bb-44c1-9051-7189d2a9aab9.png,1
b2dca982-bfb0-4201-9a43-255cb277682d.png,1
b2dd3d8f-bfcc-4750-b5e7-4a6fcebec3c3.png,1
b2ea9c20-0653-4f5b-91ae-d91d7ff91339.png,1
b2eca3cd-f9cc-46a6-b36a-2902558a7fc4.png,1
b2ed5727-8a0e-485c-9db3-4d2e53fd35e6.png,1
b2ee7b2c-80fe-4d55-bc64-807b839690aa.png,1
b2f2c4ee-cb07-48f7-a663-f6e04ee95c2d.png,1
b2f5b10a-917c-4080-8046-ec1c9fb9cb39.png,1
b2fca33f-a7d4-4a8e-a6fe-2fcc48b7d1d9.png,1
b3016500-907e-4fbe-b100-6bedc5128ec6.png,1
b3026aa2-14f4-4648-9261-c114f149f0d3.png,1
b30acc47-d394-4a42-aeaf-17527f15dd62.png,1
b3198fbd-a80a-4b5b-8a12-f89bb4a72b4a.png,1
b31c76eb-b9ee-4c98-88f7-b8c04d7aa33f.png,1
b31ed450-b8e6-4339-8283-dbb754a9094e.png,1
b329ead1-3d20-43af-b0d9-bc4e98ec2239.png,1
b3332044-d191-4d1d-8cca-b11c30c79fa8.png,1
b33610c9-a152-47f8-8ee5-4f81dce62938.png,1
b33f8121-a8ca-4a55-a876-7c21714bf80a.png,1
b3406349-2336-4782-8f9a-dd2e2f731d7b.png,1
b344e7ac-52f9-418c-a5a1-bba1f5b543bf.png,1
b34524bc-e812-4067-a0e8-bd7185bfb814.png,1
b353a850-9c2b-452b-9610-21e27b01d4fa.png,1
b358a4f5-330d-43fa-a26d-4a80e7d5b410.png,1
b358f0ea-23d2-43a9-a5f1-54fc78a8c5e7.png,1
b35a3c89-f199-4924-98f0-8d5beea4b41d.png,1
b35d57ee-f22b-4c8c-b959-3ee8eecef555.png,1
b35dfbda-395c-4c9d-befb-331f6ac3da84.png,1
b35f52b3-12fc-4d72-a2e8-883d27d1303a.png,1
b364396e-eb60-471b-9065-1eac897e5d69.png,1
b3671358-67b4-4e10-93af-c62a561d1546.png,1
b36ddceb-a4c3-4f3e-9b95-cac57da3d0b9.png,1
b37c8b1c-335f-446e-a93a-34bc910dbb7d.png,1
b38cc4d8-f90d-4052-843b-675a43417c82.png,1
b38eb728-d36c-457e-a05c-c81a6d28edf8.png,1
b396e6cc-f447-49bd-9b86-c75c778f1e35.png,1
b39fd1cb-b769-453b-84c9-3412d8d1138a.png,1
b3a287c5-9fc6-42fb-93c5-310515024948.png,1
b3b09e3c-3e2c-43cc-bf1f-56d317769ee1.png,1
b3c6be40-8ed6-4fcb-b688-bf1779be8f5d.png,1
b3cb6b71-3e7b-4287-a4e1-49a443d31215.png,1
b3cf158f-1275-4a42-9073-447d96c19a21.png,1
b3db4730-7c2d-4b91-b09b-2346fef7dc58.png,1
b3dd5571-cf7a-4538-bb22-12ab1d62cc90.png,1
b3e2ba43-87f4-4137-b21b-b9d6e853e9c2.png,1
b3e5becd-9009-4981-82ab-bbf28f4a834b.png,1
b3e77c82-8f60-42bc-b792-cf201fe15060.png,1
b3e7efd9-2c99-41bb-9724-399f9c2477f6.png,1
b3e8a708-d8e1-434e-92ca-5d5e79aca86e.png,1
b3f132cb-438b-40d4-a951-0089e8b1a840.png,1
b3f75ca9-beaa-4760-bde9-f9ac7c9a8748.png,1
b3ff1c40-552b-44f9-9cc9-4362905f5eef.png,1
b3ffee84-ce9e-43e5-879a-86fef0e875a2.png,1
b402960f-5989-4469-941e-b8dee9ff6275.png,1
b402b80c-0be4-4c25-80be-d9ace219c83b.png,1
b406e391-9f28-4f26-a71f-285d5e3f488c.png,1
b407bfac-f351-4129-9e55-53e825f7ab16.png,1
b4147465-8b3a-4200-ba9c-a5eae09eafa9.png,1
b4158c24-1186-4d75-8b45-6c0c378a8ac5.png,1
b415c445-79c8-485e-9612-cc12b2772bfc.png,1
b41dfb17-3773-485b-8da6-c29a2bbfbe3a.png,1
b4299b1e-7fb8-479d-8754-0a8fa6463400.png,1
b42b9ec0-f492-49ac-b87c-f88b058f7a17.png,1
b434200b-248e-4aa3-aeff-b0c9351a65fc.png,1
b435cc3a-cc81-4361-ac91-235b4150265e.png,1
b43dbfe0-cea8-4ce6-b608-e8ab671f09a4.png,1
b448e93a-18aa-4aa0-8b28-2e58529cf8e6.png,1
b44b65e1-7382-4aa6-8d87-fe6d7b4f1a17.png,1
b44bd070-da9f-479d-8546-9497dfc15762.png,1
b450fa50-1d6d-4e97-b843-fc0fe530d2ff.png,1
b45197ea-5abe-4fb2-8cd9-40ab9771fac0.png,1
b457ca36-8d41-4382-8488-b74f944e8a6e.png,1
b45c3ec2-342d-4ad4-af7b-181c126df0c8.png,1
b45e1b50-d497-4b91-9b79-5050fd0e6800.png,1
b460b35c-214c-45b6-8306-3bf234116ca9.png,1
b4686a9f-c3a6-4cba-9400-b35ba566b74e.png,1
b46fcbd0-8851-4561-96de-0a820e49f45d.png,1
b4747fef-5911-464e-9854-a54718d81867.png,1
b47a751f-a3d5-4c63-a738-ca2b7761c58a.png,1
b47d39df-6c53-4b24-8f63-6577deb5e798.png,1
b47eb868-a03a-48d2-91ad-ba8112b7015c.png,1
b47f9472-39dc-4f3b-9321-983be2324579.png,1
b480a222-9ff6-445e-a911-e5a4161eff10.png,1
b482e039-2679-4fd9-886a-b0fea2cba242.png,1
b4857f8b-e6af-44da-84d3-ba3608ca7cb2.png,1
b489923b-d8be-4e8d-8620-bea0343a2f67.png,1
b492b982-f9b7-4775-ae62-6e9f1c39cb4f.png,1
b49313fa-77c1-4a52-8d29-f28478f8929c.png,1
b4989ff4-3c1f-4de9-8df1-cd50c211273a.png,1
b4a2cd51-7078-496c-9a4c-f0641ea9b13c.png,1
b4a86f67-272e-4204-9dab-749ec2ec627f.png,1
b4abc0a4-600c-4834-bd71-c9dbb21eaaf0.png,1
b4ad7f93-d7fc-4c48-a164-8da23cb88cc1.png,1
b4ae5b1d-2d5e-422a-9388-36f4645d21c7.png,1
b4b73865-89a8-4fd1-8494-4abd8084beca.png,1
b4bc431b-d3f5-488a-9eab-3347264e2141.png,1
b4d29203-1e8a-46a9-9671-0aaf8e72143b.png,1
b4dd880c-d830-470d-80b4-afca617a4261.png,1
b4ea28a7-6386-4660-b499-af4eb17750e1.png,1
b4f66208-8c31-433c-9f82-72104bc35112.png,1
b5017804-ddc0-44fa-8d64-15628c25e031.png,1
b501b40d-18bf-4b25-a0a4-f93634162375.png,1
b5046b7c-f721-4c19-b3ae-51f095f36fe6.png,1
b50cbd3a-14cb-46bf-aaff-ae2cdaeef739.png,1
b50d8c2a-f6aa-407a-9df9-2a52cc027f45.png,1
b52244ed-5e8f-4ab6-a2b0-9bed4ab0ff2a.png,1
b524542b-1779-4871-9574-7ff72b296503.png,1
b52a0018-ca5a-4e53-ab33-b9259b4e6271.png,1
b52a4969-16fc-43c1-9d87-66392415d139.png,1
b532569f-be57-44a1-8452-83aa0bf278d1.png,1
b539db75-809d-4c0c-8b9f-b0e934ed740e.png,1
b541091c-8437-407d-be64-2440a01b33e8.png,1
b544bbb2-35d1-44a9-88a6-431aa0fe72ad.png,1
b5463e1b-58dd-4541-823a-6b29bb1c3ae2.png,1
b54c5581-bb40-4c19-9d5a-3be944ef8132.png,1
b54df7bb-39f6-454d-bb1f-4eceb2d08d3c.png,1
b54eccc2-5311-401b-b110-7176c67c9428.png,1
b54f130a-94fc-49ae-a6b2-5e1c870720a7.png,1
b551156f-a0e0-4895-9bd5-c4e6307f077a.png,1
b55db584-960a-4816-ba8b-b7fb493455ac.png,1
b55ffbb0-1345-41e9-91be-e9803c438b0a.png,1
b56217b6-1283-48ea-b96e-1a6e4afe3f83.png,1
b5630ae2-40eb-4df8-b5c7-5a33e3e7adb4.png,1
b565e2e7-cc3d-4fd3-8354-0ad7655f6200.png,1
b56cf994-fd52-4c8f-8304-b820f397b954.png,1
b56e253f-df19-4485-928b-d3b3f66d6c47.png,1
b58b5574-d66b-4b28-8ca3-137768b44c84.png,1
b58fa5f2-5bc2-4ce9-ab9b-cb9c80199fc7.png,1
b59a6d82-6686-4691-917e-8c98b6752b01.png,1
b59e042d-0ec6-455a-82c8-658ccb24e614.png,1
b5a0f268-4711-4c94-8056-9f9dfc3b4462.png,1
b5a341f2-7bb7-4e29-acad-55c7de8e5fee.png,1
b5a4e967-a8dc-40b1-88dd-a6685fdc26eb.png,1
b5a5a9a8-9fe4-4eff-8ebb-9da7b9cb014d.png,1
b5a6e376-eb68-485a-a08d-a4cca17cbf9c.png,1
b5af2b65-8cab-43a3-b2bb-587b3df3045d.png,1
b5b4468f-e5e2-48a5-aa42-e08547be1172.png,1
b5c3e1a0-d4ba-413f-b571-809ee8aedf19.png,1
b5df5721-d026-4638-8b8d-67260798f6a7.png,1
b5ea0a2e-1122-4183-931c-8027caf1eb8d.png,1
b5eebe73-0b9c-4621-abcd-940f6e90a86c.png,1
b5efdc67-97a4-413f-b62a-7d3edb9de1a1.png,1
b6019839-752f-4db1-bf83-f5460472deb1.png,1
b6024434-3ed2-43c5-b186-79a2c0120bbd.png,1
b602ef86-f1c6-456e-afab-5ec2839be879.png,1
b606ef06-60ed-48b2-b450-b689fee2097a.png,1
b60b8b4f-2130-42a6-b476-d9e1d80e3ad8.png,1
b6138fc8-c652-4b7f-978d-895d10b0a0ea.png,1
b617818a-6a54-4dbd-997f-26723bb46634.png,1
b61e3955-0a8d-4678-9746-b7202fd6d777.png,1
b623e856-e328-4396-a01c-4d6210c2dd53.png,1
b625110c-330c-47f9-aa5a-31adaad56151.png,1
b6251813-a489-4cf8-b9ae-ca95fcfccb4f.png,1
b6271674-f13d-4087-ae03-d6ae35381dfc.png,1
b6276787-bf66-4151-9f7a-b3d7fdf5ae30.png,1
b62a6a88-6ad1-43cf-ad59-6d171e89b265.png,1
b635c7ce-7a25-4da8-a83b-3150fa0c56e7.png,1
b63f4c12-5731-41e2-8d89-2ae0c4daba41.png,1
b6468969-2e9b-4a36-aaa0-2c77b205105e.png,1
b6485351-ddd3-4bae-9b4e-6038370e827b.png,1
b64e0ee1-82db-47fa-a91a-f1e187f84696.png,1
b64e24e7-8428-446a-8b07-918715b55b7b.png,1
b64f53f6-a558-4d6c-99d7-50287d3b3773.png,1
b6532f98-e875-4a51-a39f-b8e273e4bb10.png,1
b6628d2e-e8dc-427e-bcb4-a19cf31b9ec7.png,1
b67345a4-9c06-46c0-b0a0-303cee1cc19c.png,1
b680c111-22a5-4ad1-94b7-34e866815e79.png,1
b6862fc0-31f9-4091-b8b1-256192168a0f.png,1
b6962866-8206-446b-92d9-a028283c2e07.png,1
b697ecb0-3185-4ea6-a460-c5357b452e7a.png,1
b6ab1a11-6558-4f76-bed2-3b169f820be9.png,1
b6acb029-963f-481c-81e3-f5f4f79ff7c6.png,1
b6adc779-5eb6-4afc-8672-986ba03b0dfc.png,1
b6c45f07-6068-46af-b35d-302cd05ed4d2.png,1
b6cb8151-4575-461c-a342-335d9c413359.png,1
b6d61fae-fa1f-4328-b065-033ee168cd98.png,1
b6e35e80-7b64-4134-9760-94295ecd4ce3.png,1
b6e488a3-8ae5-4b90-82d7-2679cdffa4b0.png,1
b6e7d1aa-74ca-4fc1-b268-415b9e4954ce.png,1
b6ebfc38-240b-4fac-ad09-ab378414fb55.png,1
b6f02ca4-bbfe-4728-a2a3-74ec9c55b281.png,1
b6f979aa-64e3-4211-a69d-fbe8151f6ac4.png,1
b6fa6fc8-812c-4110-9881-5a5f8f2fea65.png,1
b6fd85af-1619-498c-b118-4c1191dad257.png,1
b7069aa5-9e33-4918-aba2-f76b0abef6a4.png,1
b70a7d7e-3e11-4a74-998f-67eabfa438df.png,1
b7136f3f-41da-4b16-b7c3-4b929d81e6a5.png,1
b724406f-51b8-4134-a9eb-2185696cbbfb.png,1
b72902be-6ca3-4ac1-abf3-f9da96e52e61.png,1
b72afa3e-644b-479a-845d-14fe8351cdb0.png,1
b73735b9-8b15-4def-9131-891baa6f64a9.png,1
b73ed36a-96ce-4124-b9cd-a74d883e9bfd.png,1
b750080e-5e58-4c49-94dc-8db8d20d4489.png,1
b7542c5a-1cad-4598-9c63-d1adc3e76741.png,1
b75a77fe-d336-4c9f-994f-3d158521fa28.png,1
b75c6c0c-b9da-4d7d-a968-c1fb92ee5327.png,1
b76086b3-9550-44f9-a2a8-394c7793bac8.png,1
b76341f1-7b72-4c86-aed2-9967a0b3c729.png,1
b7667cf1-104d-4413-93bc-49b1e9613e4b.png,1
b7734503-5808-403e-96d7-5ea55a96a1a3.png,1
b77669dd-8554-4531-9903-9719747fdb63.png,1
b776a863-b1da-4a7e-b688-b9a6ce6c3e75.png,1
b77ab795-de76-4715-b371-eb7be54b584c.png,1
b7865631-3c59-43b1-bdbc-117844b95456.png,1
b78a4ada-0963-4067-a009-3f8ee134e069.png,1
b78f2713-e211-408e-a810-e0568fc0f0a0.png,1
b7a29be3-3972-4b09-8b41-04e6bc2d96d8.png,1
b7ac0a9c-3226-407d-9734-91a45d371732.png,1
b7ad09f7-fe23-4f2a-bf41-d2c6dcdc4a06.png,1
b7b1abfd-c7e8-4404-aeed-b3a3b489443f.png,1
b7b3da7f-7b03-4113-b832-e1aa2c46580a.png,1
b7b51f82-2aa9-4375-a84f-25c52eeb0b40.png,1
b7bee95b-ea79-46de-ac78-94ff8328a274.png,1
b7d0cb5e-5594-41f1-9426-c7aa2cfd945c.png,1
b7d63692-4cef-440d-a07d-49ceca4724ae.png,1
b7d86d4e-7d73-4269-bd19-3d24b7f4259b.png,1
b7de17b0-c8a4-4d97-bc40-a13387bea4ef.png,1
b7df240d-953d-4cc7-9ff7-c35611c348e3.png,1
b7e58e65-9a85-47e0-a45c-6b943e01f726.png,1
b7e6c8a5-c115-4a0a-9838-e74604a685b1.png,1
b7f61871-5e78-4b27-bcc8-7c452c4c746a.png,1
b7f73ec9-32a6-4b6d-8cf7-0ea7af92db07.png,1
b7f74683-4c0a-4123-9aad-9eb79374d1f2.png,1
b7fe2048-abe7-4f69-b82a-ed93c354a8aa.png,1
b7fecc2a-df32-457b-bfa7-141769dd48e7.png,1
b801d37a-f85e-46c2-afc5-f1d52f6dd51b.png,1
b804f8cc-64b3-4a06-8929-7f12138fc625.png,1
b812234b-987c-47d8-860d-04fb4bd811bf.png,1
b8131ece-c783-4814-9ce7-c0edfc2c9c64.png,1
b815bf0c-9150-4a9f-acd5-d278a35e505d.png,1
b81ba5b1-ad7c-4217-9467-0f1fbc0a9fd4.png,1
b829458e-0a00-4d7f-9b19-0efd59f2cd7a.png,1
b829950f-6e68-4f84-9d7c-65a0aa3d0cab.png,1
b82c9155-f643-4853-abe6-ea3420ab1d02.png,1
b82d06aa-4036-4ad0-acf1-99b127f2ce17.png,1
b8328cd5-8b9d-4834-aa79-053be9640655.png,1
b8397df9-1bd5-4961-b756-978ff4aed6cf.png,1
b839c760-a39d-4d15-8c87-ab2ea5f572c6.png,1
b83edafd-86b5-4fe2-a2a9-1a72ce1880b9.png,1
b84112a1-ffcd-4897-baa1-652f4e460287.png,1
b84cd9ad-7357-47f3-910e-626667c183e5.png,1
b852140e-62d4-4ddb-b344-bc694bf9f167.png,1
b858e525-59a0-4e31-a893-6698f934c5cd.png,1
b86479a1-e997-4026-acfc-2d467291eb50.png,1
b864ec3f-158d-42f2-a8e3-2f093c9b2345.png,1
b86e6759-681b-4846-a51a-9f6ec523d633.png,1
b87a09c7-b7fa-4869-b7aa-0b2a395a4215.png,1
b87a7ed6-a5d7-42ea-a9d5-d487a2d9108e.png,1
b87a9ec5-6c95-42ac-82d8-af66a712ff60.png,1
b8834f0f-8ea8-4ceb-8ce5-d5dcb9569fb4.png,1
b892d98e-84ae-4ca8-9996-fc0006cf0d2f.png,1
b8962707-6434-48dd-bd1c-5ba0164a3a22.png,1
b8999532-31ea-4659-9039-d83a6fab490c.png,1
b89ae0ff-5e01-482f-9c6d-6468d734ef02.png,1
b8a18a7b-502a-487a-98aa-0edd1c1126cb.png,1
b8a563db-5bfd-4638-9b55-30c3a230485f.png,1
b8a633b3-b2fa-4e17-be54-faf0aba4c903.png,1
b8a8a107-1797-4437-b71a-ed1f980fa4a6.png,1
b8c6fd19-ac22-441f-8d13-d7433934baf2.png,1
b8cda939-dfb4-455b-9ff4-17e199b3ad1f.png,1
b8d1e054-382a-42df-b371-596ea8886162.png,1
b8d5cabd-d5b5-4ac4-b1d1-f0f80be47619.png,1
b8db9c09-e681-4737-9ad8-e92ad618a5ca.png,1
b8eef91b-bbe7-443c-9e05-b756108d7344.png,1
b8fa31a7-52ba-4bd1-8b63-0568b6935306.png,1
b8fbe64b-f29f-4c6e-9b4e-999d69719ab8.png,1
b8fd583c-2159-494a-bed3-88a3c0370efa.png,1
b900d3e4-787b-44b3-9754-88f93db99c27.png,1
b903affb-9f24-4816-9141-164181d4d3ca.png,1
b915ae1a-346d-4e9f-b1fd-a72e0a78a864.png,1
b91c5ce3-ca11-4e93-9e0f-bf1becf36b74.png,1
b9250558-2525-459d-894d-65355b4cf432.png,1
b9356c81-3ed6-464f-b638-f71c07f1dd20.png,1
b93bc9fc-3863-4ac7-a097-c8977df98d4b.png,1
b952a239-6b35-4d06-981b-4361d4bb8a9f.png,1
b9533502-8a65-4951-a4e4-2448a56057c9.png,1
b957974c-211b-4f52-86d3-25d18825dfa3.png,1
b9597e03-5069-42d8-b9f4-24d30086c5ab.png,1
b95d289f-8019-4491-8f90-39a55d321c37.png,1
b9683119-5341-4b9a-b423-9c7960446840.png,1
b9689b98-97cd-4ffb-8c25-4d3b686f62f1.png,1
b96a158e-00ce-4b22-8431-05a30448d7f5.png,1
b97cc203-9a13-4147-b7c4-7300f05eecdb.png,1
b97dadd7-8a4f-4bdf-898e-c59489b8add0.png,1
b97e765e-a0c1-4f91-b62f-07df0bae33a7.png,1
b9866e78-1b04-4f5a-9970-c434ef113c73.png,1
b98ba929-fada-4ec9-bd10-1c0be267ee4d.png,1
b992d796-9416-4270-af33-f251ab52e07b.png,1
b997fc0a-eb76-40c3-8924-4b2ecf0d49a6.png,1
b99ae612-3a2b-4575-a6cd-b00c2e27c56a.png,1
b99b5a9a-d2cc-4e46-a419-cc7f1006dedd.png,1
b99dd9a2-7611-4752-a972-11a231a1deaf.png,1
b9a014f0-6ab0-449a-be4d-1911473dde10.png,1
b9a05d0d-8f3f-40db-8114-c3fd1a4792b0.png,1
b9a50c1f-4b93-4a91-963f-a8d06fe077ee.png,1
b9accc72-3980-4f50-9a16-0a26ca6285ad.png,1
b9adb158-7467-4c25-90a8-a356b2dc1b06.png,1
b9b46200-1045-4c7a-b790-a9f6cdd031e3.png,1
b9b618f9-89f8-4a4d-8eff-ccbf4bef0b16.png,1
b9b7f127-2285-4ab3-b2c5-e5c943527494.png,1
b9bcc788-2f34-4af5-9fd5-ffeeee91eb04.png,1
b9c3ed83-82f0-47da-9aed-aaff0034c718.png,1
b9c687bf-4fa5-447c-b526-24ea3ce3d6e2.png,1
b9cd73cb-2dfc-4c9b-9ea0-61c0d0b10a87.png,1
b9cd9ce8-2450-44bc-8e83-9cab6b7b35ef.png,1
b9ce332b-03b9-4297-9ab3-3cbafbb4ec0a.png,1
b9db0f75-18af-49e4-b547-71e0d302c4aa.png,1
b9de5953-04f1-4b45-b601-b2408b36fffa.png,1
b9e89b84-5cb2-4005-b654-a3e13c544923.png,1
b9ec22f4-f273-486b-a2d4-132352dfdbc4.png,1
b9fd29b2-1444-49d9-83b9-2716cc2b3e50.png,1
ba036253-6844-428c-a27b-14e9b6021740.png,1
ba06c828-df8c-4c6f-a869-b3ea7d1991cd.png,1
ba07114f-788c-4779-98cd-1190bfb6bdc2.png,1
ba07f107-5f57-4c63-8d82-e19b30e3e72d.png,1
ba0b9822-06eb-4db0-bf37-20d894589ef7.png,1
ba0cb1e8-7198-4465-9498-1a650c0a6402.png,1
ba0e4666-cf09-4ba1-a758-f4960ef162c9.png,1
ba1065ce-267d-422f-aef5-6d04c04402d8.png,1
ba14333d-9629-4a0f-9517-b5899fecbe89.png,1
ba14ae2e-3d32-4c84-8784-6452ae1adc23.png,1
ba1649bf-15b7-46ba-b841-7aeb71f9e4c6.png,1
ba16fe59-6c9f-42ed-8138-ae8dc68c99e9.png,1
ba174e17-bdad-4a4e-98dc-21e270b93248.png,1
ba185597-bb80-4b69-938e-4bff4b87d366.png,1
ba18ab80-91fc-4c9b-9ec9-e59c0229f49b.png,1
ba1dd94b-afbe-4b09-a188-8ea1098d4848.png,1
ba1e3912-82c7-4e15-9c46-46fbf780b2d9.png,1
ba221090-4382-4ccf-afc2-cda9af445aa5.png,1
ba278d92-c5ff-44f4-b1b8-7d3454df7e54.png,1
ba29c8c8-c116-4b8e-b8d6-ec870ca9f9e5.png,1
ba30b9a4-bebd-4196-a972-e7178508b55e.png,1
ba30f407-5639-46f3-9c02-235566daed1c.png,1
ba353385-091c-4c4a-8048-eca0388c7a43.png,1
ba3766e2-8065-45ab-a8a3-a5e5d81d5c15.png,1
ba38bcd7-f0bd-4ebf-9f5e-c63c8cb612c6.png,1
ba395818-6a27-4185-98ca-a51c4c70b2d5.png,1
ba452891-fb43-48bf-9019-855556b48f91.png,1
ba54e255-4d76-4f33-ab14-cbe9ac42c5a5.png,1
ba5b22cb-77dc-4ee7-b18f-8bbed5112712.png,1
ba5c9439-e386-4cea-90bf-643272f3b822.png,1
ba5fd613-dca4-4bef-ae08-f1da4ffb13a1.png,1
ba63a3ae-8814-4b3e-a773-0239d6f64dce.png,1
ba63abc0-5a00-4ebd-9a89-0972ea1cb7d5.png,1
ba66a843-4afd-473a-82a6-7cc80bb74757.png,1
ba6ce5ed-7b5d-4104-9050-967df0dbd928.png,1
ba6d7b39-f439-455a-878c-f04c5987d668.png,1
ba87678d-df8e-42eb-9a2b-3f8a6b34722a.png,1
ba8d3130-4063-4339-bbfa-474259060f5b.png,1
ba9148d0-12d5-4333-9b5f-bb32c687ed66.png,1
ba96958c-acdc-46a1-9914-d0424361a07b.png,1
baa329d1-6d8d-4067-b865-608869518f3f.png,1
baa5cbde-acb9-4160-a8e9-d19ab0cf8063.png,1
baac301e-08a6-4267-a17a-78e3fcb23f21.png,1
baac5ed4-b582-4c80-bd2d-acb97c52806e.png,1
bab8d182-b9fe-4db9-88b5-042153c4406e.png,1
bac5d49a-c506-4db8-b9e6-e3bec2f8abdd.png,1
bacb9e6d-ad87-4841-99e0-685aa0249bbe.png,1
baccc2b6-a7d5-4d89-a110-932adaa6a9ba.png,1
bad052e9-4ac1-4412-87cb-5cb92b55027b.png,1
bad209bb-8814-4a94-9e27-4370052e3b85.png,1
badbcf00-4431-4336-ba44-c519688be0e4.png,1
bae7b652-311f-4a84-a031-653424887f35.png,1
baec024d-a216-40bf-a988-bd229ae5cec6.png,1
baf2a126-f441-4566-9b85-59c1f2cdaf96.png,1
baf525a5-daf5-465e-ba60-b779cce1e576.png,1
baf86877-7802-4dff-8870-cf2f38bc082a.png,1
bb0e4a7c-5f47-4c43-892c-2ab317601edf.png,1
bb10de59-4206-46ca-b28d-c0750d460829.png,1
bb13f699-a024-4946-a481-8d2e91d3cf72.png,1
bb1648ed-992f-482f-b3a7-0a21237c8972.png,1
bb1715b5-51ff-487d-ba71-669de8e74652.png,1
bb189459-2735-44c6-a344-a645a9721dfb.png,1
bb1a546d-12e6-41e8-b602-768a0e499569.png,1
bb1e0002-241f-4b8d-83f9-dc3954dc3cd7.png,1
bb24d7e7-19dd-456a-aea8-fd04208db4be.png,1
bb2eced7-c45e-4b7f-a25a-7eb36ad54874.png,1
bb37ae16-f3b1-45ec-a814-392f7bc7caa9.png,1
bb37b213-279c-4162-b3fe-db014c01ed83.png,1
bb3857ed-9f85-4afc-96ee-c8b6b637490c.png,1
bb4074e6-6327-44cd-b356-9ad42342e076.png,1
bb47fccc-23c4-4264-bd35-616a3c44161e.png,1
bb509940-e147-4ff1-806b-a82890182d5b.png,1
bb50d849-8c22-4e5a-8607-a14c01772941.png,1
bb51a303-4438-43ae-b843-415616c99b0d.png,1
bb54e10c-1397-4913-ab11-7a8484e6b959.png,1
bb6164ee-9b30-4b94-85ca-5f9d94b2ce4a.png,1
bb65756f-f78d-412a-b5e6-c7fe81c9eb4b.png,1
bb6697ee-46a6-47ee-8ed5-5ba295327702.png,1
bb6d8e4b-f416-435a-8dee-fe3f60b4db11.png,1
bb6fb57b-13e9-44e0-a941-79ec720f0ee4.png,1
bb7973b1-58b1-4e2e-b687-144e179f0996.png,1
bb8367d7-725f-46e9-afd8-90e89043b032.png,1
bb9b14e9-2345-404d-a310-1cb5b2ac80ca.png,1
bba14241-9fd6-40ae-91f3-945af76178aa.png,1
bbadc8c2-77eb-420e-af31-a238a11856e8.png,1
bbafb79d-3419-47a4-97f0-1cb8c64feb24.png,1
bbc0b0fa-940d-41c5-8f97-e7c2da468d97.png,1
bbc0f839-6707-42f6-9e56-c3f555d6b9c0.png,1
bbca9bd4-53b2-4076-a3b3-a1ee4079faec.png,1
bbcafe04-651f-4c43-bd9c-c94d51900478.png,1
bbcf427f-7155-4a51-b4f9-0797380e8e58.png,1
bbd7abfe-8b9c-46aa-ab4b-8ff854615770.png,1
bbd92872-acee-4b27-98b7-07faa4e90919.png,1
bbdd8674-c782-4ac8-a20d-4baef4afa895.png,1
bbe15fbc-e79c-4206-a901-5b23888f8a8b.png,1
bbe162a9-d342-4bd1-a1b5-287916470250.png,1
bbe656f0-f2a0-45cd-8e5e-c6031d36cc1e.png,1
bbecaf72-370b-4667-a4bf-088091cfae00.png,1
bc01023b-a656-4ee6-87fe-90382e7af127.png,1
bc03198b-57f4-47b5-8808-114fd5cb9808.png,1
bc03768e-ae96-4627-b65a-4458abc9ca62.png,1
bc054c4c-280f-4e1d-9b93-9563cd368aae.png,1
bc0f83be-459b-41e5-a720-c2d3241ab395.png,1
bc13bee6-5b18-46e5-b0cd-ba5ac0f1790a.png,1
bc15aa77-4017-4833-b947-42324d271764.png,1
bc234c2b-96aa-4263-931b-b7420c235daa.png,1
bc237587-65cc-4747-8ccf-20b271c452f6.png,1
bc2a8121-cccd-47d8-8289-2dbfacf6b94f.png,1
bc34f68f-0c2b-4e9e-be5e-377f531a1207.png,1
bc3874a9-9bcc-4156-ad10-b3ba0ec3d370.png,1
bc407298-ee2e-4723-b4ec-58f4603ce88d.png,1
bc41e91e-506d-4ff9-8dba-3fd085f38491.png,1
bc43dbd7-03e5-450d-aa3c-d0efed12a8f9.png,1
bc45556d-61f2-43c6-b886-21bdc59542e7.png,1
bc4ec257-ecf8-469b-9750-c5bd190f6987.png,1
bc4f2fce-e1dd-4d50-bdb5-103c25f46c8b.png,1
bc4fb949-f968-4360-a856-2b506e6bf2e3.png,1
bc5360ed-0247-47b8-93a0-c34ebbf936bb.png,1
bc54c1d6-8a51-4bae-adaf-d2b7ec7c4323.png,1
bc651497-8014-4429-a93b-5860fe9a205a.png,1
bc668e08-44be-4aed-aa17-7b321c8e11a5.png,1
bc6dbf80-6754-4d9e-8bd8-2c225594cf7c.png,1
bc6dd946-0b3f-445f-8d78-3cc39a0b14ae.png,1
bc7b5348-574e-49a2-a20a-719d942a9c31.png,1
bc84827e-f1af-43c8-a787-961139eb9940.png,1
bc8619aa-4d19-43d1-87a1-31b6f49a9942.png,1
bc87d74c-9d22-4046-ae17-5891adfa0b41.png,1
bc88fe07-10a9-4032-9a0b-21f57f10d555.png,1
bc92c935-81cf-4e5b-8edc-381c0327072b.png,1
bc9683bf-595d-497e-8c99-ac9baed1a2eb.png,1
bc98df56-4ee4-48a7-b8ad-d54f814cc806.png,1
bc9bd81f-13cb-4fb1-acb8-2f79d4d58954.png,1
bca2c151-2431-4595-80c7-75480a196c6e.png,1
bca2cc4f-0482-4a86-9bee-2ed85b8dbd75.png,1
bca35324-a10c-435e-8af3-c14753706834.png,1
bca62fcd-acd1-4ffb-8e1e-fabd4f7c400f.png,1
bca65bc9-adf1-402b-96b8-cfe195b7969d.png,1
bca6d69c-5695-4660-bcc2-2e5f4e479135.png,1
bcaa09e2-c80d-40b6-b3e7-73edd34cf994.png,1
bcaa0edc-16d6-44b7-b548-91ddf6ed5cec.png,1
bcab0525-079e-492e-8e20-c51c779884aa.png,1
bcaf0768-3841-4280-8de4-57e822f38c7a.png,1
bcbb2132-0a68-4baa-b264-9c9e6567e35b.png,1
bcbcf3f5-244b-4979-9405-9cfe410b37a7.png,1
bcbf06b4-ed44-48aa-a498-a7147c063d4d.png,1
bcc62394-8f62-47a6-a67a-316558298c49.png,1
bcccd58e-6cf0-4bd8-82c1-e51e18cd041b.png,1
bcd2d62d-b9a4-4b2c-b8a8-ef27a1f65226.png,1
bce0b118-a130-47a3-bfa6-d5b68ac6b8e2.png,1
bce1a9aa-127b-4535-9e96-d1ca41d72e0c.png,1
bce1fe53-1047-4dfe-9444-bc8340cddabf.png,1
bce23f47-7e90-48be-ab13-be220200fba0.png,1
bcee03c8-2ff9-4b01-a6d6-a4ee99565d81.png,1
bcfbbdcc-f648-4e72-931b-1747f502eb35.png,1
bcff3700-de7c-42c2-be5d-1c95d008966a.png,1
bd017f59-fd9d-4eb5-8805-58ffb96550df.png,1
bd0bb326-cd0d-4dd8-be1c-25c15b076377.png,1
bd1356ed-d7fc-41d7-a11b-b1b1f2c5add1.png,1
bd164f7a-a3a5-40d0-933c-0d623be3ad94.png,1
bd1f8cea-15a5-4bb8-9eb4-d6fa3714a78e.png,1
bd20a471-4892-4763-ae4a-936878eefede.png,1
bd32649e-99f1-4563-b4a4-4f4d8e547f12.png,1
bd35798d-704b-4e3e-83c5-7957dfdf6715.png,1
bd3e9f4d-d4dd-4550-ad5c-a48bd452a2a7.png,1
bd42c8a5-759f-4633-9559-41bd46e6ccc7.png,1
bd449993-b9a0-4cad-8cbf-780ad345c3f9.png,1
bd4fa84d-813d-4ed5-b68f-c88127ed2f80.png,1
bd562b4a-0bcd-4d3f-8fe5-b8bfb3875b1c.png,1
bd56f37d-5561-40f9-bd09-1363786eab67.png,1
bd5c5bfb-67de-4696-b4a9-c50ba34f0fbc.png,1
bd6d6284-0c13-454a-a41f-c84ee6c1dde4.png,1
bd7b4e6e-5384-4cce-9732-0dd7f9d15da8.png,1
bd7b6626-82a0-4410-b96b-3109223128e1.png,1
bd7be642-660a-4c53-9125-303be8fb9659.png,1
bd7e6f9f-2933-496e-b180-4799292c6afc.png,1
bd88f2af-7d9f-44a8-8004-ea76250dc9b2.png,1
bd8f8b0b-a89b-42f5-b92c-c0a152c6c1f2.png,1
bd912d93-28c5-47df-8971-8ca9bbc1feb9.png,1
bd94199f-bae9-4689-b509-7d427ab79c3c.png,1
bd9537e5-1460-438d-a6f5-7515205231f5.png,1
bd9d41e6-9e2b-4db5-9cbe-21d32f185421.png,1
bda0d7f6-9d6d-43ba-8840-e467933dea68.png,1
bda1d8b6-2a74-41c3-8cef-3ff7864e4613.png,1
bda64685-d0c5-4f57-920b-4fa3eaa9bc6b.png,1
bda68f49-6eb2-4afa-86bf-89a3d4378100.png,1
bda78d8f-77ca-4806-a095-e0df852f821f.png,1
bdbba1b5-1a3f-4ee4-9044-565baba3f976.png,1
bdbf26d1-2706-49bf-9554-84a881440880.png,1
bdc61d06-50cb-4f97-914e-eba06a7f6552.png,1
bdd44f36-4634-44d1-b90f-3cbc8dc639f1.png,1
bdd8ef21-50b0-4243-b67f-95f3e197ae70.png,1
bddd048f-116f-467e-803f-fd234c53a61f.png,1
bde3783d-b2f4-41df-b7c6-69f041171416.png,1
bdef94bc-4e2e-4df3-b06e-126aed15846a.png,1
bdfd8e85-cf42-4353-add4-2cb713d87bd5.png,1
bdfea255-f9dc-4694-b0fe-d699aec5b10e.png,1
be00aef3-ebcf-4306-9960-a41b3c0cdafa.png,1
be033abc-95d1-4d7f-baa8-2bece16b67aa.png,1
be03b6e9-e030-4491-b23e-ac1d7efc73bb.png,1
be0d1645-263c-4dce-99e9-77f31d6ded61.png,1
be108ff0-e920-4b6e-901d-ce8a800f6191.png,1
be1a004a-5911-4b0f-a431-bf909eed1e60.png,1
be200106-3457-4b35-b328-9da7a752f0ff.png,1
be265039-f0ab-4d31-9859-2de2f9d97492.png,1
be27131b-ca91-4ba0-bf1c-7b6f9f57b4b0.png,1
be27354e-3de7-4420-ae86-05fcc2e9218d.png,1
be2a8801-3cc0-4c24-a73a-a1e13ff94948.png,1
be2edd9b-3f12-4399-bec5-9371c8920a29.png,1
be309060-220f-445f-9aa5-4a8825783fb2.png,1
be35c13b-705d-4466-ae3f-ed690080ac9d.png,1
be367de2-d888-41df-90bd-82baaa80541f.png,1
be379186-93d4-4aa0-b4ae-0c86c9f6b31e.png,1
be4073e5-f1ef-4259-b7a4-8c379844cbaa.png,1
be443cae-043b-448b-b6e7-43477812b9cc.png,1
be4c4017-e382-46f5-9a6e-d98f5a81ad73.png,1
be52ff75-00b4-41a1-80ba-52bdeb8a5902.png,1
be53e067-4804-4ffa-9fb7-d7855ad3bf62.png,1
be5d4e59-c207-4359-b7ad-a88fb593f2c7.png,1
be5d92d6-f2b3-483c-842c-aff4571ee8a7.png,1
be6444fb-5c41-436a-ad7b-278dc59eec67.png,1
be653a8a-5978-48b3-9101-91e35a15e6d2.png,1
be658bed-445c-4b31-a581-88ba0a008f4d.png,1
be8c0087-ae1c-4b60-acb0-4b2e6157eadb.png,1
be9d0ed7-00ce-44b5-a83c-8a9796be8ea6.png,1
be9e9eea-96d0-43a3-801e-b39bfd209ca7.png,1
bea23d20-aa4e-41d5-b8e7-22941746e543.png,1
bea7dfb0-2138-4434-977f-1ee4a6428941.png,1
beb22c8b-ca31-4a8a-a86a-5592e97966c3.png,1
beb63eac-b9ba-40b5-89b1-8aed84ab43b6.png,1
bebdcf14-c068-400b-b006-9d4169e18fb1.png,1
bec35362-40e8-4f43-99aa-8d1eec483456.png,1
bec77715-a15a-4725-9adc-792af4dcc1d4.png,1
becced78-9df7-4e9a-94c8-7cb750d41507.png,1
bed0dd75-f279-4fb1-b2be-97222380231c.png,1
bed364d9-7bad-4de8-b618-9de875b73d67.png,1
beda2f7c-82fe-4297-916b-e22979da3461.png,1
bedb1f67-9f34-417b-aa14-ebfca18a38b5.png,1
bee1ab01-cbef-4d86-96aa-41c77bffa6b3.png,1
bee78c8a-8a21-49b3-b1d5-93c93ccf300c.png,1
bee9c557-4bce-435f-8de8-bfb37663ccc6.png,1
beea0aeb-4a7b-47c3-928a-e45f40bcfa53.png,1
bef1fdfe-b4a3-4170-88de-d57338d602ac.png,1
bef4ff3a-6fb0-4213-a5a9-125eff87dc22.png,1
bef738ff-ef1f-41ce-baa7-e40009c8deab.png,1
befa7299-aa28-4487-b497-262ad6cd8f1c.png,1
bf02deef-f65f-41ac-a126-48a4740e161e.png,1
bf0e824a-1729-46a2-b1cb-13eedd6fe3d1.png,1
bf10ff6e-fc24-4cfc-9b5f-7a156608dc1a.png,1
bf1103d5-18c7-4578-9ad2-a7e279d9a6a3.png,1
bf11da89-d0f0-4c1b-b486-d82bbcb91ed4.png,1
bf179444-ea01-417d-b78c-cf9aa42f5e5e.png,1
bf19620d-8c98-4295-9c6d-907b059377ed.png,1
bf1da0dc-850f-47e9-aad9-a5a94d6e67bd.png,1
bf1e2342-1f62-4f96-a616-e0a279d9ba42.png,1
bf22936e-6390-4f6f-b7c2-9452972c3ab1.png,1
bf2703e3-8466-431a-85ea-15a1f6976d0f.png,1
bf27db61-1c2e-4710-9f25-31eacb526f5e.png,1
bf294753-f056-49b4-9aab-a486265a98bb.png,1
bf2b3b65-b21f-4e76-b3b3-98effc784a2e.png,1
bf3d7cc5-cde5-494f-ab8f-e33660767f18.png,1
bf3d9218-58b3-4a3b-b68f-54b16f3570d7.png,1
bf3ef845-34ab-4b80-81e7-ac7a3b23485a.png,1
bf4649af-b05d-4b63-8b6c-dfac44e5750b.png,1
bf4ba376-dfef-4d19-bbd6-923325b58eb1.png,1
bf506a9c-19c7-4dd8-acb4-b8d6569091d8.png,1
bf5255f6-1130-444c-957b-b2ef01d01167.png,1
bf5b8e51-9dfe-4248-b38e-45a9f598b0c8.png,1
bf6071e6-0a92-4896-83bf-f0f24cd1b4d6.png,1
bf61a6a9-03d3-4e18-8576-c599934b9cbc.png,1
bf639c3b-ca63-4ce9-ab5f-80cd0c2d7a5d.png,1
bf6e8629-59e7-4866-8033-65db70e55b14.png,1
bf70e20e-09a8-484a-83a2-2cc2d9bd9a4b.png,1
bf70fe89-62f9-4df6-9372-71e16debdb5b.png,1
bf7225ea-722d-483c-8fd6-3118966ca7b1.png,1
bf7b0977-4f77-45a7-8c03-77602f82b905.png,1
bf7bc9a6-d454-4edd-8752-9273448a3b10.png,1
bf842c92-c6ed-4be4-b188-c05ec8bf8dc2.png,1
bf8609b1-a24f-4129-855e-fe3a0862da91.png,1
bf9254b2-2d3a-444a-8dae-a27f02b0e9ef.png,1
bf999eaa-6bce-46f8-be87-1dc34ca20e97.png,1
bf99f510-56e1-421b-ad0f-ad10f4cdd3a3.png,1
bf9b012d-915c-4026-b989-c05312833b38.png,1
bfa2adda-f302-4447-8c47-85eea0839526.png,1
bfa45a99-7125-4d61-966b-c51e54dcbf10.png,1
bfa9ab23-efdf-4cde-be19-ec6f2a2f57af.png,1
bfb26523-d1cf-4876-8ca7-23f7050a6f76.png,1
bfb32559-717d-4a13-81b9-1b9fa902f4f2.png,1
bfb48b34-fe9a-4f31-bb5a-27ffe55a49fb.png,1
bfb7c989-f1c7-4b55-8b05-598338363b1f.png,1
bfba9c94-6a70-4e72-856b-7e585331f5d7.png,1
bfbbedfe-0ab1-42bd-ac7f-e67b2a8e842a.png,1
bfbd4ed3-1d78-437b-b5dc-09ab063b55fa.png,1
bfbea630-4c43-485f-b1b2-0e5715109ae3.png,1
bfbeea84-2d5a-4b04-beb4-15d3b339e981.png,1
bfbf1dcd-242c-4f22-8ef3-f72c8295535f.png,1
bfc8780a-6911-4006-a427-0898ccd3a5f9.png,1
bfccb05a-9ac8-4879-bdc4-7aff2460093c.png,1
bfd06e37-e927-4000-88f6-e84dd8744cee.png,1
bfd60c29-4ac3-4bc1-be29-579a65a843cd.png,1
bfd8ef59-552b-479a-888c-1444384b828b.png,1
bfdffef0-de93-45a5-a743-af5e2b3ac681.png,1
bfe40d11-6e72-4ccd-9fd4-5534402fdabf.png,1
bfe41d70-219e-478e-85ba-9c8226b572f4.png,1
bfe7e758-97b3-4763-a91b-8bf559c143a4.png,1
bff6b953-95d1-4a08-9d79-c3b43fde59ce.png,1
c0018701-b726-4c75-b5fb-686be2d8b00d.png,1
c00bf44e-5b65-470d-8ddb-b704e630bd5e.png,1
c0270fb3-b81a-4728-b66a-867ce7afc2af.png,1
c040934b-746c-4dc5-946d-d1b2832cf778.png,1
c060c23e-dff3-4cbd-b823-b8e70b80b2b4.png,1
c10053b8-7bc8-4d8f-99f0-92d86a97ee2e.png,1
c10f3035-c0f4-4436-a6f9-bbeb87777231.png,1
c1da2ddd-0e40-4021-972c-67dc048bf353.png,1
c1f94928-371a-42d0-91ae-f959928694fe.png,1
c1ffc793-0e31-4396-a0fc-6f7f6cccb28b.png,1
c2016b1b-e24d-4eaf-af0f-14cf6f0bd9ad.png,1
c203f4e6-0963-4543-a34c-48b9d62b3e27.png,1
c205b0ee-cc92-47b5-967d-8d473300d052.png,1
c20862cf-d556-41a3-9acd-2c254144b396.png,1
c208db34-d893-4a2b-9cf2-45490f5b78a3.png,1
c2096643-ac3f-4867-880d-63b8370c6ade.png,1
c21d6e3f-a2c5-409b-88f0-8b4c82398d3a.png,1
c21d91c2-1444-4398-a5f7-4044d8e7f75c.png,1
c21ec0de-755f-433f-be49-e6ccdc94a735.png,1
c21ee14a-8962-4406-b685-7888806a0a01.png,1
c21fd129-8438-42d2-9a6c-1284fecb4338.png,1
c224f825-24b8-47aa-abdd-f03c0475a7c3.png,1
c236d6e2-1fca-40c5-a0fe-a91ff60883c9.png,1
c236f38d-10dd-4f33-bbe9-c849c297806f.png,1
c23ecec2-d791-42fa-8abf-cb4c447f9c21.png,1
c241425c-418c-4958-8a18-c3425fe03f03.png,1
c252072c-c7c9-40a8-819b-5c7952d10bf2.png,1
c2565641-00af-46a3-8328-4d9c8f319446.png,1
c2657014-120e-456e-97e5-1adcdb908b73.png,1
c26c0bb6-125b-497f-a3fa-04a5729b36c0.png,1
c26d7023-7b0d-4b3a-9621-1eb5007eac7c.png,1
c27d0e06-ef8c-44ca-b4cc-a4113b723570.png,1
c2802780-8f5c-4240-8d71-0be1664a8b6f.png,1
c2882932-904e-4691-b3fd-0fcdaed98dc8.png,1
c28f7725-70a7-4b55-953a-44d28ecdd4fb.png,1
c2abea3d-e666-4be3-a0d9-352e980c13c8.png,1
c2b612b7-72d6-4224-87d1-2e55e4ba905a.png,1
c2c49031-f803-495d-9abf-32589c04a99b.png,1
c2c4dd48-9a14-440e-9d97-3433553934ef.png,1
c2c9a42f-a4ca-4ba6-9a79-7e670787e0cd.png,1
c2cd0631-a09e-4d53-afe4-f904899392fb.png,1
c2cd822c-a98e-451d-8600-e52f50d65c28.png,1
c2d24770-1698-4506-83d1-94e5ca8dbfc8.png,1
c2dd9e3d-9cc4-46c8-9109-0c438b2f7f1a.png,1
c2e05765-ebf6-4e52-ac88-1e9d928282b8.png,1
c2ed72cd-0390-46c3-ac73-601b1a875d5d.png,1
c2ee643f-0568-4816-9fa5-19d50cde5386.png,1
c2f9dac8-75f2-44ec-b89a-04a0f8492a6a.png,1
c30dc668-2110-4948-8b5c-ccf2af187953.png,1
c310c4ea-4a38-4d9a-bfd2-bcf0c6a30436.png,1
c31be560-cec0-4ada-b2e1-be51c2e8bb22.png,1
c321b4b1-4ed5-4469-bf78-c4c783e516c3.png,1
c32611c5-e546-4021-b244-4a6d0503787c.png,1
c333554c-e635-4d5a-8975-66aecd096036.png,1
c33b5552-ff51-43d5-bcee-9bad9c372de6.png,1
c33d14fe-bae6-458c-b6d8-b36fce161298.png,1
c3412cc6-a0e9-4278-a8e4-b587d106988f.png,1
c34a3ea0-04d7-4df6-afab-0d7c7280b749.png,1
c358e0be-cac6-4918-8f61-1953178f0ec5.png,1
c361c9ca-75e4-438b-a021-3c3d4af33a83.png,1
c3670fac-87af-4e1b-a1d4-3181427a60fc.png,1
c3768927-0d7e-4624-bf5a-3eea2011a5c1.png,1
c37cfadd-1e52-4704-9831-403826ad2974.png,1
c37d38fe-a11e-453a-88a5-5d919bf9f760.png,1
c37e4ade-605d-4b78-ada5-231c82b72b43.png,1
c3803501-05e4-4141-a61b-7af3187ade89.png,1
c3853f9a-a16f-4ee4-8bdb-5f636755855d.png,1
c38ac8c2-2de1-4e9c-8c38-1b09d89dec5e.png,1
c3985003-dd35-42c2-9a6d-c9372742eac2.png,1
c399ab28-b477-433b-924e-6d6046ff23ff.png,1
c39c065c-40fb-4920-9f9a-36ccbb212c0d.png,1
c3a56044-440d-4163-a813-3c3f6fd5b68b.png,1
c3a5e685-166b-4f22-b9bb-151a0040e0ee.png,1
c3a9863a-cbd5-44b9-975a-5978943490aa.png,1
c3a9ec26-c2c0-4c78-b52e-ed023bf16b3d.png,1
c3b0adf1-3768-412f-a3b1-7a7f2a6dc928.png,1
c3b185a1-bcb2-4cdb-a4ac-1aeb2668751c.png,1
c3b9b37a-812c-439e-913f-39e94b8ec870.png,1
c3b9c35d-19a1-4ce7-b852-e670dce72ddc.png,1
c3bef210-65b4-4bb1-bfa1-15ae213bfa8e.png,1
c3bff4b1-efa9-4b87-a32d-bcbe6d31c4f2.png,1
c3c1ef6e-055c-4f54-a7f5-d0f6eed1d2da.png,1
c3c35d4f-c35b-4067-b86a-2ea01bc11acf.png,1
c3d5552f-483e-4ae0-a40c-0ca9ea34bc00.png,1
c3d5edba-cc4d-422d-9b8a-a1c89301b22e.png,1
c3d8007b-6ac3-4a87-897c-f16ebda7a138.png,1
c3d8144a-2426-4e80-80c0-651dfe0116e8.png,1
c3e28b77-4477-4e36-89a7-ec0713349d4b.png,1
c3ea903f-5779-4eb0-9026-b5ed1cd0e943.png,1
c3eca37d-a537-49d8-9711-94d86157ac8b.png,1
c3ed4cdc-183a-4b8f-a51f-d915d912abab.png,1
c3f28479-f4d5-4735-af3a-3f275c026efb.png,1
c422054e-4ce3-46ff-a45c-1a6c243236c7.png,1
c424b446-ced5-4ab5-a097-41b6e496146d.png,1
c4328895-fac4-4ecc-b164-88f77dee37ca.png,1
c4400499-489b-4867-973a-06747a8261bb.png,1
c44a8316-9b90-49e6-ab36-8db213312a4e.png,1
c4528f64-a6a4-4a65-bf14-1f234871cf30.png,1
c47fa422-bd5e-43c5-b62d-771edcb4c617.png,1
c48c38f1-a9ac-49e8-bd3b-de77c20446c5.png,1
c48ee568-69ac-49f0-92c4-36129b1414b1.png,1
c4a9d607-67c3-49f7-b110-7e0f1dcfea4a.png,1
c4ac5bf6-b3be-4acb-b8c8-a3d9d2a99647.png,1
c4acd677-ae5e-4b23-b888-2e8e2e1c3996.png,1
c4beaa39-4902-43c5-a7e0-179e6e8bbe28.png,1
c4c4ba61-e74c-4c47-834f-6dbd46ec7d63.png,1
c4e96c53-34f7-4607-bab4-45e982079b2b.png,1
c5074fa5-ad56-4b4f-9b52-c298db7b62af.png,1
c510db11-bc09-47e0-b144-a70a96b8d7bc.png,1
c533a5ed-72a3-45bf-bae3-1ed9595a9bcd.png,1
c53e60a3-2b45-40db-a910-e877f197b421.png,1
c574a647-fb1f-4344-9568-892f4d66f4ed.png,1
c589810a-3630-47c3-8c0c-fc54350ed844.png,1
c5a27c73-aef3-407e-9724-333e97a583c9.png,1
c5a8e91a-2d40-4355-91af-73abf5f0fdf1.png,1
c5ba46fb-eddc-4824-b779-0620b0cd855c.png,1
c5c30350-993f-4a9a-9d1a-c7f8ddca0537.png,1
c5d59db9-58ab-4164-9d77-4e9ac03ec273.png,1
c5e9b1c8-4a98-4ea6-b918-b1621ecf0ddd.png,1
c5f17998-8e5d-419e-87f9-800facb13fe1.png,1
c5f707b9-acc7-4c16-add0-6f0d60d8f5c1.png,1
c5fb4095-cb29-4c10-9267-dafb286acc8e.png,1
c600753e-3394-4e74-9f7c-6687891aacc4.png,1
c63e2132-aaa3-4d1b-aba9-ce7ea8d1c7f3.png,1
c67bbca3-9cc6-4eb8-8bdf-55378463e0b1.png,1
c696ab08-acf1-409e-86ef-1e1ac9bc73d3.png,1
c69a011e-1c12-4866-96f3-8a692ff2763f.png,1
c69ffd64-16bf-4237-b169-f7bab69978e4.png,1
c6c0ca1c-99d5-49a5-8291-9cf7331ea95d.png,1
c6dd0b25-7b0f-499c-9601-13b67f37424a.png,1
c7024796-39ed-4eda-906d-65a1fb5d5c52.png,1
c729f1ce-c2b2-4215-a6f0-70fae251fcb9.png,1
c74fe0e5-cb24-45ab-9ffb-35f9b7e0d5e0.png,1
c75ada7c-f5f2-4ea0-9876-05d332328e67.png,1
c762013e-3fd2-4301-9af3-9a3b10ad1fcd.png,1
c78daf52-c33b-4367-a28f-5bc60a92e7d9.png,1
c7c66f99-3440-42a6-9d7e-3f66b1f6481a.png,1
c7ccf0d3-c18a-4b89-acdd-9a106d6d882f.png,1
c7d389ff-e2e1-40ed-b940-aef09bae009a.png,1
c7e641a6-a80b-4314-961d-d63e4a54d5bc.png,1
c801ebd5-8032-473d-8a47-de337f59c904.png,1
c857ee5f-f53c-4060-b93a-8c3437da80cd.png,1
c85b9a9a-3ea9-44e8-bac3-8d9e07a73085.png,1
c8761847-7fbd-4de5-9a2a-ff2c1b26c95e.png,1
c87c655c-7aa0-475d-b764-8cf5831e1244.png,1
c88d5bf1-aac9-4d2e-87ab-c3a0d8028f12.png,1
c89e8310-dc56-4606-ba30-126e1f5f13f5.png,1
c8aa0068-f21c-442c-9487-afbea7b126a3.png,1
c8d798bb-5bcb-4ca0-8b16-e360805aac69.png,1
c8f8c1af-28f3-420d-85d6-9501a8002097.png,1
c907dcd1-6011-430b-9515-009900b4a98f.png,1
c95a1770-d740-4f50-b4a6-8e4a53ff9767.png,1
c95d0325-9439-461e-8ea3-24d3dd63a5f0.png,1
c96584fc-6d79-4c0d-ae59-ddee6436f1e9.png,1
c98eb387-08eb-4a10-ad95-007e8c52c7bc.png,1
c98faad9-6dd2-45fe-87af-63bbb94eeb77.png,1
c993e08f-b497-4f6f-936e-0a44a834d24f.png,1
c996a703-cbc1-4847-b204-4f5506a2ef16.png,1
c9a95b7b-dd0b-4479-ac2e-5dce68f1f129.png,1
c9a95d7f-8a6f-49c5-88d3-8a1cfaaf51a4.png,1
c9bfd9f3-6044-48cf-a1ed-382adb2ee4e4.png,1
c9cd4d25-9d6c-48d6-bcfe-5b1382a2065e.png,1
c9e42d59-92ab-4e5f-a0fa-c728193684d4.png,1
c9ed35c2-1563-47e5-9411-b34f2e9f36ca.png,1
c9ef5f00-e918-46d6-897f-ee78fc1310d5.png,1
ca1470f8-20fe-4e11-ad99-9c83248e7b11.png,1
ca2304fd-4dd8-4b5c-9450-d9d0804cd378.png,1
ca2d2b1b-4dc9-4110-85b2-024816a867b2.png,1
ca2ee113-9d1d-486c-aab0-ef51cb27c79e.png,1
ca390006-726d-4c9c-975b-616f135d0aee.png,1
ca3d47d8-af70-4742-b53c-2cb77aaf63b7.png,1
ca4b1bf3-ff54-41ca-ae22-6cb515114030.png,1
ca5defaa-00b9-4904-87dd-debcc3ed3d77.png,1
ca6ed544-2804-4f23-97a6-5a9f4814e7c1.png,1
ca8b395d-7ca0-4dc4-8b56-ff519b4edb89.png,1
caa5f43e-2050-41a6-b0d5-2775d1fa6cb2.png,1
cab22af6-a77e-4c81-91c0-b41fe7d6e1ec.png,1
cae03a83-a903-4087-b324-a67fe98638d4.png,1
cb008bee-f96b-4039-b69b-46a7ad8e50c0.png,1
cb3816db-93c9-4d0a-a163-eb40363c45fe.png,1
cb4a1fca-136c-4577-bcef-d934c9f14f2c.png,1
cb510a17-89c1-4fad-9a47-89952abd7aae.png,1
cb601b71-9d46-4db3-8b4d-061874787669.png,1
cb683934-8d2d-4cda-b996-55cfc8d012f6.png,1
cb6fc930-b91d-4986-a959-a47aecaf957e.png,1
cb79107c-f66e-4211-8bef-c4f4786a2112.png,1
cb815f3a-5014-4bbe-9e34-828149ba9f6e.png,1
cb82576d-18f0-4116-83a4-97098a6d42ee.png,1
cb85b732-7abe-42b6-843e-c6884a619361.png,1
cb8eb60c-ebe6-4d95-b740-61a7b2606af0.png,1
cba00aeb-4389-4de9-b374-56b412361c46.png,1
cbbcb63f-5fae-45cd-bf01-0785378682b0.png,1
cbbd4c12-de6e-4bf4-b782-0b46ca63d645.png,1
cbc33adf-8a86-4c11-9c8c-ad657ce3afff.png,1
cbce283e-91f9-4418-90e7-9aafcd017e33.png,1
cbefe06a-100f-4e77-8fc2-d8af7d0e4cfe.png,1
cbf72626-2c8e-4d1d-91a7-4afcb413674e.png,1
cc382e8b-240e-4011-ad02-51e1308eb487.png,1
cc7ab8d7-56f9-45e8-b585-c3dc132de8cf.png,1
cc843bab-5068-4e18-a3fd-a597faea82df.png,1
ccb06817-dd39-47fc-a036-8e0104fd0cb8.png,1
ccb10edf-bdb8-4022-b6ce-c131dee4541b.png,1
ccb56286-f7d5-4786-82bd-b6b3e18e2149.png,1
ccd24f2e-dfe9-4a26-9c84-0caa0b67cbdc.png,1
ccd41f6b-7715-4c84-9957-c5eaee20b0f1.png,1
ccee103f-fd2f-44b1-a14d-5f78c7073868.png,1
ccee655e-89d0-4ff8-b16e-33b214b08daf.png,1
ccfe0d0f-f75e-48ef-b754-4c2030a94c7b.png,1
cd064f36-a22d-4614-a4c5-96c2d36bbe7c.png,1
cd0ae273-2dc6-4093-975c-b33e8982e441.png,1
cd1d42a0-e085-4f64-baaf-1da212416e8d.png,1
cd324889-a183-4d10-916f-d69384b4cb1d.png,1
cd3ae8e4-09a2-4da8-a028-8b54b0b8591a.png,1
cd4f439d-61be-4ecb-bc27-383f9cd29569.png,1
cd544eaa-5084-4bd3-81d1-8d02da582260.png,1
cd78f228-1c12-4421-adb5-f739f0ce306e.png,1
cd79b093-d3a2-49bd-8868-b463ff05f3e8.png,1
cd7ed4b2-eae7-4fef-ba8d-5c1825efc0f7.png,1
cd928ddc-4bd4-4307-a659-4900fd70507e.png,1
cdcecbe8-45cd-42a5-a47d-d58bc638f937.png,1
cde08a05-31aa-44f6-8fc5-c16bb94d9432.png,1
cdea8561-a7e5-4c37-8814-2e2251d31ee0.png,1
ce1ff7c6-b08a-4d22-8b42-cfa6084e1285.png,1
ce5f8ade-0760-4a40-906d-301cc6bbb87b.png,1
ce649e4b-1461-4c34-908d-b0561ac155a6.png,1
ce8e0d85-44a8-4b05-b421-cc5c510aa7a5.png,1
ceae50d1-5854-438c-8cb1-0579e376e286.png,1
ceb849b4-5618-4c3b-b34a-6ef007ae2ba0.png,1
ceb903e7-cdbd-4e62-aca0-00c255736807.png,1
cee68125-b70c-4f9b-b9a4-a005725ab04b.png,1
cf1ea4a8-9530-4ddf-969d-c5570838ae11.png,1
cf1fc4a2-aa47-4662-9118-9da725a17e84.png,1
cf4acaef-abef-4341-a4f2-e1689d804d3e.png,1
cf63d55f-512b-43c8-8c84-0aedfc89f3a0.png,1
cf6e4dd7-5d71-4ff8-aa41-2bfdb80e2e3e.png,1
cf7e865e-f0b1-4a22-8508-f0636247f895.png,1
cf81cc61-16b5-496f-999d-d34b434a9cde.png,1
cf8816d8-1032-4b78-8c15-27fbf3b1b763.png,1
cf8aa442-74cf-4610-8b1d-980d662bdcc4.png,1
cf8c70d8-1d3d-4cc6-b5bf-63713862da0c.png,1
cf951660-886d-482d-99bf-2bdaedd5f4fd.png,1
cf9c397a-14e3-4668-bfdd-b632a4b4e45a.png,1
cfb88e62-c5d6-415c-87d1-7be3238de1d5.png,1
cfcfaa4a-9c58-4eec-bb63-708e2b25df16.png,1
cfe768fc-4a0c-41fb-b3e3-86229e2cb94a.png,1
d00de1f7-b96a-4d00-8e22-bc0a6ac67d44.png,1
d01efc31-f83e-46dd-a3a1-1eb73f60ddcc.png,1
d02e780f-2033-4dbc-a98b-94c1ef4e96cd.png,1
d0370ad5-e503-4826-be45-b710ffc5066f.png,1
d037df85-c86e-43cb-a14e-7bf57ee9b5ad.png,1
d03b693d-8e4d-48ee-8cb3-8577680a55e4.png,1
d03f855d-a0b8-45b9-afdb-8844186c11eb.png,1
d055f31c-04a0-49ea-b091-56e88b837f97.png,1
d080e8cd-17fa-44d5-8401-736bf2e7f213.png,1
d094558c-2614-4d0b-b142-a9de0864f572.png,1
d0a2ca41-1f5b-475b-9cc0-b7efc4f19624.png,1
d0a82689-3088-4fc2-a348-7d3cc19c6ffa.png,1
d0c1a7c7-028e-4410-b8fe-2afcce2102d0.png,1
d0d7dab6-1938-4859-beca-987458d20699.png,1
d0d8cd7e-2abe-4f56-a9d9-938262605fee.png,1
d0eddd98-9377-475a-94d8-6c9663fa8396.png,1
d0ef248f-6358-45d2-9264-79533aa50593.png,1
d10eacc0-9e8a-436c-867c-733e3fe424f5.png,1
d112ae38-3ba8-45e4-b3ca-19316b3cf787.png,1
d16488a8-5cfd-4051-bb2c-d7f7c88009e2.png,1
d16d9a30-02f2-43e0-aa63-9a0e2a375913.png,1
d173cb76-6a90-471e-bb22-dbe16573ce6c.png,1
d17c8ec3-cff1-4976-b83f-ba808e6a1428.png,1
d18074c3-5ac2-46d4-91e4-f13f9284115f.png,1
d184ed19-d81a-4168-9e45-21e1332390be.png,1
d187294d-3dff-4de1-9bef-90a4f4c76cef.png,1
d18f4964-da90-4c37-bb7b-4ce1b2bbb6af.png,1
d1a0f88c-35bd-4d9d-8b5e-c2641761cb05.png,1
d1c121fd-790c-40dc-8d09-a427f826596f.png,1
d20338e0-8ae9-4a30-9a0e-8225aae32073.png,1
d20a1a10-d569-42f7-90e9-882f7331e3ff.png,1
d20eab1c-69ed-486e-826c-7c0b15dd61b3.png,1
d21e3291-a64b-405c-8a71-8fae7041b138.png,1
d21e78db-5c06-4927-b177-54c4b33144ca.png,1
d22e3d9f-99a9-4537-a0ff-fc3c1f349ee2.png,1
d230bf50-e18f-4b8a-bc79-678edb4e1261.png,1
d26d8a6d-63e2-4c0b-9dd6-178d624829c7.png,1
d27e22bc-ba0f-434f-a4f5-cdd9a24e598f.png,1
d29caa55-2027-4078-8d93-c6aaa25f7044.png,1
d2ac39d7-4862-4c21-a536-26ffc00450ef.png,1
d2bc881e-3183-4c82-9852-26ee582b5764.png,1
d2e16b46-2400-4ff1-bdec-3ed42e49155b.png,1
d31b42c9-c5d0-4d65-978f-b75e6ff3b7d9.png,1
d34b14ec-9bc4-4f71-b720-0ccb3ae58f84.png,1
d3a0da1a-8289-4fca-ae3c-6894d4f3c108.png,1
d3a565b6-929e-4db1-8cc2-2b59e64860b5.png,1
d3bc87ed-6343-4196-b277-e94b01f1da40.png,1
d3cf99c7-e7d7-456e-9e34-0312876db0d4.png,1
d3d0536b-d0e8-4e2a-a803-03c7d42d454d.png,1
d3fbcb3d-b39c-4c8b-a23d-ae786dc11bfe.png,1
d4304d61-7dec-4de2-83fa-7f6c9a09c5d4.png,1
d44baf74-599f-4e68-af21-2cf057336d0e.png,1
d4653287-cdac-4e8b-94db-b3c71147faf4.png,1
d4683e9b-ee14-40e1-a9f9-1eebd8d125ee.png,1
d471c394-f44a-47a4-9e41-6a651b8916cc.png,1
d47f354b-d29d-48b9-9c54-07c1e981bef4.png,1
d49f6b2a-8e3b-4b04-93a7-b1e11cd9657c.png,1
d4a31817-cd95-46ad-b41d-9350faa087c8.png,1
d4a41252-bd49-47db-ae15-e6e489271b82.png,1
d4b3478b-d430-4c89-95b5-1c1c27c8eb71.png,1
d4ca6e9e-68f7-4218-810c-a4bba17e37f7.png,1
d4d10646-e095-4cde-9f9a-b0d4b4cf6d5c.png,1
d4d21c2c-ee3d-443a-91cd-7e6e3ebd59c6.png,1
d4e0b27e-79ad-4af1-bd49-6c7feaf3f84c.png,1
d508dfa3-6b86-49a1-816a-38bf8b1befbb.png,1
d50b31c0-05b1-404d-a03f-330d2b13a1b5.png,1
d50e7c06-768f-4943-8e00-392d664fe580.png,1
d50f9380-dc8e-4edd-9fb8-81bd80c57866.png,1
d51472ae-a24e-4340-b468-54c883a12c41.png,1
d5277276-f8f8-40e9-b8e1-791cf5d96ac0.png,1
d55144f1-7b8b-424a-b460-5a7051abd301.png,1
d5523ffc-1c8a-4250-939a-3f5215397ff2.png,1
d5555a76-3191-4a05-a1d9-3e11f4c8d045.png,1
d561ede1-9992-4d20-a935-53a32a8c05d1.png,1
d57802e4-da7a-4a7b-b5ca-c662ab5b1411.png,1
d57b47b7-2324-4bdc-a0ee-27ad6925d9e0.png,1
d57f327a-a211-4e95-9bf9-0c190c9ae0ab.png,1
d58012a2-a845-472d-8f49-336a3cc977c1.png,1
d5835755-52dd-4a9d-a70e-6a49fcbbe1c8.png,1
d585321b-d6a9-4a7a-ac36-c95234f61cd2.png,1
d58a922b-97c8-4ee8-ad84-1c4c6c883c86.png,1
d599cb5c-08fa-4366-bdf2-b06d1116cd59.png,1
d59c097e-726a-415f-961b-803b10aa43ed.png,1
d5be0945-b546-4640-b0a0-d2dd209122e8.png,1
d5cbd64c-322b-4460-ad0e-c9a23e781f3e.png,1
d5d46405-ff85-46fa-9c3b-2c21ad366f76.png,1
d5d7c95e-0682-4b93-bf0b-5dff2fa91a92.png,1
d5d9c073-56ac-4102-abda-ef3b1f00331b.png,1
d5e1c771-f2f2-4a2a-afbd-4b14b3198500.png,1
d5e9a92d-fb2f-416b-8731-4f7435d6c9c5.png,1
d60b0cba-c1bd-4741-86ef-c24760605b03.png,1
d60cdcd8-66ee-4e89-bbcc-cdaed2895d84.png,1
d6195cb9-e8c5-488a-b406-a43e2ec44af8.png,1
d61c2dad-6c7e-4247-b984-66efbc79d23d.png,1
d62307ce-2535-4c0e-b7f1-5369cb77b461.png,1
d6406a7b-d4ce-4495-ac63-ccde4b062fa7.png,1
d640b82b-9fa6-49ad-9139-d1a0f1f8c7e8.png,1
d64913fa-c9ba-4ee4-9613-8c991fd3afea.png,1
d654c576-805b-449b-94c2-8aa4cd115ea4.png,1
d667579e-aa2d-461e-a869-4799ad466add.png,1
d6724bee-d28e-4b34-8813-52a86955fa72.png,1
d6931240-6770-4832-a4b8-4a47dd51c0ac.png,1
d6e82de1-190e-45d8-8a10-8d920b054661.png,1
d6ea0603-0633-4cc8-8d36-f523370de74f.png,1
d6ec5711-f4f6-4548-8ea5-b002ecc19423.png,1
d6fb1e39-32df-463f-9d7e-064b2b64a3bf.png,1
d7131b83-ef4c-4a0a-b1a2-d09c163bda48.png,1
d71602f4-ca1e-4651-8eb1-86bfde77556f.png,1
d727db91-5f22-424f-8f18-3f8c7de40869.png,1
d72cd242-ad82-480f-acd1-e1b3a793cad2.png,1
d73404b9-b882-4d8f-a14f-876aa52c9559.png,1
d7545025-6654-4cc3-83d1-99a34476c72a.png,1
d759f178-2451-47bc-80c0-2efe67588693.png,1
d77b519d-abb7-49d7-8bec-dedebe8f50d1.png,1
d780acd3-4af3-48f2-a60a-0c56ff78de4e.png,1
d78166b3-fbdf-4d19-bc24-d805269418f8.png,1
d783664a-fef1-4959-8d09-79c25870dfe7.png,1
d7ba9479-e67a-44dd-8a2b-8a6bea055e72.png,1
d7ccc813-9dab-48c3-bf30-c6d305c85a4a.png,1
d7ce9623-4433-4bd7-b8c2-a1d2e7ac49f5.png,1
d815454a-5088-407c-8822-af205bec401d.png,1
d82f792f-6240-4dbe-9a1a-6e3f60129828.png,1
d8348637-b16f-40d0-93d3-d27e4051ce6d.png,1
d84a14db-b31a-45f6-83de-5323036f823c.png,1
d84d271a-8ea1-4065-90e5-9f9c94794310.png,1
d85118d0-c7de-4397-a6da-b60ff8a249f0.png,1
d877d8be-7d38-43aa-b359-bd86cf3951c3.png,1
d87954c5-4889-4c82-a110-99fe2aabd598.png,1
d8d319c8-394a-4d6f-9a96-ff94d3ab2e06.png,1
d8e8af62-c7de-4f67-a5de-d38507419763.png,1
d90bf380-aa92-4125-82b7-397a5dada589.png,1
d91b519f-9216-4ff9-9e2a-3356bfe4e391.png,1
d9245b95-1261-4dd6-88a8-2c9a69578b0e.png,1
d930583e-0c91-4b5f-9a23-0f71f0349586.png,1
d947215e-c4c5-4907-8d47-0735a0ba4fb9.png,1
d9528d5b-b058-467c-accb-618c100f3696.png,1
d967c678-30f0-48b4-9563-167e746e972d.png,1
d9728525-2c4b-4526-bbf7-873831872a20.png,1
d974dbc0-5e7d-4aac-bda5-f29096aeeb5a.png,1
d979af2c-4ed0-42da-9b2d-5cd3733b8d13.png,1
d9815385-9c37-4484-8785-92b3eed84586.png,1
d984ecfc-6b4b-4f39-9e66-c0b79a3d00f9.png,1
d98964c9-e676-4e33-a456-27cea6ff007a.png,1
d99282ee-dc00-40d4-bb8d-5f8dba263a05.png,1
d99e786f-9de0-44b4-bb3a-00fba6c72994.png,1
d9a6fe09-9ee9-4d64-bc42-cd903276f513.png,1
d9c09d71-4b04-4f5c-95f1-582f7d64467a.png,1
d9c868ad-52d6-4d3d-9b2b-05534e1cee81.png,1
d9ceeda5-836a-40a9-b517-49921ec60490.png,1
d9e15ec8-682f-43ed-b652-ce3d9e827716.png,1
d9fb69ee-f350-4f28-8cd0-29c83757bade.png,1
d9fc48eb-9f51-4a78-b132-3532f4aa05f7.png,1
da0d2a4e-46ff-43a7-866d-1608fe52b05f.png,1
da0d705d-7722-43d1-a880-a34c553f0719.png,1
da31f911-ffdc-4348-90a5-cbdccd644e67.png,1
da69ffb8-40fa-49ea-b11e-9ddff40845e8.png,1
da9dde80-836b-4f3e-b36b-0e344c42029d.png,1
dac8c857-7604-4b20-8e61-da616e78e75e.png,1
dad6c631-7bff-4bcf-bdbe-a91a9be2ac01.png,1
dae4e147-89d1-4110-bbeb-90ac76ede50a.png,1
dafc817f-dcd4-41f8-9e0c-9f7ee41d1cf4.png,1
db16297d-c849-43b1-bcd3-1bd4fb2ff37e.png,1
db1fc476-1976-42f3-b442-1e37fcf45044.png,1
db32f09d-b7f5-424b-a393-a10cab691038.png,1
db3c8b2a-797b-4178-9b68-09863e1a45a3.png,1
db41f495-510e-4d53-9440-b593e8394ff5.png,1
db4414d8-4ce8-4e92-b543-e9d42883f58b.png,1
db4c7637-7784-4031-b983-4692715525c5.png,1
db5399f8-e0cb-4208-8694-a7136f9ac574.png,1
db67501e-2171-42de-8dcc-8a3373055c9d.png,1
db798a1e-84b8-43ff-b4d5-990470c2579d.png,1
db7bce8f-978c-47b1-8b74-7640f7c3625e.png,1
db8433df-a208-4416-a35d-d131d8e334e3.png,1
db9618f5-8c95-4c76-b29f-652899c5a50b.png,1
db992a32-d062-4a78-a7a2-40aaa6146977.png,1
dbaa7abd-4d45-4ce6-ac0c-89d961a7f8d2.png,1
dbafd69b-c2d5-44f5-a3f2-6c347ce377d2.png,1
dbc5db8f-3ec9-4906-8afe-2969e096b6a6.png,1
dbea4851-d8c8-435f-834d-b0895ab0475b.png,1
dbfc2da5-fc7e-431d-b05d-9a0b580c357f.png,1
dbfdfa23-441c-4f30-b386-ecc3276d5552.png,1
dc1813b1-0576-4560-95ab-fd4a2b509823.png,1
dc244dca-9414-4555-a2b0-935933366861.png,1
dc265f1b-aca5-44d8-91a6-8aa4d7f7ae2f.png,1
dc2a32fa-d49c-4c49-bcdc-3ae6c394fbc9.png,1
dc3f50d6-3e8c-4c5b-814b-3f2043165556.png,1
dc4d3a01-94f5-4e5a-a843-1c60dfd8b352.png,1
dc506eb1-ef59-41e8-aebd-5c2a80026ba3.png,1
dc5bd0b3-050a-42a3-b09e-bec480039d6f.png,1
dc620da7-7387-4839-9222-21f708f63bb2.png,1
dc7720ba-e9fe-4680-8304-bb149bedf128.png,1
dc8826ad-9cdb-424f-9896-ec55bcaaffd6.png,1
dc995045-8ec6-4cef-ba20-350c66732a9b.png,1
dc9f5cb0-72b4-466f-a3a7-9e15fbdc16d5.png,1
dcadb2f5-7f98-43ae-83d6-e9e554b170c0.png,1
dcb6a72b-1d92-4cdb-aabc-86b408d50d4e.png,1
dcba2f1b-d117-4c79-b329-6446bc21b45f.png,1
dcbc1eb6-52a1-41ab-862c-547f94f0ee05.png,1
dcc879b2-a7f1-4526-95af-e87539dc4925.png,1
dcca67c4-14b9-483e-bb8d-adbcbb767533.png,1
dd033b96-06ce-4587-b781-e0e2dd4026ac.png,1
dd1c3cab-8b7a-4922-95d4-ddfd2c686d15.png,1
dd28e18a-42fb-4bfd-a6c3-d1b146817ecf.png,1
dd3b5e52-b682-4b16-b7ba-bfcc66dc5992.png,1
dd400306-5e55-42d5-8177-673d1e207600.png,1
dd6e599d-bba3-4a3e-968c-0dcba546099f.png,1
dd7cf95b-f215-4880-9f3a-b7eb7b27fb79.png,1
dd830a3b-db9e-42bd-8d3a-8d52f40ddbde.png,1
dda53143-9bcc-4c5f-aca6-970626733e17.png,1
ddb0dc48-542b-4b55-92d8-89bb2a779ba3.png,1
ddb4f535-9e42-420a-9851-3fb6a06a0143.png,1
ddb757d1-a6e2-42e3-a438-100006fb38dd.png,1
dde16ef3-48de-4371-8d7a-2748b20a73e3.png,1
dde8d2fb-aa94-4fbf-a3eb-3a58ea13ea75.png,1
de021bc5-eacc-4c73-a8c2-7f98d5467c52.png,1
de0753bc-4086-4b85-a0bf-ca66c5832ce3.png,1
de0ee373-dd0c-4f75-aa2c-c356d203696e.png,1
de304f9b-f407-43d5-89b9-bdb07f8308b1.png,1
de3de48d-1810-4676-bf95-a88305034724.png,1
de8339e8-3f7d-43af-9ca5-9c783d6642db.png,1
de9d40a1-45ac-4ec0-a9ad-7c3da394fbfb.png,1
ded94391-8388-4a59-8e28-5c24729fe636.png,1
dee34d09-f146-45ec-a1c1-4cb4686878b8.png,1
deffa472-a50f-43fa-bc8b-1eaa48adb8d3.png,1
df07876c-6dc6-480b-8b62-440dc2c1a73a.png,1
df10aee9-878c-4782-8aea-de4369355fd6.png,1
df13cd6b-0b39-40ee-811c-9df848963965.png,1
df21b6dd-32b7-4edd-8b7b-fa1a35e0c043.png,1
df59ce30-d6ce-4942-8ed1-7475a5267539.png,1
df6fce59-efa3-41a1-bdf7-1ff27cad394f.png,1
df8f2c22-ada6-4e53-9609-bc70528c5999.png,1
df976027-3267-46e9-8833-9f5f50534969.png,1
dfc1a68e-3314-4059-8a76-4e4e0981a948.png,1
dfed644c-9548-465a-b962-78ead3498f38.png,1
dff644ef-d0ad-4ae9-8645-7dfa57e523fa.png,1
e0091a61-2aa3-42f5-8a0e-ad47a9ff7c80.png,1
e00c1966-e9d7-4845-bd26-1865226786df.png,1
e01ef6c8-20f4-48a3-8917-686da0e5b454.png,1
e0227184-955d-4bfd-8eeb-0bc0b2a21a66.png,1
e03b2ae0-a0a7-41d8-a6b1-dac421515a27.png,1
e06102ad-7339-48f1-a201-4ce35fa2f191.png,1
e063b161-8c89-4324-92df-d99acbe65aa2.png,1
e065606f-3368-47ff-b4d1-ef783e97813f.png,1
e06a973d-844c-4799-923a-9ab7215fe5bc.png,1
e06b4382-9140-4fff-817b-47026d28a98d.png,1
e07110c1-7afa-45b3-8de5-901f0a96e394.png,1
e078fb2c-acf6-43bf-8cd0-540bbb460947.png,1
e09d1d80-ae35-426e-870f-56421e61c48c.png,1
e09dbb79-cdc9-44a1-9547-6f5969a170dc.png,1
e0a1ffef-682a-4d15-a232-46439d4e4d9c.png,1
e0af96b5-9e91-4cc7-84c7-a3d04d4c9405.png,1
e0cc9552-af6e-4b2e-8744-78689b0f2aaf.png,1
e0e6d81f-d19c-4e66-99a5-ebc202d727ce.png,1
e1297bf9-390d-4d7e-b902-4b02005a0d4f.png,1
e13739bf-ff9c-44eb-8839-fa8c61bf8a14.png,1
e140e6e5-cdf1-47d6-b2f1-602aa8a1a69c.png,1
e1447b7d-98a7-4321-94d4-03b686676da8.png,1
e15ecf55-b05a-4f6f-bb25-d51d4a438963.png,1
e15fca95-ebf1-4b48-b94d-aa5b702369b5.png,1
e16597e4-4bad-4d6b-819a-3f94dac2454d.png,1
e16fae2e-675c-42e0-becb-27770deacfcf.png,1
e178c7c6-a213-4023-a125-45cf59949b20.png,1
e17bacff-85d3-47b3-b2cb-2a3e123a6912.png,1
e17e53a5-916f-40c8-9c9c-dcc01031aa46.png,1
e18c7203-a029-4cf4-8151-2bc2460c390c.png,1
e18e7bf5-70c3-42f2-82b7-380943d96fb0.png,1
e191c1c9-94e8-48fe-8ad3-bda04a74a905.png,1
e1a10525-e325-40e1-8709-2a9bcf7ad290.png,1
e1c9d1ec-05eb-4bf8-9d64-2aea82f43d98.png,1
e1d8cc12-d372-48f2-9126-74660809eccf.png,1
e1e66bd5-538f-4df2-a386-153645f88ea0.png,1
e1eb1f53-a6e1-461d-96bc-ca7fd48b8836.png,1
e1f97b99-23fc-4fb8-a960-b9e26f2920a7.png,1
e212adf7-2a29-4069-aa94-8ea5d366d0eb.png,1
e21916f2-b79a-4a00-85e7-ad6a27c300c2.png,1
e21bd38d-504c-4256-9168-2f1ccc10ad94.png,1
e260b5f7-5cce-41bd-a63b-baef4cdfd3bb.png,1
e2afc0f1-dd1f-4de6-8e82-8cb89e1d7463.png,1
e2bc24a7-e469-48e2-9d5a-6ffc8557d59e.png,1
e2cb1c89-244e-407f-9798-9a9670616850.png,1
e2e0accf-73b4-4cc4-bc85-2066f1fa4762.png,1
e2efa725-693d-46a1-9abc-545ea633794c.png,1
e2fbe7af-e71f-40e5-9cf1-2c41caea4527.png,1
e30028a5-ccf1-4afa-8cd8-5b6129483e96.png,1
e32be4a8-2f2c-436a-8a3c-e4e424fad060.png,1
e32c79df-9fe1-4ed0-bde4-eba4e341936d.png,1
e34cceab-c358-4257-8fcc-4ec1e7d7de36.png,1
e37f89d4-3cdd-41af-8a07-3238b93230ce.png,1
e380d5fb-dc74-41c9-adad-05b7b88b9137.png,1
e3884258-8083-4b8e-b952-9adc91a7f0f3.png,1
e38ab400-f316-4091-8316-ddaf0b75f4dc.png,1
e3a576a6-2c29-483d-be9d-4a6a3327a0cf.png,1
e3b1e7ed-b9ae-4061-a210-5444b7a9c9b1.png,1
e3bfcacf-6bb6-4af1-b49f-0a3b0cda6f96.png,1
e3c0a6ca-58fb-4b9f-b56b-25491bbf3db8.png,1
e3dc00b7-5675-4ebf-88ac-42a60e2ed893.png,1
e3dca188-6311-4214-9d15-c1d4ba4dea55.png,1
e41fdc8f-1cbd-4acd-94be-6a27df3b750c.png,1
e444b79e-a477-4668-9a69-7b5ade5bb214.png,1
e457e363-5309-4cd0-a242-6b7af7c329d0.png,1
e48a77e5-d627-41c2-b82d-30677644e885.png,1
e48e74bf-9508-4bee-932e-dad4ab803360.png,1
e49d1683-b3d9-4a75-9b30-779201943f1a.png,1
e4adbfcf-d787-473c-ace4-7ea59984f732.png,1
e4f130d7-0a85-4d4d-a989-936db8cbf598.png,1
e50a07f7-47f4-4a25-8d45-a2f1d66a2aaa.png,1
e5274cde-aaaa-4851-b306-a9293e8222ec.png,1
e532c5eb-e94d-42db-89a7-914ed862490f.png,1
e5368a74-3005-4ebb-94a3-6e859b9ef3fe.png,1
e542d5db-28c5-4e73-aa47-a441143887cc.png,1
e56de97f-aac0-4a7c-8ddd-f861cae269f1.png,1
e58662f6-d072-464c-ba02-bd9631a74973.png,1
e5b2ae3b-2da6-4c16-96df-af8a72695893.png,1
e5bff349-8b02-4c62-8c64-b32344fa690c.png,1
e5c3b5c2-7f2f-426c-bf4f-ea8862da8dc3.png,1
e5e49f6f-0ca4-44bd-b092-e15ddc944cba.png,1
e5e4f0cf-58ec-4442-a54c-96d5d29d8f0b.png,1
e5ee965b-7a79-4ceb-986c-a775a3c1d7a8.png,1
e5f214d1-2842-4a26-9a2e-fd05b15fb8b3.png,1
e6063bd8-e46c-4430-a63c-03adc37511f7.png,1
e6141d8f-fb9e-455c-8638-e081cc656aa9.png,1
e6237a2c-514c-477b-8e79-727ebb9436a3.png,1
e6295ee0-bb33-49e3-9376-8b78f5a3fc52.png,1
e63d1f50-43f7-4e95-aa71-0108a062eee0.png,1
e65529f2-45df-4020-adcc-7de1996c38e8.png,1
e65d66fe-2835-4e27-859b-a65065758cab.png,1
e666d579-2ff0-4ce0-a5a2-903919fa5668.png,1
e678a93a-0519-420a-9b4b-4f9ae4e0a006.png,1
e67b71d5-e6cb-40be-bf98-ee06d26a6a96.png,1
e6a3f420-39d4-4042-8485-87024e7fb4f3.png,1
e6dc5d04-2f76-425f-99d7-cae3aa095122.png,1
e6dfc127-5e23-4a60-b784-efa008f59587.png,1
e6e93d3a-571d-4c1c-9c62-cbb043d9cc49.png,1
e6ec8809-e44d-4802-9386-8f5ec351f03f.png,1
e6f5c238-2bfb-4ab3-af53-7966b0277665.png,1
e70795e5-58b2-4b08-a9eb-6929c8905ea0.png,1
e72b1ec4-c97b-4328-99c3-54f518823c2b.png,1
e73ee4be-e4c4-48ce-8be6-52da5021b951.png,1
e755dc4c-11e7-45ff-b07c-3a297a67f0ec.png,1
e75caca3-22a7-48dc-9b2d-d6e19db6bb29.png,1
e77e5857-d114-484b-acbb-9736ffb750c3.png,1
e77e8d88-11e5-4d15-8dfb-abcd5c09c9f0.png,1
e782f1a7-23b3-4167-be7f-1a959259af87.png,1
e7975e46-ac5c-4225-ba05-6e0b5b1ba917.png,1
e79c364c-a4a4-4201-b5fc-4b46701b5cf4.png,1
e7a47a98-2dd9-45af-9818-1ebd88cfb700.png,1
e7a937f4-f744-45b4-93df-f92786e4d6d6.png,1
e7aa8c67-b801-447d-b24e-18b77746b4e1.png,1
e7aed9f9-264a-40a3-84ab-1ed8b81547df.png,1
e7b3fd9c-d51f-42dd-9f90-25160990faa8.png,1
e7d62adc-e492-475c-9fc9-11cc9b3654da.png,1
e7f182ac-e84e-4e0a-89f9-be61ea3c66c2.png,1
e7f64666-2118-4f2f-a1e9-86d9f1eb7573.png,1
e7f67f50-2929-431f-a9fc-adc24518a87a.png,1
e80e5db4-c456-4223-8947-426efff27057.png,1
e81046a7-87bc-43ef-858d-089ceb254bea.png,1
e813b239-43c9-426d-b768-4a88d5e2c2e4.png,1
e81a17d3-0c93-47fd-8cab-4ca7914ad86e.png,1
e821a416-aed0-411d-ab8a-7813185384b9.png,1
e82c631b-0acb-436f-8050-fcbe1461d553.png,1
e836c27c-e180-4c15-a929-bc98fab4df67.png,1
e83ec092-c219-46d0-a1fa-a7538c91ac17.png,1
e84da550-d09e-46cd-94c1-617b6d7aa461.png,1
e85b9e5a-ea0c-4fcd-8e7f-2f8699923099.png,1
e8659775-8a7f-40c1-a3a9-abdc85ba4fd4.png,1
e87d8111-5071-446b-82f6-00a55f338954.png,1
e8868e22-3e5c-4e63-9dc7-9180b20a0b1d.png,1
e89dadae-bdbf-4f2e-a4a1-d2d56abf0d48.png,1
e8a234b2-5e8d-4b53-8a44-17c46a3678eb.png,1
e8a7fd94-3616-448a-a57d-f4507987f185.png,1
e8ffe2e2-7ded-4a59-b7cd-399940e5f3f1.png,1
e92d7e53-f191-41af-a86b-8da6c7734386.png,1
e9390be0-f3e1-4cd9-a3b9-72a80884caf1.png,1
e94d8646-1703-44db-9062-c9b305e238f0.png,1
e95fd267-cade-4b0d-ba4d-77d2765817a1.png,1
e97da81f-c608-49cd-acf5-4ec961861bbd.png,1
e9978ac6-e87c-40fc-9d28-af8308380e25.png,1
e9bf3ff2-086e-4ece-a12c-2fc9376a54de.png,1
e9d5d7c2-0f97-4084-8702-1704e44083b6.png,1
e9e58cf9-f301-4fe9-a5d5-ff12f7981612.png,1
e9ea9123-3eab-4d60-973d-bfca20b6e054.png,1
ea20f7ad-5958-4a6a-b871-89e747593fd8.png,1
ea2f0e9e-8cca-4037-a456-9fb1f07af5d2.png,1
ea3d1dcb-9222-4e66-b7e6-a45e78bd339e.png,1
ea3f3fb8-d6dc-41c8-9bdf-a67b43570477.png,1
ea3f8b01-bbf4-4abe-ba79-72b6989f005b.png,1
ea475b41-c5ae-4d80-b5bf-d5af6f1b0c70.png,1
ea4e3c77-6956-4ba1-9c73-3bc93c1f0398.png,1
ea5c8b30-582c-471c-afd3-f569f52d5baa.png,1
ea7e10de-91f0-44b7-88ed-6e42f2e83ae7.png,1
ea97a1ff-8582-4f89-be4f-b8cfd2eb73b1.png,1
eab6d0b6-1bba-4c26-a208-507c54d14016.png,1
eadbf3c9-f034-4b29-9a46-b90a16978a2a.png,1
eadd2c1c-2e56-4392-85dc-2c4fe8a9d420.png,1
eb061685-c06f-400c-ab24-a7f702684c02.png,1
eb1db759-d998-400d-90c8-26dd96c310e0.png,1
eb211810-c51d-42c7-913b-d327c8ca4dd7.png,1
eb2225b3-b09e-408c-8c48-27b1bad103a9.png,1
eb2828dd-cd30-4a47-a8b6-3b0924ef8ffa.png,1
eb2f6354-73d5-47f8-b40c-72579eeec569.png,1
eb3d5fed-558d-4aba-b13e-f7917c49c79b.png,1
eb408099-a39c-4562-918a-c21c1afc1d82.png,1
eb5be562-36b3-44b9-a7ef-68a49d4b03ac.png,1
eb9bf555-1859-47a9-a95f-e86246ce2bd9.png,1
eb9ee346-11b0-4ae1-8b69-99d54acdaeaf.png,1
eba26223-cd3f-4b8b-a4b8-3ebc3922da4f.png,1
eba80948-4a28-4909-9b2d-06a0175c830f.png,1
ebad82a7-09e7-404e-9467-31303b3967a6.png,1
ebc03c6f-4bed-4b0b-a283-f0624a9955cd.png,1
ebc7b6eb-6b18-4807-af64-55d4723479a8.png,1
ebc9da35-fa1b-4cc4-b963-16731802af49.png,1
ebc9f06f-c73b-4eff-9f07-beabd1331273.png,1
ebd9a666-b3ff-407c-9d50-9af3a285304f.png,1
ebdc4168-7cd3-477a-8a94-b768c41a9f8e.png,1
ebdce693-283b-462c-825e-a182c6063a85.png,1
ebf2bdff-9e1a-4365-9010-738d58b62944.png,1
ec2de089-6de3-49d8-b5e4-d95bb4559221.png,1
ec36d295-1e54-4de5-9b64-241cbd1aa0d4.png,1
ec3cfcee-58f2-442f-a272-59390100cbba.png,1
ec3f8f76-e644-4905-a379-8c8b33cc0dc6.png,1
ec494de2-73b0-4ec6-9038-217175b06392.png,1
ec4cf99b-0d23-4aa5-abac-3f8ae0257eb9.png,1
ec525238-c296-4a6d-a351-ce760c7111d9.png,1
ec53eccf-e4e5-4151-b50b-d103e799a1f2.png,1
ec55e4ab-ecdd-4265-a5fa-d84ee0af1e0d.png,1
ec81f707-4d7c-4a97-ab27-048c805f5395.png,1
ec885fc7-04cc-47a5-b971-11ef284c229f.png,1
ec8965a5-1774-4644-8e58-dd62eacc160e.png,1
ec8ab6f6-b08d-4768-86a1-07367371a0f4.png,1
ec910555-f698-4536-aff7-7fa9d3405d60.png,1
ec93d206-ec61-4e16-afc4-898f754916fa.png,1
ecb5a45c-314e-478f-946f-ac620738c00b.png,1
ecc176d8-c3c7-43d8-bcd8-355bbfb84971.png,1
ece78603-3d21-4940-b651-88130093645b.png,1
ecfa4360-af4d-4bd7-ae2f-b1f56a623dfe.png,1
ecfe8040-c2e5-45d0-9ee7-d1a6963270ca.png,1
ed09e414-bcdd-4342-aab8-3b286a54facf.png,1
ed20cdc6-e8f7-4551-a8d5-6b360b3f9c71.png,1
ed37211b-bc6e-41b2-b246-e47707a07687.png,1
ed55f8dc-45a7-4416-ae94-847bb41a35c3.png,1
ed5ddfad-977d-4b5c-9584-ba676b156f2e.png,1
ed6e3fd5-ac11-4733-befd-aac7c6db0a7b.png,1
ed76361e-042c-49a2-b6e5-6ad404525c2e.png,1
eddb7172-d147-448c-a8e2-fee8f9cfb449.png,1
edef8fc4-60ee-4736-8f32-4bb25d9e6800.png,1
edf1fe7e-46a9-47be-8f65-132b2f8dd56a.png,1
edfb87ef-944e-42df-a5f1-49b415d1741a.png,1
ee2d5ba6-4090-4676-8e36-94dc3468b8ad.png,1
ee373825-44f6-45ca-8ec9-d2d1d9541450.png,1
ee3d45f9-5a4c-421d-a171-be0d8129e43d.png,1
ee48da1b-9ce9-4f57-90eb-5c131c285e84.png,1
ee52c757-3e8e-4e65-9818-52ad4c00622a.png,1
ee5842e0-5bd3-4e4b-9aea-cb94b6402fdb.png,1
ee674127-083a-4562-a4e6-3ee96bae758a.png,1
ee820aa5-4804-4984-97b3-f0a71d69702f.png,1
ee8a4128-a907-475b-a363-9cd60d65e46e.png,1
eeb9b9e9-1502-49c0-b622-94f43a0b07c8.png,1
eec6148f-5a8e-48e0-967f-3f59f14c562f.png,1
eee3497c-fb69-4a48-96e6-c204b0ee9b84.png,1
ef0fe9c2-fb59-4631-86ec-c47020ff231b.png,1
ef21f886-1959-463c-845c-bc55181a19f5.png,1
ef2755ec-e5e8-4f5a-87ce-be6e9aaf1823.png,1
ef503977-63a8-4fcf-9019-78e8e70511f3.png,1
ef605eca-af37-4409-9043-6ff34392fee5.png,1
ef7c58ec-8b59-4406-952e-9d54c34e6276.png,1
ef7cd600-75c9-4b07-bb0e-f66e857fdafa.png,1
ef8a9a4c-4a0f-4e4e-aaa1-4c3f260bd72c.png,1
ef8cb906-acdc-44ac-bb8d-05f17b86c3b3.png,1
ef9fb572-2914-4d16-982a-59eb99f5567b.png,1
efa863b3-24a7-4688-9015-e656c933d04c.png,1
efad4ebc-9579-4fdb-8850-0af216ec919b.png,1
efbaaa0c-da33-4200-a62e-d7d9d48c58ac.png,1
efc9c6a8-8568-426f-9fc6-2a6106bbb98c.png,1
efcc7a4f-23d6-4df1-9d80-677a620856d7.png,1
efd3dbd7-d339-43b9-93e4-2274ab8e7936.png,1
efd57230-4266-464e-bc6a-7df5f1e83be3.png,1
eff33651-3ef2-4acf-bbd9-c5d785640fc6.png,1
f002b136-7acc-42e3-b989-071c6266fd60.png,1
f0163438-7fad-4c43-b49d-ae23beea475c.png,1
f01d3d16-5d6e-4551-8c89-2c0bd9188c2f.png,1
f02b6a5c-f922-4334-ac80-99d7418c41f0.png,1
f02b8370-0e08-47af-b4d4-6dbb681f219e.png,1
f02e36df-ac4d-43f1-8001-3e0494145b0a.png,1
f02fe6d5-c4ac-4c83-9d9d-5274eb3488d5.png,1
f0343afa-3b37-47d4-93d0-9ee56c30952e.png,1
f058ba1f-6cf1-4127-9372-d93a5459a339.png,1
f0646657-7174-461b-9ab4-07242c759384.png,1
f0678ab1-7a59-46b9-ba2c-def9ad6b8d22.png,1
f08041f0-be4c-4893-858c-99465834cc0a.png,1
f0db2967-6ff4-4d56-b697-8440b9cda138.png,1
f0e0c65f-bef1-467b-a4e8-e5e46cb25fa8.png,1
f11abf44-b267-458c-ae67-e1167124f5e3.png,1
f12565af-43de-4bc9-9dba-a8a3e9c8331e.png,1
f125b9c8-6ea0-4378-8190-0583ef725a24.png,1
f12d3c41-3520-4a45-8563-e9040089677f.png,1
f137d0ae-b2f7-4fd1-916d-773d4695b626.png,1
f137ed32-7a53-4b47-b7dc-a75a20701ca3.png,1
f145236e-77ef-4cc3-8289-85a020b56c5e.png,1
f146bd0b-415f-45eb-b0c5-16d34a47c486.png,1
f14916d0-2dab-4a08-b306-7ef36fee8fb6.png,1
f149b26e-035e-4f7b-b55b-016334772d2b.png,1
f1509076-069b-449d-b659-4ae16300db31.png,1
f1677417-36ca-4ee2-886b-bb5e7c6a35ab.png,1
f16b2e43-66e6-4e8d-9879-63e5f0e36b48.png,1
f184f903-7ec4-4b69-8ac1-1f2d171065ef.png,1
f1a92173-262b-42d1-b64e-213cdf6afdae.png,1
f1ba6a94-27b8-4537-8a11-6c4dbc3fe428.png,1
f1ba9810-861e-4ffc-8fbf-242d5da8e80d.png,1
f1c0e838-08dd-4ec4-84a7-cedf9b87f592.png,1
f1c18d3e-a250-451d-8ed6-47b85a28bfd3.png,1
f1c1c792-af12-4b8a-bc67-317347a7e8d8.png,1
f1c3f262-dcfd-4904-b108-38d3479e3201.png,1
f1d4a238-6cfc-4875-843a-3b5044c7cdf7.png,1
f1dfdb40-da03-4577-95a1-da4b170613d1.png,1
f218fda3-c484-4836-867d-b7ad037bfe4e.png,1
f21a2acc-e6f1-4132-b094-83c9e94a5e7d.png,1
f23907b3-9638-4986-b471-b4f2873f6504.png,1
f23bbee6-567d-4ef8-8b29-2ecb12a45be1.png,1
f23d7784-06b4-4e44-8dcd-e1eec3e7d7cf.png,1
f263d63e-1715-4bd8-af5e-fa4e824fa55b.png,1
f26e5df0-bd0d-4d54-86b6-ea40ca0952a3.png,1
f26ede75-cee6-4248-9219-017f327b25ca.png,1
f26f795e-e989-40ce-a076-5763295ce46b.png,1
f27252da-ac5d-46b2-8df9-32e09763574b.png,1
f29d2e7b-9a63-4614-8e61-62553edcb7fb.png,1
f29da87d-abd4-4141-96d9-e48f95ca67ab.png,1
f2a78be0-4397-4b01-8357-c2596406edd1.png,1
f2d58e86-1fcb-48c5-9a6d-a23966e7720b.png,1
f2e71eff-2656-4b52-a014-eea3d0d00efc.png,1
f2e8cacc-b217-4e82-93ba-33bf5e04e94c.png,1
f2fda506-7c73-4746-a7a6-59968f1e8de2.png,1
f3088d94-d727-4381-ab83-1b2bc54c2505.png,1
f3142a9f-b625-41d9-a7b7-9a4aba0c2abb.png,1
f31a958a-66bf-4ccc-9fd7-79bbb9d17e7a.png,1
f3236920-9024-4ee1-bbac-a89b68cfb44b.png,1
f32e03a8-4c73-49dc-a142-c6d8d55dff94.png,1
f34899e1-3927-4191-b50c-bec95808139c.png,1
f37a0400-beea-4925-8b4b-420f1b33284b.png,1
f3a72d62-fce7-4654-92a1-9cf26353d156.png,1
f3aa1daa-4873-446a-a5b7-7da7f955245e.png,1
f3b1a1b8-b6d9-4ac7-85ea-41765f99eaf8.png,1
f3b1b61e-693d-4fee-b67b-fa4f09554391.png,1
f3bea900-7094-44d2-bb12-fdec80766f9d.png,1
f3d51616-15d7-419c-acae-90413b7fdcae.png,1
f40574cd-4fc5-43a7-a2e8-8bf66093c80a.png,1
f40ba5da-1ef0-49d4-bb19-492892b41704.png,1
f4113fee-b7a0-472c-8f68-24e999fbf73a.png,1
f42223b1-1a5b-45c2-a1d2-25c6df776484.png,1
f4362a52-b9f5-4d96-a6ba-04284a233eb0.png,1
f454d325-7967-4c13-ab5f-139dc0f1ecbf.png,1
f49074c2-e73d-4884-804e-a2caab37bcf9.png,1
f4b33c44-a7c1-4a14-a094-34bf19b38fd5.png,1
f4b5f778-32f9-4197-b765-2347e3a4973d.png,1
f4c7d67e-1025-46e0-bba5-cee068b8bd6c.png,1
f4ed7de6-fcbb-425f-9a20-9ef2dda05d78.png,1
f4fffaa6-a5b8-494e-911b-1560d1937422.png,1
f50616b4-c6ab-44bc-8a70-28464c77c397.png,1
f5257a21-9efd-491f-94da-5cbce76d8f95.png,1
f530bed2-b5bf-4240-892d-ced0140d1a8e.png,1
f5544779-e6b9-456b-a475-867e41212602.png,1
f556368d-3eb0-4b06-bc4d-535acc1ea1ad.png,1
f560fc1c-ec3a-409c-a035-344bff1bbc06.png,1
f569df59-d9b3-4af9-8b26-657ee2abcd9a.png,1
f5848669-b012-4685-9bc2-3c76680f7289.png,1
f5926c42-623f-4a7d-9214-bf9f0964e9fd.png,1
f59d592e-2807-4dd0-8e56-810be8c02fac.png,1
f5a9f284-5c9b-4eb1-8c03-aa2bf65bb9e6.png,1
f5b9e64c-e373-4ccb-806c-850c5a38dad6.png,1
f5bb54ee-a4a0-49d6-be55-5687176002f4.png,1
f5cb4b26-5821-4b91-90a0-629f4f0cbd2f.png,1
f5dadf63-c828-441a-b595-ea7698087291.png,1
f5dc76a7-237a-419c-a28a-c3fc7ff43b65.png,1
f5dda7ca-c53f-47f8-8a10-08a1e31794c9.png,1
f5ec1010-b315-453d-a163-2cc716ab182f.png,1
f5ff6567-9b99-4070-9b62-51b336336859.png,1
f6077569-6aa3-4132-856b-6bdcbdd70cd6.png,1
f61c2271-a0f0-4a88-a803-71bd7dba0be9.png,1
f630809e-2498-44af-beaa-dda23a36cf20.png,1
f638a33c-ee3e-4179-a095-4fec05ab51e5.png,1
f650ee02-3a03-4da0-8fd9-12f1ffae35b4.png,1
f652df75-c199-44a9-870b-54f68aae814d.png,1
f655a822-225d-4fe0-a69f-0886f91c5f2b.png,1
f65e81f1-e1b5-43d0-8815-f9004343ac56.png,1
f66549b1-f756-45d1-88cd-f0083e9a25ca.png,1
f6669e27-825f-4fb9-b86a-ba61b9538342.png,1
f676d04c-a1cb-4714-a17b-e3bf1ec329d7.png,1
f696261f-49c1-4274-81be-4e6b9e8c5602.png,1
f6b16a6d-345a-4348-93ba-48c69ac76822.png,1
f6bd4ebd-efbc-4315-b67f-19ed7610b2d2.png,1
f6be6dc3-9539-46c0-a1f5-b10919ff81cd.png,1
f6c2c26b-7d88-4709-a874-e85c65358c3f.png,1
f6cfde90-10de-4584-aed1-2a0ef8238b11.png,1
f6ea62b5-fb92-45b3-b59b-2f9b6d8b7e7e.png,1
f7250628-0db8-4baa-adbf-fd694cbd3b7d.png,1
f73629d1-43c0-4ce9-91c4-28081f532e1f.png,1
f736efcc-ac9e-4f00-9e27-03add80f6f63.png,1
f73ff426-6e28-476e-82c6-31d3603a1cc3.png,1
f741a9b1-f5d5-4160-bf27-bf8dbc94cf50.png,1
f7446ce3-2bd4-48f1-a068-522b4f531c3f.png,1
f759e4b7-21fe-4f3a-aaeb-0b8b99cb103c.png,1
f76c9846-d88a-4d7c-b887-2759a4333f7c.png,1
f7793f41-fe23-4e09-8bef-6394b56bed37.png,1
f77b0afe-0085-4ee0-afad-a1e9fda8fe65.png,1
f7856767-112d-4ff6-8b20-1188c0c47a1a.png,1
f78a62d0-f9aa-4828-ad8c-ec4917f52d48.png,1
f79fc759-fde0-4e2e-8951-26ac8af5ef89.png,1
f7a172fc-a34f-4155-806d-7b0afe2a6156.png,1
f7b0889e-a9fe-40a9-a6a3-c9ce53252ec4.png,1
f7b45870-76fe-42f3-9833-acef8c336dac.png,1
f7bd2b79-ca7e-4787-9d78-7041d7aa7498.png,1
f7cc8800-27a2-4aca-b9d2-d07030ecbd7f.png,1
f7d0e9c2-68d8-4742-9ce6-1ac3d250cb35.png,1
f7f3e746-b2d6-47e8-87fd-e7d9db9b1836.png,1
f8153745-24f3-43d5-8684-209b59fcddfe.png,1
f8377b25-0c03-4615-b18d-f0131b80b3d4.png,1
f854d6cf-8297-4894-80fe-90f9a11d0cb0.png,1
f86a02d1-4ee2-4578-b001-a03952254643.png,1
f87332a3-9e9b-4405-bcb2-d52652adbaba.png,1
f87e319e-34e7-4d47-893f-8a004ffcb94f.png,1
f8850ac3-bde9-473c-aca8-095f16193071.png,1
f88e605a-a637-4df6-a153-5c51bb304a73.png,1
f89cdd03-5ea2-4e80-98fb-1d2e57686638.png,1
f8a015d6-f7e6-4dd6-8984-6db9ae4c556b.png,1
f8b2aff8-bcb0-4a58-a3e6-7c52e2334032.png,1
f8cadc7e-6554-4967-89f3-d22e7bce757b.png,1
f919d3cb-dc68-46b6-8c29-2d3914fbaec0.png,1
f9230537-bb87-4de7-90f1-73bc730d4b3b.png,1
f92793eb-6396-4597-ad39-2cc6e8eff84b.png,1
f92ddac9-aba6-4607-ba72-6ab7e8776fef.png,1
f93e4397-1773-4858-8e5d-a449c11a36db.png,1
f9405a63-3a1b-4cc5-8f00-7b0a81c36a71.png,1
f9471bff-686b-4d20-932b-bb0c76c8b77f.png,1
f9538c72-0f7b-45e3-98a8-de3e4434fe4d.png,1
f957afbf-fa78-47a0-942c-17b2f5262fc9.png,1
f961ffa3-2df5-48ce-854a-1440df7f7a6e.png,1
f9651c64-a88f-46fd-9ca1-63a55f50873c.png,1
f966c01e-ee55-4544-a700-032f9d538a2b.png,1
f9715e1e-5d0f-4616-9bb4-c98e105acab1.png,1
f979069d-6915-4f84-9b97-345f35ad2083.png,1
f9883384-de94-4687-8c57-69d2e4a37c82.png,1
f99c02a3-1731-4d3b-80c2-fc0cf713787e.png,1
f9a3c734-1483-4385-ab4f-e45853f3f00e.png,1
f9a49f40-36ba-4993-976c-116c12cf166f.png,1
f9a571b8-65a5-463c-8ee7-db2f3728f5d2.png,1
f9a66a3b-9e7c-43b2-9b52-312778377251.png,1
f9b9a4ee-49bd-4054-9a60-03c771aac376.png,1
f9bf7579-e589-4953-bd68-d92f44f0aa95.png,1
f9c26b15-b775-437a-8a40-0850794f23bb.png,1
f9c4f02b-52b5-4f36-96d7-b706d678d9b9.png,1
f9c99896-bcb6-45b4-9128-528f695e3628.png,1
f9ccffe6-0f7b-43d7-9962-84888673fb57.png,1
f9cddf36-c6d7-4936-87b3-e307a77dbbf2.png,1
fa2492de-0260-45e3-9491-a0eaed9658a0.png,1
fa2e48d0-4326-48e9-bb10-9ee2d6600f9e.png,1
fa42a65d-581e-44bf-a8de-b89e9a6c17fb.png,1
fa493720-2b2a-456e-a8a8-6ba60e90fb8b.png,1
fa68dbe4-1da4-48f3-b88d-bc0f8a6d0af9.png,1
fa8ea2ce-097a-4e42-8f9b-c3d0603484f1.png,1
fa8f46e9-4e03-49b8-92c5-3432a300cb7e.png,1
faa4d458-b94d-46a4-8fea-c2f9ca5a70e9.png,1
faa89d54-2079-4711-9d65-1c9aa3f58f3f.png,1
fad80315-158c-4399-b3b2-bee20c35863d.png,1
fafb820f-cd7f-4a19-a24f-f294e69a0f87.png,1
fb06bc98-4c80-4b67-94d2-b9e20e168f3c.png,1
fb10f71b-fd9d-43cc-a310-c5b48b7d22c8.png,1
fb56f2c9-8f6c-43ec-bf15-ddc3abcfbe0a.png,1
fb771e55-ad38-4f26-8eee-30573851bc48.png,1
fb8167ad-76f8-4f75-a422-90304c82f9d7.png,1
fba0309a-edbe-4d97-b806-f6fe8460ced3.png,1
fba69c73-b836-4af1-8c84-4526ee8fdde3.png,1
fbab1671-b256-4cc5-9219-79fb47ef75c5.png,1
fbb1a00f-e687-4f08-a085-94ba2a3ff0ec.png,1
fbbd0b3f-2305-450b-950f-0f88754ebd94.png,1
fbd80ae9-ddf4-414f-a6ab-77da639c33c1.png,1
fbde1e4d-650b-4ac5-8921-65510589656c.png,1
fbea2dbf-3828-4b0b-a8cf-e1a1e513851b.png,1
fc0912c2-0cfc-420e-8c77-0fae34451d7e.png,1
fc1fd5c7-a3cb-4073-96e2-71bd0ebd698c.png,1
fc3759df-79a4-41f1-a461-a2d12f09f489.png,1
fc412463-62af-401b-aa44-3caef9de2352.png,1
fc6f309f-f4b2-45af-bfee-c756cabdd3c1.png,1
fc7276ad-47d1-451e-bf68-c4e2db43b6a5.png,1
fc753cd9-e419-4baa-8233-008548b8aa3a.png,1
fc9c1884-617f-4a89-be08-0af7d6fc2cca.png,1
fcb06a43-8652-4bbf-bdf8-bb961137302a.png,1
fcb9ac7c-e587-48e2-932d-ce270d6d66b8.png,1
fcd6452c-680d-40a6-9fc6-1793eb3ca0a8.png,1
fce56107-c115-4cb6-b340-19f87b757035.png,1
fcf5cd90-1a5d-4e45-925e-ff82dcbdc0ad.png,1
fd147f16-7eeb-474f-98df-c3b0c39c163c.png,1
fd2af0f9-4bfa-4f2a-87c4-4ba774e2fcec.png,1
fd301529-5fda-4251-b01d-b879cdc0bbe5.png,1
fd358431-c2ec-4b19-a689-b2fd369d84e1.png,1
fd43dbd5-4dcb-4b62-ae2a-e991a703b48d.png,1
fd45f813-2237-4639-b340-2e1b97737da6.png,1
fd5cc454-f85b-464d-a04f-09d46a86d200.png,1
fd676e0b-14e6-40d4-8c4a-85d028559ad1.png,1
fd72c1b0-9525-4bcc-b70e-15e1755c1b7a.png,1
fd8de63f-e006-4e20-a937-9ecbde6e31e9.png,1
fdc8b07c-8c97-4022-ac84-347f8072f07a.png,1
fdd20e4d-879e-4ff9-bc4e-8ec4184cfff9.png,1
fde7bf44-9cb7-4506-9738-5774d4547f6f.png,1
fde83ad1-3d9e-4a66-8f10-bb6ead510d52.png,1
fde9b6e5-382b-4fec-8406-70a279a4b696.png,1
fdf8ddd5-3794-4387-9051-6647f1952b36.png,1
fdfc11cc-75d9-4ab7-a40c-e3576cec8883.png,1
fdfce1ff-203e-4b23-a360-3803558a7f7a.png,1
fe1289af-87c8-49c6-800c-1e87b2296df8.png,1
fe16b6d8-add2-4d0d-b052-96b1986b67e0.png,1
fe230f92-780f-4918-a553-19c210bad853.png,1
fe272c75-9f89-4733-a7b7-a0965bc30b53.png,1
fe2bc588-c737-464b-ad90-ed4e76f6c2ce.png,1
fe2e6108-895f-4469-8712-7965544dd47c.png,1
fe539da9-f41c-404f-bf48-cc20a30a201b.png,1
fe5e5a88-1f1d-4abf-9a40-03517c3260ba.png,1
fe71c437-e46b-406c-8870-3b2298fc7d3a.png,1
fe79ab03-4727-45c9-9c42-813f2b34f111.png,1
fe7f6d2d-9ee1-4e1d-ac8c-bad8d2c4317b.png,1
fe83e190-f2d6-4998-9f82-b1ccd5bcb863.png,1
fe972a3f-d91e-4e70-a02d-49ae29f0b188.png,1
fea6191a-f4d4-4cc6-8bf7-5e81bd097209.png,1
fea6e37a-41c3-45ce-9b27-6f1bed1bc7f4.png,1
feb8dd3e-ecfc-493f-9094-00331a043c7c.png,1
fee03015-e202-4e2e-b72e-2a72f0052fc6.png,1
fef7b294-017c-4491-9e57-119086855785.png,1
ff273673-5610-47a1-8991-6f896eeefc2d.png,1
ff3258f3-2c66-40cf-9d5d-fe77f8036fa6.png,1
ff33da14-0bd6-4fe4-9675-ef704bc33b84.png,1
ff40a703-b1db-48d5-a176-0b50763f9a0a.png,1
ff9d37d1-3660-4187-8f57-d31f9c91a3fd.png,1
ffa424d2-6e6b-4eed-93ab-7551e8941215.png,1
ffae40ab-fcfe-4311-a74a-89f605dba48b.png,1
ffd787b6-59ca-48cb-bd15-bcedd52cf37c.png,1
fff0b503-72a5-446a-843d-f3d152e39053.png,1
fffb2395-8edd-4954-8a89-ffe2fd329be3.png,1
000db696-cf54-4385-b10b-6b16fbb3f985.png,1
000fe35a-2649-43d4-b027-e67796d412e0.png,1
001031d9-f904-4a23-b3e5-2c088acd19c6.png,1
001916b8-3d30-4935-a5d1-8eaddb1646cd.png,1
0022073f-cec8-42ec-ab5f-bc2314649235.png,1
002cb550-2e31-42f1-a29d-fbc279977e71.png,1
0087bd3a-55a7-4045-b111-b018fa52d361.png,1
00a05408-8291-4231-886e-13763e103161.png,1
00eeb3c9-a892-4fac-a67a-aaa6cc7ffd5c.png,1
0101174b-6643-4d4e-b4ba-b6d41d0ce46a.png,1
018951e6-9fb3-4e92-8ce7-e3a018daf93f.png,1
0232c2b8-f7ac-4f42-84be-510ccb7cf351.png,1
02363fdb-4cd0-4631-b3d8-7a10fddffa28.png,1
02475a31-ed48-4ff3-b401-5d74694bff8d.png,1
025d196b-cfa4-44a5-9e31-0f73dc3b318f.png,1
02743848-e50a-4faf-a3f4-a6215613a23d.png,1
02b7b018-0fed-44c2-a9c2-93b2b3952efc.png,1
02cfa7d1-61e0-4d9e-8664-9a7469ccab76.png,1
031d627f-e6af-4588-8cca-6be8aa1222c7.png,1
0361ea80-0215-4bbe-9bca-908ea7c4f8b6.png,1
03a512bc-1162-404e-8c71-dc9e0dc7258f.png,1
03cf6091-89c8-4ea2-a3d5-7ce26cc422cb.png,1
03d5bd1e-47f5-43cd-a94a-6ed6e456646f.png,1
03e4827c-7338-4de3-9ac6-8831ba5637e9.png,1
03f8bb03-eb04-4365-ac4d-d63d2b5d49cc.png,1
0409b97f-7673-42e2-9943-0656c6aaca69.png,1
0428e86e-a279-4bdf-9b73-c9eead06a4e7.png,1
0444a527-72cf-4bc9-b17f-100cf7acc889.png,1
0488a028-fb77-46e1-85fb-f0b86cf57fee.png,1
04c08d05-e5f7-4de3-b0b3-d39b3bb9d113.png,1
04ce0574-5d18-4661-973f-7bfbb0707a1c.png,1
04e6f392-a196-447f-9b75-f5af995a36d0.png,1
04e9f692-f3d6-496b-ae0c-905137cc1f84.png,1
04f9bcc7-8886-4e1a-a938-122d3a065e12.png,1
051c2709-fbbf-408f-aa19-c869e16a79e2.png,1
05212f46-32b5-4350-812b-2bab7509d93f.png,1
05333c60-bee9-4c69-adc6-fc9de52e8cdb.png,1
05632b7f-f4c5-4d67-aa93-8f3c04eb7937.png,1
0567d70b-5a94-4363-a162-7207ffaff023.png,1
0572881e-d1dd-4757-a54e-b240b30da946.png,1
05744f1d-2fa5-41ce-85d3-3df6a7302064.png,1
05b22cd6-c876-4360-8361-92845c6de8ba.png,1
05b2d676-777a-4a4d-82ab-bf3f5f9b4d60.png,1
0d1b742e-71fb-4eaa-88eb-b70e403ee565.png,1
0d45f420-10d0-41a2-9b87-f5ea81c28599.png,1
0d4cb628-fdfd-4a4f-838d-9054ed99cc9e.png,1
0da8c767-77b7-4c69-98d4-2c5c91b9affc.png,1
0e08846c-ab58-48d1-9919-f5ea1f47d032.png,1
0e0df6e1-1a66-4122-a14b-7a4cd106421f.png,1
0e4f5b45-1fa4-406b-8ed8-d5ced6374c0d.png,1
0e533087-5959-46e5-9fa5-95761a7d472f.png,1
0e7d10d2-e99f-4e30-826c-2d0a18edbc74.png,1
0edcf2dd-71fe-4108-9303-24d51b4faf72.png,1
0f0bc2f0-761b-4d4e-a0ae-a6f5a628ab1c.png,1
0f1a4a99-3a8a-4d4b-be2c-8a003274ed53.png,1
0f1ca6cb-02e3-43ed-87ce-9619095fa14b.png,1
0f510183-11b0-4356-b8ae-24ac9e3814c4.png,1
0f6ed027-8700-43ff-a4a6-a8211cbbbb02.png,1
0fc4edec-08ea-4cd4-bf21-a6319ef0b44d.png,1
0fcd1318-e6ae-4d14-b466-769128285665.png,1
0fda72a2-f383-4f69-af8e-e16a0fbac621.png,1
0ff5bf5b-6af7-4537-90d0-1c47058d0627.png,1
100fb3d8-99c5-4723-9385-11b236f9aae4.png,1
103451bb-1f8c-4209-abce-0be7e9a6c8fb.png,1
106e39b9-9ca8-4437-b7f9-f114fd3aec61.png,1
107f84d9-65b3-4a11-9c8d-921a5bed5b2f.png,1
108eeb60-7701-4796-86a8-1447fd8a0ff7.png,1
10f2cb81-ad90-4857-a2f7-18e7d8f66907.png,1
112bbb1f-9e2a-4421-b276-39868ef35904.png,1
115bf7b6-065a-46eb-bd14-f4afbc8384f3.png,1
11a355bd-9544-4211-bfa8-451777c1d3c2.png,1
11a4ad3f-7899-4c3c-a88d-f1c799ec04df.png,1
11e0e617-cc49-478e-bcba-209866654fde.png,1
11e431ff-c6b8-45f1-9635-a055fbc90111.png,1
11fcbe52-87f7-4074-85ac-153d5f255e35.png,1
11ff35a5-51dc-41d7-afe1-588ff59cbc4b.png,1
120fd100-b447-4ec9-b4fe-3cdd3f0496e9.png,1
129a1251-95cf-4663-91ad-4e58bc0b2d08.png,1
12c0fe21-2770-49eb-8aa1-c4aca13c1712.png,1
12ee00f1-d4ea-4546-a07c-d43280aca538.png,1
12fd0651-0275-4d15-8868-35ba85ea70f0.png,1
131cd368-4db7-4883-9408-47da2b59650a.png,1
131dd766-23cb-43e2-9653-13033d70765c.png,1
1328013e-dca0-497b-9523-072bc6b23e17.png,1
133a1f56-1ab0-4df7-8e1b-4a6293934f3a.png,1
1352a7f3-1f0d-4f1f-af05-daa5d7f8624a.png,1
13990031-9dbf-4e03-9505-0f9120bdb166.png,1
13aa11f7-b15f-47d4-94c1-4ded9bc8ab16.png,1
13bf28d4-fa19-4ba0-966a-938f676d6d04.png,1
13fce2c5-6834-485f-8280-c3b0c1b952b5.png,1
1462ffd1-939b-49b7-9234-eeeb7f4986cc.png,1
1497c967-d7c7-4c43-abd0-66a71e68e66f.png,1
14a42065-b678-4720-805e-7540d232df8c.png,1
14b2868e-e0fc-40f2-a54e-609bf24da493.png,1
14cc479c-1385-46a1-9559-638c7da6f02d.png,1
14df3d5a-f3fd-4a64-ae75-5a9610575e11.png,1
14f630ba-5e88-4944-9040-9861c91dc362.png,1
14fb269f-0b01-43c0-ac49-74f8394a6353.png,1
1505f53a-4da5-416e-a279-66849672051c.png,1
153d2c23-546a-4fc4-93bc-7873e24d50fa.png,1
15427579-e055-4f31-a2ac-f92da3855bcb.png,1
19a2b39a-60ac-4412-8e17-c69d1336538e.png,1
19a62d7a-3d7d-4b5b-8dca-3247af94f339.png,1
19add6b5-7856-415a-9a44-e2bfda767339.png,1
19b1f7ba-bd40-4e8d-813d-da977b2306b3.png,1
19b43d5f-840f-4eb7-b34d-e36868ee7af8.png,1
19f688c5-33bc-4fa3-ae34-7cf1fbd06eb5.png,1
1a007e73-2048-4948-a4c0-ef745246bc76.png,1
1a04f083-d880-4493-87be-68521bc197c1.png,1
1a062886-29be-4120-92f3-5c1c8a951959.png,1
1a2b6a01-88f6-4907-adef-f396a00a15b4.png,1
1a2cef8e-99cb-43cc-b9b5-65fe5104037f.png,1
1a2dc891-713d-4253-ad19-a1e7910ee2eb.png,1
1a32542e-bc47-4703-82a7-d88bedc8c07d.png,1
1a42aa5f-54c6-4ada-b381-cdf65cfc69b1.png,1
1a9c2e64-7cbd-480c-9598-9de93b69d6b2.png,1
1ab17a65-3c93-467b-9c36-6a27d67f0cbc.png,1
1ac5f0e8-f431-4400-b3f5-4a2224e540b2.png,1
1accb591-63ca-462d-8bd8-83be3cb91df2.png,1
1ae12f84-02bb-426f-84b1-81a6c552ce4e.png,1
1aeb19e3-7365-4d66-afef-5157a3aca280.png,1
1b0b9b81-dc8b-4b22-aaea-1a985009a522.png,1
1b26e086-834d-49ec-b0fc-d2fafccb4aa6.png,1
1b2fcebf-3743-40ef-92e7-e0802c77a5c2.png,1
1b4d9ebb-644e-4602-ad36-d83cf7415be6.png,1
1b57f09b-5884-48b6-b7b5-2b3a323280b7.png,1
1b7f9ebf-bd1c-4195-9186-d6adb65945ee.png,1
1b874f35-21ac-4e21-a292-c96165ad870b.png,1
1b9d9477-b479-46bc-890a-663fad2e3358.png,1
1bc755ca-d22a-4a4f-9eb7-acc2e2b45b44.png,1
1bed7fb4-bb3f-4be4-a5be-4ca7f34312a5.png,1
1c049d3b-394b-47d6-9b54-405d46db1ad7.png,1
1c184066-163f-4941-9794-43e8ca7fe77b.png,1
1c187dbf-3fa4-4a39-914a-39994b76d4c5.png,1
1c2fbe4f-6785-420d-a7ef-d81b84ff45ec.png,1
1c5435c1-431c-4815-a50e-6c20dc2d929e.png,1
1c63da74-f68a-498d-a4b8-fc637227a4fa.png,1
1c7c7be7-497e-4751-89e4-09d4209a8e2a.png,1
1c807df9-7cf0-4f02-bb16-7ad88384ef2e.png,1
1c98cf85-1e50-4def-a8e7-6749808339ff.png,1
1caa4dac-4bac-419b-91d4-cac2d8408ccd.png,1
1caf1ab4-68ee-4b55-ba89-1c3f3bee1435.png,1
1cee8f22-8603-49a8-a69c-ea807158db1b.png,1
1d1c51b5-1cc9-4d0c-8073-5f1cfd598f76.png,1
1d247b6c-0687-40bf-839e-fd30e01c585d.png,1
1dbc0249-4761-4b19-9872-de59673942da.png,1
1dfee324-e504-49da-bfb8-5f3e5c2eda88.png,1
1e1c3b02-27fa-42a2-b51b-f46378e09fde.png,1
1e57ff83-f0cb-4f2a-b8c5-f916ccd0e2c0.png,1
1e6c28f1-f8d3-4d49-bb82-0cc8709a86f1.png,1
1e70a641-8faa-4436-a075-8193b3b541e1.png,1
1e919d0a-d02e-424b-abf4-6bbf4f6f9ad3.png,1
1eef9264-e6e3-41ba-b5fa-6a2ab638a7c9.png,1
1f458170-a4e7-447f-a157-2b44e85f1e6c.png,1
1f4741e6-a0ae-41b2-8b70-bf7e927f1b13.png,1
1f493e1f-cd9f-455a-8b22-c77d042d6ac2.png,1
1f7a3519-99e6-4466-9859-5e628bebff73.png,1
1f89239e-8271-4c33-abbc-7c018723b4c4.png,1
1fd15b31-7b21-483d-bbef-e9893d6a051b.png,1
1fd8e4db-3283-44a1-a591-6e3e49f248ab.png,1
1ffee791-10f6-4b8f-bfcd-35220e8e0003.png,1
2017d9e5-6f8b-42f0-97e1-ac5d29f9de60.png,1
20199da8-1cc3-429a-90d5-95242e065fe4.png,1
201fe232-cebb-4e8d-ab9a-f41f03bd676a.png,1
2037f6cd-d91f-47b9-ad6b-13a629090fdd.png,1
203b7f39-41eb-4b06-ae00-387fbfa45dd8.png,1
2050fb88-70cb-40db-810d-038337613147.png,1
205f5b04-b42a-4890-af36-0ed2de7a56a1.png,1
209147a3-a77b-4b6f-b2be-b74e38355bcf.png,1
20d3f1cf-6f6b-4119-8008-bc5c6e105464.png,1
216ef465-167c-495f-b1ad-8218b65338ea.png,1
2178c094-b206-4fe5-a9ef-d84540996b89.png,1
21909788-6009-48a7-80c2-8ee149b18251.png,1
219334b4-6696-4b41-90bd-0c56878ccbe6.png,1
21b97415-1275-4483-9705-af9174fc2b4f.png,1
220e0278-363d-431b-8094-1e28085ddb0f.png,1
229c584f-7174-4fcf-b740-7127cbf53525.png,1
22ce653c-e7f4-45d5-9c5e-4abdc753b1b0.png,1
22ff9ca2-6b24-422a-b8da-6f986a870077.png,1
232f6bcd-2006-459a-9b30-b51beea28044.png,1
235bb572-948f-446f-a7d6-40803f4dbb8c.png,1
23815776-6d93-4835-867a-1b251b10b1d3.png,1
23997b8b-5726-4b2d-bd45-b15fc1c4c2af.png,1
239b10e6-a859-447b-8496-eca7b6c8a356.png,1
239e9d1c-e5c1-4798-a6ba-64fd64e7c486.png,1
23aa6468-59f9-4ace-b656-9fea8d64764a.png,1
23ab8dcb-0331-42b0-8058-45676e48675e.png,1
23ae7f52-f3be-4b6f-ba8f-ac2a72f433fc.png,1
23b10103-d1f2-4180-896a-efde9c4ad10a.png,1
23ca0450-4138-4e7a-9489-0f5b6a91031d.png,1
23f653b7-5388-4213-98c6-418aa9eb980d.png,1
2411eac7-f0b6-4eb8-82ec-d5f1487bdebf.png,1
242a6f0b-fc6e-42e6-84c9-f74e3d33372b.png,1
244ce2a0-21d8-4f75-a118-dd5a51658bc7.png,1
2456fcb4-82bd-4fa9-8ef2-8e1250c3ff50.png,1
245d1104-6524-4d44-ace9-e54f0645a46e.png,1
24cb4fd3-7f4b-4bc7-a9c1-24be6c6e09de.png,1
25300d70-86f1-4be6-83a9-f6ae31a0b451.png,1
25465a29-78c4-44cf-984d-b3b9477f2de2.png,1
254d15d9-dfc5-42a2-b2d6-f208527d6396.png,1
254f04d1-d24e-43bc-a00d-8f7140c222fb.png,1
2554df23-d5d3-4ffc-86c7-952a535998fc.png,1
25957b99-212d-48d2-aef4-ca816f211f0e.png,1
25b15466-0151-43e1-b52a-830905c853d4.png,1
25ba8a50-bc9a-4ca8-81c3-9f635f52243b.png,1
25c7d4f1-d16e-4fba-9155-8f79a396aa81.png,1
25d34f4c-7ebe-4fb7-a609-f0d98f5b06c5.png,1
25e49cde-cdd9-47ba-9e3c-bc8406433240.png,1
26408db2-e7f0-47de-96d8-5aa9c2b47153.png,1
2673d0ba-ab94-4aac-8a9f-1599818c2c12.png,1
267daad6-b373-4a1a-94b5-c2dc02f506f6.png,1
26a1ecf7-b0ce-43a6-9893-14e8fb0e4704.png,1
26aa5215-a443-459f-9aeb-976e65c11261.png,1
26ae031c-b211-45f4-ac4d-b2983db93aa6.png,1
26b60f11-48d9-488a-a664-addcdea55ec3.png,1
26df5099-c051-41e9-929d-99b6f1684815.png,1
26f62d1f-5b9f-4eed-af49-d6a48e8ff3f7.png,1
270d287b-5f32-469d-9f88-f4a87f27ef47.png,1
274f1a78-5887-4694-8fd6-a1847d9bc486.png,1
276e7c3c-7875-41ce-93e6-0d1834a403a0.png,1
27bdb2cc-9665-40ea-a6b4-248a1112dbe8.png,1
27ee75df-d2e3-40c0-994f-3efd14e6dafb.png,1
27fa7496-e222-4016-8d1a-5a8dd4db52ed.png,1
285e0dd4-4f19-47ab-9ce0-6b02c1396f29.png,1
28684a2f-1e6f-4431-969a-2f9cf574e7ba.png,1
28775c77-80e8-4f8c-be85-7a44162b5c28.png,1
28a2d8aa-9e29-48d4-b1e3-029e3451ce0b.png,1
28ba0617-0cac-4198-8b8a-c35fde545ace.png,1
28c94c54-4279-431a-b329-c69104ee0d38.png,1
28dfbd38-b24a-4cfb-a355-34c226dd2aa2.png,1
28fa453d-027a-4569-9e22-7814e7b74f43.png,1
29000617-ac33-40a4-ac5c-19fb586edb69.png,1
290e32e9-3632-4642-a1d4-70c975d376b7.png,1
29128fda-79ce-4a14-bbf9-9884422075d0.png,1
292a1c21-012d-4039-b95e-02524e82bce1.png,1
293f4b7b-3a6e-44a6-b9d2-810b139094cf.png,1
29bc3aa5-938c-4afe-8a7b-50ebd2cb5621.png,1
29cfef18-40c3-489f-adcf-05bd93765b9d.png,1
2a9035ed-ec09-404d-adc3-d37688adf50a.png,1
2ac47932-d7e2-4ac2-a7c6-6a9be0c4abcd.png,1
2ae3e7ba-a0fe-4f0a-96db-d337714aa657.png,1
2af2646f-3cc0-4ef2-a9e4-0beea36f335a.png,1
2afaf9b4-664c-4c87-b9f5-4e411789da5d.png,1
2b4c09a2-c8d7-4773-84e3-f1aa664fba9a.png,1
2b55eeed-3408-46fd-9e18-d7c5295a92b2.png,1
2b885980-3f3c-452f-9ca6-af215dbfe61c.png,1
2ba20b8b-50aa-477d-8f39-ded35b460696.png,1
2bb1db95-73ad-46b0-8567-8a03d9a83def.png,1
2bd2356b-305a-4726-9a47-034da8f5f2ee.png,1
2bd2f688-6bed-4f0c-a385-9eed1b1027de.png,1
2bdfab0d-4192-4a7f-a366-587c379ecdba.png,1
2bf8a7ed-b4a5-4ea1-b8e8-cadc7f7adf2d.png,1
2c376b9a-167a-43d3-bcc2-b4af32fb9f74.png,1
2c575dd0-1a23-40d1-a0b6-da6d9c2556ae.png,1
2c7411ab-ce18-469d-868f-de850cafa9ba.png,1
2c781913-5f24-4b0e-959c-6b7385c6fce0.png,1
2c9a388f-0042-4b88-b52b-ea0b21fb7960.png,1
2cc72d62-1144-4fe9-a4ab-da083ad11392.png,1
2cce4f3d-ad2a-4021-b46a-3f34015600e5.png,1
2cd0cbc4-bf35-49de-963e-8ee3fd08ca75.png,1
2ce34f96-40b4-4d2a-b6a1-c7e21e6db8a1.png,1
2cfbc16c-f1e4-4ed2-b9eb-4d0c40b90800.png,1
2d0ebb7e-9c57-4a78-9728-e79b0f2bc91c.png,1
2d370cb1-791e-407e-9408-9156664de6b6.png,1
2d519447-4bcf-42ad-bb28-cf051b649fff.png,1
2db5d817-4f4c-4773-afa0-ed3cdb3a5035.png,1
2dd692a5-a60c-443e-8299-af5d03949b60.png,1
2e02f4ce-3130-42b9-af78-997942bc4f38.png,1
2e1956e1-8430-48d7-9888-910934acd22b.png,1
2e3363a0-19d9-47d7-b7e5-d2142da1b9fa.png,1
2ef4cfe7-bbc1-4ce2-ba1e-6df54a94252c.png,1
2f200e3f-8e4c-4675-948c-8226cd65163a.png,1
2f42fe81-bd2a-4b14-966b-589873d13663.png,1
2f51b8c1-32f8-4df8-af1e-d32c8dddad6f.png,1
2f55c07d-beb7-4b5f-9e9d-18d4fed5ae27.png,1
2f6374c9-baec-4236-acb4-a3815dc8243a.png,1
2f686840-18b3-45ac-a2bb-6140e3b0ac73.png,1
2f9c1b97-74a7-4781-bad3-c46cc08c69c8.png,1
2fa75092-e364-4326-b5b0-f1d61df464c8.png,1
2fa8e28a-dce6-4c68-8bb6-b2537476577d.png,1
2fc6c353-a51d-4eb7-ae51-d971f12a38d9.png,1
30181ed4-6337-47e1-89b7-9dfe63c95131.png,1
303390de-3812-4aae-893f-3f18897a6c21.png,1
30363e8f-2955-4a45-b6e5-8e7146d6c243.png,1
3036ca10-8d42-4749-81e2-8ed235a6a567.png,1
3041969c-8db3-448c-98fd-10ff11dd59d4.png,1
3066b0e3-9a51-4628-bc5f-82dc78c9d558.png,1
308cf5b6-fcaf-4673-bc75-737b8d67b889.png,1
308e8db6-f833-45b2-adb7-0f019ff96135.png,1
30d44656-0af9-4870-b43c-f83de6cd8f2e.png,1
30f2c879-2104-45e4-acbd-6284f7a62d35.png,1
311a559e-bed5-478a-94f5-c1bcf1df939a.png,1
bfea966c-f72f-42f7-9712-9cf77b66bad6.png,1
bfefcd13-122d-4c6f-8f4f-5c53417165db.png,1
bffde351-7ccf-49cd-aa8b-893c7d359e29.png,1
c02e993c-7642-4d8a-aace-988c416ec09a.png,1
c033f66d-900e-4ba3-8da4-a6823ea89d09.png,1
c04f9256-7358-42ef-b843-19dbf64ef287.png,1
c059ced8-e99a-4fff-a734-b01cae2491bb.png,1
c0608b6d-a375-4cda-8133-b5ec73217435.png,1
c0654897-6bfe-4b7c-abd3-dda76d0fcac2.png,1
c068a37d-3fe7-4a26-bb74-575ea6be194d.png,1
c08f10a9-1c81-4c81-b411-a53c7b51f20b.png,1
c09b4889-d8d1-4690-806e-dfada1f79e0b.png,1
c102bfc2-601d-4275-b986-d928bf170ef9.png,1
c106ddba-42f7-440c-9ba9-f3fa6692f06f.png,1
c1273696-fdec-48a9-988c-74e57b6323fa.png,1
c12aafdd-4d21-4cd3-a2ae-007bce2e2fc0.png,1
c1415e26-fddf-4a0c-a7eb-7b9a0d9e9983.png,1
c145df8e-9631-468d-af7f-5690c11c2c88.png,1
c14d9ceb-019f-45f6-9299-281b58de57df.png,1
c1628c47-5ba3-42dd-8df3-7ad3abd57ad0.png,1
c1cddf32-b957-4753-acaa-472ab1447e86.png,1
c1e73a4e-7afe-4ec5-8af6-ce8315d7a2f2.png,1
c1ec14ff-f6d7-4b38-b0cb-fe07041cbdc8.png,1
c1f7889a-9ea9-4acb-b64c-b737c929599a.png,1
