image,label
ISIC_0060310,2
ISIC_0066634,4
ISIC_0062616,1
ISIC_0053771,2
ISIC_0026895,4
ISIC_0058860,2
ISIC_0059686,0
ISIC_0025041,1
ISIC_0026803,4
ISIC_0065307,0
ISIC_0070489,0
ISIC_0030127,1
ISIC_0059546,2
ISIC_0062020,1
ISIC_0060567,4
ISIC_0057298,4
ISIC_0067074,1
ISIC_0070816,0
ISIC_0012512_downsampled,0
ISIC_0031896,1
ISIC_0072564,0
ISIC_0033636,0
ISIC_0066203,0
ISIC_0056374,2
ISIC_0070230,4
ISIC_0025005,4
ISIC_0061686,0
ISIC_0067648,1
ISIC_0065977,1
ISIC_0070775,4
ISIC_0012170_downsampled,4
ISIC_0029040,4
ISIC_0025968,1
ISIC_0026783,4
ISIC_0066777,4
ISIC_0063792,0
ISIC_0012136_downsampled,4
ISIC_0069487,4
ISIC_0057801,2
ISIC_0057028,1
ISIC_0027187,0
ISIC_0024999,0
ISIC_0032883,4
ISIC_0070463,0
ISIC_0061098,4
ISIC_0027203,1
ISIC_0068783,2
ISIC_0055161,0
ISIC_0033184,4
ISIC_0057127,4
ISIC_0034221,4
ISIC_0033585,1
ISIC_0067449,1
ISIC_0014647_downsampled,4
ISIC_0063033,2
ISIC_0063845,0
ISIC_0069675,4
ISIC_0065648,2
ISIC_0058050,0
ISIC_0053522,4
ISIC_0031206,1
ISIC_0061450,2
ISIC_0071384,2
ISIC_0033638,0
ISIC_0063311,4
ISIC_0055059,2
ISIC_0027318,1
ISIC_0065629,4
ISIC_0032718,0
ISIC_0014657_downsampled,1
ISIC_0069978,4
ISIC_0031945,4
ISIC_0071366,2
ISIC_0057916,2
ISIC_0072852,2
ISIC_0030316,4
ISIC_0025274,1
ISIC_0013497_downsampled,0
ISIC_0012299_downsampled,4
ISIC_0026665,1
ISIC_0014642_downsampled,4
ISIC_0011102,1
ISIC_0057574,2
ISIC_0031072,1
ISIC_0031263,2
ISIC_0070642,2
ISIC_0067611,4
ISIC_0065207,2
ISIC_0065195,0
ISIC_0028165,4
ISIC_0067338,1
ISIC_0025183,1
ISIC_0000166,0
ISIC_0060627,2
ISIC_0061438,2
ISIC_0034216,0
ISIC_0072380,0
ISIC_0028551,1
ISIC_0069799,2
ISIC_0061363,2
ISIC_0053960,0
ISIC_0029044,1
ISIC_0014249_downsampled,0
ISIC_0066666,0
ISIC_0071583,0
ISIC_0032869,0
ISIC_0026751,1
ISIC_0013713_downsampled,1
ISIC_0061158,0
ISIC_0066137,2
ISIC_0062105,2
ISIC_0027492,1
ISIC_0031753,4
ISIC_0010190,1
ISIC_0053660,0
ISIC_0054112,0
ISIC_0072433,2
ISIC_0069569,1
ISIC_0066952,0
ISIC_0033758,4
ISIC_0067674,2
ISIC_0016042_downsampled,1
ISIC_0072583,2
ISIC_0025064,4
ISIC_0054756,0
ISIC_0066046,4
ISIC_0065517,1
ISIC_0067620,4
ISIC_0013632_downsampled,4
ISIC_0024454,2
ISIC_0000418_downsampled,1
ISIC_0027355,4
ISIC_0066407,0
ISIC_0033862,1
ISIC_0058415,2
ISIC_0070236,2
ISIC_0055647,2
ISIC_0070227,0
ISIC_0029213,4
ISIC_0064810,4
ISIC_0033152,0
ISIC_0064354,2
ISIC_0033629,4
ISIC_0067487,0
ISIC_0031675,1
ISIC_0028124,4
ISIC_0062748,1
ISIC_0025971,2
ISIC_0058660,0
ISIC_0065344,4
ISIC_0062108,2
ISIC_0025391,0
ISIC_0058561,1
ISIC_0026161,1
ISIC_0032917,0
ISIC_0003559_downsampled,1
ISIC_0059914,2
ISIC_0059544,4
ISIC_0060560,4
ISIC_0031017,4
ISIC_0025360,1
ISIC_0026416,4
ISIC_0026814,1
ISIC_0068273,0
ISIC_0067341,2
ISIC_0025758,4
ISIC_0065525,0
ISIC_0058959,0
ISIC_0024473,1
ISIC_0071377,2
ISIC_0060927,2
ISIC_0030394,4
ISIC_0025434,4
ISIC_0032382,4
ISIC_0013986_downsampled,0
ISIC_0059755,2
ISIC_0032980,1
ISIC_0012400_downsampled,1
ISIC_0069620,0
ISIC_0058065,2
ISIC_0054527,0
ISIC_0029712,1
ISIC_0032053,1
ISIC_0003308_downsampled,1
ISIC_0068488,0
ISIC_0026500,0
ISIC_0053809,2
ISIC_0025829,1
ISIC_0063807,4
ISIC_0073194,0
ISIC_0067580,2
ISIC_0028113,2
ISIC_0062799,2
ISIC_0066238,2
ISIC_0033336,0
ISIC_0027194,4
ISIC_0064301,4
ISIC_0072450,2
ISIC_0069292,0
ISIC_0072058,4
ISIC_0072900,2
ISIC_0068957,2
ISIC_0012413_downsampled,1
ISIC_0068764,2
ISIC_0015260_downsampled,4
ISIC_0058656,1
ISIC_0069215,2
ISIC_0033856,0
ISIC_0066121,2
ISIC_0031812,4
ISIC_0029515,2
ISIC_0012273_downsampled,4
ISIC_0028670,2
ISIC_0032563,1
ISIC_0029193,2
ISIC_0068255,0
ISIC_0056259,2
ISIC_0067707,2
ISIC_0064424,2
ISIC_0053766,0
ISIC_0054353,2
ISIC_0072843,0
ISIC_0060639,4
ISIC_0056097,2
ISIC_0054158,2
ISIC_0059218,0
ISIC_0069179,0
ISIC_0032018,1
ISIC_0056900,0
ISIC_0065764,4
ISIC_0071960,2
ISIC_0069163,2
ISIC_0061589,4
ISIC_0056012,1
ISIC_0028491,1
ISIC_0067784,2
ISIC_0072642,0
ISIC_0062549,4
ISIC_0057901,2
ISIC_0032302,2
ISIC_0034280,4
ISIC_0064752,0
ISIC_0025469,1
ISIC_0063942,2
ISIC_0058135,0
ISIC_0027042,4
ISIC_0057473,2
ISIC_0029294,1
ISIC_0025693,4
ISIC_0029289,4
ISIC_0000045_downsampled,1
ISIC_0055627,4
ISIC_0029037,1
ISIC_0058252,2
ISIC_0072270,2
ISIC_0053849,4
ISIC_0068436,4
ISIC_0067411,4
ISIC_0054419,4
ISIC_0028913,4
ISIC_0058882,1
ISIC_0066119,2
ISIC_0027065,0
ISIC_0062686,0
ISIC_0060526,0
ISIC_0012957_downsampled,1
ISIC_0066126,4
ISIC_0000202_downsampled,1
ISIC_0062687,4
ISIC_0058196,0
ISIC_0060881,4
ISIC_0030932,0
ISIC_0063105,4
ISIC_0063373,0
ISIC_0060657,2
ISIC_0066449,2
ISIC_0000078_downsampled,0
ISIC_0063640,2
ISIC_0013393_downsampled,4
ISIC_0030965,4
ISIC_0009860_downsampled,1
ISIC_0031181,4
ISIC_0071847,4
ISIC_0013815_downsampled,0
ISIC_0029916,1
ISIC_0032567,4
ISIC_0071629,4
ISIC_0053968,4
ISIC_0067020,2
ISIC_0058927,4
ISIC_0062756,0
ISIC_0062333,1
ISIC_0032961,1
ISIC_0055783,0
ISIC_0027297,2
ISIC_0030977,1
ISIC_0033204,0
ISIC_0032804,4
ISIC_0068001,1
ISIC_0062355,2
ISIC_0012415_downsampled,4
ISIC_0055503,0
ISIC_0072099,0
ISIC_0069059,0
ISIC_0070687,2
ISIC_0028973,2
ISIC_0067139,0
ISIC_0032373,4
ISIC_0072835,2
ISIC_0059806,2
ISIC_0027076,0
ISIC_0059538,0
ISIC_0067845,0
ISIC_0000247,1
ISIC_0073155,2
ISIC_0070183,2
ISIC_0072878,1
ISIC_0024496,0
ISIC_0029683,4
ISIC_0031350,0
ISIC_0014616_downsampled,4
ISIC_0031234,1
ISIC_0067350,0
ISIC_0000299,0
ISIC_0032153,1
ISIC_0032212,1
ISIC_0010226,1
ISIC_0058770,0
ISIC_0066385,4
ISIC_0064266,0
ISIC_0053980,0
ISIC_0060683,2
ISIC_0029951,2
ISIC_0029093,1
ISIC_0064474,4
ISIC_0068461,2
ISIC_0033936,1
ISIC_0070589,4
ISIC_0059553,4
ISIC_0031290,1
ISIC_0031013,0
ISIC_0062850,0
ISIC_0062992,0
ISIC_0012448_downsampled,4
ISIC_0032936,0
ISIC_0054170,2
ISIC_0028207,1
ISIC_0070892,0
ISIC_0059668,0
ISIC_0067125,4
ISIC_0024850,4
ISIC_0026496,2
ISIC_0033514,1
ISIC_0033054,2
ISIC_0025345,4
ISIC_0010038,1
ISIC_0026258,0
ISIC_0028696,0
ISIC_0029686,1
ISIC_0067856,4
ISIC_0072434,2
ISIC_0068907,0
ISIC_0058155,2
ISIC_0061766,1
ISIC_0066355,0
ISIC_0030822,4
ISIC_0069971,2
ISIC_0011159,1
ISIC_0027514,1
ISIC_0062107,1
ISIC_0033980,0
ISIC_0061864,2
ISIC_0025787,1
ISIC_0013146_downsampled,4
ISIC_0033669,1
ISIC_0026982,1
ISIC_0031405,1
ISIC_0054682,1
ISIC_0033650,1
ISIC_0053671,0
ISIC_0033009,1
ISIC_0060665,0
ISIC_0068723,2
ISIC_0027552,0
ISIC_0073109,2
ISIC_0064162,2
ISIC_0032420,0
ISIC_0025135,1
ISIC_0030535,1
ISIC_0058964,2
ISIC_0027954,4
ISIC_0030750,1
ISIC_0064693,0
ISIC_0057211,0
ISIC_0063906,1
ISIC_0071568,0
ISIC_0031352,4
ISIC_0067538,1
ISIC_0057372,1
ISIC_0057417,0
ISIC_0055758,2
ISIC_0065090,1
ISIC_0031203,0
ISIC_0062424,4
ISIC_0061651,1
ISIC_0024702,0
ISIC_0063352,2
ISIC_0015939_downsampled,1
ISIC_0060937,0
ISIC_0072342,2
ISIC_0031453,1
ISIC_0063510,4
ISIC_0028995,4
ISIC_0066325,0
ISIC_0069705,0
ISIC_0029142,1
ISIC_0066960,2
ISIC_0014805_downsampled,1
ISIC_0073104,4
ISIC_0061416,4
ISIC_0069245,0
ISIC_0056263,0
ISIC_0015071_downsampled,0
ISIC_0027071,0
ISIC_0031723,1
ISIC_0070735,2
ISIC_0029726,0
ISIC_0033203,2
ISIC_0012772_downsampled,4
ISIC_0032806,0
ISIC_0010204,1
ISIC_0055289,0
ISIC_0063951,1
ISIC_0033482,4
ISIC_0058529,1
ISIC_0058278,2
ISIC_0054290,0
ISIC_0072537,1
ISIC_0030465,4
ISIC_0070619,4
ISIC_0033580,1
ISIC_0061056,2
ISIC_0066007,4
ISIC_0070466,2
ISIC_0073142,4
ISIC_0062601,2
ISIC_0063239,1
ISIC_0064109,2
ISIC_0024974,1
ISIC_0032732,4
ISIC_0064899,2
ISIC_0057199,0
ISIC_0014646_downsampled,4
ISIC_0053731,2
ISIC_0028211,0
ISIC_0069703,2
ISIC_0066206,2
ISIC_0033269,0
ISIC_0033834,0
ISIC_0061725,4
ISIC_0067273,4
ISIC_0073173,0
ISIC_0068954,2
ISIC_0063151,0
ISIC_0069476,2
ISIC_0014635_downsampled,4
ISIC_0064247,0
ISIC_0028467,0
ISIC_0013764_downsampled,4
ISIC_0028258,4
ISIC_0033529,4
ISIC_0033709,4
ISIC_0063742,0
ISIC_0060173,4
ISIC_0065856,2
ISIC_0063600,1
ISIC_0064452,2
ISIC_0056703,2
ISIC_0063171,2
ISIC_0056918,2
ISIC_0032042,1
ISIC_0060443,1
ISIC_0053649,2
ISIC_0025703,4
ISIC_0033924,4
ISIC_0025676,1
ISIC_0031640,2
ISIC_0060720,4
ISIC_0031912,1
ISIC_0012092_downsampled,1
ISIC_0014526_downsampled,4
ISIC_0064678,4
ISIC_0031216,1
ISIC_0071782,0
ISIC_0066989,4
ISIC_0072507,0
ISIC_0061049,0
ISIC_0054075,2
ISIC_0033061,0
ISIC_0058304,2
ISIC_0024849,1
ISIC_0058476,2
ISIC_0032159,4
ISIC_0059223,4
ISIC_0025212,1
ISIC_0065508,2
ISIC_0033007,1
ISIC_0013270_downsampled,4
ISIC_0014173_downsampled,0
ISIC_0025260,2
ISIC_0063111,2
ISIC_0073123,2
ISIC_0064310,2
ISIC_0062805,4
ISIC_0061625,0
ISIC_0014568_downsampled,4
ISIC_0062058,0
ISIC_0058169,2
ISIC_0015056_downsampled,1
ISIC_0014347_downsampled,0
ISIC_0053596,1
ISIC_0026012,1
ISIC_0070201,2
ISIC_0071603,2
ISIC_0065397,2
ISIC_0065031,2
ISIC_0064631,2
ISIC_0058392,2
ISIC_0054055,2
ISIC_0071652,1
ISIC_0032164,2
ISIC_0012455_downsampled,4
ISIC_0026517,1
ISIC_0030998,4
ISIC_0030446,2
ISIC_0061313,2
ISIC_0013808_downsampled,1
ISIC_0057175,2
ISIC_0026574,2
ISIC_0029115,4
ISIC_0073126,4
ISIC_0026816,1
ISIC_0030094,2
ISIC_0062228,2
ISIC_0065170,2
ISIC_0030149,1
ISIC_0028584,0
ISIC_0068758,2
ISIC_0071992,0
ISIC_0030927,1
ISIC_0033386,1
ISIC_0066525,2
ISIC_0060854,0
ISIC_0061235,4
ISIC_0067089,2
ISIC_0058509,4
ISIC_0025743,4
ISIC_0066569,2
ISIC_0025936,1
ISIC_0025036,1
ISIC_0027306,0
ISIC_0026298,4
ISIC_0025618,1
ISIC_0063677,2
ISIC_0059623,4
ISIC_0025086,4
ISIC_0065362,2
ISIC_0009937,1
ISIC_0072910,4
ISIC_0026754,0
ISIC_0065453,2
ISIC_0056226,0
ISIC_0030369,4
ISIC_0058852,2
ISIC_0068497,1
ISIC_0054400,1
ISIC_0032013,4
ISIC_0068143,0
ISIC_0055292,4
ISIC_0013063_downsampled,4
ISIC_0033560,0
ISIC_0063829,0
ISIC_0067913,4
ISIC_0014038_downsampled,4
ISIC_0029741,4
ISIC_0026941,4
ISIC_0033306,4
ISIC_0027735,4
ISIC_0027151,4
ISIC_0070614,0
ISIC_0053814,0
ISIC_0031218,4
ISIC_0059785,0
ISIC_0060282,4
ISIC_0055510,2
ISIC_0061291,1
ISIC_0030777,1
ISIC_0031529,0
ISIC_0000530,1
ISIC_0065892,4
ISIC_0029546,2
ISIC_0056193,4
ISIC_0070988,4
ISIC_0054632,4
ISIC_0064328,0
ISIC_0024792,0
ISIC_0014190_downsampled,0
ISIC_0028596,1
ISIC_0030580,1
ISIC_0030197,2
ISIC_0060896,2
ISIC_0068338,2
ISIC_0059312,1
ISIC_0013634_downsampled,0
ISIC_0058288,4
ISIC_0065332,1
ISIC_0062712,0
ISIC_0014062_downsampled,0
ISIC_0070744,2
ISIC_0033586,0
ISIC_0059992,0
ISIC_0054851,0
ISIC_0072772,2
ISIC_0028445,0
ISIC_0053757,2
ISIC_0002948_downsampled,1
ISIC_0071987,2
ISIC_0060972,0
ISIC_0065790,2
ISIC_0025976,1
ISIC_0028200,4
ISIC_0061571,2
ISIC_0073240,1
ISIC_0062764,2
ISIC_0056965,2
ISIC_0024637,1
ISIC_0030087,1
ISIC_0062683,2
ISIC_0068402,2
ISIC_0060859,2
ISIC_0066195,4
ISIC_0066450,4
ISIC_0029869,1
ISIC_0065264,1
ISIC_0024446,4
ISIC_0030440,0
ISIC_0068351,1
ISIC_0066166,2
ISIC_0066872,4
ISIC_0070088,2
ISIC_0033416,0
ISIC_0031133,4
ISIC_0069268,0
ISIC_0026044,4
ISIC_0027370,4
ISIC_0063025,2
ISIC_0012155_downsampled,4
ISIC_0000551,0
ISIC_0072658,4
ISIC_0014361_downsampled,0
ISIC_0010257,1
ISIC_0059922,2
ISIC_0073148,2
ISIC_0069742,2
ISIC_0011210,0
ISIC_0014818_downsampled,1
ISIC_0014952_downsampled,1
ISIC_0071831,4
ISIC_0066922,2
ISIC_0058794,0
ISIC_0066144,2
ISIC_0066164,2
ISIC_0030371,1
ISIC_0026831,2
ISIC_0061844,4
ISIC_0063183,4
ISIC_0059207,1
ISIC_0027870,1
ISIC_0056265,2
ISIC_0010011,0
ISIC_0057392,2
ISIC_0071869,0
ISIC_0002374_downsampled,1
ISIC_0015193_downsampled,0
ISIC_0066332,0
ISIC_0029182,1
ISIC_0060324,1
ISIC_0065805,2
ISIC_0069864,0
ISIC_0061870,0
ISIC_0029793,4
ISIC_0059987,0
ISIC_0026637,4
ISIC_0070831,2
ISIC_0053628,0
ISIC_0072406,2
ISIC_0014754_downsampled,1
ISIC_0064664,1
ISIC_0059323,4
ISIC_0012228_downsampled,1
ISIC_0058797,2
ISIC_0063338,2
ISIC_0059382,0
ISIC_0062016,0
ISIC_0024711,4
ISIC_0073220,1
ISIC_0031146,0
ISIC_0056063,0
ISIC_0062080,2
ISIC_0064968,2
ISIC_0061205,2
ISIC_0024687,1
ISIC_0068792,2
ISIC_0002353_downsampled,1
ISIC_0068553,1
ISIC_0015152_downsampled,1
ISIC_0025128,0
ISIC_0032442,1
ISIC_0031746,0
ISIC_0033037,0
ISIC_0071572,1
ISIC_0026045,0
ISIC_0012358_downsampled,4
ISIC_0063563,2
ISIC_0069840,2
ISIC_0056800,0
ISIC_0060020,2
ISIC_0058111,4
ISIC_0026016,4
ISIC_0055091,0
ISIC_0027218,4
ISIC_0072101,0
ISIC_0027894,1
ISIC_0033366,2
ISIC_0030378,1
ISIC_0067182,2
ISIC_0024799,2
ISIC_0033369,0
ISIC_0025603,0
ISIC_0031213,1
ISIC_0031083,1
ISIC_0031630,4
ISIC_0026337,2
ISIC_0065713,1
ISIC_0072776,2
ISIC_0033685,4
ISIC_0066878,0
ISIC_0068717,0
ISIC_0015976_downsampled,1
ISIC_0034031,4
ISIC_0068661,1
ISIC_0063514,2
ISIC_0028750,4
ISIC_0068832,2
ISIC_0033301,2
ISIC_0057853,2
ISIC_0055942,4
ISIC_0026489,0
ISIC_0063131,0
ISIC_0033761,4
ISIC_0061562,1
ISIC_0026978,2
ISIC_0070039,2
ISIC_0068365,4
ISIC_0065626,2
ISIC_0032450,0
ISIC_0056786,4
ISIC_0058627,1
ISIC_0033478,1
ISIC_0059771,2
ISIC_0053933,0
ISIC_0030620,1
ISIC_0000413_downsampled,0
ISIC_0070814,0
ISIC_0026794,4
ISIC_0030271,2
ISIC_0067264,2
ISIC_0055600,2
ISIC_0033613,4
ISIC_0014480_downsampled,0
ISIC_0057241,1
ISIC_0056811,1
ISIC_0055225,2
ISIC_0028994,2
ISIC_0060983,2
ISIC_0063984,2
ISIC_0069756,1
ISIC_0033333,0
ISIC_0067329,2
ISIC_0014573_downsampled,4
ISIC_0030760,0
ISIC_0055182,4
ISIC_0026714,4
ISIC_0024947,4
ISIC_0028404,4
ISIC_0013059_downsampled,4
ISIC_0031150,4
ISIC_0066478,2
ISIC_0062590,4
ISIC_0055703,2
ISIC_0069626,0
ISIC_0057338,0
ISIC_0065082,2
ISIC_0061892,4
ISIC_0027212,1
ISIC_0072048,2
ISIC_0053550,2
ISIC_0029640,1
ISIC_0064428,0
ISIC_0069014,2
ISIC_0029745,2
ISIC_0030636,4
ISIC_0014963_downsampled,0
ISIC_0053755,1
ISIC_0067002,1
ISIC_0061220,2
ISIC_0033612,0
ISIC_0028622,4
ISIC_0032433,0
ISIC_0033600,1
ISIC_0055184,1
ISIC_0070966,2
ISIC_0066340,2
ISIC_0072539,2
ISIC_0027967,4
ISIC_0071600,0
ISIC_0026278,1
ISIC_0014031_downsampled,4
ISIC_0025535,1
ISIC_0064489,1
ISIC_0056486,2
ISIC_0027162,4
ISIC_0057959,1
ISIC_0029323,2
ISIC_0031934,1
ISIC_0059753,1
ISIC_0066094,0
ISIC_0067458,0
ISIC_0024457,2
ISIC_0012210_downsampled,4
ISIC_0059366,2
ISIC_0053913,2
ISIC_0056406,0
ISIC_0071833,4
ISIC_0033361,4
ISIC_0000172,0
ISIC_0057879,4
ISIC_0071255,2
ISIC_0031000,4
ISIC_0033353,1
ISIC_0057474,2
ISIC_0067521,0
ISIC_0070355,2
ISIC_0069084,0
ISIC_0067319,1
ISIC_0067681,2
ISIC_0071305,1
ISIC_0013782_downsampled,4
ISIC_0070709,0
ISIC_0033788,1
ISIC_0073102,0
ISIC_0027289,1
ISIC_0013594_downsampled,0
ISIC_0063149,2
ISIC_0063986,1
ISIC_0065300,4
ISIC_0028336,4
ISIC_0067096,4
ISIC_0060638,0
ISIC_0029890,1
ISIC_0064106,4
ISIC_0031899,1
ISIC_0024984,2
ISIC_0033391,4
ISIC_0072653,0
ISIC_0059869,0
ISIC_0060439,2
ISIC_0014185_downsampled,1
ISIC_0027702,0
ISIC_0027166,1
ISIC_0064305,2
ISIC_0013438_downsampled,1
ISIC_0071133,0
ISIC_0027302,0
ISIC_0026706,1
ISIC_0010490,1
ISIC_0014595_downsampled,4
ISIC_0030915,2
ISIC_0062463,0
ISIC_0031557,0
ISIC_0034167,4
ISIC_0032810,0
ISIC_0000156_downsampled,0
ISIC_0025451,0
ISIC_0061738,2
ISIC_0031444,1
ISIC_0025470,4
ISIC_0014940_downsampled,1
ISIC_0063190,0
ISIC_0055462,0
ISIC_0059200,2
ISIC_0013636_downsampled,0
ISIC_0054329,0
ISIC_0072515,2
ISIC_0031378,2
ISIC_0029286,1
ISIC_0062395,2
ISIC_0063726,2
ISIC_0027556,1
ISIC_0063205,2
ISIC_0013828_downsampled,0
ISIC_0068357,1
ISIC_0000303,0
ISIC_0063872,0
ISIC_0061503,4
ISIC_0054704,1
ISIC_0014393_downsampled,4
ISIC_0025880,1
ISIC_0054445,0
ISIC_0063964,2
ISIC_0063076,4
ISIC_0071763,2
ISIC_0057482,0
ISIC_0065529,1
ISIC_0067529,2
ISIC_0030533,4
ISIC_0033400,4
ISIC_0071111,0
ISIC_0055973,4
ISIC_0058781,0
ISIC_0068777,2
ISIC_0070465,0
ISIC_0032456,4
ISIC_0067633,2
ISIC_0064975,2
ISIC_0060209,2
ISIC_0027780,4
ISIC_0030452,2
ISIC_0068853,1
ISIC_0024841,1
ISIC_0034142,4
ISIC_0014434_downsampled,0
ISIC_0062555,4
ISIC_0065406,1
ISIC_0054843,2
ISIC_0065879,2
ISIC_0028264,4
ISIC_0057932,1
ISIC_0054640,1
ISIC_0025797,1
ISIC_0026122,1
ISIC_0064734,2
ISIC_0063258,0
ISIC_0000395_downsampled,0
ISIC_0014072_downsampled,0
ISIC_0031407,2
ISIC_0034056,1
ISIC_0034168,4
ISIC_0070728,2
ISIC_0030718,1
ISIC_0059291,0
ISIC_0055693,2
ISIC_0058563,4
ISIC_0032490,1
ISIC_0059427,0
ISIC_0032918,0
ISIC_0061906,2
ISIC_0066131,2
ISIC_0056903,4
ISIC_0069082,2
ISIC_0032318,2
ISIC_0057755,2
ISIC_0064264,4
ISIC_0063272,4
ISIC_0056397,1
ISIC_0063619,1
ISIC_0058876,0
ISIC_0069796,2
ISIC_0028573,1
ISIC_0016028_downsampled,1
ISIC_0058651,2
ISIC_0028738,1
ISIC_0025938,1
ISIC_0059738,0
ISIC_0027887,1
ISIC_0015156_downsampled,0
ISIC_0059330,0
ISIC_0066532,0
ISIC_0062425,0
ISIC_0056208,0
ISIC_0070285,0
ISIC_0030759,0
ISIC_0071990,1
ISIC_0068345,2
ISIC_0063946,0
ISIC_0068159,2
ISIC_0065083,2
ISIC_0029156,1
ISIC_0028936,1
ISIC_0063072,0
ISIC_0014745_downsampled,1
ISIC_0059106,2
ISIC_0067417,0
ISIC_0063136,4
ISIC_0031036,1
ISIC_0029287,1
ISIC_0061640,4
ISIC_0061544,0
ISIC_0065321,4
ISIC_0070512,4
ISIC_0055348,4
ISIC_0030193,1
ISIC_0014843_downsampled,1
ISIC_0053843,0
ISIC_0064217,1
ISIC_0063265,2
ISIC_0030311,1
ISIC_0059165,0
ISIC_0032506,1
ISIC_0025450,0
ISIC_0063877,2
ISIC_0055008,0
ISIC_0056291,2
ISIC_0063551,0
ISIC_0066799,2
ISIC_0071446,2
ISIC_0058084,2
ISIC_0026762,1
ISIC_0053456,0
ISIC_0060120,2
ISIC_0025245,1
ISIC_0059639,1
ISIC_0071576,0
ISIC_0068902,1
ISIC_0063794,2
ISIC_0069459,0
ISIC_0054350,0
ISIC_0013319_downsampled,4
ISIC_0026868,0
ISIC_0032967,4
ISIC_0032036,0
ISIC_0013335_downsampled,4
ISIC_0056172,2
ISIC_0072055,4
ISIC_0032601,1
ISIC_0059920,2
ISIC_0053976,2
ISIC_0057782,0
ISIC_0056124,2
ISIC_0032873,0
ISIC_0059329,2
ISIC_0053858,2
ISIC_0026679,4
ISIC_0068581,0
ISIC_0033813,0
ISIC_0055599,1
ISIC_0057195,2
ISIC_0070284,4
ISIC_0026912,4
ISIC_0058976,1
ISIC_0025842,4
ISIC_0027652,4
ISIC_0067205,0
ISIC_0029086,1
ISIC_0028486,2
ISIC_0000139_downsampled,0
ISIC_0069435,4
ISIC_0033284,4
ISIC_0025586,1
ISIC_0026038,1
ISIC_0027814,2
ISIC_0030813,2
ISIC_0030412,1
ISIC_0063598,0
ISIC_0058832,2
ISIC_0015256_downsampled,0
ISIC_0053552,4
ISIC_0014949_downsampled,1
ISIC_0064276,0
ISIC_0027270,4
ISIC_0056810,2
ISIC_0069650,2
ISIC_0067692,4
ISIC_0012876_downsampled,1
ISIC_0056525,0
ISIC_0061709,0
ISIC_0030528,2
ISIC_0010466,0
ISIC_0031326,4
ISIC_0027631,2
ISIC_0061922,0
ISIC_0015395_downsampled,1
ISIC_0033241,0
ISIC_0057063,4
ISIC_0011163,0
ISIC_0014156_downsampled,0
ISIC_0060163,0
ISIC_0072622,4
ISIC_0029024,1
ISIC_0000195_downsampled,1
ISIC_0063399,1
ISIC_0061361,4
ISIC_0063091,2
ISIC_0024477,4
ISIC_0027038,2
ISIC_0033486,4
ISIC_0024835,1
ISIC_0066783,0
ISIC_0064670,4
ISIC_0072730,0
ISIC_0059680,2
ISIC_0064964,1
ISIC_0015020_downsampled,1
ISIC_0025575,4
ISIC_0065509,1
ISIC_0061284,2
ISIC_0031774,1
ISIC_0072557,0
ISIC_0058041,4
ISIC_0072224,4
ISIC_0060156,1
ISIC_0032827,4
ISIC_0064378,4
ISIC_0013890_downsampled,4
ISIC_0067116,4
ISIC_0027643,1
ISIC_0065069,0
ISIC_0025546,0
ISIC_0014360_downsampled,0
ISIC_0014712_downsampled,4
ISIC_0012705_downsampled,4
ISIC_0016041_downsampled,1
ISIC_0063445,0
ISIC_0072749,1
ISIC_0070928,1
ISIC_0013731_downsampled,4
ISIC_0034276,2
ISIC_0034048,0
ISIC_0024410,0
ISIC_0054879,4
ISIC_0058868,2
ISIC_0071594,0
ISIC_0026446,4
ISIC_0060238,0
ISIC_0010321,0
ISIC_0027156,1
ISIC_0057279,2
ISIC_0024885,2
ISIC_0059671,0
ISIC_0071344,4
ISIC_0071380,4
ISIC_0031109,1
ISIC_0028422,1
ISIC_0069410,0
ISIC_0032305,1
ISIC_0034054,1
ISIC_0055399,2
ISIC_0059088,4
ISIC_0027465,1
ISIC_0013474_downsampled,4
ISIC_0063419,2
ISIC_0012175_downsampled,1
ISIC_0024449,0
ISIC_0069768,4
ISIC_0025691,2
ISIC_0069606,4
ISIC_0071746,0
ISIC_0067358,1
ISIC_0026959,4
ISIC_0065004,2
ISIC_0065966,4
ISIC_0069188,2
ISIC_0069232,4
ISIC_0010000,0
ISIC_0055893,2
ISIC_0063211,1
ISIC_0013908_downsampled,0
ISIC_0011144,1
ISIC_0014831_downsampled,4
ISIC_0031528,4
ISIC_0026059,1
ISIC_0068946,2
ISIC_0072260,2
ISIC_0032215,4
ISIC_0060512,2
ISIC_0061355,0
ISIC_0032038,1
ISIC_0014636_downsampled,4
ISIC_0033870,1
ISIC_0029466,2
ISIC_0064518,4
ISIC_0029270,4
ISIC_0066217,0
ISIC_0027555,1
ISIC_0070672,2
ISIC_0057364,1
ISIC_0029893,0
ISIC_0069891,0
ISIC_0000000,1
ISIC_0070588,0
ISIC_0032654,4
ISIC_0026433,2
ISIC_0032993,0
ISIC_0033487,0
ISIC_0065323,1
ISIC_0031519,4
ISIC_0026090,2
ISIC_0061747,4
ISIC_0069049,2
ISIC_0061751,0
ISIC_0058202,2
ISIC_0029191,1
ISIC_0033127,4
ISIC_0072864,4
ISIC_0055800,4
ISIC_0060382,2
ISIC_0071612,0
ISIC_0066310,2
ISIC_0057442,2
ISIC_0072138,2
ISIC_0033035,1
ISIC_0064406,0
ISIC_0054885,0
ISIC_0069153,2
ISIC_0056089,0
ISIC_0027718,1
ISIC_0069582,2
ISIC_0025151,1
ISIC_0026958,4
ISIC_0072383,0
ISIC_0032861,1
ISIC_0069293,0
ISIC_0072931,2
ISIC_0026654,1
ISIC_0029021,0
ISIC_0072223,0
ISIC_0027507,0
ISIC_0028767,1
ISIC_0032182,0
ISIC_0068398,4
ISIC_0033642,4
ISIC_0029278,2
ISIC_0057315,0
ISIC_0069975,2
ISIC_0024324,4
ISIC_0062368,4
ISIC_0065190,2
ISIC_0026167,0
ISIC_0034099,1
ISIC_0059294,0
ISIC_0034119,2
ISIC_0053885,2
ISIC_0009970,1
ISIC_0069002,2
ISIC_0024720,1
ISIC_0027518,1
ISIC_0058110,1
ISIC_0026567,4
ISIC_0025557,2
ISIC_0055944,2
ISIC_0072365,2
ISIC_0059387,0
ISIC_0071172,2
ISIC_0054354,4
ISIC_0030746,2
ISIC_0027027,4
ISIC_0012903_downsampled,1
ISIC_0063881,0
ISIC_0063985,2
ISIC_0010320,1
ISIC_0061879,4
ISIC_0067816,0
ISIC_0055147,0
ISIC_0058768,0
ISIC_0031009,2
ISIC_0063406,2
ISIC_0055085,4
ISIC_0025799,4
ISIC_0026187,1
ISIC_0028640,4
ISIC_0063030,1
ISIC_0030775,1
ISIC_0069115,1
ISIC_0069554,1
ISIC_0001131_downsampled,0
ISIC_0031033,1
ISIC_0057484,1
ISIC_0025246,1
ISIC_0000555,0
ISIC_0058829,1
ISIC_0059055,4
ISIC_0029981,1
ISIC_0029864,1
ISIC_0070652,2
ISIC_0057346,4
ISIC_0024645,1
ISIC_0030892,1
ISIC_0063529,2
ISIC_0071604,2
ISIC_0032196,1
ISIC_0068933,2
ISIC_0028645,1
ISIC_0066698,2
ISIC_0068580,0
ISIC_0072343,4
ISIC_0033908,4
ISIC_0063452,2
ISIC_0033733,1
ISIC_0072649,2
ISIC_0014586_downsampled,4
ISIC_0066749,0
ISIC_0063319,1
ISIC_0058733,1
ISIC_0000068,1
ISIC_0067160,0
ISIC_0061252,0
ISIC_0073011,4
ISIC_0061352,1
ISIC_0059186,4
ISIC_0031836,2
ISIC_0028842,4
ISIC_0057009,0
ISIC_0070683,4
ISIC_0064200,2
ISIC_0070264,2
ISIC_0060645,2
ISIC_0033134,1
ISIC_0025062,1
ISIC_0066678,0
ISIC_0031177,0
ISIC_0009993,0
ISIC_0012810_downsampled,4
ISIC_0068847,0
ISIC_0061496,0
ISIC_0067291,2
ISIC_0025389,4
ISIC_0028925,4
ISIC_0032842,4
ISIC_0073055,2
ISIC_0062566,4
ISIC_0066411,1
ISIC_0031398,1
ISIC_0065098,2
ISIC_0014574_downsampled,4
ISIC_0027137,1
ISIC_0058436,1
ISIC_0030101,1
ISIC_0014580_downsampled,4
ISIC_0060508,0
ISIC_0014132_downsampled,0
ISIC_0057111,2
ISIC_0031584,4
ISIC_0013203_downsampled,4
ISIC_0014369_downsampled,0
ISIC_0060093,2
ISIC_0029195,4
ISIC_0067072,2
ISIC_0054557,1
ISIC_0065909,4
ISIC_0026477,4
ISIC_0025218,1
ISIC_0073143,0
ISIC_0012380_downsampled,4
ISIC_0026687,2
ISIC_0027388,4
ISIC_0062825,2
ISIC_0071902,4
ISIC_0014139_downsampled,4
ISIC_0061216,4
ISIC_0000499,1
ISIC_0064667,0
ISIC_0024644,0
ISIC_0067608,4
ISIC_0029529,1
ISIC_0026140,1
ISIC_0030019,1
ISIC_0058399,0
ISIC_0025060,1
ISIC_0053947,0
ISIC_0013965_downsampled,1
ISIC_0063739,4
ISIC_0064567,4
ISIC_0065303,2
ISIC_0073019,2
ISIC_0028032,1
ISIC_0025656,4
ISIC_0030841,1
ISIC_0064909,0
ISIC_0027443,1
ISIC_0055539,2
ISIC_0000543,1
ISIC_0067999,2
ISIC_0032742,1
ISIC_0034012,0
ISIC_0027843,1
ISIC_0028607,4
ISIC_0072176,2
ISIC_0058782,2
ISIC_0014975_downsampled,0
ISIC_0013580_downsampled,4
ISIC_0025363,0
ISIC_0054221,1
ISIC_0066371,1
ISIC_0053500,2
ISIC_0063799,4
ISIC_0064134,0
ISIC_0025465,4
ISIC_0071720,0
ISIC_0063044,2
ISIC_0013054_downsampled,4
ISIC_0029343,0
ISIC_0062048,0
ISIC_0030436,4
ISIC_0024865,0
ISIC_0033163,1
ISIC_0072567,2
ISIC_0057180,0
ISIC_0013917_downsampled,0
ISIC_0025963,0
ISIC_0032547,0
ISIC_0061183,0
ISIC_0009979,1
ISIC_0067219,1
ISIC_0030096,2
ISIC_0056870,2
ISIC_0071341,1
ISIC_0058774,2
ISIC_0064815,4
ISIC_0065828,4
ISIC_0058383,0
ISIC_0055156,0
ISIC_0025642,4
ISIC_0025409,0
ISIC_0012685_downsampled,1
ISIC_0028567,0
ISIC_0072023,2
ISIC_0013306_downsampled,1
ISIC_0014032_downsampled,4
ISIC_0000203_downsampled,1
ISIC_0064080,0
ISIC_0033404,1
ISIC_0072767,1
ISIC_0029513,0
ISIC_0058420,2
ISIC_0067876,2
ISIC_0056796,0
ISIC_0030102,1
ISIC_0025032,4
ISIC_0067279,2
ISIC_0069848,4
ISIC_0000547,0
ISIC_0024961,0
ISIC_0058434,2
ISIC_0073196,2
ISIC_0059011,4
ISIC_0030910,0
ISIC_0013455_downsampled,0
ISIC_0012902_downsampled,4
ISIC_0062429,1
ISIC_0061290,2
ISIC_0031029,4
ISIC_0067584,4
ISIC_0057822,2
ISIC_0055254,0
ISIC_0067582,4
ISIC_0057554,0
ISIC_0012207_downsampled,4
ISIC_0024515,2
ISIC_0029235,4
ISIC_0072322,4
ISIC_0054748,0
ISIC_0032756,4
ISIC_0013092_downsampled,4
ISIC_0073005,4
ISIC_0030477,1
ISIC_0014423_downsampled,0
ISIC_0027832,0
ISIC_0031669,1
ISIC_0024341,1
ISIC_0014248_downsampled,1
ISIC_0054912,0
ISIC_0030551,1
ISIC_0068129,0
ISIC_0028465,0
ISIC_0060684,2
ISIC_0000349,1
ISIC_0057021,1
ISIC_0027404,1
ISIC_0028805,1
ISIC_0059248,0
ISIC_0032110,0
ISIC_0073069,1
ISIC_0063168,0
ISIC_0009918,0
ISIC_0058380,0
ISIC_0065254,1
ISIC_0026770,0
ISIC_0014591_downsampled,4
ISIC_0024612,4
ISIC_0011151,0
ISIC_0064866,1
ISIC_0031624,4
ISIC_0066792,0
ISIC_0071647,1
ISIC_0073060,4
ISIC_0058286,2
ISIC_0072461,2
ISIC_0060973,2
ISIC_0060857,4
ISIC_0071751,2
ISIC_0012884_downsampled,4
ISIC_0069203,2
ISIC_0028134,1
ISIC_0032006,4
ISIC_0071169,0
ISIC_0032784,1
ISIC_0065141,2
ISIC_0073039,4
ISIC_0026553,4
ISIC_0030364,1
ISIC_0027067,0
ISIC_0032782,0
ISIC_0054909,1
ISIC_0058158,1
ISIC_0013034_downsampled,4
ISIC_0064156,2
ISIC_0027442,0
ISIC_0014270_downsampled,0
ISIC_0028350,2
ISIC_0071208,0
ISIC_0061993,4
ISIC_0000054_downsampled,0
ISIC_0063537,0
ISIC_0024894,1
ISIC_0065253,0
ISIC_0064889,1
ISIC_0062341,2
ISIC_0070577,1
ISIC_0060860,1
ISIC_0055937,0
ISIC_0033603,0
ISIC_0031226,4
ISIC_0063295,0
ISIC_0025827,1
ISIC_0026098,1
ISIC_0059681,1
ISIC_0054287,0
ISIC_0025685,1
ISIC_0000186_downsampled,1
ISIC_0068859,4
ISIC_0061491,0
ISIC_0033774,1
ISIC_0070403,0
ISIC_0014631_downsampled,4
ISIC_0060844,2
ISIC_0063825,2
ISIC_0073254,4
ISIC_0060596,2
ISIC_0000126_downsampled,1
ISIC_0011295,0
ISIC_0058138,0
ISIC_0060063,2
ISIC_0072432,1
ISIC_0060823,2
ISIC_0027034,1
ISIC_0059069,0
ISIC_0058276,4
ISIC_0064663,1
ISIC_0030309,1
ISIC_0029249,4
ISIC_0061171,4
ISIC_0053507,0
ISIC_0070949,4
ISIC_0027046,2
ISIC_0066580,1
ISIC_0061626,0
ISIC_0072060,2
ISIC_0031526,2
ISIC_0033485,0
ISIC_0064351,2
ISIC_0061124,2
ISIC_0013192_downsampled,1
ISIC_0069465,2
ISIC_0060950,2
ISIC_0069608,1
ISIC_0001142_downsampled,0
ISIC_0030880,1
ISIC_0030312,1
ISIC_0030843,0
ISIC_0057132,2
ISIC_0028697,1
ISIC_0032607,1
ISIC_0029531,1
ISIC_0030124,4
ISIC_0069185,2
ISIC_0071400,2
ISIC_0024910,4
ISIC_0057500,2
ISIC_0055455,2
ISIC_0031698,2
ISIC_0070717,2
ISIC_0025035,0
ISIC_0071397,2
ISIC_0029778,4
ISIC_0067491,4
ISIC_0063653,1
ISIC_0072610,2
ISIC_0034242,0
ISIC_0058298,0
ISIC_0058387,2
ISIC_0071266,2
ISIC_0026400,1
ISIC_0013684_downsampled,4
ISIC_0067664,4
ISIC_0064588,2
ISIC_0059918,4
ISIC_0025292,4
ISIC_0070748,2
ISIC_0066105,0
ISIC_0032858,1
ISIC_0072363,0
ISIC_0026988,2
ISIC_0070110,0
ISIC_0026174,4
ISIC_0071214,2
ISIC_0068063,4
ISIC_0060388,1
ISIC_0026275,2
ISIC_0059632,0
ISIC_0029735,1
ISIC_0032336,1
ISIC_0028977,4
ISIC_0065056,2
ISIC_0055221,2
ISIC_0053828,0
ISIC_0066696,2
ISIC_0063979,2
ISIC_0071374,1
ISIC_0000511,0
ISIC_0032618,4
ISIC_0054344,2
ISIC_0031095,2
ISIC_0033874,0
ISIC_0025366,4
ISIC_0034024,4
ISIC_0029308,4
ISIC_0057004,4
ISIC_0057263,2
ISIC_0065943,0
ISIC_0026673,1
ISIC_0056372,2
ISIC_0070092,0
ISIC_0025515,4
ISIC_0062485,1
ISIC_0032271,4
ISIC_0013030_downsampled,4
ISIC_0054506,0
ISIC_0054929,2
ISIC_0066660,1
ISIC_0030207,4
ISIC_0013682_downsampled,4
ISIC_0033635,4
ISIC_0057328,0
ISIC_0072171,0
ISIC_0027049,1
ISIC_0000243,1
ISIC_0025413,0
ISIC_0069337,2
ISIC_0014144_downsampled,0
ISIC_0054528,0
ISIC_0032771,1
ISIC_0005564_downsampled,1
ISIC_0066896,4
ISIC_0026827,4
ISIC_0030145,2
ISIC_0065516,0
ISIC_0000165,0
ISIC_0030999,1
ISIC_0070913,0
ISIC_0068447,1
ISIC_0057762,0
ISIC_0026399,1
ISIC_0056411,2
ISIC_0060109,2
ISIC_0030700,4
ISIC_0073113,2
ISIC_0070435,0
ISIC_0064248,2
ISIC_0070585,0
ISIC_0066773,4
ISIC_0056136,0
ISIC_0030372,4
ISIC_0026273,4
ISIC_0026852,1
ISIC_0056663,0
ISIC_0011352,1
ISIC_0064544,2
ISIC_0064529,4
ISIC_0063458,2
ISIC_0057821,0
ISIC_0055219,4
ISIC_0010597,0
ISIC_0066487,2
ISIC_0034120,0
ISIC_0028054,1
ISIC_0031969,1
ISIC_0012544_downsampled,1
ISIC_0028356,1
ISIC_0030303,1
ISIC_0025621,1
ISIC_0030951,0
ISIC_0063740,4
ISIC_0064556,2
ISIC_0028719,2
ISIC_0072292,0
ISIC_0029060,4
ISIC_0033732,4
ISIC_0068054,0
ISIC_0069330,1
ISIC_0029058,1
ISIC_0065942,2
ISIC_0057025,0
ISIC_0026248,4
ISIC_0069326,1
ISIC_0072237,2
ISIC_0060803,2
ISIC_0024442,1
ISIC_0062792,0
ISIC_0072726,4
ISIC_0063167,2
ISIC_0026301,4
ISIC_0024448,2
ISIC_0029123,2
ISIC_0055337,0
ISIC_0029211,1
ISIC_0054956,1
ISIC_0064942,4
ISIC_0062258,4
ISIC_0030835,4
ISIC_0026656,2
ISIC_0071441,2
ISIC_0063223,0
ISIC_0031556,4
ISIC_0066107,2
ISIC_0032727,2
ISIC_0033015,1
ISIC_0024837,1
ISIC_0029525,4
ISIC_0014577_downsampled,4
ISIC_0060307,0
ISIC_0066520,0
ISIC_0055320,4
ISIC_0010347,1
ISIC_0061076,2
ISIC_0029575,0
ISIC_0028323,2
ISIC_0026356,1
ISIC_0069434,2
ISIC_0025912,1
ISIC_0068373,2
ISIC_0029859,0
ISIC_0027957,4
ISIC_0072357,4
ISIC_0059743,1
ISIC_0070068,0
ISIC_0014583_downsampled,4
ISIC_0000503,1
ISIC_0024772,4
ISIC_0054544,0
ISIC_0057342,1
ISIC_0025710,4
ISIC_0028418,0
ISIC_0062994,0
ISIC_0026820,1
ISIC_0027344,4
ISIC_0054724,4
ISIC_0065108,2
ISIC_0064393,0
ISIC_0031154,2
ISIC_0000021_downsampled,1
ISIC_0069889,0
ISIC_0029311,4
ISIC_0062864,0
ISIC_0057933,2
ISIC_0072815,4
ISIC_0032549,1
ISIC_0071347,2
ISIC_0024886,0
ISIC_0027357,1
ISIC_0072474,2
ISIC_0033601,4
ISIC_0068422,4
ISIC_0064948,1
ISIC_0024391,1
ISIC_0059804,0
ISIC_0068639,2
ISIC_0013189_downsampled,4
ISIC_0062581,4
ISIC_0033867,1
ISIC_0030766,2
ISIC_0066821,2
ISIC_0034052,0
ISIC_0033461,1
ISIC_0068487,1
ISIC_0057405,1
ISIC_0031677,4
ISIC_0069873,0
ISIC_0053800,0
ISIC_0025819,4
ISIC_0053712,2
ISIC_0031256,1
ISIC_0061724,1
ISIC_0014793_downsampled,4
ISIC_0067821,0
ISIC_0067063,2
ISIC_0027918,1
ISIC_0025275,4
ISIC_0024815,1
ISIC_0062096,2
ISIC_0033378,4
ISIC_0068555,0
ISIC_0013141_downsampled,0
ISIC_0027931,1
ISIC_0013491_downsampled,0
ISIC_0067117,4
ISIC_0070700,2
ISIC_0060829,0
ISIC_0068931,0
ISIC_0065142,0
ISIC_0033321,4
ISIC_0056517,4
ISIC_0070380,0
ISIC_0032232,0
ISIC_0073108,4
ISIC_0055554,2
ISIC_0062082,2
ISIC_0029991,4
ISIC_0027037,4
ISIC_0061208,2
ISIC_0056899,2
ISIC_0060117,2
ISIC_0033192,0
ISIC_0010326,1
ISIC_0064277,1
ISIC_0060847,4
ISIC_0055860,1
ISIC_0058842,2
ISIC_0054324,4
ISIC_0055799,0
ISIC_0072668,1
ISIC_0068659,2
ISIC_0012459_downsampled,4
ISIC_0029820,2
ISIC_0072019,1
ISIC_0064113,0
ISIC_0029841,4
ISIC_0033631,4
ISIC_0066497,0
ISIC_0061186,2
ISIC_0013457_downsampled,0
ISIC_0067524,2
ISIC_0065971,2
ISIC_0062191,2
ISIC_0026439,2
ISIC_0014601_downsampled,4
ISIC_0066061,0
ISIC_0010247,1
ISIC_0009583_downsampled,1
ISIC_0032045,4
ISIC_0068747,0
ISIC_0063758,4
ISIC_0029939,1
ISIC_0071632,0
ISIC_0000057_downsampled,1
ISIC_0028707,4
ISIC_0056940,0
ISIC_0027681,4
ISIC_0063269,2
ISIC_0029807,1
ISIC_0026461,1
ISIC_0059606,1
ISIC_0001449_downsampled,1
ISIC_0068791,2
ISIC_0054924,2
ISIC_0067653,0
ISIC_0060704,4
ISIC_0059760,4
ISIC_0063289,0
ISIC_0027763,1
ISIC_0064451,2
ISIC_0069763,4
ISIC_0012833_downsampled,4
ISIC_0064910,0
ISIC_0062350,0
ISIC_0057251,0
ISIC_0068818,0
ISIC_0072683,4
ISIC_0059199,2
ISIC_0010184,1
ISIC_0028814,2
ISIC_0057326,4
ISIC_0062309,4
ISIC_0000278,0
ISIC_0063209,2
ISIC_0014453_downsampled,1
ISIC_0054063,2
ISIC_0027944,1
ISIC_0057292,2
ISIC_0034064,0
ISIC_0013333_downsampled,4
ISIC_0013864_downsampled,4
ISIC_0073249,0
ISIC_0028291,0
ISIC_0071662,4
ISIC_0024592,4
ISIC_0054120,2
ISIC_0033646,4
ISIC_0063213,4
ISIC_0058362,0
ISIC_0070711,0
ISIC_0056537,0
ISIC_0000175,0
ISIC_0059627,2
ISIC_0066549,2
ISIC_0060880,2
ISIC_0059564,4
ISIC_0060418,2
ISIC_0025220,1
ISIC_0066070,2
ISIC_0066473,2
ISIC_0067889,0
ISIC_0070101,2
ISIC_0028702,4
ISIC_0012442_downsampled,1
ISIC_0061757,4
ISIC_0059535,4
ISIC_0057054,2
ISIC_0025472,0
ISIC_0056752,0
ISIC_0011329,0
ISIC_0030396,4
ISIC_0053876,2
ISIC_0025916,1
ISIC_0056201,0
ISIC_0062286,0
ISIC_0053491,0
ISIC_0063365,1
ISIC_0054520,0
ISIC_0031015,1
ISIC_0070108,0
ISIC_0059611,0
ISIC_0054191,2
ISIC_0055514,4
ISIC_0070742,4
ISIC_0033449,4
ISIC_0032888,0
ISIC_0057805,2
ISIC_0056780,2
ISIC_0065605,2
ISIC_0034183,0
ISIC_0027430,1
ISIC_0032357,1
ISIC_0060687,2
ISIC_0012369_downsampled,0
ISIC_0012786_downsampled,4
ISIC_0031061,4
ISIC_0056214,0
ISIC_0066366,1
ISIC_0071498,1
ISIC_0060298,2
ISIC_0064646,0
ISIC_0026644,4
ISIC_0024389,1
ISIC_0062713,0
ISIC_0063460,4
ISIC_0027591,1
ISIC_0070245,4
ISIC_0012720_downsampled,4
ISIC_0032631,1
ISIC_0033248,2
ISIC_0068793,2
ISIC_0062599,1
ISIC_0027834,1
ISIC_0030081,4
ISIC_0071541,0
ISIC_0060161,4
ISIC_0029554,1
ISIC_0015118_downsampled,1
ISIC_0025080,1
ISIC_0063688,1
ISIC_0062639,0
ISIC_0061789,4
ISIC_0066182,0
ISIC_0057751,2
ISIC_0067659,2
ISIC_0058040,0
ISIC_0013691_downsampled,4
ISIC_0012932_downsampled,4
ISIC_0029919,2
ISIC_0032658,1
ISIC_0057380,2
ISIC_0062927,2
ISIC_0060081,2
ISIC_0072505,2
ISIC_0028780,1
ISIC_0026217,1
ISIC_0067485,0
ISIC_0068716,2
ISIC_0032978,4
ISIC_0061437,2
ISIC_0033676,4
ISIC_0063544,1
ISIC_0057235,0
ISIC_0068927,1
ISIC_0013833_downsampled,0
ISIC_0072451,4
ISIC_0062052,2
ISIC_0068038,2
ISIC_0071691,1
ISIC_0066764,4
ISIC_0025749,1
ISIC_0055050,2
ISIC_0062477,0
ISIC_0031757,1
ISIC_0029895,1
ISIC_0068399,2
ISIC_0067726,4
ISIC_0066138,4
ISIC_0066344,2
ISIC_0053833,1
ISIC_0014625_downsampled,4
ISIC_0067988,2
ISIC_0061670,0
ISIC_0060525,0
ISIC_0056516,2
ISIC_0033316,1
ISIC_0073036,1
ISIC_0058127,0
ISIC_0057798,4
ISIC_0028894,1
ISIC_0059962,1
ISIC_0070684,2
ISIC_0058219,4
ISIC_0068602,1
ISIC_0072418,0
ISIC_0062918,2
ISIC_0068895,0
ISIC_0026324,2
ISIC_0028233,4
ISIC_0027973,4
ISIC_0063492,0
ISIC_0053714,2
ISIC_0012227_downsampled,4
ISIC_0063662,2
ISIC_0010016,0
ISIC_0063070,0
ISIC_0057148,0
ISIC_0055403,0
ISIC_0030539,0
ISIC_0029645,1
ISIC_0012240_downsampled,4
ISIC_0061483,2
ISIC_0066380,2
ISIC_0054983,4
ISIC_0029375,1
ISIC_0069284,4
ISIC_0053810,0
ISIC_0010174,0
ISIC_0055378,0
ISIC_0000461,1
ISIC_0027023,4
ISIC_0056849,0
ISIC_0031349,4
ISIC_0054477,2
ISIC_0058871,1
ISIC_0071468,1
ISIC_0033421,1
ISIC_0053661,4
ISIC_0053729,1
ISIC_0064797,2
ISIC_0070061,0
ISIC_0058713,0
ISIC_0069112,0
ISIC_0062420,0
ISIC_0067258,4
ISIC_0033987,4
ISIC_0065461,1
ISIC_0060481,0
ISIC_0068988,1
ISIC_0055779,2
ISIC_0031997,1
ISIC_0065640,1
ISIC_0031464,4
ISIC_0010587,0
ISIC_0054853,0
ISIC_0063866,0
ISIC_0068994,1
ISIC_0068079,4
ISIC_0055065,2
ISIC_0028442,0
ISIC_0059847,2
ISIC_0027267,1
ISIC_0028270,1
ISIC_0034243,0
ISIC_0064180,0
ISIC_0054773,2
ISIC_0063919,1
ISIC_0032413,1
ISIC_0028583,2
ISIC_0059839,4
ISIC_0057913,0
ISIC_0007241_downsampled,1
ISIC_0027686,1
ISIC_0062717,4
ISIC_0072974,2
ISIC_0025044,1
ISIC_0026276,4
ISIC_0064457,4
ISIC_0058678,2
ISIC_0053934,2
ISIC_0071843,2
ISIC_0066534,2
ISIC_0055440,0
ISIC_0033967,0
ISIC_0059242,4
ISIC_0070785,2
ISIC_0000096_downsampled,1
ISIC_0013680_downsampled,4
ISIC_0014331_downsampled,0
ISIC_0053543,2
ISIC_0054215,2
ISIC_0029770,4
ISIC_0067508,2
ISIC_0068920,2
ISIC_0061603,2
ISIC_0055471,2
ISIC_0059394,2
ISIC_0059930,2
ISIC_0061446,0
ISIC_0029917,2
ISIC_0070657,0
ISIC_0060702,2
ISIC_0059513,0
ISIC_0071212,4
ISIC_0066774,2
ISIC_0031205,1
ISIC_0063270,2
ISIC_0027305,1
ISIC_0071615,4
ISIC_0059644,2
ISIC_0034143,2
ISIC_0027955,1
ISIC_0012473_downsampled,4
ISIC_0072500,1
ISIC_0054931,4
ISIC_0032331,0
ISIC_0014645_downsampled,4
ISIC_0060591,2
ISIC_0072506,2
ISIC_0063754,2
ISIC_0011310,1
ISIC_0012856_downsampled,4
ISIC_0056763,4
ISIC_0057318,2
ISIC_0069425,4
ISIC_0031159,4
ISIC_0072897,2
ISIC_0031169,2
ISIC_0031967,4
ISIC_0027915,2
ISIC_0056100,2
ISIC_0057456,2
ISIC_0072901,4
ISIC_0056672,4
ISIC_0069828,2
ISIC_0028506,1
ISIC_0030173,4
ISIC_0028123,4
ISIC_0055054,0
ISIC_0057450,0
ISIC_0056711,4
ISIC_0064683,0
ISIC_0062007,2
ISIC_0073225,2
ISIC_0033592,4
ISIC_0025644,2
ISIC_0013416_downsampled,1
ISIC_0060558,0
ISIC_0027822,0
ISIC_0055274,2
ISIC_0028681,4
ISIC_0071545,4
ISIC_0063975,1
ISIC_0028449,4
ISIC_0053803,1
ISIC_0073151,2
ISIC_0066734,0
ISIC_0033553,4
ISIC_0057705,2
ISIC_0054740,2
ISIC_0000251,1
ISIC_0065310,2
ISIC_0026027,1
ISIC_0033777,1
ISIC_0073027,1
ISIC_0033274,0
ISIC_0054434,0
ISIC_0072542,0
ISIC_0066338,0
ISIC_0030738,1
ISIC_0068898,2
ISIC_0013696_downsampled,0
ISIC_0053678,2
ISIC_0025834,1
ISIC_0030152,1
ISIC_0061159,0
ISIC_0070525,2
ISIC_0070937,1
ISIC_0030134,0
ISIC_0063153,0
ISIC_0057732,2
ISIC_0057010,2
ISIC_0066654,2
ISIC_0029391,2
ISIC_0057523,2
ISIC_0060995,4
ISIC_0032030,2
ISIC_0061254,2
ISIC_0056250,1
ISIC_0030331,1
ISIC_0062804,1
ISIC_0026600,1
ISIC_0060579,4
ISIC_0058508,0
ISIC_0059191,4
ISIC_0062536,0
ISIC_0025322,2
ISIC_0014515_downsampled,4
ISIC_0030702,1
ISIC_0033697,1
ISIC_0031047,1
ISIC_0061918,0
ISIC_0059999,2
ISIC_0065087,4
ISIC_0059378,4
ISIC_0054625,0
ISIC_0014623_downsampled,4
ISIC_0000340,1
ISIC_0066518,0
ISIC_0000024_downsampled,1
ISIC_0068136,2
ISIC_0029555,4
ISIC_0025507,4
ISIC_0033507,4
ISIC_0025119,1
ISIC_0034245,1
ISIC_0029000,0
ISIC_0033611,0
ISIC_0056149,4
ISIC_0073018,0
ISIC_0026904,1
ISIC_0068897,0
ISIC_0027260,0
ISIC_0063687,0
ISIC_0014723_downsampled,4
ISIC_0072286,0
ISIC_0054864,1
ISIC_0030542,4
ISIC_0065436,1
ISIC_0013929_downsampled,4
ISIC_0056014,2
ISIC_0056747,2
ISIC_0070608,2
ISIC_0054487,2
ISIC_0069639,2
ISIC_0067497,2
ISIC_0065415,4
ISIC_0072990,0
ISIC_0069806,4
ISIC_0071597,2
ISIC_0062247,4
ISIC_0071388,0
ISIC_0070794,0
ISIC_0032125,1
ISIC_0012826_downsampled,1
ISIC_0054278,1
ISIC_0068171,1
ISIC_0057668,0
ISIC_0067303,2
ISIC_0029172,0
ISIC_0031554,0
ISIC_0032898,4
ISIC_0053558,2
ISIC_0066271,2
ISIC_0063725,0
ISIC_0065953,2
ISIC_0057095,1
ISIC_0059696,1
ISIC_0030795,0
ISIC_0059485,1
ISIC_0059670,2
ISIC_0014432_downsampled,4
ISIC_0030029,1
ISIC_0024766,1
ISIC_0010264,1
ISIC_0070309,2
ISIC_0029255,1
ISIC_0063981,0
ISIC_0033260,4
ISIC_0029911,1
ISIC_0070859,4
ISIC_0056980,1
ISIC_0059481,0
ISIC_0054745,2
ISIC_0059306,2
ISIC_0063368,4
ISIC_0028285,0
ISIC_0025987,0
ISIC_0058164,0
ISIC_0030119,0
ISIC_0028120,4
ISIC_0070490,2
ISIC_0071317,4
ISIC_0024675,0
ISIC_0053756,4
ISIC_0015112_downsampled,4
ISIC_0065823,0
ISIC_0069956,2
ISIC_0025157,4
ISIC_0010467,1
ISIC_0056042,2
ISIC_0034039,1
ISIC_0055826,1
ISIC_0014792_downsampled,1
ISIC_0061035,2
ISIC_0032844,0
ISIC_0030783,4
ISIC_0028411,4
ISIC_0071694,4
ISIC_0014770_downsampled,4
ISIC_0058751,2
ISIC_0014055_downsampled,4
ISIC_0060487,0
ISIC_0031999,0
ISIC_0027243,1
ISIC_0062148,4
ISIC_0068394,0
ISIC_0059017,2
ISIC_0029406,4
ISIC_0055839,4
ISIC_0060376,0
ISIC_0025757,1
ISIC_0000150_downsampled,0
ISIC_0065999,2
ISIC_0062430,1
ISIC_0031126,1
ISIC_0054019,4
ISIC_0032498,4
ISIC_0064939,2
ISIC_0067380,2
ISIC_0068284,4
ISIC_0027478,2
ISIC_0056316,1
ISIC_0031037,4
ISIC_0015007_downsampled,1
ISIC_0033437,4
ISIC_0012547_downsampled,1
ISIC_0033694,1
ISIC_0025619,1
ISIC_0025027,1
ISIC_0014082_downsampled,0
ISIC_0064300,2
ISIC_0028869,1
ISIC_0028325,0
ISIC_0059089,0
ISIC_0057576,4
ISIC_0032374,1
ISIC_0065721,2
ISIC_0056897,1
ISIC_0016049_downsampled,1
ISIC_0007475_downsampled,1
ISIC_0027459,1
ISIC_0000061_downsampled,1
ISIC_0027533,4
ISIC_0000412_downsampled,0
ISIC_0024755,1
ISIC_0066048,1
ISIC_0070011,2
ISIC_0068575,4
ISIC_0031376,4
ISIC_0027271,1
ISIC_0029898,1
ISIC_0055441,2
ISIC_0057375,1
ISIC_0055829,1
ISIC_0033405,0
ISIC_0060267,2
ISIC_0067345,2
ISIC_0032040,4
ISIC_0064025,4
ISIC_0062657,2
ISIC_0031073,1
ISIC_0063606,0
ISIC_0028746,0
ISIC_0033736,4
ISIC_0069805,1
ISIC_0014653_downsampled,4
ISIC_0029046,1
ISIC_0025229,1
ISIC_0072405,0
ISIC_0030656,1
ISIC_0025485,4
ISIC_0064019,2
ISIC_0024435,4
ISIC_0024411,2
ISIC_0062488,2
ISIC_0065044,2
ISIC_0072063,0
ISIC_0034047,2
ISIC_0066125,2
ISIC_0024547,4
ISIC_0060643,2
ISIC_0031223,4
ISIC_0060143,0
ISIC_0061110,2
ISIC_0069754,2
ISIC_0024340,1
ISIC_0059692,2
ISIC_0054339,2
ISIC_0014621_downsampled,4
ISIC_0071459,2
ISIC_0071331,2
ISIC_0054198,0
ISIC_0055812,2
ISIC_0028236,4
ISIC_0014191_downsampled,4
ISIC_0057088,2
ISIC_0030420,1
ISIC_0059015,2
ISIC_0027401,1
ISIC_0026780,1
ISIC_0057786,1
ISIC_0059665,4
ISIC_0025114,1
ISIC_0034090,1
ISIC_0032103,4
ISIC_0032535,0
ISIC_0073168,0
ISIC_0014626_downsampled,4
ISIC_0068489,2
ISIC_0031650,4
ISIC_0064908,1
ISIC_0054377,0
ISIC_0053672,2
ISIC_0063317,4
ISIC_0029647,2
ISIC_0068181,4
ISIC_0070857,1
ISIC_0059581,2
ISIC_0060707,1
ISIC_0054346,2
ISIC_0024782,4
ISIC_0031063,2
ISIC_0033196,0
ISIC_0073205,4
ISIC_0027109,1
ISIC_0032681,4
ISIC_0029651,0
ISIC_0069773,2
ISIC_0031020,1
ISIC_0071090,4
ISIC_0071104,4
ISIC_0011218,1
ISIC_0067956,2
ISIC_0024422,4
ISIC_0057819,4
ISIC_0030768,4
ISIC_0067962,4
ISIC_0067340,1
ISIC_0065022,0
ISIC_0069877,4
ISIC_0060943,1
ISIC_0059805,1
ISIC_0029491,1
ISIC_0065393,1
ISIC_0032719,4
ISIC_0066657,2
ISIC_0053511,2
ISIC_0060612,1
ISIC_0054996,1
ISIC_0064634,1
ISIC_0014819_downsampled,4
ISIC_0069879,4
ISIC_0030365,4
ISIC_0066717,2
ISIC_0068040,4
ISIC_0066979,2
ISIC_0032655,4
ISIC_0058144,2
ISIC_0062133,0
ISIC_0072855,1
ISIC_0026244,1
ISIC_0063503,2
ISIC_0000152_downsampled,0
ISIC_0033853,4
ISIC_0056967,0
ISIC_0059551,0
ISIC_0062699,4
ISIC_0068294,0
ISIC_0026441,4
ISIC_0064962,2
ISIC_0071329,4
ISIC_0064821,0
ISIC_0066429,0
ISIC_0058284,0
ISIC_0069210,0
ISIC_0027606,4
ISIC_0030967,1
ISIC_0029872,4
ISIC_0066947,0
ISIC_0001852_downsampled,1
ISIC_0013035_downsampled,4
ISIC_0058368,0
ISIC_0054597,1
ISIC_0031135,1
ISIC_0033212,4
ISIC_0063571,4
ISIC_0031792,1
ISIC_0034093,2
ISIC_0056563,2
ISIC_0054070,0
ISIC_0071289,0
ISIC_0062802,2
ISIC_0030277,0
ISIC_0068302,2
ISIC_0032592,0
ISIC_0060204,4
ISIC_0024993,1
ISIC_0013120_downsampled,1
ISIC_0064396,0
ISIC_0061320,0
ISIC_0055995,1
ISIC_0072112,2
ISIC_0061382,0
ISIC_0066106,0
ISIC_0071910,0
ISIC_0031844,0
ISIC_0015136_downsampled,0
ISIC_0063201,4
ISIC_0014164_downsampled,1
ISIC_0069057,4
ISIC_0062500,1
ISIC_0057794,4
ISIC_0058767,2
ISIC_0027487,0
ISIC_0058826,2
ISIC_0063164,0
ISIC_0072358,0
ISIC_0030623,0
ISIC_0012316_downsampled,1
ISIC_0059412,0
ISIC_0062006,4
ISIC_0024679,0
ISIC_0061239,2
ISIC_0053568,2
ISIC_0060004,4
ISIC_0070679,1
ISIC_0058966,2
ISIC_0060653,0
ISIC_0069525,2
ISIC_0068451,2
ISIC_0027590,0
ISIC_0027374,4
ISIC_0060193,2
ISIC_0033426,0
ISIC_0064528,1
ISIC_0032343,4
ISIC_0067734,4
ISIC_0057587,2
ISIC_0026526,4
ISIC_0072245,2
ISIC_0015182_downsampled,4
ISIC_0031654,1
ISIC_0064107,0
ISIC_0054673,0
ISIC_0025365,1
ISIC_0027327,0
ISIC_0064148,2
ISIC_0033905,0
ISIC_0057594,0
ISIC_0060817,0
ISIC_0025659,4
ISIC_0061077,0
ISIC_0015038_downsampled,4
ISIC_0033469,0
ISIC_0031128,1
ISIC_0060694,1
ISIC_0071574,4
ISIC_0056351,1
ISIC_0056941,2
ISIC_0064589,0
ISIC_0061891,2
ISIC_0012432_downsampled,4
ISIC_0033865,4
ISIC_0032540,1
ISIC_0070077,1
ISIC_0060539,1
ISIC_0068176,0
ISIC_0059281,0
ISIC_0061257,0
ISIC_0057666,2
ISIC_0054854,2
ISIC_0009965,1
ISIC_0029589,1
ISIC_0032471,1
ISIC_0025102,2
ISIC_0057825,2
ISIC_0062949,4
ISIC_0071488,1
ISIC_0033640,1
ISIC_0026069,4
ISIC_0062626,0
ISIC_0014486_downsampled,0
ISIC_0068810,2
ISIC_0031253,4
ISIC_0027175,2
ISIC_0061540,1
ISIC_0070032,0
ISIC_0064195,0
ISIC_0032235,4
ISIC_0002885_downsampled,1
ISIC_0059695,4
ISIC_0055293,0
ISIC_0064383,4
ISIC_0071599,2
ISIC_0069406,4
ISIC_0028479,4
ISIC_0030681,0
ISIC_0014272_downsampled,4
ISIC_0056483,0
ISIC_0028086,0
ISIC_0072318,2
ISIC_0061030,4
ISIC_0070854,4
ISIC_0026695,1
ISIC_0031132,4
ISIC_0064066,0
ISIC_0015108_downsampled,4
ISIC_0027419,4
ISIC_0059374,2
ISIC_0000449_downsampled,1
ISIC_0000372,1
ISIC_0027737,4
ISIC_0062828,1
ISIC_0030797,1
ISIC_0034078,1
ISIC_0028579,0
ISIC_0029302,4
ISIC_0059748,2
ISIC_0064009,1
ISIC_0069478,4
ISIC_0067668,2
ISIC_0053992,1
ISIC_0068978,4
ISIC_0053816,0
ISIC_0029839,0
ISIC_0033337,0
ISIC_0012330_downsampled,4
ISIC_0025312,4
ISIC_0055362,0
ISIC_0000295,0
ISIC_0015132_downsampled,0
ISIC_0066540,2
ISIC_0029964,1
ISIC_0064639,2
ISIC_0033939,1
ISIC_0053916,0
ISIC_0062066,4
ISIC_0026892,0
ISIC_0070573,2
ISIC_0055836,2
ISIC_0010090,1
ISIC_0058430,1
ISIC_0028157,1
ISIC_0064507,0
ISIC_0066200,0
ISIC_0055898,2
ISIC_0033878,0
ISIC_0012435_downsampled,0
ISIC_0071664,1
ISIC_0032031,4
ISIC_0055434,4
ISIC_0015044_downsampled,4
ISIC_0027469,1
ISIC_0029281,0
ISIC_0057872,1
ISIC_0012484_downsampled,1
ISIC_0069915,2
ISIC_0071580,0
ISIC_0057757,2
ISIC_0030227,4
ISIC_0009928,1
ISIC_0053699,0
ISIC_0063642,1
ISIC_0028726,1
ISIC_0032841,0
ISIC_0014585_downsampled,4
ISIC_0067243,0
ISIC_0063371,4
ISIC_0069276,4
ISIC_0064480,4
ISIC_0013472_downsampled,0
ISIC_0010349,0
ISIC_0031958,0
ISIC_0014061_downsampled,0
ISIC_0071874,1
ISIC_0057359,2
ISIC_0000002,0
ISIC_0068916,1
ISIC_0068889,1
ISIC_0030346,4
ISIC_0014615_downsampled,4
ISIC_0027018,4
ISIC_0015233_downsampled,4
ISIC_0013530_downsampled,0
ISIC_0056321,2
ISIC_0069920,0
ISIC_0062393,2
ISIC_0030319,4
ISIC_0029358,4
ISIC_0071864,2
ISIC_0065210,0
ISIC_0066706,4
ISIC_0057592,2
ISIC_0070215,0
ISIC_0065972,2
ISIC_0063993,4
ISIC_0066618,4
ISIC_0064443,2
ISIC_0024839,4
ISIC_0033130,4
ISIC_0056099,2
ISIC_0062017,4
ISIC_0068425,1
ISIC_0024871,4
ISIC_0000279,0
ISIC_0025778,1
ISIC_0029959,1
ISIC_0061321,4
ISIC_0069474,2
ISIC_0053835,4
ISIC_0028052,4
ISIC_0031287,4
ISIC_0027431,1
ISIC_0059701,1
ISIC_0029965,1
ISIC_0058188,2
ISIC_0056818,4
ISIC_0014632_downsampled,4
ISIC_0033251,1
ISIC_0026573,1
ISIC_0014973_downsampled,1
ISIC_0059543,1
ISIC_0068886,0
ISIC_0062571,4
ISIC_0032576,4
ISIC_0025315,1
ISIC_0027146,2
ISIC_0033459,1
ISIC_0055393,0
ISIC_0063342,2
ISIC_0031710,1
ISIC_0013370_downsampled,4
ISIC_0070824,2
ISIC_0030545,1
ISIC_0014473_downsampled,1
ISIC_0055681,2
ISIC_0012543_downsampled,4
ISIC_0000065_downsampled,1
ISIC_0028777,0
ISIC_0030840,1
ISIC_0055665,0
ISIC_0059782,1
ISIC_0015157_downsampled,1
ISIC_0062917,1
ISIC_0064786,4
ISIC_0072373,0
ISIC_0066455,4
ISIC_0054061,0
ISIC_0063485,2
ISIC_0014392_downsampled,4
ISIC_0069514,0
ISIC_0012962_downsampled,4
ISIC_0069192,0
ISIC_0025817,1
ISIC_0027427,1
ISIC_0059367,1
ISIC_0026628,1
ISIC_0028107,2
ISIC_0034155,2
ISIC_0026311,4
ISIC_0059994,2
ISIC_0012840_downsampled,4
ISIC_0063848,1
ISIC_0071900,4
ISIC_0057333,2
ISIC_0024471,4
ISIC_0058712,1
ISIC_0026810,1
ISIC_0068590,2
ISIC_0062819,1
ISIC_0069180,2
ISIC_0062313,0
ISIC_0061287,4
ISIC_0028691,1
ISIC_0033246,4
ISIC_0067564,0
ISIC_0024740,4
ISIC_0025893,1
ISIC_0025583,4
ISIC_0056468,1
ISIC_0064655,2
ISIC_0060054,1
ISIC_0059793,2
ISIC_0029538,0
ISIC_0066448,0
ISIC_0028300,1
ISIC_0055604,2
ISIC_0033823,1
ISIC_0012172_downsampled,4
ISIC_0057061,0
ISIC_0067586,1
ISIC_0061470,2
ISIC_0071466,2
ISIC_0065875,2
ISIC_0055614,2
ISIC_0030072,1
ISIC_0033546,0
ISIC_0024881,4
ISIC_0027354,4
ISIC_0069692,4
ISIC_0053623,1
ISIC_0058206,0
ISIC_0056241,4
ISIC_0056861,1
ISIC_0014074_downsampled,4
ISIC_0034040,4
ISIC_0070221,2
ISIC_0032304,4
ISIC_0013039_downsampled,1
ISIC_0028676,1
ISIC_0063284,2
ISIC_0013678_downsampled,0
ISIC_0057656,0
ISIC_0056655,0
ISIC_0056883,2
ISIC_0059731,1
ISIC_0053603,0
ISIC_0065367,0
ISIC_0034211,0
ISIC_0026369,0
ISIC_0071000,0
ISIC_0061546,1
ISIC_0028130,1
ISIC_0063849,4
ISIC_0032140,1
ISIC_0033518,0
ISIC_0013971_downsampled,1
ISIC_0065964,4
ISIC_0071365,4
ISIC_0000288,0
ISIC_0055361,0
ISIC_0070665,2
ISIC_0059170,0
ISIC_0054782,2
ISIC_0026406,1
ISIC_0012501_downsampled,4
ISIC_0030189,4
ISIC_0027609,2
ISIC_0069588,4
ISIC_0055241,0
ISIC_0014108_downsampled,0
ISIC_0057260,1
ISIC_0067313,2
ISIC_0014090_downsampled,1
ISIC_0063926,0
ISIC_0067667,0
ISIC_0056132,4
ISIC_0068064,0
ISIC_0067623,4
ISIC_0034298,1
ISIC_0034151,4
ISIC_0025083,4
ISIC_0058501,0
ISIC_0065493,1
ISIC_0056072,0
ISIC_0031186,0
ISIC_0060883,0
ISIC_0058973,2
ISIC_0055560,4
ISIC_0061114,4
ISIC_0024432,2
ISIC_0072251,2
ISIC_0067679,2
ISIC_0054523,0
ISIC_0056548,2
ISIC_0032417,4
ISIC_0000393_downsampled,0
ISIC_0067790,1
ISIC_0027454,4
ISIC_0063398,4
ISIC_0057845,0
ISIC_0000146_downsampled,0
ISIC_0026335,4
ISIC_0065417,0
ISIC_0032611,2
ISIC_0067253,0
ISIC_0069383,1
ISIC_0028548,0
ISIC_0066129,4
ISIC_0000046_downsampled,0
ISIC_0064188,4
ISIC_0060003,2
ISIC_0054351,0
ISIC_0034007,4
ISIC_0067277,2
ISIC_0068640,2
ISIC_0060147,0
ISIC_0055169,0
ISIC_0011326,1
ISIC_0072042,4
ISIC_0032643,4
ISIC_0029147,4
ISIC_0070453,2
ISIC_0056334,1
ISIC_0068949,2
ISIC_0058218,0
ISIC_0014608_downsampled,4
ISIC_0029227,4
ISIC_0032046,0
ISIC_0062172,2
ISIC_0055234,4
ISIC_0072759,2
ISIC_0025640,1
ISIC_0060753,1
ISIC_0062672,4
ISIC_0024872,1
ISIC_0024698,1
ISIC_0026087,1
ISIC_0067195,1
ISIC_0026364,1
ISIC_0026704,4
ISIC_0057572,2
ISIC_0024864,0
ISIC_0067727,1
ISIC_0000369,1
ISIC_0027659,0
ISIC_0061708,4
ISIC_0059687,2
ISIC_0070804,4
ISIC_0028556,2
ISIC_0072747,0
ISIC_0012898_downsampled,4
ISIC_0073004,1
ISIC_0070333,0
ISIC_0067645,1
ISIC_0062168,4
ISIC_0064057,2
ISIC_0012372_downsampled,4
ISIC_0026501,1
ISIC_0031280,1
ISIC_0058607,0
ISIC_0059134,2
ISIC_0068423,1
ISIC_0028206,1
ISIC_0071286,1
ISIC_0069354,4
ISIC_0066115,2
ISIC_0056480,1
ISIC_0068230,1
ISIC_0024461,2
ISIC_0030260,1
ISIC_0025076,4
ISIC_0033894,1
ISIC_0055753,2
ISIC_0000167,0
ISIC_0057386,1
ISIC_0030767,2
ISIC_0064603,2
ISIC_0031440,1
ISIC_0068709,1
ISIC_0012469_downsampled,4
ISIC_0058711,2
ISIC_0031436,4
ISIC_0058426,0
ISIC_0072523,0
ISIC_0031115,1
ISIC_0068813,2
ISIC_0071455,0
ISIC_0031931,0
ISIC_0065771,2
ISIC_0063587,2
ISIC_0027142,4
ISIC_0029010,4
ISIC_0070166,0
ISIC_0032022,2
ISIC_0013495_downsampled,1
ISIC_0067492,2
ISIC_0012215_downsampled,4
ISIC_0034014,1
ISIC_0032415,2
ISIC_0000386_downsampled,1
ISIC_0058995,2
ISIC_0056305,1
ISIC_0024489,4
ISIC_0033849,1
ISIC_0064613,1
ISIC_0034187,1
ISIC_0028611,4
ISIC_0059905,0
ISIC_0054461,4
ISIC_0029547,0
ISIC_0024761,4
ISIC_0061652,4
ISIC_0054653,2
ISIC_0011374,0
ISIC_0026444,4
ISIC_0034294,0
ISIC_0056497,2
ISIC_0071867,2
ISIC_0014606_downsampled,4
ISIC_0061490,2
ISIC_0069995,0
ISIC_0030456,1
ISIC_0055740,1
ISIC_0000531,0
ISIC_0000147_downsampled,0
ISIC_0032441,0
ISIC_0026270,1
ISIC_0070817,2
ISIC_0059468,1
ISIC_0014255_downsampled,0
ISIC_0072254,2
ISIC_0059210,2
ISIC_0056921,0
ISIC_0033360,1
ISIC_0025033,4
ISIC_0067106,2
ISIC_0070072,2
ISIC_0014897_downsampled,0
ISIC_0024572,2
ISIC_0063101,2
ISIC_0012976_downsampled,1
ISIC_0059396,2
ISIC_0054925,1
ISIC_0030537,1
ISIC_0033453,4
ISIC_0057692,0
ISIC_0062447,0
ISIC_0033701,4
ISIC_0014289_downsampled,0
ISIC_0058944,4
ISIC_0058837,0
ISIC_0070235,0
ISIC_0000006,1
ISIC_0073128,2
ISIC_0029135,4
ISIC_0029837,4
ISIC_0000410_downsampled,0
ISIC_0067699,0
ISIC_0031711,0
ISIC_0055464,0
ISIC_0057749,1
ISIC_0054396,2
ISIC_0032774,0
ISIC_0061536,4
ISIC_0058101,4
ISIC_0070954,4
ISIC_0062126,4
ISIC_0014419_downsampled,4
ISIC_0062497,0
ISIC_0057738,4
ISIC_0024447,1
ISIC_0070994,2
ISIC_0028496,4
ISIC_0024880,4
ISIC_0063298,2
ISIC_0056229,2
ISIC_0027570,1
ISIC_0054731,4
ISIC_0071166,4
ISIC_0014535_downsampled,4
ISIC_0066313,4
ISIC_0073181,4
ISIC_0055677,2
ISIC_0066850,2
ISIC_0031408,0
ISIC_0026737,4
ISIC_0032222,2
ISIC_0061624,0
ISIC_0030289,1
ISIC_0065742,0
ISIC_0029087,1
ISIC_0034227,1
ISIC_0070815,0
ISIC_0056297,2
ISIC_0026107,4
ISIC_0071906,0
ISIC_0062319,1
ISIC_0061596,2
ISIC_0070070,0
ISIC_0056252,2
ISIC_0055720,0
ISIC_0053698,0
ISIC_0063283,2
ISIC_0072075,4
ISIC_0033088,4
ISIC_0072891,2
ISIC_0029761,1
ISIC_0069422,2
ISIC_0069475,0
ISIC_0054567,2
ISIC_0065330,2
ISIC_0033232,0
ISIC_0027290,1
ISIC_0024717,1
ISIC_0026516,0
ISIC_0010025,1
ISIC_0032365,4
ISIC_0056565,1
ISIC_0064335,1
ISIC_0056730,2
ISIC_0062492,2
ISIC_0024832,4
ISIC_0001871_downsampled,1
ISIC_0071073,1
ISIC_0064325,2
ISIC_0013801_downsampled,1
ISIC_0072480,2
ISIC_0073099,4
ISIC_0068910,0
ISIC_0014581_downsampled,4
ISIC_0012693_downsampled,4
ISIC_0056863,0
ISIC_0054711,1
ISIC_0033930,1
ISIC_0071555,2
ISIC_0028094,4
ISIC_0070907,4
ISIC_0026332,1
ISIC_0028121,4
ISIC_0062538,1
ISIC_0064787,4
ISIC_0073229,2
ISIC_0069715,2
ISIC_0060949,0
ISIC_0059972,4
ISIC_0067460,0
ISIC_0024580,1
ISIC_0062821,0
ISIC_0025655,1
ISIC_0072010,0
ISIC_0072455,2
ISIC_0027005,1
ISIC_0070566,0
ISIC_0056790,0
ISIC_0063757,0
ISIC_0069291,4
ISIC_0030220,1
ISIC_0072526,1
ISIC_0065389,4
ISIC_0062464,2
ISIC_0053514,2
ISIC_0033606,4
ISIC_0000051_downsampled,1
ISIC_0056282,2
ISIC_0072195,0
ISIC_0014525_downsampled,0
ISIC_0033280,4
ISIC_0064398,4
ISIC_0069249,2
ISIC_0064885,2
ISIC_0031572,1
ISIC_0069938,0
ISIC_0029061,4
ISIC_0068083,2
ISIC_0063143,0
ISIC_0058938,4
ISIC_0027589,1
ISIC_0067317,0
ISIC_0073161,2
ISIC_0028978,2
ISIC_0013364_downsampled,4
ISIC_0027754,4
ISIC_0027739,4
ISIC_0059066,0
ISIC_0032815,1
ISIC_0056530,4
ISIC_0072976,0
ISIC_0031805,1
ISIC_0024554,0
ISIC_0068703,1
ISIC_0059548,2
ISIC_0014219_downsampled,0
ISIC_0027245,1
ISIC_0025351,4
ISIC_0030475,1
ISIC_0025556,1
ISIC_0069712,2
ISIC_0065637,2
ISIC_0029101,4
ISIC_0032287,0
ISIC_0028608,1
ISIC_0068415,2
ISIC_0064679,2
ISIC_0027616,0
ISIC_0026733,1
ISIC_0072054,4
ISIC_0063733,1
ISIC_0025125,1
ISIC_0062474,0
ISIC_0010853,1
ISIC_0073070,4
ISIC_0029933,0
ISIC_0059598,4
ISIC_0064367,1
ISIC_0026586,0
ISIC_0025627,4
ISIC_0061979,2
ISIC_0065597,0
ISIC_0033504,2
ISIC_0057272,4
ISIC_0072573,2
ISIC_0026216,1
ISIC_0070300,4
ISIC_0071403,1
ISIC_0031284,2
ISIC_0024737,1
ISIC_0024945,1
ISIC_0027513,4
ISIC_0025500,0
ISIC_0027846,2
ISIC_0029134,1
ISIC_0032194,2
ISIC_0026738,0
ISIC_0026846,4
ISIC_0061698,4
ISIC_0053762,2
ISIC_0066389,4
ISIC_0061894,0
ISIC_0066924,2
ISIC_0060386,0
ISIC_0026712,1
ISIC_0062999,4
ISIC_0066639,2
ISIC_0034013,1
ISIC_0066575,2
ISIC_0068800,0
ISIC_0062574,4
ISIC_0065624,2
ISIC_0033620,4
ISIC_0059600,2
ISIC_0067464,2
ISIC_0011124,1
ISIC_0061173,2
ISIC_0028770,1
ISIC_0028821,1
ISIC_0024909,4
ISIC_0000217,1
ISIC_0031321,4
ISIC_0026443,4
ISIC_0072839,2
ISIC_0033868,4
ISIC_0060073,2
ISIC_0026828,1
ISIC_0033662,0
ISIC_0025444,1
ISIC_0058524,4
ISIC_0027275,4
ISIC_0065739,2
ISIC_0058025,2
ISIC_0072524,1
ISIC_0027991,4
ISIC_0057918,0
ISIC_0062666,2
ISIC_0029669,2
ISIC_0064515,0
ISIC_0053559,2
ISIC_0026923,4
ISIC_0069562,1
ISIC_0072296,4
ISIC_0063516,1
ISIC_0068337,1
ISIC_0072131,2
ISIC_0068249,4
ISIC_0024323,0
ISIC_0054066,1
ISIC_0034140,0
ISIC_0024768,1
ISIC_0069133,2
ISIC_0068594,1
ISIC_0071180,0
ISIC_0031239,0
ISIC_0059049,4
ISIC_0057058,2
ISIC_0072887,0
ISIC_0014638_downsampled,4
ISIC_0024970,4
ISIC_0031212,4
ISIC_0031380,1
ISIC_0015295_downsampled,4
ISIC_0010461,1
ISIC_0031770,4
ISIC_0065302,4
ISIC_0030729,1
ISIC_0070596,0
ISIC_0027015,1
ISIC_0056697,1
ISIC_0013602_downsampled,1
ISIC_0031351,2
ISIC_0024820,1
ISIC_0063888,4
ISIC_0065701,4
ISIC_0056692,0
ISIC_0062754,4
ISIC_0014613_downsampled,4
ISIC_0067756,0
ISIC_0013841_downsampled,4
ISIC_0054975,2
ISIC_0010235,0
ISIC_0032591,1
ISIC_0060370,2
ISIC_0069088,2
ISIC_0057600,1
ISIC_0000082_downsampled,1
ISIC_0061543,2
ISIC_0058982,1
ISIC_0067896,0
ISIC_0054343,2
ISIC_0061866,2
ISIC_0068346,2
ISIC_0070746,1
ISIC_0024786,4
ISIC_0062899,2
ISIC_0025256,1
ISIC_0053863,2
ISIC_0026286,4
ISIC_0000281,0
ISIC_0071324,0
ISIC_0029437,1
ISIC_0065678,4
ISIC_0061370,4
ISIC_0012217_downsampled,4
ISIC_0061512,2
ISIC_0025883,4
ISIC_0014652_downsampled,4
ISIC_0024378,1
ISIC_0057397,0
ISIC_0062823,4
ISIC_0053469,0
ISIC_0067146,2
ISIC_0026536,1
ISIC_0055850,2
ISIC_0056139,2
ISIC_0033801,0
ISIC_0066940,2
ISIC_0000331,1
ISIC_0061629,0
ISIC_0027604,0
ISIC_0058888,4
ISIC_0070975,2
ISIC_0032358,4
ISIC_0056236,2
ISIC_0012376_downsampled,1
ISIC_0058482,2
ISIC_0054846,0
ISIC_0026192,2
ISIC_0072938,1
ISIC_0061100,2
ISIC_0030494,1
ISIC_0068905,0
ISIC_0061188,0
ISIC_0060401,2
ISIC_0070747,0
ISIC_0071029,2
ISIC_0065514,4
ISIC_0070933,0
ISIC_0014600_downsampled,4
ISIC_0058984,2
ISIC_0014238_downsampled,0
ISIC_0064826,4
ISIC_0024742,1
ISIC_0059689,2
ISIC_0066288,4
ISIC_0028662,4
ISIC_0026491,1
ISIC_0014804_downsampled,4
ISIC_0057336,2
ISIC_0054960,2
ISIC_0026277,4
ISIC_0067339,0
ISIC_0067832,2
ISIC_0032249,4
ISIC_0032998,1
ISIC_0013410_downsampled,1
ISIC_0053865,4
ISIC_0067426,2
ISIC_0072456,4
ISIC_0062303,2
ISIC_0058549,2
ISIC_0055835,1
ISIC_0012382_downsampled,0
ISIC_0064916,1
ISIC_0072693,2
ISIC_0055816,4
ISIC_0031859,1
ISIC_0060902,4
ISIC_0055105,0
ISIC_0054844,0
ISIC_0033843,0
ISIC_0057371,0
ISIC_0029580,4
ISIC_0062684,0
ISIC_0065259,4
ISIC_0028389,4
ISIC_0071665,2
ISIC_0059773,0
ISIC_0069378,2
ISIC_0072080,1
ISIC_0060144,2
ISIC_0061473,2
ISIC_0014006_downsampled,4
ISIC_0055125,1
ISIC_0027473,2
ISIC_0071421,4
ISIC_0028219,0
ISIC_0030810,1
ISIC_0070656,2
ISIC_0014029_downsampled,4
ISIC_0057787,0
ISIC_0058309,2
ISIC_0028958,4
ISIC_0010367,1
ISIC_0056673,1
ISIC_0054993,2
ISIC_0032265,0
ISIC_0027068,4
ISIC_0026379,1
ISIC_0030798,0
ISIC_0026829,2
ISIC_0026849,4
ISIC_0065335,4
ISIC_0033751,1
ISIC_0054772,2
ISIC_0033527,1
ISIC_0057973,0
ISIC_0031961,4
ISIC_0032120,1
ISIC_0014629_downsampled,4
ISIC_0056906,4
ISIC_0055744,2
ISIC_0010552,1
ISIC_0071586,0
ISIC_0064823,0
ISIC_0059439,1
ISIC_0027828,4
ISIC_0062709,0
ISIC_0029427,4
ISIC_0026604,0
ISIC_0012272_downsampled,4
ISIC_0064578,2
ISIC_0012414_downsampled,4
ISIC_0024581,4
ISIC_0070419,0
ISIC_0059811,2
ISIC_0061741,0
ISIC_0027004,2
ISIC_0032749,1
ISIC_0064024,2
ISIC_0071683,4
ISIC_0034089,0
ISIC_0066282,2
ISIC_0056622,4
ISIC_0056533,1
ISIC_0031018,1
ISIC_0028871,2
ISIC_0065269,1
ISIC_0030230,2
ISIC_0062807,4
ISIC_0071480,2
ISIC_0055969,2
ISIC_0024861,1
ISIC_0034165,4
ISIC_0062454,0
ISIC_0026631,4
ISIC_0063496,0
ISIC_0056586,4
ISIC_0070940,0
ISIC_0030605,4
ISIC_0053769,2
ISIC_0072549,2
ISIC_0014628_downsampled,4
ISIC_0027820,4
ISIC_0032250,1
ISIC_0073105,4
ISIC_0053744,2
ISIC_0071150,2
ISIC_0053894,1
ISIC_0073061,2
ISIC_0027394,4
ISIC_0061985,4
ISIC_0013975_downsampled,0
ISIC_0024531,1
ISIC_0027865,2
ISIC_0060099,0
ISIC_0028728,2
ISIC_0065279,2
ISIC_0068939,1
ISIC_0032630,0
ISIC_0024958,0
ISIC_0033193,0
ISIC_0063200,2
ISIC_0026007,1
ISIC_0057161,2
ISIC_0054150,2
ISIC_0063237,4
ISIC_0056875,2
ISIC_0029571,0
ISIC_0067600,2
ISIC_0031603,1
ISIC_0069101,1
ISIC_0031771,1
ISIC_0030182,1
ISIC_0055375,2
ISIC_0072857,2
ISIC_0033931,0
ISIC_0026823,0
ISIC_0000282,0
ISIC_0054976,0
ISIC_0033235,4
ISIC_0069090,1
ISIC_0012178_downsampled,4
ISIC_0057646,4
ISIC_0031766,4
ISIC_0027073,1
ISIC_0057286,0
ISIC_0064503,0
ISIC_0069966,2
ISIC_0029791,4
ISIC_0025511,1
ISIC_0029857,2
ISIC_0028085,2
ISIC_0067554,2
ISIC_0054085,0
ISIC_0072293,2
ISIC_0060731,0
ISIC_0030187,0
ISIC_0013844_downsampled,0
ISIC_0055520,1
ISIC_0013498_downsampled,1
ISIC_0068339,2
ISIC_0025868,1
ISIC_0028577,2
ISIC_0059435,0
ISIC_0066289,0
ISIC_0065041,2
ISIC_0060152,0
ISIC_0014212_downsampled,4
ISIC_0066066,0
ISIC_0013861_downsampled,0
ISIC_0015353_downsampled,1
ISIC_0025016,4
ISIC_0031496,4
ISIC_0069732,2
ISIC_0058049,1
ISIC_0070601,0
ISIC_0057307,0
ISIC_0028473,4
ISIC_0067171,0
ISIC_0066844,0
ISIC_0012955_downsampled,4
ISIC_0025830,4
ISIC_0070647,4
ISIC_0057634,0
ISIC_0000311,0
ISIC_0069403,1
ISIC_0064691,1
ISIC_0029762,1
ISIC_0025966,1
ISIC_0072153,4
ISIC_0068025,2
ISIC_0067974,1
ISIC_0057715,2
ISIC_0013635_downsampled,4
ISIC_0061301,2
ISIC_0064644,2
ISIC_0027069,0
ISIC_0061397,2
ISIC_0032508,4
ISIC_0012173_downsampled,4
ISIC_0028129,1
ISIC_0065720,0
ISIC_0029607,1
ISIC_0068153,0
ISIC_0063795,0
ISIC_0054663,0
ISIC_0071955,2
ISIC_0014786_downsampled,1
ISIC_0029100,4
ISIC_0069790,4
ISIC_0027545,2
ISIC_0025877,1
ISIC_0066044,2
ISIC_0029176,4
ISIC_0024620,1
ISIC_0030616,0
ISIC_0031491,1
ISIC_0072108,2
ISIC_0025012,1
ISIC_0072029,2
ISIC_0056231,4
ISIC_0068314,1
ISIC_0024981,4
ISIC_0012388_downsampled,4
ISIC_0067937,1
ISIC_0059516,2
ISIC_0030908,1
ISIC_0010342,1
ISIC_0027064,4
ISIC_0059802,2
ISIC_0069357,1
ISIC_0057344,0
ISIC_0066954,2
ISIC_0029945,1
ISIC_0068414,1
ISIC_0070756,0
ISIC_0072581,2
ISIC_0069547,1
ISIC_0073003,1
ISIC_0027083,4
ISIC_0028525,4
ISIC_0072002,0
ISIC_0026154,2
ISIC_0030353,1
ISIC_0012379_downsampled,4
ISIC_0033006,1
ISIC_0056246,0
ISIC_0062753,4
ISIC_0066721,4
ISIC_0066379,0
ISIC_0054633,2
ISIC_0068599,4
ISIC_0065140,2
ISIC_0053537,2
ISIC_0067265,2
ISIC_0012288_downsampled,0
ISIC_0033748,1
ISIC_0033653,0
ISIC_0011130,0
ISIC_0029300,1
ISIC_0026775,4
ISIC_0033403,1
ISIC_0057050,2
ISIC_0064512,2
ISIC_0071170,2
ISIC_0059946,2
ISIC_0053545,0
ISIC_0065359,4
ISIC_0058785,4
ISIC_0057080,4
ISIC_0054176,1
ISIC_0026060,4
ISIC_0029410,1
ISIC_0054356,1
ISIC_0058625,0
ISIC_0027587,1
ISIC_0062349,2
ISIC_0013044_downsampled,1
ISIC_0032170,4
ISIC_0030323,4
ISIC_0068527,0
ISIC_0063813,0
ISIC_0028764,0
ISIC_0025581,1
ISIC_0056346,0
ISIC_0054669,1
ISIC_0060032,0
ISIC_0060795,0
ISIC_0025943,1
ISIC_0073100,4
ISIC_0030648,1
ISIC_0054391,0
ISIC_0029832,1
ISIC_0011140,0
ISIC_0055474,0
ISIC_0068769,0
ISIC_0015229_downsampled,0
ISIC_0054593,2
ISIC_0065422,2
ISIC_0065699,2
ISIC_0000445_downsampled,0
ISIC_0033057,1
ISIC_0062578,1
ISIC_0057188,0
ISIC_0033399,0
ISIC_0065180,0
ISIC_0056949,1
ISIC_0059440,0
ISIC_0014597_downsampled,4
ISIC_0054395,0
ISIC_0027310,4
ISIC_0029780,0
ISIC_0031761,4
ISIC_0061802,4
ISIC_0072818,2
ISIC_0031986,2
ISIC_0060086,2
ISIC_0056117,1
ISIC_0028457,2
ISIC_0025156,1
ISIC_0071648,0
ISIC_0013424_downsampled,1
ISIC_0064137,4
ISIC_0055986,4
ISIC_0056942,2
ISIC_0024762,1
ISIC_0060523,4
ISIC_0000307,0
ISIC_0071871,4
ISIC_0026514,4
ISIC_0068101,2
ISIC_0070084,4
ISIC_0055488,1
ISIC_0064073,0
ISIC_0066347,0
ISIC_0014735_downsampled,0
ISIC_0072327,1
ISIC_0059450,0
ISIC_0069307,4
ISIC_0071979,2
ISIC_0066718,1
ISIC_0071223,2
ISIC_0054744,0
ISIC_0060787,1
ISIC_0014872_downsampled,0
ISIC_0064793,4
ISIC_0032746,1
ISIC_0006326_downsampled,1
ISIC_0059193,1
ISIC_0056705,1
ISIC_0070911,2
ISIC_0061303,2
ISIC_0064072,0
ISIC_0060535,1
ISIC_0024571,0
ISIC_0033829,4
ISIC_0055902,0
ISIC_0056422,0
ISIC_0064540,1
ISIC_0030689,0
ISIC_0028606,1
ISIC_0065835,2
ISIC_0030107,0
ISIC_0030195,1
ISIC_0014229_downsampled,0
ISIC_0064784,0
ISIC_0063530,2
ISIC_0057550,0
ISIC_0060502,0
ISIC_0028015,1
ISIC_0032143,1
ISIC_0072124,2
ISIC_0032915,0
ISIC_0064841,2
ISIC_0053821,1
ISIC_0063690,0
ISIC_0054390,2
ISIC_0059884,0
ISIC_0029202,4
ISIC_0025031,2
ISIC_0063747,2
ISIC_0071392,0
ISIC_0032972,4
ISIC_0064033,0
ISIC_0062194,2
ISIC_0059988,2
ISIC_0027421,1
ISIC_0028472,1
ISIC_0030091,1
ISIC_0065324,0
ISIC_0033545,0
ISIC_0072448,1
ISIC_0013170_downsampled,4
ISIC_0071315,0
ISIC_0027768,1
ISIC_0068654,1
ISIC_0029161,4
ISIC_0033412,1
ISIC_0029997,1
ISIC_0025362,2
ISIC_0062352,1
ISIC_0057914,0
ISIC_0027546,2
ISIC_0059009,2
ISIC_0024336,4
ISIC_0013639_downsampled,0
ISIC_0015079_downsampled,0
ISIC_0068778,0
ISIC_0056260,1
ISIC_0068552,1
ISIC_0026622,0
ISIC_0033747,2
ISIC_0014811_downsampled,4
ISIC_0063586,2
ISIC_0054779,4
ISIC_0061115,1
ISIC_0065746,0
ISIC_0030080,0
ISIC_0070843,2
ISIC_0066190,2
ISIC_0034189,4
ISIC_0054060,2
ISIC_0073038,0
ISIC_0029402,1
ISIC_0067208,0
ISIC_0024383,4
ISIC_0028605,1
ISIC_0066423,0
ISIC_0070838,4
ISIC_0029126,4
ISIC_0072139,4
ISIC_0015181_downsampled,4
ISIC_0029209,0
ISIC_0061909,2
ISIC_0011146,1
ISIC_0059642,2
ISIC_0030130,4
ISIC_0025748,0
ISIC_0013707_downsampled,4
ISIC_0060381,2
ISIC_0013689_downsampled,1
ISIC_0012428_downsampled,4
ISIC_0013807_downsampled,1
ISIC_0060565,4
ISIC_0067147,2
ISIC_0013073_downsampled,0
ISIC_0062138,0
ISIC_0015603_downsampled,1
ISIC_0070329,4
ISIC_0059506,0
ISIC_0031339,0
ISIC_0029856,2
ISIC_0066472,4
ISIC_0067595,2
ISIC_0013052_downsampled,4
ISIC_0026842,4
ISIC_0033490,4
ISIC_0064510,2
ISIC_0031769,1
ISIC_0068786,2
ISIC_0056731,2
ISIC_0058307,0
ISIC_0026430,0
ISIC_0024495,4
ISIC_0029453,0
ISIC_0028490,4
ISIC_0030744,4
ISIC_0026105,0
ISIC_0072463,2
ISIC_0054518,2
ISIC_0063895,1
ISIC_0029759,1
ISIC_0072991,0
ISIC_0028021,1
ISIC_0057892,1
ISIC_0058791,0
ISIC_0026570,1
ISIC_0057963,0
ISIC_0014500_downsampled,4
ISIC_0063945,0
ISIC_0057147,0
ISIC_0058432,0
ISIC_0027006,4
ISIC_0056531,0
ISIC_0060553,1
ISIC_0031077,0
ISIC_0072605,2
ISIC_0029223,1
ISIC_0025867,4
ISIC_0062944,0
ISIC_0067780,2
ISIC_0032953,1
ISIC_0012187_downsampled,1
ISIC_0033300,0
ISIC_0002975_downsampled,1
ISIC_0063599,2
ISIC_0066646,4
ISIC_0025978,1
ISIC_0054840,4
ISIC_0025065,1
ISIC_0032712,1
ISIC_0027618,1
ISIC_0031553,1
ISIC_0055036,4
ISIC_0064599,2
ISIC_0064420,2
ISIC_0069161,2
ISIC_0058421,4
ISIC_0025531,0
ISIC_0028650,4
ISIC_0024987,0
ISIC_0000086_downsampled,1
ISIC_0014823_downsampled,4
ISIC_0062817,2
ISIC_0058187,1
ISIC_0026538,4
ISIC_0064883,4
ISIC_0009430_downsampled,1
ISIC_0073154,2
ISIC_0014594_downsampled,4
ISIC_0068680,2
ISIC_0027532,1
ISIC_0026764,1
ISIC_0028688,2
ISIC_0025904,0
ISIC_0012258_downsampled,0
ISIC_0024942,1
ISIC_0027900,0
ISIC_0062165,4
ISIC_0027649,4
ISIC_0034051,0
ISIC_0056521,4
ISIC_0059480,4
ISIC_0030401,1
ISIC_0028405,1
ISIC_0059273,0
ISIC_0025039,1
ISIC_0014651_downsampled,4
ISIC_0072784,4
ISIC_0067006,0
ISIC_0054451,2
ISIC_0067444,1
ISIC_0062926,2
ISIC_0065697,0
ISIC_0065448,0
ISIC_0072732,2
ISIC_0054543,4
ISIC_0054986,2
ISIC_0054817,2
ISIC_0031664,1
ISIC_0061052,0
ISIC_0060599,2
ISIC_0065179,2
ISIC_0012213_downsampled,1
ISIC_0063533,1
ISIC_0033166,0
ISIC_0055453,0
ISIC_0056571,2
ISIC_0071513,2
ISIC_0030705,4
ISIC_0071682,2
ISIC_0053562,4
ISIC_0065371,1
ISIC_0072410,4
ISIC_0068985,2
ISIC_0032179,4
ISIC_0055762,2
ISIC_0030893,2
ISIC_0030241,4
ISIC_0014598_downsampled,4
ISIC_0033835,1
ISIC_0012333_downsampled,1
ISIC_0069243,1
ISIC_0028613,1
ISIC_0029233,4
ISIC_0025700,2
ISIC_0070422,0
ISIC_0031567,1
ISIC_0031872,4
ISIC_0029251,4
ISIC_0012950_downsampled,1
ISIC_0027905,4
ISIC_0068103,4
ISIC_0068231,2
ISIC_0062318,0
ISIC_0059192,4
ISIC_0032230,4
ISIC_0031327,1
ISIC_0026080,1
ISIC_0058851,0
ISIC_0053867,2
ISIC_0033999,0
ISIC_0058889,1
ISIC_0069583,0
ISIC_0069458,2
ISIC_0057734,0
ISIC_0057662,2
ISIC_0056601,0
ISIC_0057979,2
ISIC_0071930,4
ISIC_0031951,4
ISIC_0061530,1
ISIC_0064606,0
ISIC_0071835,1
ISIC_0056605,2
ISIC_0056957,0
ISIC_0072057,4
ISIC_0030333,0
ISIC_0025923,1
ISIC_0026766,2
ISIC_0014349_downsampled,0
ISIC_0067102,0
ISIC_0059115,2
ISIC_0013817_downsampled,4
ISIC_0058267,0
ISIC_0059873,2
ISIC_0054189,2
ISIC_0064058,0
ISIC_0068047,2
ISIC_0067305,2
ISIC_0065314,2
ISIC_0030222,1
ISIC_0024931,2
ISIC_0061457,1
ISIC_0054764,2
ISIC_0055140,0
ISIC_0032981,0
ISIC_0012323_downsampled,4
ISIC_0070053,2
ISIC_0070565,4
ISIC_0058880,0
ISIC_0024601,1
ISIC_0024626,4
ISIC_0069035,1
ISIC_0029212,0
ISIC_0026967,4
ISIC_0057463,4
ISIC_0013223_downsampled,4
ISIC_0058353,1
ISIC_0030532,1
ISIC_0070448,4
ISIC_0032813,1
ISIC_0066130,1
ISIC_0054302,0
ISIC_0060256,0
ISIC_0031783,4
ISIC_0055415,4
ISIC_0030990,1
ISIC_0028443,1
ISIC_0025022,1
ISIC_0058856,4
ISIC_0065001,0
ISIC_0063228,0
ISIC_0000539,1
ISIC_0057828,0
ISIC_0026495,1
ISIC_0011131,1
ISIC_0032757,4
ISIC_0065797,2
ISIC_0025882,1
ISIC_0031038,1
ISIC_0073246,2
ISIC_0063852,0
ISIC_0058212,4
ISIC_0025280,1
ISIC_0060096,0
ISIC_0029355,1
ISIC_0066337,2
ISIC_0055557,4
ISIC_0058317,4
ISIC_0061699,0
ISIC_0027526,2
ISIC_0026744,4
ISIC_0071800,0
ISIC_0011387,0
ISIC_0063649,2
ISIC_0027992,1
ISIC_0055311,0
ISIC_0070491,2
ISIC_0065440,2
ISIC_0030056,4
ISIC_0062915,2
ISIC_0063828,4
ISIC_0070498,4
ISIC_0065866,4
ISIC_0033488,4
ISIC_0057086,2
ISIC_0027144,0
ISIC_0056631,2
ISIC_0032524,1
ISIC_0013867_downsampled,0
ISIC_0057400,2
ISIC_0015276_downsampled,1
ISIC_0025550,0
ISIC_0067789,0
ISIC_0059135,2
ISIC_0025761,1
ISIC_0068214,4
ISIC_0028352,0
ISIC_0032570,4
ISIC_0055814,2
ISIC_0000451_downsampled,1
ISIC_0025079,1
ISIC_0056990,2
ISIC_0026533,1
ISIC_0033750,4
ISIC_0032929,4
ISIC_0070667,1
ISIC_0058664,4
ISIC_0070950,2
ISIC_0032849,1
ISIC_0057903,2
ISIC_0068313,2
ISIC_0067283,4
ISIC_0024893,4
ISIC_0034011,4
ISIC_0031928,1
ISIC_0027651,0
ISIC_0024598,1
ISIC_0028717,1
ISIC_0068922,4
ISIC_0033945,4
ISIC_0068138,2
ISIC_0066659,0
ISIC_0024623,4
ISIC_0033362,0
ISIC_0059892,0
ISIC_0033112,1
ISIC_0058285,0
ISIC_0055201,2
ISIC_0032894,2
ISIC_0068361,4
ISIC_0057033,0
ISIC_0032663,1
ISIC_0010339,1
ISIC_0025454,4
ISIC_0013561_downsampled,1
ISIC_0014641_downsampled,4
ISIC_0055251,1
ISIC_0067818,2
ISIC_0068687,4
ISIC_0068186,2
ISIC_0070352,0
ISIC_0054300,4
ISIC_0068169,2
ISIC_0072993,2
ISIC_0024836,1
ISIC_0072491,2
ISIC_0029836,4
ISIC_0002976_downsampled,1
ISIC_0029969,1
ISIC_0069065,0
ISIC_0067621,0
ISIC_0063960,0
ISIC_0058240,2
ISIC_0033460,4
ISIC_0012303_downsampled,1
ISIC_0028284,1
ISIC_0055976,0
ISIC_0059383,4
ISIC_0053987,4
ISIC_0062223,1
ISIC_0024898,0
ISIC_0067774,2
ISIC_0000030_downsampled,0
ISIC_0061636,0
ISIC_0024351,0
ISIC_0029232,4
ISIC_0029552,1
ISIC_0024952,0
ISIC_0069843,2
ISIC_0072983,0
ISIC_0065334,2
ISIC_0072001,0
ISIC_0059888,1
ISIC_0067719,0
ISIC_0063192,2
ISIC_0029750,1
ISIC_0028992,4
ISIC_0063094,0
ISIC_0030137,4
ISIC_0027432,1
ISIC_0072189,2
ISIC_0072740,4
ISIC_0014619_downsampled,4
ISIC_0069300,2
ISIC_0014433_downsampled,1
ISIC_0057747,0
ISIC_0030701,1
ISIC_0070718,2
ISIC_0058753,0
ISIC_0055185,4
ISIC_0062240,2
ISIC_0027295,4
ISIC_0027192,4
ISIC_0012713_downsampled,1
ISIC_0013056_downsampled,4
ISIC_0054459,0
ISIC_0060429,2
ISIC_0025950,1
ISIC_0030731,4
ISIC_0025404,1
ISIC_0071045,0
ISIC_0032361,1
ISIC_0033724,1
ISIC_0060392,2
ISIC_0069016,4
ISIC_0000285,0
ISIC_0055007,0
ISIC_0058520,2
ISIC_0054204,2
ISIC_0029992,1
ISIC_0033963,1
ISIC_0068536,2
ISIC_0056620,4
ISIC_0013499_downsampled,0
ISIC_0060495,0
ISIC_0066926,1
ISIC_0026049,1
ISIC_0071346,0
ISIC_0027353,1
ISIC_0026954,0
ISIC_0061761,0
ISIC_0015270_downsampled,1
ISIC_0053735,2
ISIC_0060728,0
ISIC_0064934,0
ISIC_0014028_downsampled,4
ISIC_0062254,1
ISIC_0066210,2
ISIC_0013181_downsampled,1
ISIC_0029241,0
ISIC_0053533,0
ISIC_0033372,2
ISIC_0070223,2
ISIC_0026544,1
ISIC_0058500,2
ISIC_0029548,4
ISIC_0027956,0
ISIC_0058376,0
ISIC_0061621,2
ISIC_0033264,4
ISIC_0013517_downsampled,1
ISIC_0067980,1
ISIC_0065391,2
ISIC_0055679,4
ISIC_0062009,4
ISIC_0015360_downsampled,1
ISIC_0013414_downsampled,0
ISIC_0026641,1
ISIC_0058548,0
ISIC_0033583,4
ISIC_0059128,2
ISIC_0024673,2
ISIC_0057898,0
ISIC_0032903,0
ISIC_0072127,2
ISIC_0061295,1
ISIC_0024883,4
ISIC_0056572,0
ISIC_0026290,4
ISIC_0029054,1
ISIC_0025941,0
ISIC_0058808,1
ISIC_0025884,1
ISIC_0064877,0
ISIC_0056995,2
ISIC_0055723,1
ISIC_0027885,1
ISIC_0070661,2
ISIC_0068015,0
ISIC_0057551,2
ISIC_0034160,2
ISIC_0062271,2
ISIC_0024494,4
ISIC_0031987,4
ISIC_0070351,0
ISIC_0025548,4
ISIC_0058872,4
ISIC_0028376,4
ISIC_0024419,1
ISIC_0053945,0
ISIC_0069988,0
ISIC_0001118_downsampled,0
ISIC_0027948,1
ISIC_0056083,2
ISIC_0012696_downsampled,4
ISIC_0055804,1
ISIC_0055351,2
ISIC_0025519,4
ISIC_0063156,4
ISIC_0053873,2
ISIC_0064028,1
ISIC_0054979,0
ISIC_0065146,2
ISIC_0062399,2
ISIC_0064269,2
ISIC_0032024,4
ISIC_0069132,2
ISIC_0000549,0
ISIC_0053748,4
ISIC_0072116,1
ISIC_0015113_downsampled,4
ISIC_0068343,0
ISIC_0056853,1
ISIC_0026250,1
ISIC_0058453,0
ISIC_0028785,1
ISIC_0063204,1
ISIC_0014308_downsampled,0
ISIC_0055021,2
ISIC_0029603,4
ISIC_0060600,4
ISIC_0060968,0
ISIC_0030747,0
ISIC_0069652,2
ISIC_0071199,2
ISIC_0033499,2
ISIC_0055358,1
ISIC_0071225,4
ISIC_0027450,1
ISIC_0033948,1
ISIC_0009910,0
ISIC_0056564,4
ISIC_0071530,4
ISIC_0065830,2
ISIC_0056636,4
ISIC_0012397_downsampled,4
ISIC_0061250,0
ISIC_0070261,4
ISIC_0059669,0
ISIC_0025793,2
ISIC_0028708,1
ISIC_0054954,0
ISIC_0060166,2
ISIC_0025024,1
ISIC_0029080,4
ISIC_0069560,1
ISIC_0030393,1
ISIC_0054357,1
ISIC_0058472,2
ISIC_0024643,4
ISIC_0029698,0
ISIC_0068585,2
ISIC_0028760,0
ISIC_0033995,0
ISIC_0068707,2
ISIC_0069658,4
ISIC_0029412,2
ISIC_0059027,0
ISIC_0026528,2
ISIC_0056560,2
ISIC_0054156,2
ISIC_0059105,2
ISIC_0032840,0
ISIC_0063413,2
ISIC_0061111,1
ISIC_0029845,1
ISIC_0031915,0
ISIC_0072826,0
ISIC_0063134,4
ISIC_0069856,2
ISIC_0010265,0
ISIC_0067211,1
ISIC_0032739,1
ISIC_0071676,2
ISIC_0026950,0
ISIC_0066058,0
ISIC_0055772,2
ISIC_0029310,1
ISIC_0067386,2
ISIC_0024858,1
ISIC_0031639,4
ISIC_0062664,2
ISIC_0000366,1
ISIC_0062125,0
ISIC_0062620,2
ISIC_0029527,4
ISIC_0068115,0
ISIC_0054539,2
ISIC_0028920,4
ISIC_0012529_downsampled,1
ISIC_0028470,1
ISIC_0012386_downsampled,4
ISIC_0031902,1
ISIC_0054161,2
ISIC_0056953,2
ISIC_0073047,2
ISIC_0032823,0
ISIC_0064034,0
ISIC_0054882,4
ISIC_0066264,4
ISIC_0059657,2
ISIC_0010176,1
ISIC_0066727,2
ISIC_0070990,0
ISIC_0025617,2
ISIC_0013341_downsampled,4
ISIC_0027726,1
ISIC_0032829,4
ISIC_0016058_downsampled,1
ISIC_0015203_downsampled,1
ISIC_0000492,1
ISIC_0010029,0
ISIC_0029774,1
ISIC_0032256,1
ISIC_0064754,2
ISIC_0029394,4
ISIC_0013040_downsampled,4
ISIC_0033324,0
ISIC_0062418,1
ISIC_0055278,1
ISIC_0058351,1
ISIC_0072853,2
ISIC_0062235,0
ISIC_0028756,1
ISIC_0027025,4
ISIC_0070149,0
ISIC_0059118,4
ISIC_0032345,1
ISIC_0057777,1
ISIC_0029776,4
ISIC_0030114,2
ISIC_0027358,1
ISIC_0010603,1
ISIC_0053716,4
ISIC_0054229,0
ISIC_0027815,4
ISIC_0054621,2
ISIC_0061419,2
ISIC_0055392,2
ISIC_0034118,0
ISIC_0026835,4
ISIC_0014221_downsampled,0
ISIC_0069168,2
ISIC_0014311_downsampled,4
ISIC_0071197,0
ISIC_0069066,2
ISIC_0054144,2
ISIC_0033175,0
ISIC_0031266,2
ISIC_0010036,0
ISIC_0056088,2
ISIC_0065580,1
ISIC_0010241,0
ISIC_0062630,4
ISIC_0057273,2
ISIC_0029136,1
ISIC_0057104,2
ISIC_0055583,4
ISIC_0072356,2
ISIC_0066489,2
ISIC_0025081,0
ISIC_0063475,0
ISIC_0031897,4
ISIC_0032307,2
ISIC_0031139,1
ISIC_0032624,0
ISIC_0054796,0
ISIC_0031334,4
ISIC_0066894,2
ISIC_0012377_downsampled,4
ISIC_0025337,4
ISIC_0064186,1
ISIC_0030943,1
ISIC_0000297,0
ISIC_0013918_downsampled,4
ISIC_0013173_downsampled,1
ISIC_0065431,0
ISIC_0072939,0
ISIC_0070533,1
ISIC_0026330,1
ISIC_0065399,4
ISIC_0054165,4
ISIC_0067721,2
ISIC_0015372_downsampled,1
ISIC_0061207,2
ISIC_0024831,1
ISIC_0062721,0
ISIC_0014622_downsampled,4
ISIC_0014695_downsampled,0
ISIC_0032061,2
ISIC_0025614,1
ISIC_0034042,1
ISIC_0034275,0
ISIC_0024625,1
ISIC_0069015,4
ISIC_0026135,4
ISIC_0069542,1
ISIC_0026947,4
ISIC_0031168,4
ISIC_0055914,2
ISIC_0069334,1
ISIC_0067637,1
ISIC_0030188,4
ISIC_0064228,4
ISIC_0025378,4
ISIC_0059983,0
ISIC_0059318,0
ISIC_0060361,4
ISIC_0065581,2
ISIC_0030511,2
ISIC_0053591,2
ISIC_0033776,4
ISIC_0066098,0
ISIC_0065812,1
ISIC_0056396,2
ISIC_0071287,2
ISIC_0061692,4
ISIC_0059144,1
ISIC_0069063,0
ISIC_0030667,1
ISIC_0024922,1
ISIC_0056930,1
ISIC_0025066,4
ISIC_0032578,1
ISIC_0058814,1
ISIC_0026728,4
ISIC_0065333,1
ISIC_0070942,2
ISIC_0055135,2
ISIC_0065846,2
ISIC_0060283,2
ISIC_0030778,2
ISIC_0055314,0
ISIC_0060906,2
ISIC_0071399,4
ISIC_0069032,2
ISIC_0029374,1
ISIC_0060248,0
ISIC_0028250,1
ISIC_0067098,2
ISIC_0025460,1
ISIC_0026750,1
ISIC_0031016,4
ISIC_0027770,4
ISIC_0070412,0
ISIC_0068177,2
ISIC_0068533,4
ISIC_0029924,4
ISIC_0063007,2
ISIC_0055401,2
ISIC_0058993,1
ISIC_0058161,4
ISIC_0061924,4
ISIC_0069585,4
ISIC_0025333,1
ISIC_0071489,1
ISIC_0064342,0
ISIC_0070382,4
ISIC_0054428,1
ISIC_0055917,1
ISIC_0072082,2
ISIC_0062371,4
ISIC_0030581,1
ISIC_0059631,0
ISIC_0063231,2
ISIC_0031548,1
ISIC_0014943_downsampled,1
ISIC_0054299,2
ISIC_0033576,4
ISIC_0068081,1
ISIC_0067858,1
ISIC_0065927,0
ISIC_0059638,4
ISIC_0024559,1
ISIC_0059005,0
ISIC_0069091,0
ISIC_0060446,0
ISIC_0031078,4
ISIC_0031189,0
ISIC_0029539,2
ISIC_0063534,2
ISIC_0028275,1
ISIC_0071917,2
ISIC_0029763,1
ISIC_0072889,0
ISIC_0024595,2
ISIC_0070231,2
ISIC_0070662,1
ISIC_0029545,2
ISIC_0032924,1
ISIC_0066572,2
ISIC_0070086,2
ISIC_0033480,4
ISIC_0068250,2
ISIC_0065615,0
ISIC_0070060,2
ISIC_0030317,1
ISIC_0014110_downsampled,0
ISIC_0057068,4
ISIC_0055739,0
ISIC_0026030,1
ISIC_0027261,0
ISIC_0027796,4
ISIC_0065969,0
ISIC_0071806,0
ISIC_0055897,2
ISIC_0072698,2
ISIC_0015220_downsampled,4
ISIC_0033234,1
ISIC_0062768,4
ISIC_0031670,0
ISIC_0025810,4
ISIC_0033296,1
ISIC_0063673,2
ISIC_0034201,4
ISIC_0061226,4
ISIC_0013409_downsampled,4
ISIC_0070844,2
ISIC_0033217,0
ISIC_0059919,0
ISIC_0064788,2
ISIC_0059854,2
ISIC_0069191,2
ISIC_0015153_downsampled,4
ISIC_0065703,2
ISIC_0025175,1
ISIC_0033495,1
ISIC_0071119,0
ISIC_0027428,4
ISIC_0060053,2
ISIC_0000119_downsampled,1
ISIC_0026539,4
ISIC_0060343,2
ISIC_0066114,0
ISIC_0070761,2
ISIC_0002871_downsampled,1
ISIC_0024825,4
ISIC_0054279,2
ISIC_0070710,0
ISIC_0071426,4
ISIC_0026205,4
ISIC_0058765,2
ISIC_0065810,4
ISIC_0030201,1
ISIC_0061807,1
ISIC_0057569,2
ISIC_0028354,4
ISIC_0027059,1
ISIC_0061679,4
ISIC_0066697,2
ISIC_0069443,2
ISIC_0056428,0
ISIC_0067543,0
ISIC_0029122,1
ISIC_0027525,2
ISIC_0064286,2
ISIC_0013980_downsampled,4
ISIC_0055935,1
ISIC_0061026,2
ISIC_0032884,1
ISIC_0026085,4
ISIC_0066102,0
ISIC_0055409,2
ISIC_0071904,0
ISIC_0065028,2
ISIC_0025647,1
ISIC_0056044,0
ISIC_0068696,0
ISIC_0026523,4
ISIC_0002488_downsampled,1
ISIC_0073091,2
ISIC_0012704_downsampled,4
ISIC_0069263,4
ISIC_0026837,1
ISIC_0072441,0
ISIC_0028568,2
ISIC_0070967,4
ISIC_0033014,1
ISIC_0057275,2
ISIC_0061583,0
ISIC_0059620,4
ISIC_0071445,4
ISIC_0055643,0
ISIC_0030772,1
ISIC_0029978,1
ISIC_0026353,1
ISIC_0026421,1
ISIC_0059866,0
ISIC_0026569,1
ISIC_0067088,2
ISIC_0026459,1
ISIC_0061513,4
ISIC_0072928,4
ISIC_0061785,4
ISIC_0031032,1
ISIC_0059524,2
ISIC_0060011,2
ISIC_0013165_downsampled,4
ISIC_0028078,1
ISIC_0057604,2
ISIC_0060440,4
ISIC_0063610,2
ISIC_0063716,4
ISIC_0026320,1
ISIC_0057989,2
ISIC_0059830,0
ISIC_0026863,1
ISIC_0065029,0
ISIC_0053663,4
ISIC_0057290,4
ISIC_0029217,4
ISIC_0059975,4
ISIC_0056440,0
ISIC_0071797,0
ISIC_0055418,2
ISIC_0070995,4
ISIC_0073097,0
ISIC_0028205,1
ISIC_0031140,2
ISIC_0061978,4
ISIC_0014211_downsampled,1
ISIC_0069104,2
ISIC_0029365,1
ISIC_0055014,2
ISIC_0024943,4
ISIC_0027785,1
ISIC_0064444,0
ISIC_0072081,1
ISIC_0067295,2
ISIC_0066907,0
ISIC_0067638,2
ISIC_0061859,1
ISIC_0065523,0
ISIC_0063668,2
ISIC_0054100,1
ISIC_0013977_downsampled,4
ISIC_0070721,2
ISIC_0071828,4
ISIC_0032778,4
ISIC_0012090_downsampled,4
ISIC_0073016,0
ISIC_0061202,2
ISIC_0058658,0
ISIC_0009943,1
ISIC_0029329,4
ISIC_0026462,1
ISIC_0066743,2
ISIC_0029108,4
ISIC_0069219,2
ISIC_0001105_downsampled,0
ISIC_0011367,1
ISIC_0067539,0
ISIC_0033855,4
ISIC_0072294,0
ISIC_0032055,1
ISIC_0056094,4
ISIC_0065218,0
ISIC_0056917,2
ISIC_0072909,0
ISIC_0033272,0
ISIC_0014903_downsampled,1
ISIC_0013089_downsampled,4
ISIC_0009869,1
ISIC_0032960,0
ISIC_0011390,0
ISIC_0067439,2
ISIC_0025724,0
ISIC_0060483,2
ISIC_0012342_downsampled,4
ISIC_0058220,2
ISIC_0028968,0
ISIC_0061168,4
ISIC_0070340,1
ISIC_0067196,1
ISIC_0025786,1
ISIC_0071050,0
ISIC_0056416,4
ISIC_0071890,2
ISIC_0069321,1
ISIC_0064439,2
ISIC_0057834,4
ISIC_0034163,1
ISIC_0024313,0
ISIC_0058996,2
ISIC_0061658,4
ISIC_0063410,0
ISIC_0031171,2
ISIC_0058059,0
ISIC_0033882,1
ISIC_0065465,1
ISIC_0072066,2
ISIC_0010462,1
ISIC_0029935,1
ISIC_0070151,2
ISIC_0034291,4
ISIC_0033081,0
ISIC_0069382,2
ISIC_0027253,0
ISIC_0067272,2
ISIC_0062361,4
ISIC_0033312,0
ISIC_0070272,4
ISIC_0072133,1
ISIC_0031236,2
ISIC_0054780,4
ISIC_0054957,2
ISIC_0063892,2
ISIC_0031903,4
ISIC_0028652,2
ISIC_0062583,2
ISIC_0066430,0
ISIC_0031459,4
ISIC_0057173,0
ISIC_0025433,2
ISIC_0028347,4
ISIC_0028014,1
ISIC_0066533,0
ISIC_0066481,0
ISIC_0032423,1
ISIC_0033728,0
ISIC_0053665,1
ISIC_0000290,0
ISIC_0059178,0
ISIC_0031026,2
ISIC_0057820,2
ISIC_0025478,1
ISIC_0014579_downsampled,4
ISIC_0059317,2
ISIC_0034188,0
ISIC_0063779,2
ISIC_0029242,0
ISIC_0033962,0
ISIC_0032463,4
ISIC_0012266_downsampled,4
ISIC_0067337,2
ISIC_0030758,4
ISIC_0056467,1
ISIC_0060216,0
ISIC_0066803,4
ISIC_0012682_downsampled,1
ISIC_0025727,1
ISIC_0072750,2
ISIC_0067300,1
ISIC_0027680,4
ISIC_0054575,2
ISIC_0028739,2
ISIC_0033779,0
ISIC_0012314_downsampled,4
ISIC_0072626,0
ISIC_0060226,4
ISIC_0065647,4
ISIC_0014264_downsampled,4
ISIC_0024976,1
ISIC_0054649,2
ISIC_0025651,0
ISIC_0067510,0
ISIC_0014784_downsampled,0
ISIC_0061915,0
ISIC_0014590_downsampled,4
ISIC_0014026_downsampled,1
ISIC_0064060,0
ISIC_0065874,2
ISIC_0072786,0
ISIC_0067687,1
ISIC_0031130,4
ISIC_0069004,1
ISIC_0012537_downsampled,4
ISIC_0029011,1
ISIC_0030925,0
ISIC_0056190,0
ISIC_0068477,0
ISIC_0025852,1
ISIC_0032885,1
ISIC_0033684,1
ISIC_0031175,2
ISIC_0006800_downsampled,1
ISIC_0066587,4
ISIC_0000134_downsampled,1
ISIC_0055735,2
ISIC_0002476_downsampled,1
ISIC_0013981_downsampled,4
ISIC_0071003,2
ISIC_0071859,2
ISIC_0028541,1
ISIC_0059081,2
ISIC_0066623,2
ISIC_0011212,1
ISIC_0072087,0
ISIC_0069389,4
ISIC_0067753,2
ISIC_0060741,0
ISIC_0024502,1
ISIC_0071924,1
ISIC_0060132,0
ISIC_0064896,4
ISIC_0029418,4
ISIC_0055428,1
ISIC_0026646,1
ISIC_0060542,2
ISIC_0058591,2
ISIC_0062575,0
ISIC_0067138,1
ISIC_0060622,2
ISIC_0066257,2
ISIC_0024812,1
ISIC_0011328,1
ISIC_0058341,0
ISIC_0067567,0
ISIC_0062421,4
ISIC_0068112,2
ISIC_0063932,1
ISIC_0026282,2
ISIC_0068815,2
ISIC_0030255,0
ISIC_0060133,2
ISIC_0065887,4
ISIC_0031252,1
ISIC_0058909,0
ISIC_0062587,4
ISIC_0008541_downsampled,1
ISIC_0062356,2
ISIC_0067596,4
ISIC_0070364,0
ISIC_0026365,4
ISIC_0028201,4
ISIC_0072809,2
ISIC_0027154,4
ISIC_0071185,1
ISIC_0024525,0
ISIC_0053932,4
ISIC_0054985,2
ISIC_0031550,0
ISIC_0030095,4
ISIC_0070961,0
ISIC_0066384,0
ISIC_0064456,2
ISIC_0064685,2
ISIC_0064210,2
ISIC_0014633_downsampled,4
ISIC_0071996,0
ISIC_0062473,2
ISIC_0027710,4
ISIC_0058016,0
ISIC_0055066,1
ISIC_0030135,1
ISIC_0028413,1
ISIC_0072782,4
ISIC_0055825,0
ISIC_0060458,1
ISIC_0030233,2
ISIC_0069484,2
ISIC_0069329,2
ISIC_0064376,0
ISIC_0064721,0
ISIC_0015959_downsampled,1
ISIC_0059423,0
ISIC_0062658,4
ISIC_0064141,0
ISIC_0063905,2
ISIC_0027202,4
ISIC_0026104,4
ISIC_0059989,2
ISIC_0034250,1
ISIC_0054600,1
ISIC_0031718,0
ISIC_0012481_downsampled,1
ISIC_0072377,0
ISIC_0026350,2
ISIC_0031317,1
ISIC_0067758,0
ISIC_0068382,0
ISIC_0065709,0
ISIC_0069642,4
ISIC_0033055,0
ISIC_0030458,4
ISIC_0033257,2
ISIC_0065447,2
ISIC_0053615,0
ISIC_0060351,1
ISIC_0069682,4
ISIC_0009982,1
ISIC_0012845_downsampled,4
ISIC_0056220,2
ISIC_0069635,0
ISIC_0029053,2
ISIC_0031728,2
ISIC_0012792_downsampled,4
ISIC_0025140,4
ISIC_0054167,0
ISIC_0058199,1
ISIC_0063066,2
ISIC_0065383,1
ISIC_0061085,0
ISIC_0010246,1
ISIC_0057015,0
ISIC_0024505,4
ISIC_0071598,2
ISIC_0032181,1
ISIC_0063783,4
ISIC_0027797,0
ISIC_0065181,0
ISIC_0058990,4
ISIC_0062936,2
ISIC_0071693,0
ISIC_0027326,4
ISIC_0027127,1
ISIC_0071241,4
ISIC_0065490,2
ISIC_0026115,0
ISIC_0060594,4
ISIC_0058011,2
ISIC_0068292,2
ISIC_0030782,2
ISIC_0057905,2
ISIC_0030979,1
ISIC_0027332,4
ISIC_0013927_downsampled,4
ISIC_0069981,4
ISIC_0054972,2
ISIC_0072230,0
ISIC_0062689,4
ISIC_0054906,0
ISIC_0012880_downsampled,4
ISIC_0033651,0
ISIC_0012974_downsampled,4
ISIC_0030784,0
ISIC_0072824,0
ISIC_0069324,0
ISIC_0024498,4
ISIC_0027517,0
ISIC_0071589,2
ISIC_0056235,2
ISIC_0059688,2
ISIC_0054227,2
ISIC_0066830,2
ISIC_0065345,2
ISIC_0061456,2
ISIC_0066707,2
ISIC_0064445,4
ISIC_0067498,1
ISIC_0028162,1
ISIC_0059706,4
ISIC_0060154,0
ISIC_0027771,4
ISIC_0059229,0
ISIC_0065325,1
ISIC_0068887,1
ISIC_0010189,0
ISIC_0057069,2
ISIC_0070927,0
ISIC_0056514,4
ISIC_0063001,4
ISIC_0072614,4
ISIC_0071415,0
ISIC_0027560,0
ISIC_0065554,4
ISIC_0027624,1
ISIC_0055743,0
ISIC_0054881,2
ISIC_0013178_downsampled,4
ISIC_0028308,4
ISIC_0025715,1
ISIC_0029501,2
ISIC_0012757_downsampled,4
ISIC_0031377,0
ISIC_0028048,1
ISIC_0066359,0
ISIC_0028476,1
ISIC_0024499,1
ISIC_0029068,4
ISIC_0072051,0
ISIC_0060223,2
ISIC_0060338,2
ISIC_0013675_downsampled,1
ISIC_0069503,2
ISIC_0066136,0
ISIC_0027296,1
ISIC_0031591,4
ISIC_0031118,0
ISIC_0063861,1
ISIC_0028931,4
ISIC_0010488,1
ISIC_0071742,2
ISIC_0000382_downsampled,1
ISIC_0071794,2
ISIC_0066983,1
ISIC_0016062_downsampled,1
ISIC_0069589,2
ISIC_0070492,2
ISIC_0069718,2
ISIC_0068200,0
ISIC_0032735,1
ISIC_0066398,2
ISIC_0026159,4
ISIC_0029644,2
ISIC_0026247,0
ISIC_0024555,1
ISIC_0053836,4
ISIC_0028749,4
ISIC_0056186,0
ISIC_0064967,1
ISIC_0056585,2
ISIC_0054545,1
ISIC_0030723,4
ISIC_0013621_downsampled,4
ISIC_0067893,0
ISIC_0056829,4
ISIC_0058056,4
ISIC_0072136,0
ISIC_0012517_downsampled,4
ISIC_0058824,1
ISIC_0013421_downsampled,4
ISIC_0024374,1
ISIC_0067443,0
ISIC_0059180,2
ISIC_0071236,2
ISIC_0027021,0
ISIC_0025576,2
ISIC_0060191,2
ISIC_0057354,1
ISIC_0070789,2
ISIC_0063075,4
ISIC_0026566,4
ISIC_0072972,4
ISIC_0069391,0
ISIC_0063802,2
ISIC_0063528,0
ISIC_0070461,2
ISIC_0053801,0
ISIC_0028858,2
ISIC_0058873,4
ISIC_0061341,2
ISIC_0056206,2
ISIC_0029987,1
ISIC_0034068,0
ISIC_0070612,2
ISIC_0031876,4
ISIC_0065813,0
ISIC_0066367,0
ISIC_0026825,1
ISIC_0059912,2
ISIC_0071021,1
ISIC_0058798,0
ISIC_0033339,1
ISIC_0063723,0
ISIC_0057190,2
ISIC_0070825,2
ISIC_0031302,1
ISIC_0058091,2
ISIC_0067034,4
ISIC_0057631,0
ISIC_0054658,2
ISIC_0072998,1
ISIC_0065774,0
ISIC_0013065_downsampled,4
ISIC_0053884,0
ISIC_0061905,1
ISIC_0057884,0
ISIC_0072895,4
ISIC_0031864,1
ISIC_0030868,2
ISIC_0055317,0
ISIC_0071448,2
ISIC_0066842,2
ISIC_0033271,2
ISIC_0027996,4
ISIC_0030824,0
ISIC_0030801,4
ISIC_0070508,4
ISIC_0027866,1
ISIC_0030649,4
ISIC_0070743,0
ISIC_0033445,1
ISIC_0068350,4
ISIC_0026907,4
ISIC_0030213,1
ISIC_0069272,2
ISIC_0056768,4
ISIC_0030724,1
ISIC_0026426,1
ISIC_0027163,0
ISIC_0072731,2
ISIC_0054443,2
ISIC_0063583,1
ISIC_0062561,4
ISIC_0059390,1
ISIC_0070917,4
ISIC_0031237,1
ISIC_0068226,4
ISIC_0065837,1
ISIC_0053841,0
ISIC_0030683,4
ISIC_0054690,4
ISIC_0014438_downsampled,1
ISIC_0070945,2
ISIC_0054599,0
ISIC_0067515,0
ISIC_0000518,0
ISIC_0068596,4
ISIC_0057192,0
ISIC_0066320,0
ISIC_0014083_downsampled,4
ISIC_0061550,4
ISIC_0031749,2
ISIC_0058670,2
ISIC_0058687,2
ISIC_0031907,1
ISIC_0026055,1
ISIC_0026487,1
ISIC_0068681,4
ISIC_0073247,2
ISIC_0029505,4
ISIC_0072978,2
ISIC_0060832,0
ISIC_0055771,0
ISIC_0054674,2
ISIC_0032799,2
ISIC_0055178,2
ISIC_0025532,1
ISIC_0025804,4
ISIC_0027976,2
ISIC_0028970,4
ISIC_0071450,2
ISIC_0064127,4
ISIC_0030007,4
ISIC_0029480,0
ISIC_0060040,2
ISIC_0069758,4
ISIC_0032529,1
ISIC_0056721,0
ISIC_0033743,1
ISIC_0027090,2
ISIC_0030698,4
ISIC_0064517,0
ISIC_0031138,4
ISIC_0024676,4
ISIC_0068642,2
ISIC_0056189,2
ISIC_0062209,4
ISIC_0055708,4
ISIC_0059932,4
ISIC_0024869,1
ISIC_0058344,0
ISIC_0030608,4
ISIC_0071367,0
ISIC_0057580,4
ISIC_0066881,2
ISIC_0014582_downsampled,4
ISIC_0066702,2
ISIC_0032517,0
ISIC_0029674,4
ISIC_0066649,0
ISIC_0072040,4
ISIC_0011128,0
ISIC_0032913,0
ISIC_0032486,4
ISIC_0062837,2
ISIC_0028276,1
ISIC_0030609,1
ISIC_0054693,4
ISIC_0031057,2
ISIC_0069982,4
ISIC_0072713,0
ISIC_0067953,0
ISIC_0031741,0
ISIC_0072443,1
ISIC_0034256,0
ISIC_0060671,0
ISIC_0025837,4
ISIC_0032560,1
ISIC_0066939,2
ISIC_0061862,2
ISIC_0027441,1
ISIC_0064684,2
ISIC_0029789,4
ISIC_0034269,0
ISIC_0034240,1
ISIC_0063698,4
ISIC_0057352,2
ISIC_0031196,4
ISIC_0034026,2
ISIC_0025553,1
ISIC_0063935,1
ISIC_0066345,4
ISIC_0069913,2
ISIC_0063718,4
ISIC_0030959,4
ISIC_0056218,2
ISIC_0054695,1
ISIC_0061821,4
ISIC_0070266,2
ISIC_0068185,1
ISIC_0068900,0
ISIC_0028322,1
ISIC_0066714,1
ISIC_0067249,2
ISIC_0026015,4
ISIC_0063992,0
ISIC_0064129,0
ISIC_0065658,0
ISIC_0026422,4
ISIC_0025922,1
ISIC_0026520,1
ISIC_0056287,2
ISIC_0059569,0
ISIC_0059460,4
ISIC_0054905,2
ISIC_0068276,0
ISIC_0072888,4
ISIC_0066019,0
ISIC_0029029,4
ISIC_0053889,4
ISIC_0013316_downsampled,4
ISIC_0064357,2
ISIC_0067233,0
ISIC_0067042,2
ISIC_0025526,4
ISIC_0029013,0
ISIC_0025285,2
ISIC_0055606,2
ISIC_0013500_downsampled,0
ISIC_0014927_downsampled,1
ISIC_0000337,1
ISIC_0060825,2
ISIC_0072574,0
ISIC_0069251,4
ISIC_0068429,1
ISIC_0055420,1
ISIC_0025075,4
ISIC_0066637,0
ISIC_0063748,0
ISIC_0055180,2
ISIC_0065186,0
ISIC_0054110,0
ISIC_0069058,0
ISIC_0027010,1
ISIC_0033979,2
ISIC_0025127,0
ISIC_0071080,4
ISIC_0053485,0
ISIC_0024684,1
ISIC_0063928,2
ISIC_0061277,2
ISIC_0000154_downsampled,0
ISIC_0026483,1
ISIC_0067347,0
ISIC_0000181_downsampled,1
ISIC_0054904,0
ISIC_0070111,0
ISIC_0013813_downsampled,0
ISIC_0012143_downsampled,4
ISIC_0055775,2
ISIC_0026675,4
ISIC_0000153_downsampled,0
ISIC_0066935,0
ISIC_0072807,2
ISIC_0066308,0
ISIC_0066506,0
ISIC_0065376,2
ISIC_0029048,4
ISIC_0012294_downsampled,4
ISIC_0054248,0
ISIC_0057635,4
ISIC_0024944,1
ISIC_0054717,2
ISIC_0014386_downsampled,4
ISIC_0063728,4
ISIC_0068691,4
ISIC_0025709,0
ISIC_0029927,4
ISIC_0033539,4
ISIC_0029495,0
ISIC_0069316,4
ISIC_0025879,4
ISIC_0053797,1
ISIC_0033211,1
ISIC_0066745,2
ISIC_0059006,2
ISIC_0066292,2
ISIC_0030403,2
ISIC_0065173,0
ISIC_0012726_downsampled,1
ISIC_0013329_downsampled,1
ISIC_0067235,0
ISIC_0060411,4
ISIC_0060833,4
ISIC_0071163,2
ISIC_0071492,0
ISIC_0064356,4
ISIC_0071085,2
ISIC_0059693,4
ISIC_0065848,2
ISIC_0025189,1
ISIC_0001191_downsampled,1
ISIC_0025592,0
ISIC_0061421,1
ISIC_0029342,2
ISIC_0033317,0
ISIC_0057977,2
ISIC_0061199,1
ISIC_0068004,2
ISIC_0063512,2
ISIC_0025704,1
ISIC_0028870,1
ISIC_0029692,1
ISIC_0032193,1
ISIC_0031272,2
ISIC_0026826,1
ISIC_0032738,1
ISIC_0064292,2
ISIC_0027350,0
ISIC_0024708,4
ISIC_0029192,2
ISIC_0054334,0
ISIC_0030417,0
ISIC_0012199_downsampled,4
ISIC_0025973,4
ISIC_0058913,1
ISIC_0026648,1
ISIC_0062033,2
ISIC_0072103,0
ISIC_0065954,0
ISIC_0069356,1
ISIC_0029617,4
ISIC_0054525,1
ISIC_0033900,4
ISIC_0025038,4
ISIC_0053535,2
ISIC_0066376,0
ISIC_0071414,2
ISIC_0056769,4
ISIC_0013565_downsampled,0
ISIC_0059970,4
ISIC_0025857,1
ISIC_0067416,1
ISIC_0071048,0
ISIC_0061338,4
ISIC_0062310,1
ISIC_0030377,4
ISIC_0066570,2
ISIC_0064150,2
ISIC_0027053,4
ISIC_0012990_downsampled,0
ISIC_0067021,2
ISIC_0000466,0
ISIC_0014554_downsampled,4
ISIC_0071326,4
ISIC_0028772,1
ISIC_0029574,0
ISIC_0071245,0
ISIC_0025509,2
ISIC_0062239,0
ISIC_0030658,1
ISIC_0070241,4
ISIC_0025993,1
ISIC_0032092,2
ISIC_0067766,2
ISIC_0069574,2
ISIC_0009932,1
ISIC_0067335,0
ISIC_0068849,1
ISIC_0062198,1
ISIC_0024636,1
ISIC_0071296,2
ISIC_0032283,4
ISIC_0063859,2
ISIC_0067546,4
ISIC_0064238,2
ISIC_0029474,4
ISIC_0054038,0
ISIC_0068048,0
ISIC_0071194,1
ISIC_0053695,2
ISIC_0054402,2
ISIC_0072827,0
ISIC_0012383_downsampled,4
ISIC_0012151_downsampled,0
ISIC_0034161,2
ISIC_0061610,4
ISIC_0033261,0
ISIC_0055053,1
ISIC_0010863,0
ISIC_0025252,1
ISIC_0028840,4
ISIC_0030601,1
ISIC_0056602,2
ISIC_0027744,2
ISIC_0065398,0
ISIC_0058974,4
ISIC_0061426,4
ISIC_0028425,1
ISIC_0057593,0
ISIC_0029779,2
ISIC_0059363,4
ISIC_0062236,2
ISIC_0030561,4
ISIC_0065854,1
ISIC_0000470,1
ISIC_0054524,2
ISIC_0029630,0
ISIC_0028703,1
ISIC_0030988,4
ISIC_0055353,2
ISIC_0028059,2
ISIC_0060421,2
ISIC_0072204,0
ISIC_0066014,2
ISIC_0029393,1
ISIC_0067502,0
ISIC_0068881,0
ISIC_0027095,1
ISIC_0054480,1
ISIC_0064285,4
ISIC_0059674,1
ISIC_0058698,2
ISIC_0028570,2
ISIC_0072061,0
ISIC_0028555,4
ISIC_0058497,4
ISIC_0014537_downsampled,4
ISIC_0070693,4
ISIC_0015189_downsampled,0
ISIC_0065077,2
ISIC_0024705,4
ISIC_0010261,1
ISIC_0024741,4
ISIC_0027966,2
ISIC_0031448,1
ISIC_0057804,2
ISIC_0030926,4
ISIC_0054871,1
ISIC_0061266,1
ISIC_0028468,1
ISIC_0033659,4
ISIC_0059307,2
ISIC_0030479,1
ISIC_0012806_downsampled,1
ISIC_0029301,4
ISIC_0031895,1
ISIC_0029216,0
ISIC_0032691,1
ISIC_0062902,2
ISIC_0066198,2
ISIC_0055810,0
ISIC_0059012,2
ISIC_0057503,2
ISIC_0067032,2
ISIC_0029724,1
ISIC_0059275,2
ISIC_0012248_downsampled,4
ISIC_0060533,2
ISIC_0032050,1
ISIC_0066735,4
ISIC_0011139,0
ISIC_0064179,2
ISIC_0071008,2
ISIC_0064800,0
ISIC_0059845,2
ISIC_0033663,0
ISIC_0014644_downsampled,4
ISIC_0069524,2
ISIC_0057497,4
ISIC_0027291,2
ISIC_0029559,4
ISIC_0065775,0
ISIC_0026701,1
ISIC_0032850,2
ISIC_0032128,4
ISIC_0061950,0
ISIC_0056470,1
ISIC_0071258,0
ISIC_0026871,4
ISIC_0030806,4
ISIC_0070698,1
ISIC_0071385,2
ISIC_0025885,4
ISIC_0033305,4
ISIC_0024510,1
ISIC_0000517,0
ISIC_0056607,2
ISIC_0031795,0
ISIC_0032588,1
ISIC_0029671,1
ISIC_0064843,2
ISIC_0056209,0
ISIC_0031943,2
ISIC_0026966,1
ISIC_0032492,1
ISIC_0062734,0
ISIC_0025529,4
ISIC_0013433_downsampled,1
ISIC_0071719,1
ISIC_0065429,2
ISIC_0055602,4
ISIC_0012214_downsampled,4
ISIC_0025652,1
ISIC_0071670,2
ISIC_0066733,0
ISIC_0031779,0
ISIC_0027199,1
ISIC_0033262,4
ISIC_0060794,1
ISIC_0070081,2
ISIC_0069536,0
ISIC_0014649_downsampled,4
ISIC_0055733,0
ISIC_0029324,1
ISIC_0054219,4
ISIC_0059593,0
ISIC_0053915,1
ISIC_0059816,0
ISIC_0067058,1
ISIC_0068392,2
ISIC_0069593,0
ISIC_0067967,2
ISIC_0064448,0
ISIC_0064038,2
ISIC_0060222,0
ISIC_0027499,1
ISIC_0032469,1
ISIC_0013088_downsampled,4
ISIC_0072916,2
ISIC_0056793,0
ISIC_0012666_downsampled,4
ISIC_0031495,4
ISIC_0057915,2
ISIC_0068505,2
ISIC_0027551,1
ISIC_0060217,4
ISIC_0014337_downsampled,0
ISIC_0060305,4
ISIC_0034232,1
ISIC_0014883_downsampled,0
ISIC_0057552,4
ISIC_0029062,4
ISIC_0067536,0
ISIC_0066492,0
ISIC_0034134,0
ISIC_0055707,0
ISIC_0015015_downsampled,1
ISIC_0027281,2
ISIC_0001106_downsampled,0
ISIC_0072607,4
ISIC_0025874,4
ISIC_0026998,1
ISIC_0029805,2
ISIC_0027788,2
ISIC_0065752,2
ISIC_0032694,4
ISIC_0025505,1
ISIC_0059220,1
ISIC_0065744,4
ISIC_0066594,4
ISIC_0060772,1
ISIC_0057746,4
ISIC_0068952,4
ISIC_0032220,0
ISIC_0027554,1
ISIC_0065696,2
ISIC_0034252,4
ISIC_0059227,2
ISIC_0070308,0
ISIC_0061423,4
ISIC_0025121,0
ISIC_0054082,0
ISIC_0013573_downsampled,0
ISIC_0034153,1
ISIC_0031185,1
ISIC_0033654,0
ISIC_0055291,2
ISIC_0053928,2
ISIC_0058249,0
ISIC_0056030,2
ISIC_0033226,0
ISIC_0059111,2
ISIC_0030964,2
ISIC_0024381,4
ISIC_0013588_downsampled,0
ISIC_0028156,0
ISIC_0033722,4
ISIC_0013572_downsampled,0
ISIC_0024307,1
ISIC_0069577,2
ISIC_0031066,1
ISIC_0032675,4
ISIC_0071043,0
ISIC_0056496,0
ISIC_0068480,2
ISIC_0068869,2
ISIC_0026805,1
ISIC_0014639_downsampled,4
ISIC_0032985,0
ISIC_0061334,0
ISIC_0061960,0
ISIC_0031942,1
ISIC_0026861,4
ISIC_0056255,2
ISIC_0028846,4
ISIC_0056650,4
ISIC_0032619,1
ISIC_0025854,1
ISIC_0072994,2
ISIC_0071950,0
ISIC_0066213,0
ISIC_0026593,2
ISIC_0031619,4
ISIC_0055563,0
ISIC_0068168,1
ISIC_0031023,0
ISIC_0073122,2
ISIC_0011343,1
ISIC_0026623,4
ISIC_0027527,4
ISIC_0026262,4
ISIC_0071516,1
ISIC_0068915,2
ISIC_0066488,1
ISIC_0066544,2
ISIC_0065735,0
ISIC_0024770,4
ISIC_0013673_downsampled,4
ISIC_0014618_downsampled,4
ISIC_0055245,2
ISIC_0000018_downsampled,1
ISIC_0055191,0
ISIC_0067869,2
ISIC_0061471,2
ISIC_0058935,0
ISIC_0000048_downsampled,1
ISIC_0065785,2
ISIC_0025257,1
ISIC_0069591,0
ISIC_0029443,4
ISIC_0065607,2
ISIC_0000237,1
ISIC_0026213,2
ISIC_0072953,0
ISIC_0000489,1
ISIC_0029413,4
ISIC_0013742_downsampled,4
ISIC_0054629,0
ISIC_0029272,0
ISIC_0059447,2
ISIC_0056205,2
ISIC_0072385,1
ISIC_0057698,4
ISIC_0034236,0
ISIC_0064519,2
ISIC_0010240,0
ISIC_0031318,2
ISIC_0026957,2
ISIC_0013617_downsampled,0
ISIC_0071140,4
ISIC_0028710,4
ISIC_0026661,4
ISIC_0029064,1
ISIC_0072512,1
ISIC_0024360,2
ISIC_0056085,1
ISIC_0069575,2
ISIC_0029032,4
ISIC_0029881,1
ISIC_0054565,1
ISIC_0055109,2
ISIC_0054569,2
ISIC_0061538,1
ISIC_0029650,1
ISIC_0066143,0
ISIC_0012854_downsampled,4
ISIC_0033842,1
ISIC_0028410,0
ISIC_0060868,2
ISIC_0069506,2
ISIC_0062055,4
ISIC_0061806,0
ISIC_0014920_downsampled,0
ISIC_0025814,0
ISIC_0032054,1
ISIC_0032263,1
ISIC_0062026,0
ISIC_0069794,2
ISIC_0028414,4
ISIC_0033604,1
ISIC_0000300,0
ISIC_0065588,4
ISIC_0029320,4
ISIC_0027701,1
ISIC_0061281,0
ISIC_0032877,4
ISIC_0058024,0
ISIC_0070678,1
ISIC_0057083,0
ISIC_0071436,1
ISIC_0058389,2
ISIC_0055349,2
ISIC_0013205_downsampled,1
ISIC_0066329,2
ISIC_0028198,0
ISIC_0014171_downsampled,0
ISIC_0071753,4
ISIC_0057384,2
ISIC_0033165,1
ISIC_0033952,4
ISIC_0057857,1
ISIC_0066841,2
ISIC_0013271_downsampled,4
ISIC_0058419,2
ISIC_0054325,4
ISIC_0070160,0
ISIC_0012375_downsampled,4
ISIC_0030186,1
ISIC_0029381,1
ISIC_0024918,0
ISIC_0031825,4
ISIC_0059495,0
ISIC_0068285,4
ISIC_0067161,1
ISIC_0055673,2
ISIC_0033047,0
ISIC_0000388_downsampled,1
ISIC_0066431,2
ISIC_0067657,4
ISIC_0065061,2
ISIC_0014431_downsampled,1
ISIC_0063702,2
ISIC_0066826,2
ISIC_0063353,1
ISIC_0057561,4
ISIC_0067409,2
ISIC_0025826,2
ISIC_0028017,0
ISIC_0026474,1
ISIC_0073049,2
ISIC_0030468,1
ISIC_0062090,2
ISIC_0032721,1
ISIC_0012986_downsampled,4
ISIC_0060409,2
ISIC_0010201,1
ISIC_0063810,4
ISIC_0025359,1
ISIC_0069540,0
ISIC_0033814,0
ISIC_0068637,2
ISIC_0063900,2
ISIC_0029787,1
ISIC_0024661,1
ISIC_0062021,2
ISIC_0026266,0
ISIC_0062199,2
ISIC_0030023,1
ISIC_0073251,1
ISIC_0054241,2
ISIC_0057863,4
ISIC_0030117,1
ISIC_0060938,1
ISIC_0059334,2
ISIC_0068962,0
ISIC_0029767,1
ISIC_0007796_downsampled,1
ISIC_0033185,4
ISIC_0011158,0
ISIC_0060233,0
ISIC_0026634,4
ISIC_0064887,0
ISIC_0031414,1
ISIC_0000142_downsampled,0
ISIC_0072134,2
ISIC_0012790_downsampled,4
ISIC_0024420,4
ISIC_0030374,1
ISIC_0028532,1
ISIC_0032200,4
ISIC_0055940,2
ISIC_0029909,0
ISIC_0030034,0
ISIC_0063227,2
ISIC_0027094,4
ISIC_0030885,1
ISIC_0026124,1
ISIC_0014919_downsampled,0
ISIC_0059336,0
ISIC_0056840,2
ISIC_0066643,0
ISIC_0062332,2
ISIC_0025099,4
ISIC_0053840,2
ISIC_0054911,4
ISIC_0059159,2
ISIC_0059074,0
ISIC_0030172,4
ISIC_0031260,1
ISIC_0065757,4
ISIC_0025718,2
ISIC_0027392,4
ISIC_0062093,2
ISIC_0054048,0
ISIC_0062523,0
ISIC_0062363,4
ISIC_0032734,1
ISIC_0027704,2
ISIC_0061798,0
ISIC_0062834,2
ISIC_0066155,2
ISIC_0069747,0
ISIC_0055404,0
ISIC_0063314,1
ISIC_0025489,0
ISIC_0063827,2
ISIC_0027077,1
ISIC_0033168,1
ISIC_0025805,4
ISIC_0058393,2
ISIC_0012852_downsampled,4
ISIC_0058537,4
ISIC_0000336,1
ISIC_0016053_downsampled,1
ISIC_0068188,0
ISIC_0071438,2
ISIC_0058474,2
ISIC_0032497,2
ISIC_0058611,2
ISIC_0028623,4
ISIC_0062128,1
ISIC_0027219,4
ISIC_0068383,0
ISIC_0072670,2
ISIC_0064907,0
ISIC_0029960,1
ISIC_0059104,0
ISIC_0013961_downsampled,1
ISIC_0024822,1
ISIC_0053484,4
ISIC_0058063,0
ISIC_0061923,2
ISIC_0070040,4
ISIC_0060991,2
ISIC_0014186_downsampled,0
ISIC_0055385,1
ISIC_0061704,2
ISIC_0073054,0
ISIC_0067998,2
ISIC_0064226,2
ISIC_0063109,0
ISIC_0029246,1
ISIC_0066837,2
ISIC_0054121,2
ISIC_0025374,4
ISIC_0054423,4
ISIC_0055802,0
ISIC_0014826_downsampled,0
ISIC_0073135,1
ISIC_0011135,0
ISIC_0028104,4
ISIC_0070138,2
ISIC_0026153,4
ISIC_0070006,0
ISIC_0027509,4
ISIC_0028229,4
ISIC_0056581,1
ISIC_0055249,0
ISIC_0025417,2
ISIC_0055866,1
ISIC_0029034,2
ISIC_0057771,0
ISIC_0062270,2
ISIC_0012256_downsampled,1
ISIC_0064349,0
ISIC_0026011,1
ISIC_0024490,4
ISIC_0062364,0
ISIC_0068798,0
ISIC_0059697,0
ISIC_0068918,0
ISIC_0030710,1
ISIC_0025855,1
ISIC_0071251,2
ISIC_0066067,1
ISIC_0058689,2
ISIC_0029637,1
ISIC_0070836,2
ISIC_0070925,4
ISIC_0027661,1
ISIC_0060590,2
ISIC_0055395,1
ISIC_0014570_downsampled,4
ISIC_0072665,4
ISIC_0030575,0
ISIC_0069229,1
ISIC_0028279,1
ISIC_0034109,1
ISIC_0027225,1
ISIC_0072594,0
ISIC_0024911,0
ISIC_0066441,2
ISIC_0029464,4
ISIC_0059110,4
ISIC_0034246,0
ISIC_0025818,2
ISIC_0066153,1
ISIC_0030459,4
ISIC_0058195,4
ISIC_0027169,1
ISIC_0014498_downsampled,1
ISIC_0031601,4
ISIC_0012959_downsampled,4
ISIC_0072582,0
ISIC_0029420,4
ISIC_0014409_downsampled,4
ISIC_0010350,0
ISIC_0032429,2
ISIC_0013725_downsampled,4
ISIC_0059710,4
ISIC_0055042,1
ISIC_0057457,0
ISIC_0071076,4
ISIC_0060748,2
ISIC_0054671,0
ISIC_0069235,2
ISIC_0059730,2
ISIC_0026343,2
ISIC_0028639,1
ISIC_0012245_downsampled,4
ISIC_0054833,4
ISIC_0033079,4
ISIC_0066178,4
ISIC_0015006_downsampled,4
ISIC_0027367,4
ISIC_0065753,4
ISIC_0027451,4
ISIC_0068142,2
ISIC_0066857,4
ISIC_0027859,4
ISIC_0026760,2
ISIC_0025349,1
ISIC_0055189,1
ISIC_0024719,1
ISIC_0055529,2
ISIC_0061943,1
ISIC_0072446,1
ISIC_0072370,4
ISIC_0071276,4
ISIC_0064814,2
ISIC_0025466,4
ISIC_0057255,2
ISIC_0033419,1
ISIC_0061356,2
ISIC_0028981,1
ISIC_0069552,4
ISIC_0025335,1
ISIC_0061740,2
ISIC_0065400,1
ISIC_0026316,4
ISIC_0030062,1
ISIC_0031117,1
ISIC_0029831,2
ISIC_0063499,2
ISIC_0066474,4
ISIC_0026556,4
ISIC_0016044_downsampled,1
ISIC_0067049,2
ISIC_0054541,1
ISIC_0014589_downsampled,4
ISIC_0060920,4
ISIC_0032509,0
ISIC_0012417_downsampled,4
ISIC_0069683,4
ISIC_0024550,2
ISIC_0025209,4
ISIC_0034094,0
ISIC_0014637_downsampled,4
ISIC_0073020,1
ISIC_0026249,4
ISIC_0056309,0
ISIC_0032174,2
ISIC_0012492_downsampled,4
ISIC_0054758,1
ISIC_0053754,1
ISIC_0059232,0
ISIC_0058523,1
ISIC_0000143_downsampled,0
ISIC_0001152_downsampled,0
ISIC_0030954,2
ISIC_0027320,4
ISIC_0065935,4
ISIC_0061194,0
ISIC_0029611,1
ISIC_0057168,2
ISIC_0027174,0
ISIC_0029036,4
ISIC_0061273,1
ISIC_0028897,0
ISIC_0062160,0
ISIC_0010576,0
ISIC_0025148,1
ISIC_0030261,2
ISIC_0061706,1
ISIC_0029139,4
ISIC_0066150,0
ISIC_0061734,1
ISIC_0066089,4
ISIC_0033509,4
ISIC_0013804_downsampled,1
ISIC_0005548_downsampled,1
ISIC_0054322,2
ISIC_0072345,2
ISIC_0058680,2
ISIC_0030300,1
ISIC_0071398,2
ISIC_0070953,2
ISIC_0027933,1
ISIC_0054306,2
ISIC_0033752,0
ISIC_0071427,4
ISIC_0061697,2
ISIC_0033320,0
ISIC_0028223,4
ISIC_0063760,4
ISIC_0070312,2
ISIC_0029258,1
ISIC_0025601,2
ISIC_0073037,2
ISIC_0034087,0
ISIC_0033438,4
ISIC_0054798,1
ISIC_0032740,4
ISIC_0059246,2
ISIC_0027608,4
ISIC_0026370,1
ISIC_0059977,2
ISIC_0013549_downsampled,0
ISIC_0072036,1
ISIC_0028815,2
ISIC_0067039,4
ISIC_0056782,1
ISIC_0067301,2
ISIC_0066424,1
ISIC_0059986,2
ISIC_0061062,2
ISIC_0029588,4
ISIC_0071967,2
ISIC_0070315,2
ISIC_0026242,1
ISIC_0034126,4
ISIC_0067587,4
ISIC_0031937,4
ISIC_0062180,2
ISIC_0001247_downsampled,1
ISIC_0062077,0
ISIC_0068761,0
ISIC_0032997,4
ISIC_0009905,0
ISIC_0025921,1
ISIC_0065228,2
ISIC_0059490,0
ISIC_0029740,0
ISIC_0067466,0
ISIC_0025387,4
ISIC_0053594,0
ISIC_0029473,0
ISIC_0059601,0
ISIC_0063457,0
ISIC_0059381,4
ISIC_0032111,4
ISIC_0068152,0
ISIC_0030351,1
ISIC_0067131,2
ISIC_0032699,0
ISIC_0058704,2
ISIC_0073059,2
ISIC_0053534,2
ISIC_0068087,4
ISIC_0034076,0
ISIC_0060145,2
ISIC_0060107,2
ISIC_0069198,4
ISIC_0033080,1
ISIC_0054002,4
ISIC_0054385,0
ISIC_0014457_downsampled,4
ISIC_0027882,1
ISIC_0027819,2
ISIC_0032481,4
ISIC_0028693,2
ISIC_0065657,4
ISIC_0030677,4
ISIC_0024878,1
ISIC_0064652,2
ISIC_0058903,2
ISIC_0026280,4
ISIC_0013104_downsampled,1
ISIC_0010864,1
ISIC_0055891,2
ISIC_0061606,0
ISIC_0060180,2
ISIC_0030647,1
ISIC_0064612,2
ISIC_0029012,4
ISIC_0024696,4
ISIC_0029083,2
ISIC_0024436,2
ISIC_0062094,4
ISIC_0024634,2
ISIC_0068003,0
ISIC_0063697,2
ISIC_0068862,2
ISIC_0061096,2
ISIC_0000316,1
ISIC_0057257,0
ISIC_0065877,2
ISIC_0032773,4
ISIC_0055451,0
ISIC_0026359,1
ISIC_0058810,4
ISIC_0069206,2
ISIC_0034003,4
ISIC_0068113,2
ISIC_0068865,1
ISIC_0026652,0
ISIC_0068356,2
ISIC_0026795,1
ISIC_0024814,4
ISIC_0029368,1
ISIC_0032777,2
ISIC_0015996_downsampled,1
ISIC_0000123_downsampled,1
ISIC_0032553,4
ISIC_0015030_downsampled,1
ISIC_0024382,4
ISIC_0026263,4
ISIC_0054570,0
ISIC_0064341,0
ISIC_0026463,1
ISIC_0059768,0
ISIC_0059764,0
ISIC_0033593,0
ISIC_0026297,1
ISIC_0030615,1
ISIC_0067103,2
ISIC_0033975,0
ISIC_0061689,4
ISIC_0059362,0
ISIC_0069481,0
ISIC_0059212,2
ISIC_0010232,1
ISIC_0070592,4
ISIC_0062984,2
ISIC_0012149_downsampled,1
ISIC_0061231,0
ISIC_0031511,4
ISIC_0072640,2
ISIC_0061070,0
ISIC_0061921,0
ISIC_0033322,4
ISIC_0033624,0
ISIC_0030329,4
ISIC_0068577,4
ISIC_0060735,4
ISIC_0056456,4
ISIC_0028178,1
ISIC_0059567,1
ISIC_0030057,1
ISIC_0028523,1
ISIC_0054804,4
ISIC_0058681,4
ISIC_0072893,1
ISIC_0067274,0
ISIC_0061548,2
ISIC_0068646,0
ISIC_0034070,4
ISIC_0014763_downsampled,1
ISIC_0013334_downsampled,0
ISIC_0034050,0
ISIC_0032690,0
ISIC_0070021,2
ISIC_0062047,4
ISIC_0065047,2
ISIC_0061819,2
ISIC_0061244,0
ISIC_0060314,2
ISIC_0067256,2
ISIC_0025129,1
ISIC_0033329,1
ISIC_0071778,0
ISIC_0068721,0
ISIC_0067532,2
ISIC_0031685,1
ISIC_0033689,1
ISIC_0026867,4
ISIC_0030026,4
ISIC_0033778,4
ISIC_0068011,0
ISIC_0069069,4
ISIC_0026453,2
ISIC_0064161,0
ISIC_0071454,1
ISIC_0063157,0
ISIC_0024445,4
ISIC_0027635,1
ISIC_0063971,0
ISIC_0066603,0
ISIC_0063808,2
ISIC_0070812,4
ISIC_0054941,0
ISIC_0029397,0
ISIC_0033901,0
ISIC_0000487,0
ISIC_0054819,0
ISIC_0069998,4
ISIC_0070073,4
ISIC_0034235,4
ISIC_0032017,0
ISIC_0025891,0
ISIC_0024797,1
ISIC_0066301,2
ISIC_0055141,0
ISIC_0069830,1
ISIC_0054476,1
ISIC_0056519,4
ISIC_0027669,0
ISIC_0031545,0
ISIC_0064099,2
ISIC_0061980,4
ISIC_0058699,2
ISIC_0028935,1
ISIC_0026936,1
ISIC_0056984,0
ISIC_0057233,2
ISIC_0029114,1
ISIC_0031193,1
ISIC_0069332,2
ISIC_0065849,2
ISIC_0065211,4
ISIC_0067302,2
ISIC_0070452,1
ISIC_0025755,0
ISIC_0012306_downsampled,1
ISIC_0028257,1
ISIC_0024312,4
ISIC_0060397,0
ISIC_0032722,0
ISIC_0068137,0
ISIC_0025821,1
ISIC_0053503,0
ISIC_0027221,1
ISIC_0067395,0
ISIC_0065089,0
ISIC_0060112,2
ISIC_0026458,0
ISIC_0027393,1
ISIC_0024743,2
ISIC_0058470,1
ISIC_0028167,1
ISIC_0027490,1
ISIC_0032144,1
ISIC_0029288,4
ISIC_0026268,0
ISIC_0028093,1
ISIC_0066868,1
ISIC_0014866_downsampled,1
ISIC_0061112,0
ISIC_0053951,2
ISIC_0000302,0
ISIC_0059075,4
ISIC_0026074,2
ISIC_0054942,2
ISIC_0029731,4
ISIC_0061335,4
ISIC_0063133,0
ISIC_0057057,2
ISIC_0060295,1
ISIC_0032741,2
ISIC_0029455,4
ISIC_0058149,0
ISIC_0056138,0
ISIC_0032081,0
ISIC_0071827,0
ISIC_0031694,1
ISIC_0026176,1
ISIC_0033693,4
ISIC_0034074,0
ISIC_0064307,0
ISIC_0055629,2
ISIC_0026757,1
ISIC_0025059,1
ISIC_0058792,0
ISIC_0031153,1
ISIC_0056575,1
ISIC_0029655,2
ISIC_0072427,2
ISIC_0013427_downsampled,0
ISIC_0059486,0
ISIC_0012253_downsampled,1
ISIC_0060297,0
ISIC_0067992,4
ISIC_0026378,4
ISIC_0032280,4
ISIC_0063443,0
ISIC_0053890,1
ISIC_0069836,2
ISIC_0062914,0
ISIC_0056817,0
ISIC_0068744,0
ISIC_0067831,0
ISIC_0068124,2
ISIC_0064340,2
ISIC_0055261,4
ISIC_0059393,2
ISIC_0012785_downsampled,4
ISIC_0061000,0
ISIC_0060101,2
ISIC_0027879,1
ISIC_0032408,0
ISIC_0012828_downsampled,4
ISIC_0032156,4
ISIC_0068161,2
ISIC_0061088,2
ISIC_0060874,2
ISIC_0025719,4
ISIC_0025984,4
ISIC_0055215,4
ISIC_0025376,4
ISIC_0056053,4
ISIC_0065821,4
ISIC_0061742,1
ISIC_0024315,0
ISIC_0034144,1
ISIC_0034162,0
ISIC_0056245,4
ISIC_0072951,2
ISIC_0032672,0
ISIC_0026157,1
ISIC_0060210,4
ISIC_0028898,0
ISIC_0071430,0
ISIC_0033177,1
ISIC_0061900,0
ISIC_0072259,1
ISIC_0057170,2
ISIC_0033935,1
ISIC_0025313,0
ISIC_0031980,4
ISIC_0059209,0
ISIC_0068550,4
ISIC_0031941,0
ISIC_0012522_downsampled,4
ISIC_0055584,2
ISIC_0058179,4
ISIC_0057758,4
ISIC_0029107,4
ISIC_0024735,1
ISIC_0063383,4
ISIC_0071368,1
ISIC_0026056,2
ISIC_0029519,4
ISIC_0055555,2
ISIC_0063692,0
ISIC_0033652,1
ISIC_0072183,1
ISIC_0061481,2
ISIC_0070319,2
ISIC_0069918,0
ISIC_0067557,4
ISIC_0014620_downsampled,4
ISIC_0029947,4
ISIC_0066945,4
ISIC_0024431,2
ISIC_0028294,4
ISIC_0062029,0
ISIC_0026813,1
ISIC_0055199,1
ISIC_0014711_downsampled,4
ISIC_0000218_downsampled,1
ISIC_0026415,1
ISIC_0066181,0
ISIC_0033483,2
ISIC_0055755,4
ISIC_0030506,1
ISIC_0014557_downsampled,0
ISIC_0033523,4
ISIC_0062733,2
ISIC_0065075,2
ISIC_0033548,1
ISIC_0062537,1
ISIC_0061646,4
ISIC_0013671_downsampled,0
ISIC_0066358,0
ISIC_0059865,2
ISIC_0057020,2
ISIC_0056177,2
ISIC_0027120,2
ISIC_0070146,2
ISIC_0030132,1
ISIC_0055887,0
ISIC_0029810,4
ISIC_0064281,0
ISIC_0064031,1
ISIC_0060966,4
ISIC_0028382,1
ISIC_0053838,1
ISIC_0059201,2
ISIC_0058400,4
ISIC_0073002,2
ISIC_0057611,0
ISIC_0070313,0
ISIC_0063263,2
ISIC_0063132,4
ISIC_0055315,1
ISIC_0029764,4
ISIC_0067354,2
ISIC_0030935,4
ISIC_0058997,2
ISIC_0062480,2
ISIC_0068119,0
ISIC_0061149,4
ISIC_0063977,1
ISIC_0013933_downsampled,4
ISIC_0059841,4
ISIC_0069333,4
ISIC_0058645,0
ISIC_0065135,4
ISIC_0055592,1
ISIC_0028792,4
ISIC_0024678,1
ISIC_0031157,1
ISIC_0059092,0
ISIC_0013969_downsampled,0
ISIC_0032949,4
ISIC_0062637,2
ISIC_0031712,2
ISIC_0072473,0
ISIC_0029414,1
ISIC_0061063,4
ISIC_0054089,0
ISIC_0026607,4
ISIC_0071345,2
ISIC_0033441,1
ISIC_0057558,0
ISIC_0033759,1
ISIC_0057680,2
ISIC_0054133,2
ISIC_0026611,1
ISIC_0056588,2
ISIC_0059831,4
ISIC_0070105,0
ISIC_0058905,2
ISIC_0027259,1
ISIC_0065865,4
ISIC_0068355,2
ISIC_0064976,4
ISIC_0060928,2
ISIC_0057288,2
ISIC_0010251,0
ISIC_0068309,0
ISIC_0031277,4
ISIC_0060476,2
ISIC_0062465,1
ISIC_0066283,1
ISIC_0061270,2
ISIC_0056714,2
ISIC_0025326,4
ISIC_0028301,1
ISIC_0033863,0
ISIC_0054039,1
ISIC_0054008,1
ISIC_0000225,1
ISIC_0064523,1
ISIC_0033078,1
ISIC_0028263,1
ISIC_0055699,0
ISIC_0033807,0
ISIC_0056228,0
ISIC_0056969,0
ISIC_0061143,2
ISIC_0033026,1
ISIC_0063455,1
ISIC_0026960,1
ISIC_0014592_downsampled,4
ISIC_0014643_downsampled,4
ISIC_0058558,4
ISIC_0067763,1
ISIC_0000122_downsampled,1
ISIC_0069553,2
ISIC_0061885,0
ISIC_0064852,1
ISIC_0064694,0
ISIC_0026781,1
ISIC_0061102,1
ISIC_0014571_downsampled,4
ISIC_0062547,0
ISIC_0029823,4
ISIC_0034037,4
ISIC_0012800_downsampled,4
ISIC_0068128,0
ISIC_0063546,2
ISIC_0061234,2
ISIC_0063784,1
ISIC_0029411,1
ISIC_0064026,0
ISIC_0028952,4
ISIC_0064868,0
ISIC_0015176_downsampled,1
ISIC_0029739,1
ISIC_0031888,4
ISIC_0061688,4
ISIC_0031762,2
ISIC_0063793,0
ISIC_0060581,1
ISIC_0027114,1
ISIC_0033537,1
ISIC_0012238_downsampled,4
ISIC_0030786,1
ISIC_0070963,4
ISIC_0056839,0
ISIC_0058744,2
ISIC_0031686,4
ISIC_0055022,0
ISIC_0066062,2
ISIC_0028830,4
ISIC_0032834,2
ISIC_0055271,2
ISIC_0034175,4
ISIC_0025265,0
ISIC_0069472,4
ISIC_0066921,0
ISIC_0065129,2
ISIC_0064875,0
ISIC_0064225,4
ISIC_0031007,2
ISIC_0055972,4
ISIC_0013127_downsampled,4
ISIC_0058339,2
ISIC_0024426,4
ISIC_0066592,2
ISIC_0069342,2
ISIC_0057016,0
ISIC_0071740,0
ISIC_0033816,1
ISIC_0058385,1
ISIC_0067097,0
ISIC_0072492,2
ISIC_0067819,2
ISIC_0032500,1
ISIC_0014545_downsampled,0
ISIC_0032987,0
ISIC_0058897,2
ISIC_0059076,0
ISIC_0032258,0
ISIC_0024401,1
ISIC_0032843,4
ISIC_0025419,4
ISIC_0057169,0
ISIC_0058337,2
ISIC_0033981,0
ISIC_0012887_downsampled,0
ISIC_0057880,4
ISIC_0033198,0
ISIC_0015200_downsampled,0
ISIC_0028497,4
ISIC_0066415,1
ISIC_0057334,2
ISIC_0028647,1
ISIC_0068992,1
ISIC_0070751,2
ISIC_0065315,0
ISIC_0072229,2
ISIC_0030737,2
ISIC_0026682,1
ISIC_0056523,4
ISIC_0053523,4
ISIC_0012204_downsampled,4
ISIC_0025282,1
ISIC_0064224,2
ISIC_0029627,4
ISIC_0029405,1
ISIC_0027851,2
ISIC_0059742,2
ISIC_0071054,4
ISIC_0056144,2
ISIC_0069085,4
ISIC_0065407,2
ISIC_0068252,0
ISIC_0067778,2
ISIC_0025483,1
ISIC_0071641,1
ISIC_0066816,2
ISIC_0055526,0
ISIC_0032975,0
ISIC_0010372,0
ISIC_0025388,4
ISIC_0072140,2
ISIC_0025255,1
ISIC_0071515,2
ISIC_0030754,0
ISIC_0030287,1
ISIC_0028881,4
ISIC_0058044,4
ISIC_0024691,1
ISIC_0055157,0
ISIC_0069649,2
ISIC_0033111,1
ISIC_0072825,0
ISIC_0015180_downsampled,0
ISIC_0058061,2
ISIC_0030687,2
ISIC_0025164,1
ISIC_0062151,1
ISIC_0033410,4
ISIC_0058177,0
ISIC_0067704,0
ISIC_0064731,2
ISIC_0034080,1
ISIC_0062615,2
ISIC_0016061_downsampled,1
ISIC_0054722,2
ISIC_0014891_downsampled,0
ISIC_0055239,1
ISIC_0056660,0
ISIC_0069068,0
ISIC_0028451,4
ISIC_0072269,2
ISIC_0057439,2
ISIC_0062827,0
ISIC_0067940,2
ISIC_0060606,4
ISIC_0056210,0
ISIC_0060834,0
ISIC_0029516,1
ISIC_0025985,4
ISIC_0068878,2
ISIC_0060620,4
ISIC_0031707,4
ISIC_0056118,0
ISIC_0030324,0
ISIC_0033744,4
ISIC_0029260,4
ISIC_0054783,1
ISIC_0054968,2
ISIC_0025699,4
ISIC_0057980,0
ISIC_0028419,2
ISIC_0028937,2
ISIC_0032539,1
ISIC_0033644,0
ISIC_0033496,0
ISIC_0025932,2
ISIC_0065308,2
ISIC_0032507,1
ISIC_0012661_downsampled,4
ISIC_0068882,0
ISIC_0063513,4
ISIC_0024877,4
ISIC_0061955,2
ISIC_0032859,1
ISIC_0026086,0
ISIC_0070316,0
ISIC_0070681,4
ISIC_0034101,0
ISIC_0029558,0
ISIC_0056696,2
ISIC_0066040,2
ISIC_0066541,2
ISIC_0026493,4
ISIC_0010346,1
ISIC_0032862,0
ISIC_0027916,4
ISIC_0060873,0
ISIC_0071709,2
ISIC_0026896,1
ISIC_0070846,0
ISIC_0025510,4
ISIC_0032005,1
ISIC_0057759,0
ISIC_0064702,4
ISIC_0068871,1
ISIC_0070065,0
ISIC_0027250,1
ISIC_0024665,2
ISIC_0014648_downsampled,4
ISIC_0068264,4
ISIC_0069849,4
ISIC_0056510,2
ISIC_0012086_downsampled,4
ISIC_0014114_downsampled,1
ISIC_0010207,0
ISIC_0072729,1
ISIC_0062496,2
ISIC_0029971,1
ISIC_0057910,2
ISIC_0064700,4
ISIC_0025068,4
ISIC_0058821,4
ISIC_0066412,0
ISIC_0032133,1
ISIC_0025986,4
ISIC_0071841,1
ISIC_0030864,1
ISIC_0032041,1
ISIC_0030574,2
ISIC_0029699,1
ISIC_0055058,2
ISIC_0066564,0
ISIC_0058268,2
ISIC_0028578,1
ISIC_0010596,0
ISIC_0069252,4
ISIC_0031394,4
ISIC_0073025,1
ISIC_0062103,0
ISIC_0061008,0
ISIC_0032251,1
ISIC_0025910,1
ISIC_0055806,2
ISIC_0059324,2
ISIC_0064699,2
ISIC_0031024,4
ISIC_0028601,1
ISIC_0058778,4
ISIC_0054268,1
ISIC_0070219,4
ISIC_0033698,1
ISIC_0059954,2
ISIC_0071327,1
ISIC_0012813_downsampled,4
ISIC_0056409,0
ISIC_0012656_downsampled,1
ISIC_0055519,0
ISIC_0031331,1
ISIC_0061164,1
ISIC_0065918,0
ISIC_0065655,0
ISIC_0053813,2
ISIC_0030653,0
ISIC_0067014,4
ISIC_0033609,2
ISIC_0028254,4
ISIC_0033594,0
ISIC_0025431,4
ISIC_0027786,2
ISIC_0030650,1
ISIC_0056479,0
ISIC_0066390,0
ISIC_0033619,0
ISIC_0055638,2
ISIC_0054739,4
ISIC_0069304,4
ISIC_0032364,1
ISIC_0000179_downsampled,1
ISIC_0030929,0
ISIC_0024585,1
ISIC_0030014,0
ISIC_0055988,4
ISIC_0057293,4
ISIC_0069822,1
ISIC_0014507_downsampled,0
ISIC_0072694,0
ISIC_0027629,2
ISIC_0030780,1
ISIC_0062649,0
ISIC_0066736,2
ISIC_0028550,4
ISIC_0071768,0
ISIC_0067809,1
ISIC_0066969,0
ISIC_0056431,4
ISIC_0054735,2
ISIC_0056888,4
ISIC_0059320,2
ISIC_0054521,4
ISIC_0033983,1
ISIC_0030552,0
ISIC_0031433,1
ISIC_0053474,2
ISIC_0064740,4
ISIC_0068967,1
ISIC_0029119,1
ISIC_0061880,0
ISIC_0031478,1
ISIC_0056976,4
ISIC_0068906,2
ISIC_0024933,1
ISIC_0026502,1
ISIC_0025744,0
ISIC_0033833,1
ISIC_0032269,0
ISIC_0058684,4
ISIC_0026532,4
ISIC_0061206,2
ISIC_0064163,2
ISIC_0057837,0
ISIC_0032598,0
ISIC_0072612,0
ISIC_0013568_downsampled,1
ISIC_0028928,2
ISIC_0031166,2
ISIC_0014527_downsampled,0
ISIC_0032548,1
ISIC_0026943,1
ISIC_0069162,4
ISIC_0012117_downsampled,4
ISIC_0066608,2
ISIC_0068525,1
ISIC_0013425_downsampled,1
ISIC_0054708,4
ISIC_0060637,2
ISIC_0070427,0
ISIC_0055951,2
ISIC_0034166,1
ISIC_0058010,0
ISIC_0053467,4
ISIC_0072257,4
ISIC_0054607,2
ISIC_0032927,0
ISIC_0070018,0
ISIC_0025329,1
ISIC_0067110,2
ISIC_0058310,2
ISIC_0070646,4
ISIC_0057839,2
ISIC_0013258_downsampled,0
ISIC_0000293,0
ISIC_0058412,2
ISIC_0025918,1
ISIC_0057885,2
ISIC_0068628,0
ISIC_0071808,0
ISIC_0033041,4
ISIC_0072877,2
ISIC_0068718,1
ISIC_0065590,0
ISIC_0060925,4
ISIC_0071743,2
ISIC_0068944,1
ISIC_0024866,1
ISIC_0053790,0
ISIC_0027559,4
ISIC_0058987,2
ISIC_0024733,0
ISIC_0062231,2
ISIC_0070015,2
ISIC_0032335,4
ISIC_0063166,2
ISIC_0014278_downsampled,4
ISIC_0067114,1
ISIC_0025087,1
ISIC_0072052,2
ISIC_0054297,4
ISIC_0013411_downsampled,0
ISIC_0030480,1
ISIC_0032152,0
ISIC_0060345,4
ISIC_0032099,4
ISIC_0033331,1
ISIC_0026587,1
ISIC_0031602,1
ISIC_0064686,0
ISIC_0063506,2
ISIC_0068953,4
ISIC_0000094_downsampled,1
ISIC_0002439_downsampled,1
ISIC_0069839,1
ISIC_0028975,1
ISIC_0064778,4
ISIC_0058898,2
ISIC_0029472,4
ISIC_0062965,2
ISIC_0025865,1
ISIC_0025994,1
ISIC_0032556,4
ISIC_0065057,0
ISIC_0065548,2
ISIC_0014474_downsampled,4
ISIC_0063693,0
ISIC_0067736,2
ISIC_0033397,4
ISIC_0065481,2
ISIC_0072454,0
ISIC_0056247,0
ISIC_0034066,2
ISIC_0072620,2
ISIC_0060289,1
ISIC_0062137,1
ISIC_0055038,2
ISIC_0028177,1
ISIC_0024429,1
ISIC_0010267,0
ISIC_0057748,2
ISIC_0026305,1
ISIC_0062835,4
ISIC_0068669,2
ISIC_0056022,1
ISIC_0069987,0
ISIC_0069038,2
ISIC_0053569,4
ISIC_0070539,2
ISIC_0031487,1
ISIC_0033263,1
ISIC_0025937,4
ISIC_0033017,0
ISIC_0069622,0
ISIC_0055498,0
ISIC_0054205,0
ISIC_0060013,4
ISIC_0056344,1
ISIC_0072111,0
ISIC_0034115,4
ISIC_0067357,2
ISIC_0013842_downsampled,0
