image,label
CNV-8704913-2.jpeg,CNV
CNV-6493580-181.jpeg,CNV
CNV-1699976-169.jpeg,CNV
CNV-8783825-314.jpeg,CNV
CNV-9206459-2.jpeg,CNV
CNV-4370501-5.jpeg,CNV
CNV-9598696-62.jpeg,CNV
CNV-8585766-19.jpeg,CNV
CNV-6851127-65.jpeg,CNV
CNV-4952759-272.jpeg,CNV
CNV-7710023-143.jpeg,CNV
CNV-1290410-152.jpeg,CNV
CNV-1279887-135.jpeg,CNV
CNV-9333524-2.jpeg,CNV
CNV-1390155-22.jpeg,CNV
CNV-5507265-58.jpeg,CNV
CNV-7654515-19.jpeg,CNV
CNV-4952759-296.jpeg,CNV
CNV-8602230-25.jpeg,CNV
CNV-1016042-150.jpeg,CNV
CNV-1279887-110.jpeg,CNV
CNV-3514723-32.jpeg,CNV
CNV-6314049-107.jpeg,CNV
CNV-2034494-22.jpeg,CNV
CNV-5904584-64.jpeg,CNV
CNV-9374492-423.jpeg,CNV
CNV-4219137-78.jpeg,CNV
CNV-1731375-18.jpeg,CNV
CNV-8115798-5.jpeg,CNV
CNV-154835-90.jpeg,CNV
CNV-8796318-89.jpeg,CNV
CNV-4708782-23.jpeg,CNV
CNV-7902439-87.jpeg,CNV
CNV-440315-3.jpeg,CNV
CNV-7710023-77.jpeg,CNV
CNV-1188386-737.jpeg,CNV
CNV-2097858-3.jpeg,CNV
CNV-4612183-14.jpeg,CNV
CNV-1322624-88.jpeg,CNV
CNV-4952759-257.jpeg,CNV
CNV-6652117-325.jpeg,CNV
CNV-3847391-64.jpeg,CNV
CNV-1786810-9.jpeg,CNV
CNV-8783825-176.jpeg,CNV
CNV-4219137-31.jpeg,CNV
CNV-4370501-25.jpeg,CNV
CNV-1699976-339.jpeg,CNV
CNV-9997680-37.jpeg,CNV
CNV-7683197-29.jpeg,CNV
CNV-1699976-93.jpeg,CNV
CNV-1305450-49.jpeg,CNV
CNV-7808815-8.jpeg,CNV
CNV-172472-374.jpeg,CNV
CNV-172472-204.jpeg,CNV
CNV-6947782-49.jpeg,CNV
CNV-7565927-132.jpeg,CNV
CNV-9297624-83.jpeg,CNV
CNV-3163547-44.jpeg,CNV
CNV-7710023-213.jpeg,CNV
CNV-2141150-17.jpeg,CNV
CNV-5603164-86.jpeg,CNV
CNV-1322624-55.jpeg,CNV
CNV-1188386-362.jpeg,CNV
CNV-6666538-359.jpeg,CNV
CNV-137351-15.jpeg,CNV
CNV-6569286-119.jpeg,CNV
CNV-6668596-189.jpeg,CNV
CNV-1188386-660.jpeg,CNV
CNV-6294785-7.jpeg,CNV
CNV-5699128-19.jpeg,CNV
CNV-7373616-14.jpeg,CNV
CNV-7732521-85.jpeg,CNV
CNV-1188386-606.jpeg,CNV
CNV-1651625-26.jpeg,CNV
CNV-1305450-115.jpeg,CNV
CNV-1305450-162.jpeg,CNV
CNV-172472-78.jpeg,CNV
CNV-2128644-6.jpeg,CNV
CNV-3163547-25.jpeg,CNV
CNV-1279887-10.jpeg,CNV
CNV-5429703-47.jpeg,CNV
CNV-5409617-146.jpeg,CNV
CNV-204397-4.jpeg,CNV
CNV-794538-5.jpeg,CNV
CNV-1305450-130.jpeg,CNV
CNV-9388047-78.jpeg,CNV
CNV-872609-2.jpeg,CNV
CNV-6666538-203.jpeg,CNV
CNV-1322624-167.jpeg,CNV
CNV-6366593-1.jpeg,CNV
CNV-7710023-81.jpeg,CNV
CNV-6294785-102.jpeg,CNV
CNV-417468-38.jpeg,CNV
CNV-1305450-200.jpeg,CNV
CNV-8833506-206.jpeg,CNV
CNV-9642260-105.jpeg,CNV
CNV-794538-167.jpeg,CNV
CNV-1980926-1.jpeg,CNV
CNV-6294785-128.jpeg,CNV
CNV-1699976-106.jpeg,CNV
CNV-6339182-1.jpeg,CNV
CNV-7315522-258.jpeg,CNV
CNV-9388047-81.jpeg,CNV
CNV-904464-119.jpeg,CNV
CNV-6947782-102.jpeg,CNV
CNV-9206459-38.jpeg,CNV
CNV-2116022-62.jpeg,CNV
CNV-6652117-582.jpeg,CNV
CNV-794538-151.jpeg,CNV
CNV-538779-12.jpeg,CNV
CNV-6493580-61.jpeg,CNV
CNV-7625147-61.jpeg,CNV
CNV-6652117-580.jpeg,CNV
CNV-4691762-70.jpeg,CNV
CNV-198660-35.jpeg,CNV
CNV-8381154-11.jpeg,CNV
CNV-1016042-72.jpeg,CNV
CNV-4952759-220.jpeg,CNV
CNV-9549394-2.jpeg,CNV
CNV-6666538-68.jpeg,CNV
CNV-172472-223.jpeg,CNV
CNV-1112835-23.jpeg,CNV
CNV-995513-295.jpeg,CNV
CNV-7901353-1.jpeg,CNV
CNV-4951152-85.jpeg,CNV
CNV-6668596-182.jpeg,CNV
CNV-3715091-164.jpeg,CNV
CNV-8833506-203.jpeg,CNV
CNV-4952759-88.jpeg,CNV
CNV-6666538-385.jpeg,CNV
CNV-9811594-49.jpeg,CNV
CNV-9997680-83.jpeg,CNV
CNV-7555604-77.jpeg,CNV
CNV-1986974-10.jpeg,CNV
CNV-6666538-568.jpeg,CNV
CNV-9642260-163.jpeg,CNV
CNV-7513011-116.jpeg,CNV
CNV-1681986-9.jpeg,CNV
CNV-4370501-103.jpeg,CNV
CNV-7373616-17.jpeg,CNV
CNV-7314763-28.jpeg,CNV
CNV-9547888-57.jpeg,CNV
CNV-9174718-9.jpeg,CNV
CNV-137351-33.jpeg,CNV
CNV-7710023-206.jpeg,CNV
CNV-5380819-7.jpeg,CNV
CNV-8982961-69.jpeg,CNV
CNV-1857913-4.jpeg,CNV
CNV-9598696-23.jpeg,CNV
CNV-8019842-1.jpeg,CNV
CNV-81630-52.jpeg,CNV
CNV-954024-53.jpeg,CNV
CNV-9734808-80.jpeg,CNV
CNV-9138933-47.jpeg,CNV
CNV-2239444-6.jpeg,CNV
CNV-1699976-278.jpeg,CNV
CNV-624911-30.jpeg,CNV
CNV-1169820-62.jpeg,CNV
CNV-3514723-160.jpeg,CNV
CNV-6569286-130.jpeg,CNV
CNV-9343663-76.jpeg,CNV
CNV-4283050-24.jpeg,CNV
CNV-364469-8.jpeg,CNV
CNV-954024-76.jpeg,CNV
CNV-1729810-169.jpeg,CNV
CNV-5409617-95.jpeg,CNV
CNV-4952759-216.jpeg,CNV
CNV-7555604-138.jpeg,CNV
CNV-1729810-107.jpeg,CNV
CNV-6717547-14.jpeg,CNV
CNV-9297624-86.jpeg,CNV
CNV-3734032-1.jpeg,CNV
CNV-4244160-25.jpeg,CNV
CNV-6652117-478.jpeg,CNV
CNV-933576-106.jpeg,CNV
CNV-5054419-17.jpeg,CNV
CNV-2760476-1.jpeg,CNV
CNV-1188386-327.jpeg,CNV
CNV-8598714-121.jpeg,CNV
CNV-3715091-143.jpeg,CNV
CNV-1290410-60.jpeg,CNV
CNV-8783825-191.jpeg,CNV
CNV-8341738-13.jpeg,CNV
CNV-697731-66.jpeg,CNV
CNV-6215140-12.jpeg,CNV
CNV-1188386-24.jpeg,CNV
CNV-9642260-69.jpeg,CNV
CNV-6652117-544.jpeg,CNV
CNV-1188386-545.jpeg,CNV
CNV-172472-398.jpeg,CNV
CNV-6581164-185.jpeg,CNV
CNV-7315522-250.jpeg,CNV
CNV-5468055-23.jpeg,CNV
CNV-5904584-95.jpeg,CNV
CNV-364469-44.jpeg,CNV
CNV-1305450-7.jpeg,CNV
CNV-1083927-177.jpeg,CNV
CNV-1997439-139.jpeg,CNV
CNV-4907724-94.jpeg,CNV
CNV-9343663-42.jpeg,CNV
CNV-9374492-189.jpeg,CNV
CNV-7902439-59.jpeg,CNV
CNV-9691689-1.jpeg,CNV
CNV-9540117-9.jpeg,CNV
CNV-4732594-136.jpeg,CNV
CNV-9138933-20.jpeg,CNV
CNV-8833506-123.jpeg,CNV
CNV-1702663-12.jpeg,CNV
CNV-2724152-29.jpeg,CNV
CNV-830921-3.jpeg,CNV
CNV-9598696-46.jpeg,CNV
CNV-8833506-231.jpeg,CNV
CNV-4176900-12.jpeg,CNV
CNV-2444883-101.jpeg,CNV
CNV-451136-143.jpeg,CNV
CNV-6190971-2.jpeg,CNV
CNV-9374492-215.jpeg,CNV
CNV-9547888-52.jpeg,CNV
CNV-9598696-162.jpeg,CNV
CNV-4732594-94.jpeg,CNV
CNV-5851527-47.jpeg,CNV
CNV-904464-101.jpeg,CNV
CNV-698872-21.jpeg,CNV
CNV-4691762-23.jpeg,CNV
CNV-2116022-12.jpeg,CNV
CNV-3976600-7.jpeg,CNV
CNV-3118383-28.jpeg,CNV
CNV-4732594-171.jpeg,CNV
CNV-1188386-518.jpeg,CNV
CNV-6569286-21.jpeg,CNV
CNV-794538-115.jpeg,CNV
CNV-6581164-95.jpeg,CNV
CNV-7907754-85.jpeg,CNV
CNV-7852568-41.jpeg,CNV
CNV-6215140-82.jpeg,CNV
CNV-451136-97.jpeg,CNV
CNV-6666538-454.jpeg,CNV
CNV-1016042-197.jpeg,CNV
CNV-6604414-40.jpeg,CNV
CNV-908456-10.jpeg,CNV
CNV-172472-193.jpeg,CNV
CNV-3715091-153.jpeg,CNV
CNV-9598696-144.jpeg,CNV
CNV-830921-1.jpeg,CNV
CNV-3574650-46.jpeg,CNV
CNV-7749420-34.jpeg,CNV
CNV-2725524-82.jpeg,CNV
CNV-172472-282.jpeg,CNV
CNV-8796318-53.jpeg,CNV
CNV-1651625-24.jpeg,CNV
CNV-6106345-4.jpeg,CNV
CNV-375851-9.jpeg,CNV
CNV-7907754-254.jpeg,CNV
CNV-3318854-164.jpeg,CNV
CNV-4464785-24.jpeg,CNV
CNV-3118383-52.jpeg,CNV
CNV-2141150-29.jpeg,CNV
CNV-6652117-80.jpeg,CNV
CNV-9997680-247.jpeg,CNV
CNV-5823679-60.jpeg,CNV
CNV-2192440-161.jpeg,CNV
CNV-2444883-164.jpeg,CNV
CNV-6851127-32.jpeg,CNV
CNV-8598714-24.jpeg,CNV
CNV-5557306-108.jpeg,CNV
CNV-4464785-37.jpeg,CNV
CNV-698872-9.jpeg,CNV
CNV-2437193-25.jpeg,CNV
CNV-7961716-27.jpeg,CNV
CNV-6666538-153.jpeg,CNV
CNV-904464-152.jpeg,CNV
CNV-6543588-11.jpeg,CNV
CNV-538779-65.jpeg,CNV
CNV-8833506-106.jpeg,CNV
CNV-8039905-24.jpeg,CNV
CNV-4952759-9.jpeg,CNV
CNV-9320911-31.jpeg,CNV
CNV-8598714-141.jpeg,CNV
CNV-779442-81.jpeg,CNV
CNV-1188386-298.jpeg,CNV
CNV-5477211-11.jpeg,CNV
CNV-6501469-11.jpeg,CNV
CNV-8663263-5.jpeg,CNV
CNV-172472-89.jpeg,CNV
CNV-4921376-117.jpeg,CNV
CNV-4691762-19.jpeg,CNV
CNV-137351-129.jpeg,CNV
CNV-7625147-62.jpeg,CNV
CNV-4732594-95.jpeg,CNV
CNV-3882196-3.jpeg,CNV
CNV-6314049-60.jpeg,CNV
CNV-7555604-81.jpeg,CNV
CNV-995513-301.jpeg,CNV
CNV-9374492-339.jpeg,CNV
CNV-6666538-451.jpeg,CNV
CNV-5524086-11.jpeg,CNV
CNV-7832601-4.jpeg,CNV
CNV-3616460-105.jpeg,CNV
CNV-8833506-168.jpeg,CNV
CNV-9238054-79.jpeg,CNV
CNV-7683197-43.jpeg,CNV
CNV-5431636-43.jpeg,CNV
CNV-3715091-155.jpeg,CNV
CNV-7902439-143.jpeg,CNV
CNV-8833506-188.jpeg,CNV
CNV-5699128-79.jpeg,CNV
CNV-4973287-2.jpeg,CNV
CNV-4952759-60.jpeg,CNV
CNV-5054419-179.jpeg,CNV
CNV-7237325-20.jpeg,CNV
CNV-8715526-22.jpeg,CNV
CNV-6493580-37.jpeg,CNV
CNV-3818682-2.jpeg,CNV
CNV-6625388-15.jpeg,CNV
CNV-6369482-31.jpeg,CNV
CNV-4732091-4.jpeg,CNV
CNV-4970986-11.jpeg,CNV
CNV-692554-5.jpeg,CNV
CNV-8341738-36.jpeg,CNV
CNV-8598714-123.jpeg,CNV
CNV-451136-262.jpeg,CNV
CNV-6666538-185.jpeg,CNV
CNV-1821155-5.jpeg,CNV
CNV-3318854-87.jpeg,CNV
CNV-692554-45.jpeg,CNV
CNV-9997680-186.jpeg,CNV
CNV-829402-41.jpeg,CNV
CNV-7159021-173.jpeg,CNV
CNV-732516-142.jpeg,CNV
CNV-3453634-119.jpeg,CNV
CNV-172472-222.jpeg,CNV
CNV-4643364-6.jpeg,CNV
CNV-3318854-81.jpeg,CNV
CNV-954024-78.jpeg,CNV
CNV-3824062-15.jpeg,CNV
CNV-6001487-19.jpeg,CNV
CNV-7749420-87.jpeg,CNV
CNV-2168793-9.jpeg,CNV
CNV-9174718-2.jpeg,CNV
CNV-1894770-95.jpeg,CNV
CNV-1731375-15.jpeg,CNV
CNV-9374492-197.jpeg,CNV
CNV-2046993-6.jpeg,CNV
CNV-8728968-288.jpeg,CNV
CNV-7422289-61.jpeg,CNV
CNV-9642260-146.jpeg,CNV
CNV-4521812-2.jpeg,CNV
CNV-624911-26.jpeg,CNV
CNV-8972369-17.jpeg,CNV
CNV-2350851-21.jpeg,CNV
CNV-1279887-248.jpeg,CNV
CNV-933576-48.jpeg,CNV
CNV-954024-6.jpeg,CNV
CNV-4691762-65.jpeg,CNV
CNV-2034494-27.jpeg,CNV
CNV-1260317-6.jpeg,CNV
CNV-5841100-11.jpeg,CNV
CNV-5536678-12.jpeg,CNV
CNV-9374492-397.jpeg,CNV
CNV-7907754-26.jpeg,CNV
CNV-8369717-51.jpeg,CNV
CNV-987193-20.jpeg,CNV
CNV-4884091-4.jpeg,CNV
CNV-5557306-256.jpeg,CNV
CNV-8184974-82.jpeg,CNV
CNV-2760476-16.jpeg,CNV
CNV-4532259-1.jpeg,CNV
CNV-1997439-137.jpeg,CNV
CNV-6604414-92.jpeg,CNV
CNV-6668596-106.jpeg,CNV
CNV-7902439-122.jpeg,CNV
CNV-1016042-179.jpeg,CNV
CNV-7873827-117.jpeg,CNV
CNV-7911883-4.jpeg,CNV
CNV-9374492-118.jpeg,CNV
CNV-1912508-9.jpeg,CNV
CNV-8115798-7.jpeg,CNV
CNV-4921238-1.jpeg,CNV
CNV-7487279-35.jpeg,CNV
CNV-6652117-339.jpeg,CNV
CNV-7710023-204.jpeg,CNV
CNV-7531689-21.jpeg,CNV
CNV-7732521-89.jpeg,CNV
CNV-6741522-50.jpeg,CNV
CNV-1279887-180.jpeg,CNV
CNV-979832-5.jpeg,CNV
CNV-954024-57.jpeg,CNV
CNV-8796318-7.jpeg,CNV
CNV-4412124-42.jpeg,CNV
CNV-6851127-39.jpeg,CNV
CNV-3200277-27.jpeg,CNV
CNV-9997680-190.jpeg,CNV
CNV-7907754-123.jpeg,CNV
CNV-876285-11.jpeg,CNV
CNV-1188386-596.jpeg,CNV
CNV-2724152-65.jpeg,CNV
CNV-8082730-11.jpeg,CNV
CNV-9059536-7.jpeg,CNV
CNV-1188386-199.jpeg,CNV
CNV-6652117-592.jpeg,CNV
CNV-4291972-10.jpeg,CNV
CNV-9297624-35.jpeg,CNV
CNV-4974377-100.jpeg,CNV
CNV-6369482-54.jpeg,CNV
CNV-1260317-76.jpeg,CNV
CNV-1016042-106.jpeg,CNV
CNV-1963682-65.jpeg,CNV
CNV-3514723-165.jpeg,CNV
CNV-1279887-36.jpeg,CNV
CNV-5823679-45.jpeg,CNV
CNV-1641792-8.jpeg,CNV
CNV-7604641-33.jpeg,CNV
CNV-7817337-1.jpeg,CNV
CNV-2187588-7.jpeg,CNV
CNV-732516-90.jpeg,CNV
CNV-2725524-104.jpeg,CNV
CNV-1699976-284.jpeg,CNV
CNV-9206635-36.jpeg,CNV
CNV-9300561-16.jpeg,CNV
CNV-6215140-176.jpeg,CNV
CNV-4921376-5.jpeg,CNV
CNV-7485460-1.jpeg,CNV
CNV-5823679-7.jpeg,CNV
CNV-9138933-31.jpeg,CNV
CNV-7670367-3.jpeg,CNV
CNV-9300561-1.jpeg,CNV
CNV-1083927-4.jpeg,CNV
CNV-1699976-291.jpeg,CNV
CNV-4952759-167.jpeg,CNV
CNV-794538-129.jpeg,CNV
CNV-2666323-6.jpeg,CNV
CNV-9320911-90.jpeg,CNV
CNV-2632189-6.jpeg,CNV
CNV-3608921-5.jpeg,CNV
CNV-6190971-14.jpeg,CNV
CNV-1997439-168.jpeg,CNV
CNV-1997439-133.jpeg,CNV
CNV-364469-59.jpeg,CNV
CNV-9320911-49.jpeg,CNV
CNV-4244160-62.jpeg,CNV
CNV-794538-72.jpeg,CNV
CNV-7961716-46.jpeg,CNV
CNV-5468055-119.jpeg,CNV
CNV-163081-20.jpeg,CNV
CNV-9373856-79.jpeg,CNV
CNV-7555604-95.jpeg,CNV
CNV-7694510-5.jpeg,CNV
CNV-7710023-62.jpeg,CNV
CNV-6652117-317.jpeg,CNV
CNV-172472-250.jpeg,CNV
CNV-6883024-24.jpeg,CNV
CNV-9547888-16.jpeg,CNV
CNV-9575230-5.jpeg,CNV
CNV-8602230-17.jpeg,CNV
CNV-6652117-433.jpeg,CNV
CNV-7792808-16.jpeg,CNV
CNV-3514723-56.jpeg,CNV
CNV-6215140-4.jpeg,CNV
CNV-781814-24.jpeg,CNV
CNV-3307363-9.jpeg,CNV
CNV-1174703-5.jpeg,CNV
CNV-6451562-3.jpeg,CNV
CNV-3616460-75.jpeg,CNV
CNV-9598696-138.jpeg,CNV
CNV-364469-169.jpeg,CNV
CNV-1356232-4.jpeg,CNV
CNV-933576-184.jpeg,CNV
CNV-8796318-4.jpeg,CNV
CNV-6666538-527.jpeg,CNV
CNV-9734808-63.jpeg,CNV
CNV-4612183-45.jpeg,CNV
CNV-9997680-80.jpeg,CNV
CNV-1188386-442.jpeg,CNV
CNV-8598714-16.jpeg,CNV
CNV-6369482-96.jpeg,CNV
CNV-4643364-33.jpeg,CNV
CNV-9997680-242.jpeg,CNV
CNV-4732594-145.jpeg,CNV
CNV-5477211-34.jpeg,CNV
CNV-3453634-71.jpeg,CNV
CNV-1699976-355.jpeg,CNV
CNV-5823679-11.jpeg,CNV
CNV-692554-35.jpeg,CNV
CNV-1188386-445.jpeg,CNV
CNV-3163547-62.jpeg,CNV
CNV-451136-121.jpeg,CNV
CNV-7565927-159.jpeg,CNV
CNV-4107394-55.jpeg,CNV
CNV-163081-122.jpeg,CNV
CNV-1016042-7.jpeg,CNV
CNV-3318854-251.jpeg,CNV
CNV-1894770-94.jpeg,CNV
CNV-5904584-59.jpeg,CNV
CNV-7565927-245.jpeg,CNV
CNV-6566667-78.jpeg,CNV
CNV-1260317-20.jpeg,CNV
CNV-933576-70.jpeg,CNV
CNV-135126-11.jpeg,CNV
CNV-4176900-2.jpeg,CNV
CNV-6915555-36.jpeg,CNV
CNV-5425896-37.jpeg,CNV
CNV-3453634-108.jpeg,CNV
CNV-3307363-37.jpeg,CNV
CNV-5409617-131.jpeg,CNV
CNV-7732521-168.jpeg,CNV
CNV-9374492-277.jpeg,CNV
CNV-2444883-119.jpeg,CNV
CNV-933576-20.jpeg,CNV
CNV-6795779-10.jpeg,CNV
CNV-9005459-15.jpeg,CNV
CNV-451136-162.jpeg,CNV
CNV-2725524-154.jpeg,CNV
CNV-995513-217.jpeg,CNV
CNV-794538-113.jpeg,CNV
CNV-172472-390.jpeg,CNV
CNV-2724152-14.jpeg,CNV
CNV-7422289-1.jpeg,CNV
CNV-779442-121.jpeg,CNV
CNV-909994-15.jpeg,CNV
CNV-3080163-68.jpeg,CNV
CNV-1390155-93.jpeg,CNV
CNV-4643364-87.jpeg,CNV
CNV-1112835-301.jpeg,CNV
CNV-8728968-234.jpeg,CNV
CNV-1699976-83.jpeg,CNV
CNV-6668596-13.jpeg,CNV
CNV-2481084-2.jpeg,CNV
CNV-417468-29.jpeg,CNV
CNV-7563760-7.jpeg,CNV
CNV-7315522-93.jpeg,CNV
CNV-781814-88.jpeg,CNV
CNV-995513-120.jpeg,CNV
CNV-7487279-23.jpeg,CNV
CNV-1188386-395.jpeg,CNV
CNV-8184974-77.jpeg,CNV
CNV-218676-31.jpeg,CNV
CNV-7774946-7.jpeg,CNV
CNV-7315522-79.jpeg,CNV
CNV-7315522-251.jpeg,CNV
CNV-4464785-48.jpeg,CNV
CNV-4884091-68.jpeg,CNV
CNV-4674526-3.jpeg,CNV
CNV-8833506-95.jpeg,CNV
CNV-1699976-79.jpeg,CNV
CNV-3453634-20.jpeg,CNV
CNV-3887901-6.jpeg,CNV
CNV-3200688-25.jpeg,CNV
CNV-9343663-61.jpeg,CNV
CNV-6314049-62.jpeg,CNV
CNV-2205167-2.jpeg,CNV
CNV-954024-74.jpeg,CNV
CNV-8184974-113.jpeg,CNV
CNV-7513011-24.jpeg,CNV
CNV-1907560-1.jpeg,CNV
CNV-5050880-2.jpeg,CNV
CNV-933576-45.jpeg,CNV
CNV-2760476-18.jpeg,CNV
CNV-1131664-4.jpeg,CNV
CNV-7656403-142.jpeg,CNV
CNV-1083927-69.jpeg,CNV
CNV-1112835-350.jpeg,CNV
CNV-7625147-128.jpeg,CNV
CNV-1959316-4.jpeg,CNV
CNV-4244160-4.jpeg,CNV
CNV-6106345-110.jpeg,CNV
CNV-1963682-80.jpeg,CNV
CNV-4244160-159.jpeg,CNV
CNV-6652117-165.jpeg,CNV
CNV-457907-28.jpeg,CNV
CNV-1083927-94.jpeg,CNV
CNV-8783825-306.jpeg,CNV
CNV-5594757-51.jpeg,CNV
CNV-4274486-5.jpeg,CNV
CNV-6668596-154.jpeg,CNV
CNV-7670367-40.jpeg,CNV
CNV-9997680-52.jpeg,CNV
CNV-2444883-5.jpeg,CNV
CNV-9642959-36.jpeg,CNV
CNV-732516-45.jpeg,CNV
CNV-7749420-92.jpeg,CNV
CNV-1702663-32.jpeg,CNV
CNV-9388047-64.jpeg,CNV
CNV-7565927-172.jpeg,CNV
CNV-6314049-86.jpeg,CNV
CNV-3715091-77.jpeg,CNV
CNV-7565927-229.jpeg,CNV
CNV-1016042-22.jpeg,CNV
CNV-9642260-86.jpeg,CNV
CNV-6741522-49.jpeg,CNV
CNV-7513011-94.jpeg,CNV
CNV-6314049-59.jpeg,CNV
CNV-7683197-13.jpeg,CNV
CNV-7907754-469.jpeg,CNV
CNV-4732594-70.jpeg,CNV
CNV-9462998-24.jpeg,CNV
CNV-4121518-9.jpeg,CNV
CNV-6569286-75.jpeg,CNV
CNV-4191828-1.jpeg,CNV
CNV-1676918-7.jpeg,CNV
CNV-7565927-202.jpeg,CNV
CNV-6668596-51.jpeg,CNV
CNV-9811594-42.jpeg,CNV
CNV-8341738-6.jpeg,CNV
CNV-781814-98.jpeg,CNV
CNV-5699128-46.jpeg,CNV
CNV-9345424-6.jpeg,CNV
CNV-9373856-36.jpeg,CNV
CNV-7749420-67.jpeg,CNV
CNV-6566667-153.jpeg,CNV
CNV-137351-139.jpeg,CNV
CNV-1997439-179.jpeg,CNV
CNV-908456-22.jpeg,CNV
CNV-445726-17.jpeg,CNV
CNV-6581164-223.jpeg,CNV
CNV-2105665-1.jpeg,CNV
CNV-2350851-29.jpeg,CNV
CNV-1260317-9.jpeg,CNV
CNV-6668596-179.jpeg,CNV
CNV-9439639-8.jpeg,CNV
CNV-6369482-46.jpeg,CNV
CNV-5468055-137.jpeg,CNV
CNV-3318854-27.jpeg,CNV
CNV-3618489-18.jpeg,CNV
CNV-7683197-18.jpeg,CNV
CNV-4521812-21.jpeg,CNV
CNV-5823679-47.jpeg,CNV
CNV-6666538-484.jpeg,CNV
CNV-5054419-161.jpeg,CNV
CNV-6666538-585.jpeg,CNV
CNV-3715091-86.jpeg,CNV
CNV-3307363-57.jpeg,CNV
CNV-3715091-150.jpeg,CNV
CNV-4910354-11.jpeg,CNV
CNV-1112835-19.jpeg,CNV
CNV-1760872-1.jpeg,CNV
CNV-3514723-76.jpeg,CNV
CNV-1779025-19.jpeg,CNV
CNV-732516-180.jpeg,CNV
CNV-827677-13.jpeg,CNV
CNV-8833506-236.jpeg,CNV
CNV-172472-129.jpeg,CNV
CNV-1986974-2.jpeg,CNV
CNV-103044-66.jpeg,CNV
CNV-5054419-2.jpeg,CNV
CNV-4107394-116.jpeg,CNV
CNV-6714829-12.jpeg,CNV
CNV-933576-90.jpeg,CNV
CNV-9598696-82.jpeg,CNV
CNV-6106345-20.jpeg,CNV
CNV-7237325-42.jpeg,CNV
CNV-1322624-135.jpeg,CNV
CNV-2034494-96.jpeg,CNV
CNV-1305450-133.jpeg,CNV
CNV-445726-33.jpeg,CNV
CNV-1305450-218.jpeg,CNV
CNV-1169820-23.jpeg,CNV
CNV-8800510-5.jpeg,CNV
CNV-7565927-77.jpeg,CNV
CNV-846962-15.jpeg,CNV
CNV-7710023-46.jpeg,CNV
CNV-1279887-52.jpeg,CNV
CNV-1641792-59.jpeg,CNV
CNV-4691762-36.jpeg,CNV
CNV-7555604-168.jpeg,CNV
CNV-6106345-59.jpeg,CNV
CNV-781814-141.jpeg,CNV
CNV-1188386-481.jpeg,CNV
CNV-1188386-156.jpeg,CNV
CNV-9935363-83.jpeg,CNV
CNV-4732594-14.jpeg,CNV
CNV-3541867-4.jpeg,CNV
CNV-8728968-173.jpeg,CNV
CNV-451136-130.jpeg,CNV
CNV-1112835-93.jpeg,CNV
CNV-6569286-53.jpeg,CNV
CNV-1173253-10.jpeg,CNV
CNV-8783825-50.jpeg,CNV
CNV-9171051-1.jpeg,CNV
CNV-1980926-44.jpeg,CNV
CNV-4005949-1.jpeg,CNV
CNV-6668596-40.jpeg,CNV
CNV-5760454-9.jpeg,CNV
CNV-375851-7.jpeg,CNV
CNV-4708782-31.jpeg,CNV
CNV-103044-177.jpeg,CNV
CNV-7159021-105.jpeg,CNV
CNV-103044-202.jpeg,CNV
CNV-6741522-151.jpeg,CNV
CNV-6933604-16.jpeg,CNV
CNV-9811594-31.jpeg,CNV
CNV-3453634-100.jpeg,CNV
CNV-9059536-3.jpeg,CNV
CNV-5861916-32.jpeg,CNV
CNV-7907754-299.jpeg,CNV
CNV-2660677-12.jpeg,CNV
CNV-7852568-2.jpeg,CNV
CNV-4086623-34.jpeg,CNV
CNV-6106345-18.jpeg,CNV
CNV-8728968-4.jpeg,CNV
CNV-8728968-178.jpeg,CNV
CNV-2725524-55.jpeg,CNV
CNV-6314049-173.jpeg,CNV
CNV-1699976-253.jpeg,CNV
CNV-1781140-85.jpeg,CNV
CNV-460403-138.jpeg,CNV
CNV-2469183-1.jpeg,CNV
CNV-9320911-48.jpeg,CNV
CNV-6493580-40.jpeg,CNV
CNV-1390155-69.jpeg,CNV
CNV-7907754-356.jpeg,CNV
CNV-876285-39.jpeg,CNV
CNV-2156263-3.jpeg,CNV
CNV-7555604-127.jpeg,CNV
CNV-137351-97.jpeg,CNV
CNV-7565927-96.jpeg,CNV
CNV-7739267-3.jpeg,CNV
CNV-8819395-145.jpeg,CNV
CNV-1907560-2.jpeg,CNV
CNV-3453634-103.jpeg,CNV
CNV-8087608-16.jpeg,CNV
CNV-3921035-1.jpeg,CNV
CNV-1729810-69.jpeg,CNV
CNV-451136-58.jpeg,CNV
CNV-9320911-3.jpeg,CNV
CNV-9373856-50.jpeg,CNV
CNV-5536678-20.jpeg,CNV
CNV-1016042-161.jpeg,CNV
CNV-3715091-58.jpeg,CNV
CNV-8728968-98.jpeg,CNV
CNV-6493580-190.jpeg,CNV
CNV-5603164-80.jpeg,CNV
CNV-4283050-35.jpeg,CNV
CNV-781814-116.jpeg,CNV
CNV-1730592-14.jpeg,CNV
CNV-135126-5.jpeg,CNV
CNV-460403-95.jpeg,CNV
CNV-4370501-60.jpeg,CNV
CNV-3882196-5.jpeg,CNV
CNV-460403-116.jpeg,CNV
CNV-6581164-137.jpeg,CNV
CNV-4612183-17.jpeg,CNV
CNV-6652117-303.jpeg,CNV
CNV-4308224-8.jpeg,CNV
CNV-1112835-370.jpeg,CNV
CNV-1113817-3.jpeg,CNV
CNV-6666538-442.jpeg,CNV
CNV-1699976-292.jpeg,CNV
CNV-1963682-97.jpeg,CNV
CNV-846962-20.jpeg,CNV
CNV-1016042-135.jpeg,CNV
CNV-779442-37.jpeg,CNV
CNV-1188386-665.jpeg,CNV
CNV-4951152-5.jpeg,CNV
CNV-779442-1.jpeg,CNV
CNV-6566667-40.jpeg,CNV
CNV-7555604-45.jpeg,CNV
CNV-5054419-7.jpeg,CNV
CNV-7315522-273.jpeg,CNV
CNV-9547888-24.jpeg,CNV
CNV-8819395-46.jpeg,CNV
CNV-4002900-4.jpeg,CNV
CNV-3215445-4.jpeg,CNV
CNV-6106345-53.jpeg,CNV
CNV-6947782-32.jpeg,CNV
CNV-7710023-139.jpeg,CNV
CNV-7683197-1.jpeg,CNV
CNV-7422289-40.jpeg,CNV
CNV-7565927-165.jpeg,CNV
CNV-9297624-89.jpeg,CNV
CNV-781814-70.jpeg,CNV
CNV-3318854-162.jpeg,CNV
CNV-5824631-5.jpeg,CNV
CNV-1729810-45.jpeg,CNV
CNV-2628366-1.jpeg,CNV
CNV-364469-147.jpeg,CNV
CNV-7907754-276.jpeg,CNV
CNV-1279887-239.jpeg,CNV
CNV-7710023-38.jpeg,CNV
CNV-6666538-344.jpeg,CNV
CNV-460403-145.jpeg,CNV
CNV-482704-45.jpeg,CNV
CNV-9206635-1.jpeg,CNV
CNV-1632795-20.jpeg,CNV
CNV-9642959-91.jpeg,CNV
CNV-8082730-35.jpeg,CNV
CNV-2026176-8.jpeg,CNV
CNV-2128644-107.jpeg,CNV
CNV-995513-269.jpeg,CNV
CNV-457907-57.jpeg,CNV
CNV-6604414-29.jpeg,CNV
CNV-933576-137.jpeg,CNV
CNV-1112835-108.jpeg,CNV
CNV-7565927-247.jpeg,CNV
CNV-6666538-443.jpeg,CNV
CNV-3574650-86.jpeg,CNV
CNV-163081-229.jpeg,CNV
CNV-933576-2.jpeg,CNV
CNV-9206459-28.jpeg,CNV
CNV-5760454-18.jpeg,CNV
CNV-4534097-7.jpeg,CNV
CNV-3049062-4.jpeg,CNV
CNV-1699976-23.jpeg,CNV
CNV-163081-256.jpeg,CNV
CNV-163081-260.jpeg,CNV
CNV-8819395-88.jpeg,CNV
CNV-6666538-208.jpeg,CNV
CNV-1730592-96.jpeg,CNV
CNV-3847391-17.jpeg,CNV
CNV-1169820-81.jpeg,CNV
CNV-6783162-10.jpeg,CNV
CNV-7710023-109.jpeg,CNV
CNV-6369482-73.jpeg,CNV
CNV-9734808-17.jpeg,CNV
CNV-6947782-79.jpeg,CNV
CNV-4244160-85.jpeg,CNV
CNV-3818682-77.jpeg,CNV
CNV-1699976-63.jpeg,CNV
CNV-2444883-145.jpeg,CNV
CNV-5429703-12.jpeg,CNV
CNV-5514818-12.jpeg,CNV
CNV-8341738-67.jpeg,CNV
CNV-3080163-15.jpeg,CNV
CNV-2158467-9.jpeg,CNV
CNV-3509367-17.jpeg,CNV
CNV-4921376-72.jpeg,CNV
CNV-137351-89.jpeg,CNV
CNV-8728968-290.jpeg,CNV
CNV-154835-70.jpeg,CNV
CNV-4907724-112.jpeg,CNV
CNV-4693151-3.jpeg,CNV
CNV-1112835-113.jpeg,CNV
CNV-2725524-71.jpeg,CNV
CNV-1112835-224.jpeg,CNV
CNV-5536678-11.jpeg,CNV
CNV-933576-220.jpeg,CNV
CNV-6717547-20.jpeg,CNV
CNV-7749420-66.jpeg,CNV
CNV-9642260-270.jpeg,CNV
CNV-5674369-25.jpeg,CNV
CNV-7732521-135.jpeg,CNV
CNV-6652117-585.jpeg,CNV
CNV-4145695-5.jpeg,CNV
CNV-1169820-33.jpeg,CNV
CNV-451136-149.jpeg,CNV
CNV-364469-39.jpeg,CNV
CNV-624911-56.jpeg,CNV
CNV-7315522-267.jpeg,CNV
CNV-3541867-11.jpeg,CNV
CNV-6314049-35.jpeg,CNV
CNV-2128644-73.jpeg,CNV
CNV-1112835-32.jpeg,CNV
CNV-7873827-43.jpeg,CNV
CNV-1083927-175.jpeg,CNV
CNV-6666538-1.jpeg,CNV
CNV-1083927-7.jpeg,CNV
CNV-1907560-4.jpeg,CNV
CNV-6569286-116.jpeg,CNV
CNV-1188386-139.jpeg,CNV
CNV-697731-57.jpeg,CNV
CNV-172472-311.jpeg,CNV
CNV-8989477-55.jpeg,CNV
CNV-5477211-33.jpeg,CNV
CNV-9935363-72.jpeg,CNV
CNV-6493580-260.jpeg,CNV
CNV-6581164-188.jpeg,CNV
CNV-154835-28.jpeg,CNV
CNV-1731375-6.jpeg,CNV
CNV-8598714-31.jpeg,CNV
CNV-7315522-188.jpeg,CNV
CNV-9642959-94.jpeg,CNV
CNV-6569286-142.jpeg,CNV
CNV-7873827-40.jpeg,CNV
CNV-3618489-55.jpeg,CNV
CNV-1455244-5.jpeg,CNV
CNV-1731375-55.jpeg,CNV
CNV-1730592-135.jpeg,CNV
CNV-6625388-11.jpeg,CNV
CNV-6666538-290.jpeg,CNV
CNV-9684880-6.jpeg,CNV
CNV-1781140-43.jpeg,CNV
CNV-1849029-5.jpeg,CNV
CNV-5446025-2.jpeg,CNV
CNV-933576-224.jpeg,CNV
CNV-6569286-94.jpeg,CNV
CNV-1730592-113.jpeg,CNV
CNV-1699976-99.jpeg,CNV
CNV-81630-49.jpeg,CNV
CNV-6875371-2.jpeg,CNV
CNV-9439639-39.jpeg,CNV
CNV-4731487-11.jpeg,CNV
CNV-8023853-10.jpeg,CNV
CNV-8003660-11.jpeg,CNV
CNV-3514723-27.jpeg,CNV
CNV-4455032-19.jpeg,CNV
CNV-81630-36.jpeg,CNV
CNV-7902439-150.jpeg,CNV
CNV-5861916-5.jpeg,CNV
CNV-3514723-63.jpeg,CNV
CNV-4107394-100.jpeg,CNV
CNV-6170739-8.jpeg,CNV
CNV-3715091-45.jpeg,CNV
CNV-1136126-35.jpeg,CNV
CNV-5674369-222.jpeg,CNV
CNV-7604641-17.jpeg,CNV
CNV-6215140-47.jpeg,CNV
CNV-6668596-61.jpeg,CNV
CNV-6569286-145.jpeg,CNV
CNV-2724152-71.jpeg,CNV
CNV-995513-180.jpeg,CNV
CNV-9000010-1.jpeg,CNV
CNV-846962-19.jpeg,CNV
CNV-7513011-7.jpeg,CNV
CNV-1083927-40.jpeg,CNV
CNV-5823679-91.jpeg,CNV
CNV-4332329-10.jpeg,CNV
CNV-7531689-58.jpeg,CNV
CNV-6314049-134.jpeg,CNV
CNV-995513-38.jpeg,CNV
CNV-9374492-207.jpeg,CNV
CNV-6493580-49.jpeg,CNV
CNV-375851-70.jpeg,CNV
CNV-6493580-218.jpeg,CNV
CNV-7852568-1.jpeg,CNV
CNV-4464785-41.jpeg,CNV
CNV-9206635-16.jpeg,CNV
CNV-7902439-162.jpeg,CNV
CNV-137351-105.jpeg,CNV
CNV-5586051-2.jpeg,CNV
CNV-1781140-13.jpeg,CNV
CNV-4952759-204.jpeg,CNV
CNV-1781140-117.jpeg,CNV
CNV-1112835-157.jpeg,CNV
CNV-8748941-37.jpeg,CNV
CNV-288662-2.jpeg,CNV
CNV-163081-152.jpeg,CNV
CNV-135126-18.jpeg,CNV
CNV-5054419-55.jpeg,CNV
CNV-6581164-200.jpeg,CNV
CNV-482704-32.jpeg,CNV
CNV-5603164-15.jpeg,CNV
CNV-6783162-33.jpeg,CNV
CNV-2444883-67.jpeg,CNV
CNV-9388047-84.jpeg,CNV
CNV-732516-38.jpeg,CNV
CNV-4534097-2.jpeg,CNV
CNV-624911-61.jpeg,CNV
CNV-2437193-81.jpeg,CNV
CNV-5699128-48.jpeg,CNV
CNV-9547888-53.jpeg,CNV
CNV-4107394-87.jpeg,CNV
CNV-9811594-76.jpeg,CNV
CNV-3307363-26.jpeg,CNV
CNV-6215140-8.jpeg,CNV
CNV-3318854-211.jpeg,CNV
CNV-6714829-8.jpeg,CNV
CNV-794538-62.jpeg,CNV
CNV-4283050-55.jpeg,CNV
CNV-4570780-8.jpeg,CNV
CNV-5900204-2.jpeg,CNV
CNV-7656403-90.jpeg,CNV
CNV-4708782-22.jpeg,CNV
CNV-1260317-37.jpeg,CNV
CNV-7873827-99.jpeg,CNV
CNV-5710007-13.jpeg,CNV
CNV-4219137-6.jpeg,CNV
CNV-8783825-174.jpeg,CNV
CNV-5674369-229.jpeg,CNV
CNV-764972-34.jpeg,CNV
CNV-904464-209.jpeg,CNV
CNV-5904584-116.jpeg,CNV
CNV-8833506-56.jpeg,CNV
CNV-8783825-231.jpeg,CNV
CNV-7710023-148.jpeg,CNV
CNV-1279887-74.jpeg,CNV
CNV-4907724-72.jpeg,CNV
CNV-9811594-29.jpeg,CNV
CNV-1770552-5.jpeg,CNV
CNV-2141150-18.jpeg,CNV
CNV-1188386-54.jpeg,CNV
CNV-417468-62.jpeg,CNV
CNV-2025105-2.jpeg,CNV
CNV-5054419-177.jpeg,CNV
CNV-7565927-58.jpeg,CNV
CNV-154835-13.jpeg,CNV
CNV-2120559-55.jpeg,CNV
CNV-9778894-4.jpeg,CNV
CNV-6668596-111.jpeg,CNV
CNV-5468055-98.jpeg,CNV
CNV-7873827-96.jpeg,CNV
CNV-2177326-3.jpeg,CNV
CNV-794538-41.jpeg,CNV
CNV-3200277-3.jpeg,CNV
CNV-6294785-105.jpeg,CNV
CNV-8728968-281.jpeg,CNV
CNV-7422289-94.jpeg,CNV
CNV-7907754-224.jpeg,CNV
CNV-4534097-5.jpeg,CNV
CNV-9642260-123.jpeg,CNV
CNV-8014630-9.jpeg,CNV
CNV-2651624-1.jpeg,CNV
CNV-9439639-6.jpeg,CNV
CNV-5313366-7.jpeg,CNV
CNV-1188386-478.jpeg,CNV
CNV-8783825-117.jpeg,CNV
CNV-1290410-173.jpeg,CNV
CNV-6604414-82.jpeg,CNV
CNV-4759376-6.jpeg,CNV
CNV-3768731-1.jpeg,CNV
CNV-3307363-52.jpeg,CNV
CNV-163081-88.jpeg,CNV
CNV-3318854-224.jpeg,CNV
CNV-1279887-217.jpeg,CNV
CNV-6915555-24.jpeg,CNV
CNV-8783825-297.jpeg,CNV
CNV-2120559-21.jpeg,CNV
CNV-1322624-96.jpeg,CNV
CNV-9374492-240.jpeg,CNV
CNV-2515109-21.jpeg,CNV
CNV-3453634-97.jpeg,CNV
CNV-1016042-30.jpeg,CNV
CNV-2350851-4.jpeg,CNV
CNV-4732594-177.jpeg,CNV
CNV-163081-132.jpeg,CNV
CNV-4952759-7.jpeg,CNV
CNV-3424668-15.jpeg,CNV
CNV-172472-281.jpeg,CNV
CNV-5557306-83.jpeg,CNV
CNV-6314049-10.jpeg,CNV
CNV-1997439-89.jpeg,CNV
CNV-4020729-46.jpeg,CNV
CNV-6569286-165.jpeg,CNV
CNV-9374492-305.jpeg,CNV
CNV-6106345-118.jpeg,CNV
CNV-6666538-188.jpeg,CNV
CNV-2168793-11.jpeg,CNV
CNV-8602230-4.jpeg,CNV
CNV-1279887-93.jpeg,CNV
CNV-933576-142.jpeg,CNV
CNV-1821155-6.jpeg,CNV
CNV-1322624-122.jpeg,CNV
CNV-4631261-8.jpeg,CNV
CNV-9374492-167.jpeg,CNV
CNV-4907724-68.jpeg,CNV
CNV-4020729-85.jpeg,CNV
CNV-9320911-57.jpeg,CNV
CNV-4732594-3.jpeg,CNV
CNV-6314049-6.jpeg,CNV
CNV-7422289-118.jpeg,CNV
CNV-9299533-5.jpeg,CNV
CNV-872609-5.jpeg,CNV
CNV-9642260-106.jpeg,CNV
CNV-9642260-229.jpeg,CNV
CNV-2760476-31.jpeg,CNV
CNV-5054419-22.jpeg,CNV
CNV-3616460-7.jpeg,CNV
CNV-1963682-33.jpeg,CNV
CNV-163081-169.jpeg,CNV
CNV-7997521-20.jpeg,CNV
CNV-3818682-39.jpeg,CNV
CNV-2541184-4.jpeg,CNV
CNV-9547888-65.jpeg,CNV
CNV-2719385-3.jpeg,CNV
CNV-4643364-56.jpeg,CNV
CNV-995513-221.jpeg,CNV
CNV-2120559-20.jpeg,CNV
CNV-3119854-4.jpeg,CNV
CNV-103044-167.jpeg,CNV
CNV-764972-39.jpeg,CNV
CNV-781814-53.jpeg,CNV
CNV-4219137-96.jpeg,CNV
CNV-995513-314.jpeg,CNV
CNV-3715091-52.jpeg,CNV
CNV-7654515-11.jpeg,CNV
CNV-6652117-485.jpeg,CNV
CNV-9997680-105.jpeg,CNV
CNV-2026176-12.jpeg,CNV
CNV-3696907-33.jpeg,CNV
CNV-4231210-23.jpeg,CNV
CNV-1279887-112.jpeg,CNV
CNV-4370501-53.jpeg,CNV
CNV-8796318-58.jpeg,CNV
CNV-8341738-75.jpeg,CNV
CNV-451136-321.jpeg,CNV
CNV-9374492-106.jpeg,CNV
CNV-6666538-540.jpeg,CNV
CNV-2725524-53.jpeg,CNV
CNV-995513-37.jpeg,CNV
CNV-6741522-135.jpeg,CNV
CNV-7710023-225.jpeg,CNV
CNV-1188386-619.jpeg,CNV
CNV-4907724-21.jpeg,CNV
CNV-103044-6.jpeg,CNV
CNV-1894770-27.jpeg,CNV
CNV-5674369-202.jpeg,CNV
CNV-5409617-7.jpeg,CNV
CNV-3307363-48.jpeg,CNV
CNV-9598696-17.jpeg,CNV
CNV-5468055-122.jpeg,CNV
CNV-6652117-323.jpeg,CNV
CNV-8003660-15.jpeg,CNV
CNV-8796318-41.jpeg,CNV
CNV-9734808-20.jpeg,CNV
CNV-7710023-115.jpeg,CNV
CNV-8833506-72.jpeg,CNV
CNV-7873827-122.jpeg,CNV
CNV-2026176-2.jpeg,CNV
CNV-6106345-92.jpeg,CNV
CNV-1784116-5.jpeg,CNV
CNV-5380819-17.jpeg,CNV
CNV-624911-38.jpeg,CNV
CNV-2725524-57.jpeg,CNV
CNV-3541867-7.jpeg,CNV
CNV-460403-182.jpeg,CNV
CNV-781814-132.jpeg,CNV
CNV-1112835-316.jpeg,CNV
CNV-1322624-64.jpeg,CNV
CNV-9005459-10.jpeg,CNV
CNV-6668596-135.jpeg,CNV
CNV-5670317-14.jpeg,CNV
CNV-9549394-8.jpeg,CNV
CNV-1016042-159.jpeg,CNV
CNV-3976600-13.jpeg,CNV
CNV-5904584-87.jpeg,CNV
CNV-2116022-76.jpeg,CNV
CNV-9642260-208.jpeg,CNV
CNV-2239444-5.jpeg,CNV
CNV-7393104-39.jpeg,CNV
CNV-6795779-26.jpeg,CNV
CNV-997190-8.jpeg,CNV
CNV-3514723-105.jpeg,CNV
CNV-9439639-70.jpeg,CNV
CNV-4328841-2.jpeg,CNV
CNV-9691689-8.jpeg,CNV
CNV-6566667-20.jpeg,CNV
CNV-3514723-120.jpeg,CNV
CNV-8039155-13.jpeg,CNV
CNV-1188386-751.jpeg,CNV
CNV-9642260-205.jpeg,CNV
CNV-2655276-10.jpeg,CNV
CNV-6666538-47.jpeg,CNV
CNV-5426500-13.jpeg,CNV
CNV-6001487-82.jpeg,CNV
CNV-1356232-7.jpeg,CNV
CNV-2437193-34.jpeg,CNV
CNV-8989477-29.jpeg,CNV
CNV-1290410-157.jpeg,CNV
CNV-1729810-42.jpeg,CNV
CNV-933576-46.jpeg,CNV
CNV-9911627-32.jpeg,CNV
CNV-2091427-3.jpeg,CNV
CNV-2120559-18.jpeg,CNV
CNV-7902439-58.jpeg,CNV
CNV-7710023-212.jpeg,CNV
CNV-7656403-50.jpeg,CNV
CNV-8972369-25.jpeg,CNV
CNV-3541867-18.jpeg,CNV
CNV-1677396-5.jpeg,CNV
CNV-6581164-204.jpeg,CNV
CNV-9598696-153.jpeg,CNV
CNV-8748941-17.jpeg,CNV
CNV-6783162-25.jpeg,CNV
CNV-224974-12.jpeg,CNV
CNV-794538-180.jpeg,CNV
CNV-3118383-27.jpeg,CNV
CNV-4643364-59.jpeg,CNV
CNV-7710023-209.jpeg,CNV
CNV-451136-49.jpeg,CNV
CNV-5674369-232.jpeg,CNV
CNV-2655276-44.jpeg,CNV
CNV-4524167-3.jpeg,CNV
CNV-6652117-342.jpeg,CNV
CNV-6604414-54.jpeg,CNV
CNV-3818682-36.jpeg,CNV
CNV-1699976-301.jpeg,CNV
CNV-172472-416.jpeg,CNV
CNV-5557306-84.jpeg,CNV
CNV-6668596-192.jpeg,CNV
CNV-7907754-423.jpeg,CNV
CNV-6765435-9.jpeg,CNV
CNV-163081-184.jpeg,CNV
CNV-6626487-9.jpeg,CNV
CNV-6493580-152.jpeg,CNV
CNV-7873827-57.jpeg,CNV
CNV-7345121-28.jpeg,CNV
CNV-5054419-186.jpeg,CNV
CNV-1681986-17.jpeg,CNV
CNV-8728968-30.jpeg,CNV
CNV-1997439-83.jpeg,CNV
CNV-9598696-151.jpeg,CNV
CNV-3696907-20.jpeg,CNV
CNV-4732594-166.jpeg,CNV
CNV-7345121-40.jpeg,CNV
CNV-6933604-1.jpeg,CNV
CNV-2285380-18.jpeg,CNV
CNV-3083283-12.jpeg,CNV
CNV-3824062-30.jpeg,CNV
CNV-2760476-11.jpeg,CNV
CNV-7902439-146.jpeg,CNV
CNV-995513-172.jpeg,CNV
CNV-8003660-12.jpeg,CNV
CNV-8982961-60.jpeg,CNV
CNV-4643364-62.jpeg,CNV
CNV-6581164-136.jpeg,CNV
CNV-1699976-145.jpeg,CNV
CNV-7961716-11.jpeg,CNV
CNV-9911627-48.jpeg,CNV
CNV-9297624-119.jpeg,CNV
CNV-1997439-227.jpeg,CNV
CNV-4353925-1.jpeg,CNV
CNV-4484249-1.jpeg,CNV
CNV-9300561-33.jpeg,CNV
CNV-1982250-26.jpeg,CNV
CNV-7907754-414.jpeg,CNV
CNV-9598696-99.jpeg,CNV
CNV-5557306-187.jpeg,CNV
CNV-2724152-53.jpeg,CNV
CNV-3882196-6.jpeg,CNV
CNV-6581164-92.jpeg,CNV
CNV-4643364-104.jpeg,CNV
CNV-1290410-144.jpeg,CNV
CNV-2120559-33.jpeg,CNV
CNV-779442-239.jpeg,CNV
CNV-8783825-175.jpeg,CNV
CNV-9439639-72.jpeg,CNV
CNV-8728968-207.jpeg,CNV
CNV-1083927-48.jpeg,CNV
CNV-9642260-255.jpeg,CNV
CNV-9642959-42.jpeg,CNV
CNV-9320911-240.jpeg,CNV
CNV-1730592-137.jpeg,CNV
CNV-8796318-17.jpeg,CNV
CNV-1083927-73.jpeg,CNV
CNV-1112835-330.jpeg,CNV
CNV-4775389-1.jpeg,CNV
CNV-4464785-2.jpeg,CNV
CNV-9320911-239.jpeg,CNV
CNV-6652117-226.jpeg,CNV
CNV-692554-25.jpeg,CNV
CNV-9374492-99.jpeg,CNV
CNV-5557306-117.jpeg,CNV
CNV-198660-3.jpeg,CNV
CNV-5409617-125.jpeg,CNV
CNV-4670940-9.jpeg,CNV
CNV-172472-63.jpeg,CNV
CNV-7907754-207.jpeg,CNV
CNV-7852568-136.jpeg,CNV
CNV-5431636-52.jpeg,CNV
CNV-7531689-56.jpeg,CNV
CNV-4244160-16.jpeg,CNV
CNV-6652117-36.jpeg,CNV
CNV-3947605-25.jpeg,CNV
CNV-8728968-184.jpeg,CNV
CNV-1188386-618.jpeg,CNV
CNV-8518028-4.jpeg,CNV
CNV-5507265-59.jpeg,CNV
CNV-781814-12.jpeg,CNV
CNV-7513011-118.jpeg,CNV
CNV-6581164-149.jpeg,CNV
CNV-6666538-553.jpeg,CNV
CNV-2724152-82.jpeg,CNV
CNV-6294785-78.jpeg,CNV
CNV-7565927-91.jpeg,CNV
CNV-7907754-249.jpeg,CNV
CNV-8982961-19.jpeg,CNV
CNV-732516-100.jpeg,CNV
CNV-8598714-40.jpeg,CNV
CNV-1907560-11.jpeg,CNV
CNV-3541867-23.jpeg,CNV
CNV-1702663-22.jpeg,CNV
CNV-2116022-23.jpeg,CNV
CNV-6566667-144.jpeg,CNV
CNV-6666538-520.jpeg,CNV
CNV-9997680-119.jpeg,CNV
CNV-538779-63.jpeg,CNV
CNV-2097858-16.jpeg,CNV
CNV-6314049-45.jpeg,CNV
CNV-1173253-28.jpeg,CNV
CNV-103044-153.jpeg,CNV
CNV-451136-87.jpeg,CNV
CNV-6215140-15.jpeg,CNV
CNV-163081-66.jpeg,CNV
CNV-9894035-11.jpeg,CNV
CNV-9642260-311.jpeg,CNV
CNV-1849029-11.jpeg,CNV
CNV-8796318-51.jpeg,CNV
CNV-4612183-16.jpeg,CNV
CNV-5674369-145.jpeg,CNV
CNV-460403-20.jpeg,CNV
CNV-9238054-76.jpeg,CNV
CNV-1699976-113.jpeg,CNV
CNV-6581164-230.jpeg,CNV
CNV-2116022-70.jpeg,CNV
CNV-7683197-16.jpeg,CNV
CNV-4086623-33.jpeg,CNV
CNV-268839-26.jpeg,CNV
CNV-6314049-38.jpeg,CNV
CNV-732516-120.jpeg,CNV
CNV-995513-57.jpeg,CNV
CNV-163081-159.jpeg,CNV
CNV-9345852-1.jpeg,CNV
CNV-103044-154.jpeg,CNV
CNV-7873827-55.jpeg,CNV
CNV-6947782-14.jpeg,CNV
CNV-7563760-84.jpeg,CNV
CNV-9374492-316.jpeg,CNV
CNV-8087608-7.jpeg,CNV
CNV-1290410-141.jpeg,CNV
CNV-7565927-120.jpeg,CNV
CNV-904464-127.jpeg,CNV
CNV-8039905-8.jpeg,CNV
CNV-6947782-23.jpeg,CNV
CNV-7565927-49.jpeg,CNV
CNV-9642260-272.jpeg,CNV
CNV-460403-48.jpeg,CNV
CNV-238319-7.jpeg,CNV
CNV-4370501-27.jpeg,CNV
CNV-1188386-635.jpeg,CNV
CNV-9997680-154.jpeg,CNV
CNV-1112835-324.jpeg,CNV
CNV-3318854-7.jpeg,CNV
CNV-2213958-5.jpeg,CNV
CNV-5699128-52.jpeg,CNV
CNV-1169820-44.jpeg,CNV
CNV-7565927-63.jpeg,CNV
CNV-6106345-104.jpeg,CNV
CNV-5851527-46.jpeg,CNV
CNV-6652117-13.jpeg,CNV
CNV-6001487-25.jpeg,CNV
CNV-7961716-26.jpeg,CNV
CNV-3647865-23.jpeg,CNV
CNV-2655276-21.jpeg,CNV
CNV-9373856-101.jpeg,CNV
CNV-1169820-4.jpeg,CNV
CNV-1305450-110.jpeg,CNV
CNV-4521812-27.jpeg,CNV
CNV-1112835-333.jpeg,CNV
CNV-3453634-2.jpeg,CNV
CNV-7159021-165.jpeg,CNV
CNV-7159021-60.jpeg,CNV
CNV-7625147-28.jpeg,CNV
CNV-8598714-46.jpeg,CNV
CNV-6666538-541.jpeg,CNV
CNV-995513-268.jpeg,CNV
CNV-8728968-217.jpeg,CNV
CNV-9343663-106.jpeg,CNV
CNV-6666538-242.jpeg,CNV
CNV-13823-2.jpeg,CNV
CNV-6493580-135.jpeg,CNV
CNV-7159021-59.jpeg,CNV
CNV-7907754-464.jpeg,CNV
CNV-451136-120.jpeg,CNV
CNV-9374492-365.jpeg,CNV
CNV-1188386-799.jpeg,CNV
CNV-3824062-3.jpeg,CNV
CNV-4897594-4.jpeg,CNV
CNV-6652117-146.jpeg,CNV
CNV-7625147-136.jpeg,CNV
CNV-6493580-33.jpeg,CNV
CNV-9598696-48.jpeg,CNV
CNV-1188386-13.jpeg,CNV
CNV-9439639-60.jpeg,CNV
CNV-538779-58.jpeg,CNV
CNV-9911627-28.jpeg,CNV
CNV-6741522-66.jpeg,CNV
CNV-3976600-32.jpeg,CNV
CNV-6501487-22.jpeg,CNV
CNV-6741522-155.jpeg,CNV
CNV-3215445-15.jpeg,CNV
CNV-154835-83.jpeg,CNV
CNV-9320911-183.jpeg,CNV
CNV-5524086-36.jpeg,CNV
CNV-1632795-2.jpeg,CNV
CNV-1322624-152.jpeg,CNV
CNV-9997680-208.jpeg,CNV
CNV-732516-161.jpeg,CNV
CNV-9462998-32.jpeg,CNV
CNV-2034494-133.jpeg,CNV
CNV-7585537-2.jpeg,CNV
CNV-1390155-58.jpeg,CNV
CNV-122878-13.jpeg,CNV
CNV-9911627-45.jpeg,CNV
CNV-6668596-163.jpeg,CNV
CNV-4107394-21.jpeg,CNV
CNV-2034494-135.jpeg,CNV
CNV-5409617-47.jpeg,CNV
CNV-172472-155.jpeg,CNV
CNV-9462998-16.jpeg,CNV
CNV-6625388-22.jpeg,CNV
CNV-933576-174.jpeg,CNV
CNV-7604641-13.jpeg,CNV
CNV-9734808-9.jpeg,CNV
CNV-7604641-4.jpeg,CNV
CNV-3030629-23.jpeg,CNV
CNV-2034494-45.jpeg,CNV
CNV-163081-117.jpeg,CNV
CNV-412653-20.jpeg,CNV
CNV-4974377-74.jpeg,CNV
CNV-4244160-134.jpeg,CNV
CNV-1936194-42.jpeg,CNV
CNV-451136-230.jpeg,CNV
CNV-4952759-253.jpeg,CNV
CNV-6369482-100.jpeg,CNV
CNV-7345121-20.jpeg,CNV
CNV-8833506-147.jpeg,CNV
CNV-9997680-115.jpeg,CNV
CNV-8082730-15.jpeg,CNV
CNV-9138933-12.jpeg,CNV
CNV-4826086-7.jpeg,CNV
CNV-7422289-72.jpeg,CNV
CNV-6190971-8.jpeg,CNV
CNV-7159021-144.jpeg,CNV
CNV-3792947-1.jpeg,CNV
CNV-5710007-22.jpeg,CNV
CNV-268839-35.jpeg,CNV
CNV-3424668-58.jpeg,CNV
CNV-5603164-54.jpeg,CNV
CNV-163081-29.jpeg,CNV
CNV-1260317-113.jpeg,CNV
CNV-7710023-53.jpeg,CNV
CNV-3882196-12.jpeg,CNV
CNV-451136-290.jpeg,CNV
CNV-2444883-170.jpeg,CNV
CNV-8833506-19.jpeg,CNV
CNV-1131664-43.jpeg,CNV
CNV-5674369-104.jpeg,CNV
CNV-5524086-20.jpeg,CNV
CNV-1699976-239.jpeg,CNV
CNV-1016042-78.jpeg,CNV
CNV-7792808-38.jpeg,CNV
CNV-4002900-15.jpeg,CNV
CNV-1997439-124.jpeg,CNV
CNV-137351-137.jpeg,CNV
CNV-9320911-136.jpeg,CNV
CNV-4732594-83.jpeg,CNV
CNV-4732594-157.jpeg,CNV
CNV-933576-75.jpeg,CNV
CNV-7852568-131.jpeg,CNV
CNV-779442-145.jpeg,CNV
CNV-779442-95.jpeg,CNV
CNV-7997521-7.jpeg,CNV
CNV-1188386-58.jpeg,CNV
CNV-4095287-19.jpeg,CNV
CNV-7732521-92.jpeg,CNV
CNV-9642260-81.jpeg,CNV
CNV-1982250-21.jpeg,CNV
CNV-4155829-7.jpeg,CNV
CNV-4732594-180.jpeg,CNV
CNV-6493580-120.jpeg,CNV
CNV-8184974-38.jpeg,CNV
CNV-5823679-46.jpeg,CNV
CNV-9174718-1.jpeg,CNV
CNV-1188386-23.jpeg,CNV
CNV-1016042-206.jpeg,CNV
CNV-7604641-55.jpeg,CNV
CNV-7875455-4.jpeg,CNV
CNV-8847144-25.jpeg,CNV
CNV-137351-103.jpeg,CNV
CNV-7563760-3.jpeg,CNV
CNV-7555604-162.jpeg,CNV
CNV-9374492-337.jpeg,CNV
CNV-3318854-127.jpeg,CNV
CNV-3618489-72.jpeg,CNV
CNV-3616460-99.jpeg,CNV
CNV-375851-62.jpeg,CNV
CNV-781814-147.jpeg,CNV
CNV-2350851-15.jpeg,CNV
CNV-172472-232.jpeg,CNV
CNV-7565927-121.jpeg,CNV
CNV-7710023-76.jpeg,CNV
CNV-3696907-15.jpeg,CNV
CNV-1908313-8.jpeg,CNV
CNV-2444883-178.jpeg,CNV
CNV-224974-7.jpeg,CNV
CNV-3574650-83.jpeg,CNV
CNV-4219137-69.jpeg,CNV
CNV-1188386-767.jpeg,CNV
CNV-2116022-44.jpeg,CNV
CNV-7625147-54.jpeg,CNV
CNV-6666538-362.jpeg,CNV
CNV-9642959-149.jpeg,CNV
CNV-7237325-10.jpeg,CNV
CNV-5457415-47.jpeg,CNV
CNV-4020729-66.jpeg,CNV
CNV-4974377-55.jpeg,CNV
CNV-9911627-56.jpeg,CNV
CNV-4759376-4.jpeg,CNV
CNV-3847391-28.jpeg,CNV
CNV-8184974-122.jpeg,CNV
CNV-9935363-82.jpeg,CNV
CNV-4244160-14.jpeg,CNV
CNV-9206459-21.jpeg,CNV
CNV-9997680-124.jpeg,CNV
CNV-9343663-96.jpeg,CNV
CNV-5468055-80.jpeg,CNV
CNV-4921376-89.jpeg,CNV
CNV-417468-53.jpeg,CNV
CNV-7565927-228.jpeg,CNV
CNV-451136-250.jpeg,CNV
CNV-364469-141.jpeg,CNV
CNV-5851527-53.jpeg,CNV
CNV-1730592-171.jpeg,CNV
CNV-7902439-136.jpeg,CNV
CNV-2046993-7.jpeg,CNV
CNV-624911-18.jpeg,CNV
CNV-5699128-58.jpeg,CNV
CNV-5514818-24.jpeg,CNV
CNV-9734808-57.jpeg,CNV
CNV-445726-25.jpeg,CNV
CNV-876285-22.jpeg,CNV
CNV-732516-221.jpeg,CNV
CNV-1997439-224.jpeg,CNV
CNV-9691689-2.jpeg,CNV
CNV-2651624-2.jpeg,CNV
CNV-6652117-252.jpeg,CNV
CNV-995513-107.jpeg,CNV
CNV-460403-110.jpeg,CNV
CNV-1188386-155.jpeg,CNV
CNV-781814-66.jpeg,CNV
CNV-4244160-164.jpeg,CNV
CNV-5469346-8.jpeg,CNV
CNV-6666538-418.jpeg,CNV
CNV-9642260-39.jpeg,CNV
CNV-9201573-13.jpeg,CNV
CNV-451136-35.jpeg,CNV
CNV-6543588-3.jpeg,CNV
CNV-9297624-21.jpeg,CNV
CNV-8796318-8.jpeg,CNV
CNV-7656403-96.jpeg,CNV
CNV-1083927-31.jpeg,CNV
CNV-7565927-17.jpeg,CNV
CNV-2444883-46.jpeg,CNV
CNV-6668596-54.jpeg,CNV
CNV-4370501-105.jpeg,CNV
CNV-4952759-55.jpeg,CNV
CNV-6566667-105.jpeg,CNV
CNV-6493580-241.jpeg,CNV
CNV-7907754-407.jpeg,CNV
CNV-9320911-69.jpeg,CNV
CNV-4952759-124.jpeg,CNV
CNV-7513011-186.jpeg,CNV
CNV-933576-64.jpeg,CNV
CNV-5674369-141.jpeg,CNV
CNV-5468055-60.jpeg,CNV
CNV-7159021-191.jpeg,CNV
CNV-4708782-57.jpeg,CNV
CNV-3574650-53.jpeg,CNV
CNV-1305450-189.jpeg,CNV
CNV-1907560-44.jpeg,CNV
CNV-1986974-8.jpeg,CNV
CNV-4680891-1.jpeg,CNV
CNV-5904584-22.jpeg,CNV
CNV-7907754-458.jpeg,CNV
CNV-1730592-74.jpeg,CNV
CNV-6501469-8.jpeg,CNV
CNV-4884091-15.jpeg,CNV
CNV-6652117-232.jpeg,CNV
CNV-7159021-21.jpeg,CNV
CNV-5425896-20.jpeg,CNV
CNV-172472-220.jpeg,CNV
CNV-6652117-500.jpeg,CNV
CNV-9547888-62.jpeg,CNV
CNV-8796318-125.jpeg,CNV
CNV-3818682-43.jpeg,CNV
CNV-933576-127.jpeg,CNV
CNV-172472-395.jpeg,CNV
CNV-933576-176.jpeg,CNV
CNV-3824062-31.jpeg,CNV
CNV-6566667-117.jpeg,CNV
CNV-9439639-144.jpeg,CNV
CNV-1188386-611.jpeg,CNV
CNV-6741522-90.jpeg,CNV
CNV-1699976-299.jpeg,CNV
CNV-6053140-31.jpeg,CNV
CNV-1188386-101.jpeg,CNV
CNV-8032278-23.jpeg,CNV
CNV-1305450-191.jpeg,CNV
CNV-5674369-87.jpeg,CNV
CNV-1908313-9.jpeg,CNV
CNV-5674369-259.jpeg,CNV
CNV-1997439-117.jpeg,CNV
CNV-8972369-4.jpeg,CNV
CNV-538779-3.jpeg,CNV
CNV-9470754-2.jpeg,CNV
CNV-103044-104.jpeg,CNV
CNV-122878-18.jpeg,CNV
CNV-5536678-8.jpeg,CNV
CNV-8833506-96.jpeg,CNV
CNV-8369717-61.jpeg,CNV
CNV-7315522-108.jpeg,CNV
CNV-163081-210.jpeg,CNV
CNV-1322624-58.jpeg,CNV
CNV-7159021-69.jpeg,CNV
CNV-7048665-30.jpeg,CNV
CNV-1679683-6.jpeg,CNV
CNV-7513011-96.jpeg,CNV
CNV-1731375-7.jpeg,CNV
CNV-1699976-236.jpeg,CNV
CNV-904464-276.jpeg,CNV
CNV-904464-88.jpeg,CNV
CNV-6695669-17.jpeg,CNV
CNV-6668596-170.jpeg,CNV
CNV-779442-72.jpeg,CNV
CNV-1016042-189.jpeg,CNV
CNV-1730592-134.jpeg,CNV
CNV-1188386-430.jpeg,CNV
CNV-1894770-92.jpeg,CNV
CNV-364469-170.jpeg,CNV
CNV-1188386-536.jpeg,CNV
CNV-417468-77.jpeg,CNV
CNV-5699128-4.jpeg,CNV
CNV-6581164-150.jpeg,CNV
CNV-1188386-158.jpeg,CNV
CNV-1112835-288.jpeg,CNV
CNV-4107394-40.jpeg,CNV
CNV-781814-21.jpeg,CNV
CNV-3976600-11.jpeg,CNV
CNV-8056259-3.jpeg,CNV
CNV-3453634-112.jpeg,CNV
CNV-4086623-5.jpeg,CNV
CNV-4107394-3.jpeg,CNV
CNV-1641792-22.jpeg,CNV
CNV-7907754-173.jpeg,CNV
CNV-1322624-42.jpeg,CNV
CNV-4952759-61.jpeg,CNV
CNV-2158467-13.jpeg,CNV
CNV-8728968-14.jpeg,CNV
CNV-1083927-26.jpeg,CNV
CNV-7875455-3.jpeg,CNV
CNV-1077513-5.jpeg,CNV
CNV-4027007-4.jpeg,CNV
CNV-967953-12.jpeg,CNV
CNV-1188386-289.jpeg,CNV
CNV-2628366-30.jpeg,CNV
CNV-172472-156.jpeg,CNV
CNV-529622-1.jpeg,CNV
CNV-7873827-79.jpeg,CNV
CNV-7422289-2.jpeg,CNV
CNV-8728968-102.jpeg,CNV
CNV-7907754-287.jpeg,CNV
CNV-4921376-32.jpeg,CNV
CNV-4643364-51.jpeg,CNV
CNV-4020729-129.jpeg,CNV
CNV-4907724-13.jpeg,CNV
CNV-4534097-3.jpeg,CNV
CNV-5699128-1.jpeg,CNV
CNV-995513-192.jpeg,CNV
CNV-2128644-103.jpeg,CNV
CNV-6765435-7.jpeg,CNV
CNV-5823679-61.jpeg,CNV
CNV-9642260-254.jpeg,CNV
CNV-7907754-32.jpeg,CNV
CNV-7393104-17.jpeg,CNV
CNV-5514351-36.jpeg,CNV
CNV-9642260-166.jpeg,CNV
CNV-5969175-7.jpeg,CNV
CNV-9662498-36.jpeg,CNV
CNV-732516-212.jpeg,CNV
CNV-8796318-117.jpeg,CNV
CNV-7997521-8.jpeg,CNV
CNV-7422289-91.jpeg,CNV
CNV-8115798-4.jpeg,CNV
CNV-451136-136.jpeg,CNV
CNV-2192440-51.jpeg,CNV
CNV-3318854-52.jpeg,CNV
CNV-2437193-24.jpeg,CNV
CNV-9238054-10.jpeg,CNV
CNV-1779025-31.jpeg,CNV
CNV-451136-263.jpeg,CNV
CNV-5409617-11.jpeg,CNV
CNV-1260317-31.jpeg,CNV
CNV-5904584-121.jpeg,CNV
CNV-7563760-85.jpeg,CNV
CNV-2437193-91.jpeg,CNV
CNV-6652117-213.jpeg,CNV
CNV-7159021-13.jpeg,CNV
CNV-1016042-44.jpeg,CNV
CNV-1322624-49.jpeg,CNV
CNV-1131664-28.jpeg,CNV
CNV-6001487-64.jpeg,CNV
CNV-9138933-22.jpeg,CNV
CNV-2724152-81.jpeg,CNV
CNV-1907560-33.jpeg,CNV
CNV-6369482-59.jpeg,CNV
CNV-3571267-9.jpeg,CNV
CNV-8032278-15.jpeg,CNV
CNV-8341738-71.jpeg,CNV
CNV-1188386-794.jpeg,CNV
CNV-8003660-28.jpeg,CNV
CNV-1786810-11.jpeg,CNV
CNV-7625147-57.jpeg,CNV
CNV-172472-18.jpeg,CNV
CNV-3241692-33.jpeg,CNV
CNV-4732594-181.jpeg,CNV
CNV-7902439-97.jpeg,CNV
CNV-904464-254.jpeg,CNV
CNV-5054419-90.jpeg,CNV
CNV-5710007-21.jpeg,CNV
CNV-9374492-268.jpeg,CNV
CNV-460403-96.jpeg,CNV
CNV-8184974-146.jpeg,CNV
CNV-4521812-15.jpeg,CNV
CNV-2655276-53.jpeg,CNV
CNV-538779-8.jpeg,CNV
CNV-1188386-33.jpeg,CNV
CNV-5674369-240.jpeg,CNV
CNV-6369482-57.jpeg,CNV
CNV-9374492-117.jpeg,CNV
CNV-6106345-47.jpeg,CNV
CNV-7902439-57.jpeg,CNV
CNV-3318854-180.jpeg,CNV
CNV-7513011-119.jpeg,CNV
CNV-9642260-124.jpeg,CNV
CNV-9547888-99.jpeg,CNV
CNV-4219137-33.jpeg,CNV
CNV-7656403-101.jpeg,CNV
CNV-1188386-474.jpeg,CNV
CNV-4670940-8.jpeg,CNV
CNV-7656403-119.jpeg,CNV
CNV-4283050-37.jpeg,CNV
CNV-7907754-134.jpeg,CNV
CNV-2760476-14.jpeg,CNV
CNV-4244160-93.jpeg,CNV
CNV-1729810-154.jpeg,CNV
CNV-1963682-17.jpeg,CNV
CNV-9642260-218.jpeg,CNV
CNV-7731545-11.jpeg,CNV
CNV-6215140-177.jpeg,CNV
CNV-987193-38.jpeg,CNV
CNV-5904584-66.jpeg,CNV
CNV-9297624-78.jpeg,CNV
CNV-451136-173.jpeg,CNV
CNV-995513-316.jpeg,CNV
CNV-1112835-205.jpeg,CNV
CNV-6741522-143.jpeg,CNV
CNV-2724152-66.jpeg,CNV
CNV-1188386-325.jpeg,CNV
CNV-8082730-65.jpeg,CNV
CNV-2034494-121.jpeg,CNV
CNV-5851527-39.jpeg,CNV
CNV-172472-40.jpeg,CNV
CNV-8833506-189.jpeg,CNV
CNV-7159021-45.jpeg,CNV
CNV-794538-37.jpeg,CNV
CNV-1016042-94.jpeg,CNV
CNV-9997680-269.jpeg,CNV
CNV-764972-55.jpeg,CNV
CNV-6933604-8.jpeg,CNV
CNV-954024-108.jpeg,CNV
CNV-6915555-53.jpeg,CNV
CNV-125314-3.jpeg,CNV
CNV-8598714-136.jpeg,CNV
CNV-5536678-18.jpeg,CNV
CNV-6652117-333.jpeg,CNV
CNV-1608146-5.jpeg,CNV
CNV-1730592-77.jpeg,CNV
CNV-8082730-6.jpeg,CNV
CNV-2724152-77.jpeg,CNV
CNV-7625147-70.jpeg,CNV
CNV-5054419-34.jpeg,CNV
CNV-8003660-26.jpeg,CNV
CNV-6737988-9.jpeg,CNV
CNV-1188386-720.jpeg,CNV
CNV-1781140-24.jpeg,CNV
CNV-3818682-40.jpeg,CNV
CNV-5674369-132.jpeg,CNV
CNV-5409617-68.jpeg,CNV
CNV-698872-15.jpeg,CNV
CNV-1279887-48.jpeg,CNV
CNV-9734808-86.jpeg,CNV
CNV-1112835-348.jpeg,CNV
CNV-2116022-8.jpeg,CNV
CNV-103044-186.jpeg,CNV
CNV-5557306-90.jpeg,CNV
CNV-1872456-2.jpeg,CNV
CNV-931326-1.jpeg,CNV
CNV-7585537-24.jpeg,CNV
CNV-9297624-85.jpeg,CNV
CNV-1279887-60.jpeg,CNV
CNV-6566667-14.jpeg,CNV
CNV-9388047-87.jpeg,CNV
CNV-8184974-46.jpeg,CNV
CNV-3318854-192.jpeg,CNV
CNV-2350851-2.jpeg,CNV
CNV-6666538-547.jpeg,CNV
CNV-2116022-43.jpeg,CNV
CNV-1016042-85.jpeg,CNV
CNV-7555604-117.jpeg,CNV
CNV-781814-131.jpeg,CNV
CNV-987193-14.jpeg,CNV
CNV-6666538-495.jpeg,CNV
CNV-904464-186.jpeg,CNV
CNV-6741522-108.jpeg,CNV
CNV-3574650-15.jpeg,CNV
CNV-3715091-29.jpeg,CNV
CNV-5054419-61.jpeg,CNV
CNV-565818-4.jpeg,CNV
CNV-9911627-62.jpeg,CNV
CNV-9598696-39.jpeg,CNV
CNV-224974-16.jpeg,CNV
CNV-172472-15.jpeg,CNV
CNV-451136-76.jpeg,CNV
CNV-779442-51.jpeg,CNV
CNV-9811594-25.jpeg,CNV
CNV-8982961-44.jpeg,CNV
CNV-7555604-87.jpeg,CNV
CNV-3241692-23.jpeg,CNV
CNV-172472-117.jpeg,CNV
CNV-9297624-122.jpeg,CNV
CNV-6314049-113.jpeg,CNV
CNV-7565927-174.jpeg,CNV
CNV-1731375-31.jpeg,CNV
CNV-137351-106.jpeg,CNV
CNV-6294785-118.jpeg,CNV
CNV-5054419-74.jpeg,CNV
CNV-7902439-115.jpeg,CNV
CNV-6106345-14.jpeg,CNV
CNV-5434564-22.jpeg,CNV
CNV-8796318-29.jpeg,CNV
CNV-7048665-35.jpeg,CNV
CNV-904464-243.jpeg,CNV
CNV-1016042-183.jpeg,CNV
CNV-6666538-427.jpeg,CNV
CNV-933576-167.jpeg,CNV
CNV-8184974-12.jpeg,CNV
CNV-9374492-136.jpeg,CNV
CNV-6741522-156.jpeg,CNV
CNV-2026176-18.jpeg,CNV
CNV-6314049-43.jpeg,CNV
CNV-3068234-7.jpeg,CNV
CNV-6106345-1.jpeg,CNV
CNV-5861916-13.jpeg,CNV
CNV-7585537-14.jpeg,CNV
CNV-9598696-143.jpeg,CNV
CNV-6668596-98.jpeg,CNV
CNV-1279887-246.jpeg,CNV
CNV-5674369-70.jpeg,CNV
CNV-6666538-276.jpeg,CNV
CNV-1786810-2.jpeg,CNV
CNV-7732521-156.jpeg,CNV
CNV-172472-137.jpeg,CNV
CNV-876285-9.jpeg,CNV
CNV-1290410-106.jpeg,CNV
CNV-5429703-40.jpeg,CNV
CNV-364469-112.jpeg,CNV
CNV-7565927-89.jpeg,CNV
CNV-2128644-95.jpeg,CNV
CNV-1279887-154.jpeg,CNV
CNV-7656403-32.jpeg,CNV
CNV-9642260-167.jpeg,CNV
CNV-7732521-105.jpeg,CNV
CNV-1781140-155.jpeg,CNV
CNV-163081-108.jpeg,CNV
CNV-2128644-34.jpeg,CNV
CNV-5674369-122.jpeg,CNV
CNV-8341738-41.jpeg,CNV
CNV-6652117-166.jpeg,CNV
CNV-4631261-3.jpeg,CNV
CNV-7422289-22.jpeg,CNV
CNV-1130960-14.jpeg,CNV
CNV-1907560-14.jpeg,CNV
CNV-7565927-199.jpeg,CNV
CNV-9343663-43.jpeg,CNV
CNV-3734032-35.jpeg,CNV
CNV-1131664-2.jpeg,CNV
CNV-1279887-46.jpeg,CNV
CNV-1699976-251.jpeg,CNV
CNV-9997680-131.jpeg,CNV
CNV-1188386-80.jpeg,CNV
CNV-103044-91.jpeg,CNV
CNV-364469-87.jpeg,CNV
CNV-1731375-58.jpeg,CNV
CNV-2724152-108.jpeg,CNV
CNV-8833506-222.jpeg,CNV
CNV-6001487-34.jpeg,CNV
CNV-1632795-12.jpeg,CNV
CNV-7393104-44.jpeg,CNV
CNV-8184974-153.jpeg,CNV
CNV-1016042-74.jpeg,CNV
CNV-412653-31.jpeg,CNV
CNV-3947605-15.jpeg,CNV
CNV-1305450-20.jpeg,CNV
CNV-8783825-227.jpeg,CNV
CNV-8836520-2.jpeg,CNV
CNV-1188386-629.jpeg,CNV
CNV-1112835-311.jpeg,CNV
CNV-1083927-91.jpeg,CNV
CNV-9320911-163.jpeg,CNV
CNV-8972369-44.jpeg,CNV
CNV-7513011-225.jpeg,CNV
CNV-4020729-133.jpeg,CNV
CNV-2192440-178.jpeg,CNV
CNV-9374492-428.jpeg,CNV
CNV-1188386-569.jpeg,CNV
CNV-9206459-23.jpeg,CNV
CNV-6493580-119.jpeg,CNV
CNV-1699976-126.jpeg,CNV
CNV-3318854-270.jpeg,CNV
CNV-6666538-299.jpeg,CNV
CNV-7670367-73.jpeg,CNV
CNV-9297624-72.jpeg,CNV
CNV-6947782-125.jpeg,CNV
CNV-1699976-166.jpeg,CNV
CNV-4086346-6.jpeg,CNV
CNV-5969175-34.jpeg,CNV
CNV-7513011-53.jpeg,CNV
CNV-6947782-122.jpeg,CNV
CNV-4020729-39.jpeg,CNV
CNV-4612183-73.jpeg,CNV
CNV-8039905-19.jpeg,CNV
CNV-7625147-147.jpeg,CNV
CNV-6569286-40.jpeg,CNV
CNV-2120559-51.jpeg,CNV
CNV-5469346-4.jpeg,CNV
CNV-6666538-200.jpeg,CNV
CNV-2116022-26.jpeg,CNV
CNV-2437193-60.jpeg,CNV
CNV-7902439-111.jpeg,CNV
CNV-5851527-31.jpeg,CNV
CNV-6001487-12.jpeg,CNV
CNV-1699976-64.jpeg,CNV
CNV-7565927-12.jpeg,CNV
CNV-3514723-118.jpeg,CNV
CNV-6990363-2.jpeg,CNV
CNV-7531689-76.jpeg,CNV
CNV-7513011-97.jpeg,CNV
CNV-7422289-132.jpeg,CNV
CNV-460403-181.jpeg,CNV
CNV-9374492-249.jpeg,CNV
CNV-7422289-8.jpeg,CNV
CNV-3424668-10.jpeg,CNV
CNV-8833506-18.jpeg,CNV
CNV-909994-23.jpeg,CNV
CNV-6566667-155.jpeg,CNV
CNV-1963682-98.jpeg,CNV
CNV-5477211-14.jpeg,CNV
CNV-4974377-36.jpeg,CNV
CNV-1112835-127.jpeg,CNV
CNV-5823679-70.jpeg,CNV
CNV-364469-120.jpeg,CNV
CNV-3118383-26.jpeg,CNV
CNV-904464-234.jpeg,CNV
CNV-5429703-55.jpeg,CNV
CNV-9734808-85.jpeg,CNV
CNV-6652117-461.jpeg,CNV
CNV-2444883-64.jpeg,CNV
CNV-1279887-249.jpeg,CNV
CNV-7670367-41.jpeg,CNV
CNV-1188386-527.jpeg,CNV
CNV-7694510-3.jpeg,CNV
CNV-4907724-103.jpeg,CNV
CNV-2724152-121.jpeg,CNV
CNV-4020729-70.jpeg,CNV
CNV-1322624-36.jpeg,CNV
CNV-6566667-115.jpeg,CNV
CNV-1188386-467.jpeg,CNV
CNV-451136-209.jpeg,CNV
CNV-5054419-73.jpeg,CNV
CNV-2444883-2.jpeg,CNV
CNV-1651625-34.jpeg,CNV
CNV-6666538-69.jpeg,CNV
CNV-8087608-11.jpeg,CNV
CNV-198660-36.jpeg,CNV
CNV-7710023-171.jpeg,CNV
CNV-3084376-1.jpeg,CNV
CNV-4070077-3.jpeg,CNV
CNV-732516-17.jpeg,CNV
CNV-9126005-19.jpeg,CNV
CNV-1729810-163.jpeg,CNV
CNV-4907724-99.jpeg,CNV
CNV-5603164-71.jpeg,CNV
CNV-1894770-67.jpeg,CNV
CNV-4140185-2.jpeg,CNV
CNV-7907754-235.jpeg,CNV
CNV-1188386-552.jpeg,CNV
CNV-6652117-186.jpeg,CNV
CNV-7189446-1.jpeg,CNV
CNV-764972-26.jpeg,CNV
CNV-6652117-17.jpeg,CNV
CNV-4974377-25.jpeg,CNV
CNV-9206635-60.jpeg,CNV
CNV-3715091-174.jpeg,CNV
CNV-2034494-144.jpeg,CNV
CNV-1894770-13.jpeg,CNV
CNV-1730592-99.jpeg,CNV
CNV-8039905-2.jpeg,CNV
CNV-1997439-105.jpeg,CNV
CNV-9727856-2.jpeg,CNV
CNV-1173253-1.jpeg,CNV
CNV-9297624-1.jpeg,CNV
CNV-5468055-68.jpeg,CNV
CNV-1699976-90.jpeg,CNV
CNV-8656509-10.jpeg,CNV
CNV-954024-63.jpeg,CNV
CNV-1016042-24.jpeg,CNV
CNV-4643364-44.jpeg,CNV
CNV-5674369-55.jpeg,CNV
CNV-5851527-23.jpeg,CNV
CNV-7393104-28.jpeg,CNV
CNV-987193-42.jpeg,CNV
CNV-779442-228.jpeg,CNV
CNV-1188386-43.jpeg,CNV
CNV-2725524-137.jpeg,CNV
CNV-172472-154.jpeg,CNV
CNV-1857913-8.jpeg,CNV
CNV-6566667-116.jpeg,CNV
CNV-933576-157.jpeg,CNV
CNV-1699976-19.jpeg,CNV
CNV-9997680-236.jpeg,CNV
CNV-5674369-117.jpeg,CNV
CNV-6566667-123.jpeg,CNV
CNV-1693687-5.jpeg,CNV
CNV-9642959-8.jpeg,CNV
CNV-3818682-59.jpeg,CNV
CNV-732516-57.jpeg,CNV
CNV-1279887-64.jpeg,CNV
CNV-1322624-23.jpeg,CNV
CNV-6666538-170.jpeg,CNV
CNV-7422289-130.jpeg,CNV
CNV-1729810-22.jpeg,CNV
CNV-5477211-42.jpeg,CNV
CNV-337804-3.jpeg,CNV
CNV-1779025-23.jpeg,CNV
CNV-698872-42.jpeg,CNV
CNV-1685062-1.jpeg,CNV
CNV-2285380-11.jpeg,CNV
CNV-2655276-50.jpeg,CNV
CNV-6294785-69.jpeg,CNV
CNV-1279887-81.jpeg,CNV
CNV-7683197-49.jpeg,CNV
CNV-9201573-26.jpeg,CNV
CNV-9540117-4.jpeg,CNV
CNV-6668596-28.jpeg,CNV
CNV-2724152-92.jpeg,CNV
CNV-417468-66.jpeg,CNV
CNV-5431636-42.jpeg,CNV
CNV-9997680-252.jpeg,CNV
CNV-5054419-98.jpeg,CNV
CNV-2760476-20.jpeg,CNV
CNV-7852568-67.jpeg,CNV
CNV-3976600-23.jpeg,CNV
CNV-794538-54.jpeg,CNV
CNV-398897-11.jpeg,CNV
CNV-6626487-12.jpeg,CNV
CNV-1188386-267.jpeg,CNV
CNV-8783825-284.jpeg,CNV
CNV-3824062-32.jpeg,CNV
CNV-3514723-134.jpeg,CNV
CNV-53264-1.jpeg,CNV
CNV-9138933-42.jpeg,CNV
CNV-9549394-26.jpeg,CNV
CNV-163081-258.jpeg,CNV
CNV-2120559-59.jpeg,CNV
CNV-3318854-284.jpeg,CNV
CNV-3118383-15.jpeg,CNV
CNV-3123120-3.jpeg,CNV
CNV-4635107-13.jpeg,CNV
CNV-3818682-87.jpeg,CNV
CNV-995513-247.jpeg,CNV
CNV-9642260-274.jpeg,CNV
CNV-5468055-105.jpeg,CNV
CNV-2660677-8.jpeg,CNV
CNV-172472-161.jpeg,CNV
CNV-1177084-5.jpeg,CNV
CNV-1390155-35.jpeg,CNV
CNV-6215140-58.jpeg,CNV
CNV-9297624-5.jpeg,CNV
CNV-4732594-20.jpeg,CNV
CNV-2724152-83.jpeg,CNV
CNV-9911627-49.jpeg,CNV
CNV-2660677-14.jpeg,CNV
CNV-4439963-5.jpeg,CNV
CNV-8972369-29.jpeg,CNV
CNV-364469-18.jpeg,CNV
CNV-7902439-134.jpeg,CNV
CNV-3976600-1.jpeg,CNV
CNV-4952759-1.jpeg,CNV
CNV-9911627-134.jpeg,CNV
CNV-4974377-103.jpeg,CNV
CNV-743852-6.jpeg,CNV
CNV-3360009-2.jpeg,CNV
CNV-6122011-22.jpeg,CNV
CNV-779660-1.jpeg,CNV
CNV-8598714-171.jpeg,CNV
CNV-7513011-4.jpeg,CNV
CNV-6668596-97.jpeg,CNV
CNV-5514351-9.jpeg,CNV
CNV-6765435-10.jpeg,CNV
CNV-3248882-2.jpeg,CNV
CNV-6883024-1.jpeg,CNV
CNV-1279887-189.jpeg,CNV
CNV-8783825-237.jpeg,CNV
CNV-4921376-118.jpeg,CNV
CNV-8847144-33.jpeg,CNV
CNV-4643364-38.jpeg,CNV
CNV-3947605-5.jpeg,CNV
CNV-1136126-1.jpeg,CNV
CNV-7625147-84.jpeg,CNV
CNV-9662498-14.jpeg,CNV
CNV-9598696-21.jpeg,CNV
CNV-8783825-286.jpeg,CNV
CNV-2233517-3.jpeg,CNV
CNV-1188386-137.jpeg,CNV
CNV-8819395-23.jpeg,CNV
CNV-1779025-10.jpeg,CNV
CNV-9374492-32.jpeg,CNV
CNV-779442-235.jpeg,CNV
CNV-137351-107.jpeg,CNV
CNV-1112835-296.jpeg,CNV
CNV-1699976-385.jpeg,CNV
CNV-8728968-84.jpeg,CNV
CNV-3514723-107.jpeg,CNV
CNV-4921376-16.jpeg,CNV
CNV-1112835-209.jpeg,CNV
CNV-6795779-81.jpeg,CNV
CNV-3318854-114.jpeg,CNV
CNV-5054419-165.jpeg,CNV
CNV-8819395-103.jpeg,CNV
CNV-8369717-49.jpeg,CNV
CNV-2158467-15.jpeg,CNV
CNV-9952184-23.jpeg,CNV
CNV-8982961-33.jpeg,CNV
CNV-1131664-19.jpeg,CNV
CNV-5437112-5.jpeg,CNV
CNV-933576-194.jpeg,CNV
CNV-103044-64.jpeg,CNV
CNV-3764390-1.jpeg,CNV
CNV-6314049-16.jpeg,CNV
CNV-7531689-65.jpeg,CNV
CNV-7907754-411.jpeg,CNV
CNV-3818682-44.jpeg,CNV
CNV-7625147-83.jpeg,CNV
CNV-6741522-45.jpeg,CNV
CNV-933576-93.jpeg,CNV
CNV-6652117-492.jpeg,CNV
CNV-3318854-154.jpeg,CNV
CNV-7766154-11.jpeg,CNV
CNV-9997680-260.jpeg,CNV
CNV-5557306-35.jpeg,CNV
CNV-3608921-1.jpeg,CNV
CNV-6581164-179.jpeg,CNV
CNV-794538-3.jpeg,CNV
CNV-3742373-17.jpeg,CNV
CNV-9388047-48.jpeg,CNV
CNV-1699976-279.jpeg,CNV
CNV-154835-26.jpeg,CNV
CNV-482704-10.jpeg,CNV
CNV-8783825-277.jpeg,CNV
CNV-7159021-33.jpeg,CNV
CNV-4907724-65.jpeg,CNV
CNV-3951584-2.jpeg,CNV
CNV-172472-192.jpeg,CNV
CNV-172472-280.jpeg,CNV
CNV-5434564-45.jpeg,CNV
CNV-1980926-14.jpeg,CNV
CNV-3976600-28.jpeg,CNV
CNV-6493580-67.jpeg,CNV
CNV-457527-4.jpeg,CNV
CNV-451136-259.jpeg,CNV
CNV-7565927-208.jpeg,CNV
CNV-8598714-80.jpeg,CNV
CNV-5824631-15.jpeg,CNV
CNV-9547888-91.jpeg,CNV
CNV-103044-133.jpeg,CNV
CNV-4086623-23.jpeg,CNV
CNV-9374492-22.jpeg,CNV
CNV-7315522-18.jpeg,CNV
CNV-7774946-5.jpeg,CNV
CNV-238319-5.jpeg,CNV
CNV-7393104-18.jpeg,CNV
CNV-6666538-123.jpeg,CNV
CNV-2192440-43.jpeg,CNV
CNV-5674369-152.jpeg,CNV
CNV-7656403-48.jpeg,CNV
CNV-954024-55.jpeg,CNV
CNV-6668596-62.jpeg,CNV
CNV-4952759-245.jpeg,CNV
CNV-451136-212.jpeg,CNV
CNV-9935363-125.jpeg,CNV
CNV-995513-223.jpeg,CNV
CNV-1016042-96.jpeg,CNV
CNV-8082730-54.jpeg,CNV
CNV-9911627-78.jpeg,CNV
CNV-5524086-28.jpeg,CNV
CNV-1699976-53.jpeg,CNV
CNV-6314049-5.jpeg,CNV
CNV-3976600-19.jpeg,CNV
CNV-4455032-20.jpeg,CNV
CNV-9297624-147.jpeg,CNV
CNV-7732521-99.jpeg,CNV
CNV-1781140-132.jpeg,CNV
CNV-7907754-75.jpeg,CNV
CNV-1305450-89.jpeg,CNV
CNV-6652117-220.jpeg,CNV
CNV-445726-20.jpeg,CNV
CNV-1188386-165.jpeg,CNV
CNV-8602230-22.jpeg,CNV
CNV-1980926-36.jpeg,CNV
CNV-457907-40.jpeg,CNV
CNV-5603164-120.jpeg,CNV
CNV-5557306-193.jpeg,CNV
CNV-7315522-16.jpeg,CNV
CNV-7907754-214.jpeg,CNV
CNV-933576-22.jpeg,CNV
CNV-8728968-120.jpeg,CNV
CNV-4921376-26.jpeg,CNV
CNV-6581164-117.jpeg,CNV
CNV-7710023-59.jpeg,CNV
CNV-2141150-34.jpeg,CNV
CNV-5904584-19.jpeg,CNV
CNV-1982250-41.jpeg,CNV
CNV-8833506-210.jpeg,CNV
CNV-6451562-6.jpeg,CNV
CNV-4107394-9.jpeg,CNV
CNV-6493580-133.jpeg,CNV
CNV-6566667-110.jpeg,CNV
CNV-1083927-197.jpeg,CNV
CNV-8986660-43.jpeg,CNV
CNV-540664-8.jpeg,CNV
CNV-6493580-188.jpeg,CNV
CNV-9374492-278.jpeg,CNV
CNV-3514723-102.jpeg,CNV
CNV-4295022-4.jpeg,CNV
CNV-5054419-134.jpeg,CNV
CNV-6668596-109.jpeg,CNV
CNV-6622621-2.jpeg,CNV
CNV-1112835-291.jpeg,CNV
CNV-2655276-18.jpeg,CNV
CNV-1894770-53.jpeg,CNV
CNV-7565927-127.jpeg,CNV
CNV-4107394-58.jpeg,CNV
CNV-8023853-7.jpeg,CNV
CNV-8748941-49.jpeg,CNV
CNV-81630-46.jpeg,CNV
CNV-3715091-177.jpeg,CNV
CNV-364469-121.jpeg,CNV
CNV-6666538-407.jpeg,CNV
CNV-9374492-180.jpeg,CNV
CNV-1083927-32.jpeg,CNV
CNV-8091317-9.jpeg,CNV
CNV-163081-240.jpeg,CNV
CNV-1016042-139.jpeg,CNV
CNV-81630-26.jpeg,CNV
CNV-904464-165.jpeg,CNV
CNV-9642959-30.jpeg,CNV
CNV-5594757-56.jpeg,CNV
CNV-1305450-215.jpeg,CNV
CNV-1699976-21.jpeg,CNV
CNV-6666538-157.jpeg,CNV
CNV-1699976-190.jpeg,CNV
CNV-7732521-57.jpeg,CNV
CNV-3200688-11.jpeg,CNV
CNV-1305450-127.jpeg,CNV
CNV-6493580-113.jpeg,CNV
CNV-779442-33.jpeg,CNV
CNV-1781140-141.jpeg,CNV
CNV-9884539-18.jpeg,CNV
CNV-2158467-8.jpeg,CNV
CNV-1730592-95.jpeg,CNV
CNV-4020729-101.jpeg,CNV
CNV-5557306-68.jpeg,CNV
CNV-1290410-189.jpeg,CNV
CNV-7487279-9.jpeg,CNV
CNV-1279887-77.jpeg,CNV
CNV-8369717-2.jpeg,CNV
CNV-1188386-516.jpeg,CNV
CNV-4107394-88.jpeg,CNV
CNV-1699976-71.jpeg,CNV
CNV-218676-11.jpeg,CNV
CNV-7531689-48.jpeg,CNV
CNV-1112835-33.jpeg,CNV
CNV-288662-3.jpeg,CNV
CNV-1997439-210.jpeg,CNV
CNV-697731-29.jpeg,CNV
CNV-732516-191.jpeg,CNV
CNV-8598714-78.jpeg,CNV
CNV-9598696-60.jpeg,CNV
CNV-9297624-24.jpeg,CNV
CNV-7683197-19.jpeg,CNV
CNV-1290410-153.jpeg,CNV
CNV-1699976-214.jpeg,CNV
CNV-6314049-81.jpeg,CNV
CNV-4244160-59.jpeg,CNV
CNV-5050880-31.jpeg,CNV
CNV-1781140-4.jpeg,CNV
CNV-5603164-82.jpeg,CNV
CNV-732516-256.jpeg,CNV
CNV-3080163-66.jpeg,CNV
CNV-8833506-139.jpeg,CNV
CNV-8098346-24.jpeg,CNV
CNV-8341738-74.jpeg,CNV
CNV-1699976-46.jpeg,CNV
CNV-8796318-18.jpeg,CNV
CNV-1112835-25.jpeg,CNV
CNV-6604414-72.jpeg,CNV
CNV-1963682-24.jpeg,CNV
CNV-1188386-250.jpeg,CNV
CNV-1188386-759.jpeg,CNV
CNV-9642260-144.jpeg,CNV
CNV-9297624-42.jpeg,CNV
CNV-908456-12.jpeg,CNV
CNV-1679683-7.jpeg,CNV
CNV-8986660-36.jpeg,CNV
CNV-3215445-18.jpeg,CNV
CNV-137351-16.jpeg,CNV
CNV-4464785-33.jpeg,CNV
CNV-3818682-29.jpeg,CNV
CNV-3248882-10.jpeg,CNV
CNV-6604414-73.jpeg,CNV
CNV-5557306-8.jpeg,CNV
CNV-6314049-44.jpeg,CNV
CNV-172472-39.jpeg,CNV
CNV-9547888-90.jpeg,CNV
CNV-7487279-58.jpeg,CNV
CNV-1779025-35.jpeg,CNV
CNV-1136126-27.jpeg,CNV
CNV-5557306-163.jpeg,CNV
CNV-1279887-210.jpeg,CNV
CNV-6369482-12.jpeg,CNV
CNV-5710007-14.jpeg,CNV
CNV-6314049-82.jpeg,CNV
CNV-7732521-110.jpeg,CNV
CNV-1681986-3.jpeg,CNV
CNV-1188386-135.jpeg,CNV
CNV-9374492-261.jpeg,CNV
CNV-3616460-31.jpeg,CNV
CNV-3030629-33.jpeg,CNV
CNV-1305450-225.jpeg,CNV
CNV-995513-293.jpeg,CNV
CNV-9300561-36.jpeg,CNV
CNV-6875371-12.jpeg,CNV
CNV-7048665-52.jpeg,CNV
CNV-9374492-62.jpeg,CNV
CNV-4412124-25.jpeg,CNV
CNV-4974377-53.jpeg,CNV
CNV-794538-26.jpeg,CNV
CNV-9343663-87.jpeg,CNV
CNV-4910354-1.jpeg,CNV
CNV-6314049-105.jpeg,CNV
CNV-3318854-61.jpeg,CNV
CNV-445726-37.jpeg,CNV
CNV-3616460-25.jpeg,CNV
CNV-7159021-28.jpeg,CNV
CNV-4974377-29.jpeg,CNV
CNV-1702663-52.jpeg,CNV
CNV-1322624-20.jpeg,CNV
CNV-1188386-196.jpeg,CNV
CNV-1322624-103.jpeg,CNV
CNV-995513-311.jpeg,CNV
CNV-5434564-11.jpeg,CNV
CNV-933576-162.jpeg,CNV
CNV-9206635-24.jpeg,CNV
CNV-3759893-14.jpeg,CNV
CNV-9320911-166.jpeg,CNV
CNV-8886787-23.jpeg,CNV
CNV-3715091-28.jpeg,CNV
CNV-6795779-48.jpeg,CNV
CNV-7585537-49.jpeg,CNV
CNV-7656403-55.jpeg,CNV
CNV-7732521-3.jpeg,CNV
CNV-1699976-177.jpeg,CNV
CNV-7907754-30.jpeg,CNV
CNV-6652117-526.jpeg,CNV
CNV-995513-96.jpeg,CNV
CNV-7422289-49.jpeg,CNV
CNV-6666538-139.jpeg,CNV
CNV-4370501-109.jpeg,CNV
CNV-1112835-227.jpeg,CNV
CNV-6795779-17.jpeg,CNV
CNV-8783825-38.jpeg,CNV
CNV-3215445-40.jpeg,CNV
CNV-3618489-73.jpeg,CNV
CNV-6215140-27.jpeg,CNV
CNV-5557306-270.jpeg,CNV
CNV-7911883-1.jpeg,CNV
CNV-6652117-87.jpeg,CNV
CNV-8381154-13.jpeg,CNV
CNV-8860741-8.jpeg,CNV
CNV-6851127-24.jpeg,CNV
CNV-1729810-156.jpeg,CNV
CNV-4921376-83.jpeg,CNV
CNV-8796318-28.jpeg,CNV
CNV-3318854-183.jpeg,CNV
CNV-4732594-68.jpeg,CNV
CNV-4020729-83.jpeg,CNV
CNV-7159021-194.jpeg,CNV
CNV-1112835-355.jpeg,CNV
CNV-103044-112.jpeg,CNV
CNV-1188386-677.jpeg,CNV
CNV-7315522-214.jpeg,CNV
CNV-3962922-5.jpeg,CNV
CNV-8783825-257.jpeg,CNV
CNV-1786810-5.jpeg,CNV
CNV-6795779-80.jpeg,CNV
CNV-6741522-113.jpeg,CNV
CNV-137351-92.jpeg,CNV
CNV-732516-185.jpeg,CNV
CNV-3123120-5.jpeg,CNV
CNV-1632795-6.jpeg,CNV
CNV-9644829-2.jpeg,CNV
CNV-7852568-112.jpeg,CNV
CNV-4219137-17.jpeg,CNV
CNV-4775389-58.jpeg,CNV
CNV-8783825-316.jpeg,CNV
CNV-6569286-14.jpeg,CNV
CNV-460403-78.jpeg,CNV
CNV-8014630-32.jpeg,CNV
CNV-5697282-14.jpeg,CNV
CNV-7902439-114.jpeg,CNV
CNV-9297624-26.jpeg,CNV
CNV-9598696-148.jpeg,CNV
CNV-5468055-21.jpeg,CNV
CNV-8023853-1.jpeg,CNV
CNV-1169820-79.jpeg,CNV
CNV-2725524-15.jpeg,CNV
CNV-904464-9.jpeg,CNV
CNV-1651625-2.jpeg,CNV
CNV-538779-66.jpeg,CNV
CNV-2764361-2.jpeg,CNV
CNV-5969175-63.jpeg,CNV
CNV-4974377-75.jpeg,CNV
CNV-163081-34.jpeg,CNV
CNV-3715091-74.jpeg,CNV
CNV-9642260-201.jpeg,CNV
CNV-4732091-6.jpeg,CNV
CNV-3616460-79.jpeg,CNV
CNV-1083927-104.jpeg,CNV
CNV-4020729-37.jpeg,CNV
CNV-8728968-41.jpeg,CNV
CNV-1699976-224.jpeg,CNV
CNV-9297624-115.jpeg,CNV
CNV-6666538-138.jpeg,CNV
CNV-1112835-80.jpeg,CNV
CNV-4951152-30.jpeg,CNV
CNV-3514723-154.jpeg,CNV
CNV-3200277-30.jpeg,CNV
CNV-2760476-21.jpeg,CNV
CNV-8869683-10.jpeg,CNV
CNV-7565927-71.jpeg,CNV
CNV-538779-47.jpeg,CNV
CNV-933576-263.jpeg,CNV
CNV-3618489-49.jpeg,CNV
CNV-4020729-123.jpeg,CNV
CNV-1188386-163.jpeg,CNV
CNV-5603164-4.jpeg,CNV
CNV-6732486-1.jpeg,CNV
CNV-7315522-223.jpeg,CNV
CNV-7189446-4.jpeg,CNV
CNV-1781140-173.jpeg,CNV
CNV-732516-198.jpeg,CNV
CNV-1290410-155.jpeg,CNV
CNV-2128644-31.jpeg,CNV
CNV-1290410-38.jpeg,CNV
CNV-4443696-1.jpeg,CNV
CNV-1760872-11.jpeg,CNV
CNV-8783825-132.jpeg,CNV
CNV-6581164-85.jpeg,CNV
CNV-2628366-13.jpeg,CNV
CNV-8783825-44.jpeg,CNV
CNV-5557306-79.jpeg,CNV
CNV-5429703-33.jpeg,CNV
CNV-6493580-220.jpeg,CNV
CNV-6451562-16.jpeg,CNV
CNV-2660677-6.jpeg,CNV
CNV-6668596-46.jpeg,CNV
CNV-1173253-32.jpeg,CNV
CNV-163081-65.jpeg,CNV
CNV-1016042-176.jpeg,CNV
CNV-1997439-98.jpeg,CNV
CNV-103044-196.jpeg,CNV
CNV-3956332-9.jpeg,CNV
CNV-1279887-54.jpeg,CNV
CNV-7345121-35.jpeg,CNV
CNV-1699976-311.jpeg,CNV
CNV-3318854-173.jpeg,CNV
CNV-7048665-36.jpeg,CNV
CNV-8833506-112.jpeg,CNV
CNV-781814-63.jpeg,CNV
CNV-779442-220.jpeg,CNV
CNV-4020729-8.jpeg,CNV
CNV-9374492-2.jpeg,CNV
CNV-1894770-41.jpeg,CNV
CNV-2034494-5.jpeg,CNV
CNV-987193-33.jpeg,CNV
CNV-172472-201.jpeg,CNV
CNV-7159021-46.jpeg,CNV
CNV-5969175-61.jpeg,CNV
CNV-163081-165.jpeg,CNV
CNV-8783825-281.jpeg,CNV
CNV-2192440-99.jpeg,CNV
CNV-2034494-147.jpeg,CNV
CNV-9811594-79.jpeg,CNV
CNV-6668596-102.jpeg,CNV
CNV-7907754-225.jpeg,CNV
CNV-1322624-95.jpeg,CNV
CNV-1188386-121.jpeg,CNV
CNV-7513011-216.jpeg,CNV
CNV-2120559-6.jpeg,CNV
CNV-7315522-182.jpeg,CNV
CNV-7422289-100.jpeg,CNV
CNV-624911-13.jpeg,CNV
CNV-3537912-48.jpeg,CNV
CNV-336345-1.jpeg,CNV
CNV-9138933-51.jpeg,CNV
CNV-7907754-161.jpeg,CNV
CNV-779442-59.jpeg,CNV
CNV-7345121-23.jpeg,CNV
CNV-1730592-153.jpeg,CNV
CNV-2034494-80.jpeg,CNV
CNV-904464-188.jpeg,CNV
CNV-6294785-138.jpeg,CNV
CNV-1131664-20.jpeg,CNV
CNV-8833506-57.jpeg,CNV
CNV-8184974-76.jpeg,CNV
CNV-6501487-8.jpeg,CNV
CNV-1131664-8.jpeg,CNV
CNV-7531689-45.jpeg,CNV
CNV-9297624-22.jpeg,CNV
CNV-1730592-78.jpeg,CNV
CNV-1641792-17.jpeg,CNV
CNV-4370501-71.jpeg,CNV
CNV-6294785-82.jpeg,CNV
CNV-4651054-4.jpeg,CNV
CNV-7565927-138.jpeg,CNV
CNV-4020729-89.jpeg,CNV
CNV-7393104-45.jpeg,CNV
CNV-5457415-21.jpeg,CNV
CNV-933576-68.jpeg,CNV
CNV-7565927-186.jpeg,CNV
CNV-3715091-124.jpeg,CNV
CNV-7555604-140.jpeg,CNV
CNV-1908313-14.jpeg,CNV
CNV-9206459-15.jpeg,CNV
CNV-2725524-159.jpeg,CNV
CNV-995513-225.jpeg,CNV
CNV-1290410-64.jpeg,CNV
CNV-3209790-13.jpeg,CNV
CNV-4732594-141.jpeg,CNV
CNV-3215445-13.jpeg,CNV
CNV-1188386-657.jpeg,CNV
CNV-3542743-13.jpeg,CNV
CNV-6581164-186.jpeg,CNV
CNV-5904584-7.jpeg,CNV
CNV-9373856-19.jpeg,CNV
CNV-4085439-2.jpeg,CNV
CNV-4370501-66.jpeg,CNV
CNV-9297624-48.jpeg,CNV
CNV-6652117-587.jpeg,CNV
CNV-9439639-93.jpeg,CNV
CNV-6668596-94.jpeg,CNV
CNV-7531689-66.jpeg,CNV
CNV-5904584-106.jpeg,CNV
CNV-8728968-231.jpeg,CNV
CNV-6190971-18.jpeg,CNV
CNV-8796318-66.jpeg,CNV
CNV-7907754-128.jpeg,CNV
CNV-3696907-25.jpeg,CNV
CNV-6053140-15.jpeg,CNV
CNV-9174718-16.jpeg,CNV
CNV-4952759-130.jpeg,CNV
CNV-1322624-5.jpeg,CNV
CNV-7625147-38.jpeg,CNV
CNV-6566667-203.jpeg,CNV
CNV-1188386-136.jpeg,CNV
CNV-846962-3.jpeg,CNV
CNV-417468-69.jpeg,CNV
CNV-9005459-1.jpeg,CNV
CNV-6933604-22.jpeg,CNV
CNV-3318854-278.jpeg,CNV
CNV-8656509-21.jpeg,CNV
CNV-4370501-14.jpeg,CNV
CNV-3118383-64.jpeg,CNV
CNV-8184974-21.jpeg,CNV
CNV-6566667-163.jpeg,CNV
CNV-6783162-11.jpeg,CNV
CNV-1980926-12.jpeg,CNV
CNV-2515109-19.jpeg,CNV
CNV-1997439-45.jpeg,CNV
CNV-6795779-96.jpeg,CNV
CNV-4370501-65.jpeg,CNV
CNV-1781140-94.jpeg,CNV
CNV-5904584-124.jpeg,CNV
CNV-7565927-220.jpeg,CNV
CNV-7792808-44.jpeg,CNV
CNV-6666538-405.jpeg,CNV
CNV-5699128-27.jpeg,CNV
CNV-6795779-70.jpeg,CNV
CNV-398897-17.jpeg,CNV
CNV-8086850-17.jpeg,CNV
CNV-460403-167.jpeg,CNV
CNV-9320911-209.jpeg,CNV
CNV-9684880-17.jpeg,CNV
CNV-451136-41.jpeg,CNV
CNV-7817337-3.jpeg,CNV
CNV-909994-22.jpeg,CNV
CNV-2725524-22.jpeg,CNV
CNV-5429703-46.jpeg,CNV
CNV-1912508-3.jpeg,CNV
CNV-1016042-109.jpeg,CNV
CNV-5594757-60.jpeg,CNV
CNV-3307363-27.jpeg,CNV
CNV-364469-32.jpeg,CNV
CNV-1188386-284.jpeg,CNV
CNV-8972369-76.jpeg,CNV
CNV-3118383-37.jpeg,CNV
CNV-8989477-23.jpeg,CNV
CNV-9540117-6.jpeg,CNV
CNV-1169820-12.jpeg,CNV
CNV-7585537-72.jpeg,CNV
CNV-9997680-128.jpeg,CNV
CNV-7732521-81.jpeg,CNV
CNV-3307363-20.jpeg,CNV
CNV-2350851-11.jpeg,CNV
CNV-4737464-1.jpeg,CNV
CNV-4643364-32.jpeg,CNV
CNV-9238054-72.jpeg,CNV
CNV-5557306-4.jpeg,CNV
CNV-364469-50.jpeg,CNV
CNV-5674369-219.jpeg,CNV
CNV-4691762-34.jpeg,CNV
CNV-3453634-3.jpeg,CNV
CNV-6652117-57.jpeg,CNV
CNV-1894770-50.jpeg,CNV
CNV-8598714-39.jpeg,CNV
CNV-5824631-2.jpeg,CNV
CNV-3514723-31.jpeg,CNV
CNV-7159021-99.jpeg,CNV
CNV-9997680-265.jpeg,CNV
CNV-6604414-102.jpeg,CNV
CNV-9811594-55.jpeg,CNV
CNV-8602230-9.jpeg,CNV
CNV-375851-32.jpeg,CNV
CNV-2034494-70.jpeg,CNV
CNV-9297624-131.jpeg,CNV
CNV-6493580-203.jpeg,CNV
CNV-172472-265.jpeg,CNV
CNV-6314049-166.jpeg,CNV
CNV-5674369-127.jpeg,CNV
CNV-9778894-3.jpeg,CNV
CNV-6294785-40.jpeg,CNV
CNV-732516-86.jpeg,CNV
CNV-1702663-7.jpeg,CNV
CNV-8341738-77.jpeg,CNV
CNV-4370501-39.jpeg,CNV
CNV-8085297-12.jpeg,CNV
CNV-7852568-108.jpeg,CNV
CNV-7670367-17.jpeg,CNV
CNV-163081-212.jpeg,CNV
CNV-172472-4.jpeg,CNV
CNV-876285-3.jpeg,CNV
CNV-9598696-27.jpeg,CNV
CNV-1260317-24.jpeg,CNV
CNV-4775389-50.jpeg,CNV
CNV-163081-236.jpeg,CNV
CNV-4283050-46.jpeg,CNV
CNV-6314049-140.jpeg,CNV
CNV-6581164-181.jpeg,CNV
CNV-4524167-6.jpeg,CNV
CNV-6947782-137.jpeg,CNV
CNV-6741522-9.jpeg,CNV
CNV-7656403-49.jpeg,CNV
CNV-4244160-153.jpeg,CNV
CNV-1188386-336.jpeg,CNV
CNV-6314049-176.jpeg,CNV
CNV-2724152-105.jpeg,CNV
CNV-7315522-186.jpeg,CNV
CNV-6886483-4.jpeg,CNV
CNV-1169820-58.jpeg,CNV
CNV-3453634-80.jpeg,CNV
CNV-8728968-64.jpeg,CNV
CNV-9297624-133.jpeg,CNV
CNV-7585537-6.jpeg,CNV
CNV-1290410-58.jpeg,CNV
CNV-7345121-2.jpeg,CNV
CNV-3424668-60.jpeg,CNV
CNV-8184974-159.jpeg,CNV
CNV-6737988-1.jpeg,CNV
CNV-2128644-90.jpeg,CNV
CNV-7731545-4.jpeg,CNV
CNV-1390155-31.jpeg,CNV
CNV-6314049-73.jpeg,CNV
CNV-2444883-22.jpeg,CNV
CNV-8869683-2.jpeg,CNV
CNV-9734808-7.jpeg,CNV
CNV-4219137-122.jpeg,CNV
CNV-3118383-53.jpeg,CNV
CNV-6215140-79.jpeg,CNV
CNV-9320911-191.jpeg,CNV
CNV-4219137-71.jpeg,CNV
CNV-6569286-23.jpeg,CNV
CNV-1756425-4.jpeg,CNV
CNV-364469-184.jpeg,CNV
CNV-538696-1.jpeg,CNV
CNV-5514351-38.jpeg,CNV
CNV-1632795-16.jpeg,CNV
CNV-6741522-71.jpeg,CNV
CNV-1729810-137.jpeg,CNV
CNV-172472-397.jpeg,CNV
CNV-4219137-12.jpeg,CNV
CNV-3514723-137.jpeg,CNV
CNV-218676-8.jpeg,CNV
CNV-9662498-42.jpeg,CNV
CNV-9374492-244.jpeg,CNV
CNV-9642260-117.jpeg,CNV
CNV-2120559-14.jpeg,CNV
CNV-7907754-392.jpeg,CNV
CNV-1997439-146.jpeg,CNV
CNV-6053140-10.jpeg,CNV
CNV-1982250-39.jpeg,CNV
CNV-7159021-62.jpeg,CNV
CNV-4952759-172.jpeg,CNV
CNV-7565927-176.jpeg,CNV
CNV-8341738-12.jpeg,CNV
CNV-4775389-43.jpeg,CNV
CNV-6543588-9.jpeg,CNV
CNV-7873827-75.jpeg,CNV
CNV-8989477-1.jpeg,CNV
CNV-482704-37.jpeg,CNV
CNV-154835-106.jpeg,CNV
CNV-6666538-441.jpeg,CNV
CNV-3618489-45.jpeg,CNV
CNV-781814-118.jpeg,CNV
CNV-5431636-19.jpeg,CNV
CNV-6783162-39.jpeg,CNV
CNV-743852-18.jpeg,CNV
CNV-4801250-2.jpeg,CNV
CNV-4974377-61.jpeg,CNV
CNV-1730592-123.jpeg,CNV
CNV-135126-8.jpeg,CNV
CNV-7907754-49.jpeg,CNV
CNV-6652117-419.jpeg,CNV
CNV-6493580-193.jpeg,CNV
CNV-3818682-20.jpeg,CNV
CNV-1112835-212.jpeg,CNV
CNV-8087608-20.jpeg,CNV
CNV-6604414-18.jpeg,CNV
CNV-7961716-20.jpeg,CNV
CNV-3453634-31.jpeg,CNV
CNV-9320911-107.jpeg,CNV
CNV-7694510-10.jpeg,CNV
CNV-4643364-17.jpeg,CNV
CNV-8833506-69.jpeg,CNV
CNV-732516-179.jpeg,CNV
CNV-375851-20.jpeg,CNV
CNV-4951152-10.jpeg,CNV
CNV-8728968-8.jpeg,CNV
CNV-779442-5.jpeg,CNV
CNV-5434564-21.jpeg,CNV
CNV-7565927-259.jpeg,CNV
CNV-7710023-98.jpeg,CNV
CNV-5969175-17.jpeg,CNV
CNV-995513-296.jpeg,CNV
CNV-781814-19.jpeg,CNV
CNV-1699976-89.jpeg,CNV
CNV-5434564-5.jpeg,CNV
CNV-1188386-460.jpeg,CNV
CNV-9547888-75.jpeg,CNV
CNV-5969175-55.jpeg,CNV
CNV-7159021-72.jpeg,CNV
CNV-995513-146.jpeg,CNV
CNV-5904584-13.jpeg,CNV
CNV-3318854-3.jpeg,CNV
CNV-6493580-46.jpeg,CNV
CNV-9778894-2.jpeg,CNV
CNV-2724152-136.jpeg,CNV
CNV-7315522-136.jpeg,CNV
CNV-6001487-73.jpeg,CNV
CNV-1279887-137.jpeg,CNV
CNV-732516-166.jpeg,CNV
CNV-172472-257.jpeg,CNV
CNV-954024-25.jpeg,CNV
CNV-1908313-18.jpeg,CNV
CNV-417468-52.jpeg,CNV
CNV-4921376-74.jpeg,CNV
CNV-9320911-232.jpeg,CNV
CNV-9598696-93.jpeg,CNV
CNV-697731-33.jpeg,CNV
CNV-4907724-20.jpeg,CNV
CNV-5674369-143.jpeg,CNV
CNV-3574650-76.jpeg,CNV
CNV-4295022-6.jpeg,CNV
CNV-7513011-71.jpeg,CNV
CNV-1290410-7.jpeg,CNV
CNV-6668596-177.jpeg,CNV
CNV-4691762-31.jpeg,CNV
CNV-6294785-48.jpeg,CNV
CNV-8972369-57.jpeg,CNV
CNV-4952759-217.jpeg,CNV
CNV-2025105-4.jpeg,CNV
CNV-5969175-39.jpeg,CNV
CNV-3976600-21.jpeg,CNV
CNV-8833506-232.jpeg,CNV
CNV-794538-176.jpeg,CNV
CNV-8091317-17.jpeg,CNV
CNV-6493580-128.jpeg,CNV
CNV-4521812-18.jpeg,CNV
CNV-6666538-207.jpeg,CNV
CNV-1279887-131.jpeg,CNV
CNV-4974377-42.jpeg,CNV
CNV-172472-173.jpeg,CNV
CNV-1112835-363.jpeg,CNV
CNV-2760476-58.jpeg,CNV
CNV-3453634-88.jpeg,CNV
CNV-5594757-11.jpeg,CNV
CNV-5594757-17.jpeg,CNV
CNV-4732594-6.jpeg,CNV
CNV-1290410-47.jpeg,CNV
CNV-6947782-132.jpeg,CNV
CNV-172472-255.jpeg,CNV
CNV-3715091-114.jpeg,CNV
CNV-9642959-120.jpeg,CNV
CNV-1290410-183.jpeg,CNV
CNV-7907754-358.jpeg,CNV
CNV-5710007-23.jpeg,CNV
CNV-4219137-36.jpeg,CNV
CNV-7961716-5.jpeg,CNV
CNV-7732521-41.jpeg,CNV
CNV-2120559-43.jpeg,CNV
CNV-5054419-103.jpeg,CNV
CNV-876285-34.jpeg,CNV
CNV-9642260-181.jpeg,CNV
CNV-4086623-6.jpeg,CNV
CNV-6652117-432.jpeg,CNV
CNV-6741522-59.jpeg,CNV
CNV-4973751-15.jpeg,CNV
CNV-6652117-503.jpeg,CNV
CNV-1641792-30.jpeg,CNV
CNV-538779-57.jpeg,CNV
CNV-1188386-180.jpeg,CNV
CNV-9374492-373.jpeg,CNV
CNV-7902439-131.jpeg,CNV
CNV-4680891-4.jpeg,CNV
CNV-268839-30.jpeg,CNV
CNV-1174703-10.jpeg,CNV
CNV-779442-139.jpeg,CNV
CNV-1112835-118.jpeg,CNV
CNV-933576-27.jpeg,CNV
CNV-8728968-85.jpeg,CNV
CNV-7710023-42.jpeg,CNV
CNV-6666538-140.jpeg,CNV
CNV-2725524-25.jpeg,CNV
CNV-5557306-45.jpeg,CNV
CNV-6001487-3.jpeg,CNV
CNV-81630-1.jpeg,CNV
CNV-9642260-27.jpeg,CNV
CNV-2128644-108.jpeg,CNV
CNV-172472-157.jpeg,CNV
CNV-3976600-50.jpeg,CNV
CNV-987193-6.jpeg,CNV
CNV-1112835-201.jpeg,CNV
CNV-9206635-51.jpeg,CNV
CNV-8847144-36.jpeg,CNV
CNV-5429703-62.jpeg,CNV
CNV-1083927-199.jpeg,CNV
CNV-1305450-60.jpeg,CNV
CNV-779442-28.jpeg,CNV
CNV-6566667-162.jpeg,CNV
CNV-2187588-6.jpeg,CNV
CNV-8833506-146.jpeg,CNV
CNV-9206459-3.jpeg,CNV
CNV-8023853-11.jpeg,CNV
CNV-3734032-11.jpeg,CNV
CNV-1699976-340.jpeg,CNV
CNV-1632795-34.jpeg,CNV
CNV-8715526-6.jpeg,CNV
CNV-6795779-65.jpeg,CNV
CNV-9642260-265.jpeg,CNV
CNV-7961716-32.jpeg,CNV
CNV-6668596-36.jpeg,CNV
CNV-451136-108.jpeg,CNV
CNV-7852568-141.jpeg,CNV
CNV-1781140-111.jpeg,CNV
CNV-5409617-13.jpeg,CNV
CNV-987193-37.jpeg,CNV
CNV-1641792-52.jpeg,CNV
CNV-7710023-103.jpeg,CNV
CNV-1188386-811.jpeg,CNV
CNV-781814-121.jpeg,CNV
CNV-4283050-4.jpeg,CNV
CNV-9320911-85.jpeg,CNV
CNV-1305450-87.jpeg,CNV
CNV-8184974-104.jpeg,CNV
CNV-5824631-1.jpeg,CNV
CNV-9642959-104.jpeg,CNV
CNV-9300561-27.jpeg,CNV
CNV-7315522-126.jpeg,CNV
CNV-9320911-76.jpeg,CNV
CNV-1997439-192.jpeg,CNV
CNV-5674369-206.jpeg,CNV
CNV-1731375-56.jpeg,CNV
CNV-8728968-107.jpeg,CNV
CNV-8032278-33.jpeg,CNV
CNV-2725524-128.jpeg,CNV
CNV-7907754-156.jpeg,CNV
CNV-1131664-42.jpeg,CNV
CNV-624911-55.jpeg,CNV
CNV-4691762-91.jpeg,CNV
CNV-8833506-37.jpeg,CNV
CNV-7732521-11.jpeg,CNV
CNV-1305450-9.jpeg,CNV
CNV-2116022-63.jpeg,CNV
CNV-7513011-132.jpeg,CNV
CNV-1676918-5.jpeg,CNV
CNV-794538-13.jpeg,CNV
CNV-9642260-142.jpeg,CNV
CNV-697731-71.jpeg,CNV
CNV-6493580-54.jpeg,CNV
CNV-172472-401.jpeg,CNV
CNV-6652117-328.jpeg,CNV
CNV-268839-44.jpeg,CNV
CNV-7565927-254.jpeg,CNV
CNV-9005459-103.jpeg,CNV
CNV-1305450-228.jpeg,CNV
CNV-8381154-14.jpeg,CNV
CNV-9439639-44.jpeg,CNV
CNV-5431636-20.jpeg,CNV
CNV-7393104-31.jpeg,CNV
CNV-6666538-327.jpeg,CNV
CNV-6666538-512.jpeg,CNV
CNV-6053140-6.jpeg,CNV
CNV-6493580-248.jpeg,CNV
CNV-995513-196.jpeg,CNV
CNV-1290410-159.jpeg,CNV
CNV-81630-4.jpeg,CNV
CNV-364469-161.jpeg,CNV
CNV-779442-226.jpeg,CNV
CNV-794538-86.jpeg,CNV
CNV-364469-176.jpeg,CNV
CNV-1685062-10.jpeg,CNV
CNV-103044-103.jpeg,CNV
CNV-3424668-70.jpeg,CNV
CNV-660811-2.jpeg,CNV
CNV-9439639-123.jpeg,CNV
CNV-163081-115.jpeg,CNV
CNV-764972-18.jpeg,CNV
CNV-163081-239.jpeg,CNV
CNV-6717547-31.jpeg,CNV
CNV-6493580-318.jpeg,CNV
CNV-9320911-170.jpeg,CNV
CNV-6795779-92.jpeg,CNV
CNV-9005459-13.jpeg,CNV
CNV-178673-18.jpeg,CNV
CNV-154835-21.jpeg,CNV
CNV-252601-4.jpeg,CNV
CNV-794538-136.jpeg,CNV
CNV-8502862-2.jpeg,CNV
CNV-1188386-717.jpeg,CNV
CNV-7315522-213.jpeg,CNV
CNV-4244160-80.jpeg,CNV
CNV-451136-117.jpeg,CNV
CNV-4127785-4.jpeg,CNV
CNV-7565927-124.jpeg,CNV
CNV-451136-24.jpeg,CNV
CNV-538779-30.jpeg,CNV
CNV-8982961-10.jpeg,CNV
CNV-6666538-312.jpeg,CNV
CNV-6170739-6.jpeg,CNV
CNV-9734808-19.jpeg,CNV
CNV-1112835-218.jpeg,CNV
CNV-1730592-185.jpeg,CNV
CNV-3118383-25.jpeg,CNV
CNV-1982250-8.jpeg,CNV
CNV-7961716-37.jpeg,CNV
CNV-5468055-16.jpeg,CNV
CNV-2655276-51.jpeg,CNV
CNV-1188386-789.jpeg,CNV
CNV-7907754-131.jpeg,CNV
CNV-794538-45.jpeg,CNV
CNV-3734032-9.jpeg,CNV
CNV-995513-176.jpeg,CNV
CNV-445726-8.jpeg,CNV
CNV-172472-76.jpeg,CNV
CNV-364469-127.jpeg,CNV
CNV-4775389-2.jpeg,CNV
CNV-7422289-57.jpeg,CNV
CNV-1279887-164.jpeg,CNV
CNV-6581164-35.jpeg,CNV
CNV-933576-207.jpeg,CNV
CNV-1016042-12.jpeg,CNV
CNV-4283050-52.jpeg,CNV
CNV-7852568-27.jpeg,CNV
CNV-1699976-334.jpeg,CNV
CNV-4907724-17.jpeg,CNV
CNV-172472-396.jpeg,CNV
CNV-6604414-50.jpeg,CNV
CNV-9997680-101.jpeg,CNV
CNV-163081-192.jpeg,CNV
CNV-1188386-293.jpeg,CNV
CNV-6215140-100.jpeg,CNV
CNV-1986974-3.jpeg,CNV
CNV-137351-11.jpeg,CNV
CNV-1112835-53.jpeg,CNV
CNV-5674369-165.jpeg,CNV
CNV-5380819-23.jpeg,CNV
CNV-1730592-29.jpeg,CNV
CNV-6666538-87.jpeg,CNV
CNV-6741522-101.jpeg,CNV
CNV-7422289-62.jpeg,CNV
CNV-1729810-12.jpeg,CNV
CNV-995513-135.jpeg,CNV
CNV-1188386-232.jpeg,CNV
CNV-172472-305.jpeg,CNV
CNV-460403-146.jpeg,CNV
CNV-4107394-44.jpeg,CNV
CNV-3215445-25.jpeg,CNV
CNV-2034494-65.jpeg,CNV
CNV-6883024-12.jpeg,CNV
CNV-5904584-139.jpeg,CNV
CNV-9388047-17.jpeg,CNV
CNV-9320911-9.jpeg,CNV
CNV-1730592-162.jpeg,CNV
CNV-5054419-160.jpeg,CNV
CNV-154835-67.jpeg,CNV
CNV-8833506-209.jpeg,CNV
CNV-178673-3.jpeg,CNV
CNV-8369717-7.jpeg,CNV
CNV-1781140-101.jpeg,CNV
CNV-904464-89.jpeg,CNV
CNV-6451562-21.jpeg,CNV
CNV-2116022-84.jpeg,CNV
CNV-375851-74.jpeg,CNV
CNV-8783825-107.jpeg,CNV
CNV-9320911-22.jpeg,CNV
CNV-8341738-48.jpeg,CNV
CNV-7159021-89.jpeg,CNV
CNV-6294785-67.jpeg,CNV
CNV-1279887-140.jpeg,CNV
CNV-776149-6.jpeg,CNV
CNV-7710023-11.jpeg,CNV
CNV-7873827-58.jpeg,CNV
CNV-908456-19.jpeg,CNV
CNV-1112835-380.jpeg,CNV
CNV-4412124-62.jpeg,CNV
CNV-5557306-199.jpeg,CNV
CNV-1083927-83.jpeg,CNV
CNV-8796318-85.jpeg,CNV
CNV-4002900-6.jpeg,CNV
CNV-829402-18.jpeg,CNV
CNV-5524086-24.jpeg,CNV
CNV-1907560-16.jpeg,CNV
CNV-7555604-60.jpeg,CNV
CNV-8518028-2.jpeg,CNV
CNV-1016042-101.jpeg,CNV
CNV-1016042-133.jpeg,CNV
CNV-4933768-9.jpeg,CNV
CNV-9374492-188.jpeg,CNV
CNV-8014630-46.jpeg,CNV
CNV-3360009-1.jpeg,CNV
CNV-6652117-41.jpeg,CNV
CNV-1702663-51.jpeg,CNV
CNV-732516-174.jpeg,CNV
CNV-8819395-121.jpeg,CNV
CNV-3424668-51.jpeg,CNV
CNV-103044-136.jpeg,CNV
CNV-9373856-126.jpeg,CNV
CNV-5861916-38.jpeg,CNV
CNV-3818682-32.jpeg,CNV
CNV-7555604-48.jpeg,CNV
CNV-6666538-31.jpeg,CNV
CNV-3514723-88.jpeg,CNV
CNV-4570780-16.jpeg,CNV
CNV-9343663-90.jpeg,CNV
CNV-6215140-219.jpeg,CNV
CNV-933576-161.jpeg,CNV
CNV-4674526-5.jpeg,CNV
CNV-9598696-92.jpeg,CNV
CNV-1699976-364.jpeg,CNV
CNV-1083927-136.jpeg,CNV
CNV-2725524-18.jpeg,CNV
CNV-933576-19.jpeg,CNV
CNV-9894035-3.jpeg,CNV
CNV-9374492-388.jpeg,CNV
CNV-6666538-191.jpeg,CNV
CNV-8728968-197.jpeg,CNV
CNV-1997439-194.jpeg,CNV
CNV-172472-90.jpeg,CNV
CNV-7907754-252.jpeg,CNV
CNV-1731375-27.jpeg,CNV
CNV-4107394-15.jpeg,CNV
CNV-1279887-226.jpeg,CNV
CNV-8986660-18.jpeg,CNV
CNV-8989477-54.jpeg,CNV
CNV-904464-262.jpeg,CNV
CNV-9297624-59.jpeg,CNV
CNV-3030629-32.jpeg,CNV
CNV-6215140-229.jpeg,CNV
CNV-2725524-9.jpeg,CNV
CNV-1112835-107.jpeg,CNV
CNV-9374492-406.jpeg,CNV
CNV-8796318-57.jpeg,CNV
CNV-2034494-94.jpeg,CNV
CNV-1260317-44.jpeg,CNV
CNV-4884091-27.jpeg,CNV
CNV-9343663-110.jpeg,CNV
CNV-2025105-25.jpeg,CNV
CNV-6106345-51.jpeg,CNV
CNV-9911627-53.jpeg,CNV
CNV-9547888-58.jpeg,CNV
CNV-9547888-30.jpeg,CNV
CNV-4952759-191.jpeg,CNV
CNV-6314049-171.jpeg,CNV
CNV-1699976-163.jpeg,CNV
CNV-2128644-56.jpeg,CNV
CNV-1188386-528.jpeg,CNV
CNV-6652117-451.jpeg,CNV
CNV-6666538-226.jpeg,CNV
CNV-1872456-7.jpeg,CNV
CNV-7315522-70.jpeg,CNV
CNV-7710023-70.jpeg,CNV
CNV-1699976-38.jpeg,CNV
CNV-2285380-10.jpeg,CNV
CNV-137351-57.jpeg,CNV
CNV-7555604-44.jpeg,CNV
CNV-5425896-14.jpeg,CNV
CNV-5409617-54.jpeg,CNV
CNV-218676-36.jpeg,CNV
CNV-3514723-65.jpeg,CNV
CNV-5457415-3.jpeg,CNV
CNV-5674369-3.jpeg,CNV
CNV-1390155-63.jpeg,CNV
CNV-7422289-116.jpeg,CNV
CNV-5557306-209.jpeg,CNV
CNV-417468-59.jpeg,CNV
CNV-995513-118.jpeg,CNV
CNV-7565927-224.jpeg,CNV
CNV-6501469-10.jpeg,CNV
CNV-2192440-39.jpeg,CNV
CNV-881747-4.jpeg,CNV
CNV-457527-11.jpeg,CNV
CNV-872609-3.jpeg,CNV
CNV-8796318-62.jpeg,CNV
CNV-1997439-196.jpeg,CNV
CNV-4484581-1.jpeg,CNV
CNV-3424668-47.jpeg,CNV
CNV-8783825-307.jpeg,CNV
CNV-6493580-45.jpeg,CNV
CNV-6795779-78.jpeg,CNV
CNV-7770212-3.jpeg,CNV
CNV-5674369-181.jpeg,CNV
CNV-9201573-9.jpeg,CNV
CNV-172472-28.jpeg,CNV
CNV-4732594-135.jpeg,CNV
CNV-9734808-45.jpeg,CNV
CNV-8833506-198.jpeg,CNV
CNV-2034494-101.jpeg,CNV
CNV-7048665-26.jpeg,CNV
CNV-4691762-77.jpeg,CNV
CNV-1130960-6.jpeg,CNV
CNV-3947605-4.jpeg,CNV
CNV-8039155-7.jpeg,CNV
CNV-1390155-89.jpeg,CNV
CNV-5468055-52.jpeg,CNV
CNV-5594757-36.jpeg,CNV
CNV-9911627-104.jpeg,CNV
CNV-8819395-9.jpeg,CNV
CNV-6652117-49.jpeg,CNV
CNV-9642260-68.jpeg,CNV
CNV-9374492-416.jpeg,CNV
CNV-5468055-106.jpeg,CNV
CNV-995513-31.jpeg,CNV
CNV-1188386-548.jpeg,CNV
CNV-3818682-50.jpeg,CNV
CNV-4219137-66.jpeg,CNV
CNV-7907754-70.jpeg,CNV
CNV-2025105-26.jpeg,CNV
CNV-445726-3.jpeg,CNV
CNV-8833506-36.jpeg,CNV
CNV-3200688-26.jpeg,CNV
CNV-5670317-4.jpeg,CNV
CNV-6190971-19.jpeg,CNV
CNV-7565927-214.jpeg,CNV
CNV-1894770-7.jpeg,CNV
CNV-732516-257.jpeg,CNV
CNV-6451562-35.jpeg,CNV
CNV-8748941-16.jpeg,CNV
CNV-4107394-144.jpeg,CNV
CNV-3915549-8.jpeg,CNV
CNV-6666538-156.jpeg,CNV
CNV-6668596-151.jpeg,CNV
CNV-1290410-87.jpeg,CNV
CNV-2444883-172.jpeg,CNV
CNV-4974377-79.jpeg,CNV
CNV-8982961-15.jpeg,CNV
CNV-7531689-24.jpeg,CNV
CNV-1936194-16.jpeg,CNV
CNV-9374492-142.jpeg,CNV
CNV-876285-56.jpeg,CNV
CNV-6569286-111.jpeg,CNV
CNV-8085297-3.jpeg,CNV
CNV-8989477-12.jpeg,CNV
CNV-7907754-341.jpeg,CNV
CNV-9997680-95.jpeg,CNV
CNV-364469-118.jpeg,CNV
CNV-6666538-432.jpeg,CNV
CNV-4921376-130.jpeg,CNV
CNV-7422289-147.jpeg,CNV
CNV-4826086-2.jpeg,CNV
CNV-4952759-254.jpeg,CNV
CNV-5468055-66.jpeg,CNV
CNV-876285-15.jpeg,CNV
CNV-1305450-185.jpeg,CNV
CNV-9911627-36.jpeg,CNV
CNV-163081-121.jpeg,CNV
CNV-364469-21.jpeg,CNV
CNV-2725524-68.jpeg,CNV
CNV-417468-42.jpeg,CNV
CNV-4464785-14.jpeg,CNV
CNV-154835-8.jpeg,CNV
CNV-7159021-93.jpeg,CNV
CNV-5557306-201.jpeg,CNV
CNV-3616460-42.jpeg,CNV
CNV-9598696-66.jpeg,CNV
CNV-4884091-57.jpeg,CNV
CNV-125314-4.jpeg,CNV
CNV-779442-149.jpeg,CNV
CNV-1260317-74.jpeg,CNV
CNV-3514723-61.jpeg,CNV
CNV-2034494-64.jpeg,CNV
CNV-172472-385.jpeg,CNV
CNV-184320-3.jpeg,CNV
CNV-2666323-2.jpeg,CNV
CNV-6566667-24.jpeg,CNV
CNV-3200688-38.jpeg,CNV
CNV-9267910-12.jpeg,CNV
CNV-8032278-37.jpeg,CNV
CNV-4107394-73.jpeg,CNV
CNV-2192440-81.jpeg,CNV
CNV-1290410-125.jpeg,CNV
CNV-954024-16.jpeg,CNV
CNV-6652117-118.jpeg,CNV
CNV-8728968-65.jpeg,CNV
CNV-2724152-142.jpeg,CNV
CNV-1980926-38.jpeg,CNV
CNV-8341738-23.jpeg,CNV
CNV-9642959-124.jpeg,CNV
CNV-7902439-104.jpeg,CNV
CNV-954024-68.jpeg,CNV
CNV-2655276-55.jpeg,CNV
CNV-1997439-143.jpeg,CNV
CNV-781814-106.jpeg,CNV
CNV-5557306-103.jpeg,CNV
CNV-9598696-8.jpeg,CNV
CNV-732516-153.jpeg,CNV
CNV-7683197-36.jpeg,CNV
CNV-6947782-40.jpeg,CNV
CNV-6294785-75.jpeg,CNV
CNV-1290410-115.jpeg,CNV
CNV-451136-178.jpeg,CNV
CNV-172472-217.jpeg,CNV
CNV-451136-55.jpeg,CNV
CNV-9126005-14.jpeg,CNV
CNV-1290410-9.jpeg,CNV
CNV-1279887-173.jpeg,CNV
CNV-445726-12.jpeg,CNV
CNV-1136126-34.jpeg,CNV
CNV-1112835-72.jpeg,CNV
CNV-5851527-11.jpeg,CNV
CNV-3915549-20.jpeg,CNV
CNV-9238054-24.jpeg,CNV
CNV-5969175-27.jpeg,CNV
CNV-8085297-11.jpeg,CNV
CNV-9540117-1.jpeg,CNV
CNV-6668596-41.jpeg,CNV
CNV-7852568-16.jpeg,CNV
CNV-7625147-24.jpeg,CNV
CNV-6053140-37.jpeg,CNV
CNV-8085297-5.jpeg,CNV
CNV-5557306-73.jpeg,CNV
CNV-4951152-81.jpeg,CNV
CNV-8014630-13.jpeg,CNV
CNV-7902439-24.jpeg,CNV
CNV-6566667-145.jpeg,CNV
CNV-9267910-11.jpeg,CNV
CNV-2034494-146.jpeg,CNV
CNV-8833506-81.jpeg,CNV
CNV-7513011-42.jpeg,CNV
CNV-9811594-58.jpeg,CNV
CNV-9374492-18.jpeg,CNV
CNV-3542743-3.jpeg,CNV
CNV-8886787-18.jpeg,CNV
CNV-9598696-123.jpeg,CNV
CNV-8502862-4.jpeg,CNV
CNV-933576-211.jpeg,CNV
CNV-1188386-340.jpeg,CNV
CNV-7907754-333.jpeg,CNV
CNV-9642260-89.jpeg,CNV
CNV-781814-49.jpeg,CNV
CNV-4921376-90.jpeg,CNV
CNV-2724152-100.jpeg,CNV
CNV-904464-233.jpeg,CNV
CNV-8039905-30.jpeg,CNV
CNV-8656509-20.jpeg,CNV
CNV-9939654-13.jpeg,CNV
CNV-9911627-25.jpeg,CNV
CNV-8728968-230.jpeg,CNV
CNV-8184974-70.jpeg,CNV
CNV-904464-64.jpeg,CNV
CNV-3571267-8.jpeg,CNV
CNV-5409617-62.jpeg,CNV
CNV-6717547-29.jpeg,CNV
CNV-4708782-2.jpeg,CNV
CNV-6294785-112.jpeg,CNV
CNV-172472-79.jpeg,CNV
CNV-5313366-8.jpeg,CNV
CNV-3424668-46.jpeg,CNV
CNV-4086623-40.jpeg,CNV
CNV-2725524-39.jpeg,CNV
CNV-4708782-46.jpeg,CNV
CNV-1083927-84.jpeg,CNV
CNV-1980926-43.jpeg,CNV
CNV-904464-146.jpeg,CNV
CNV-5697282-15.jpeg,CNV
CNV-6369482-55.jpeg,CNV
CNV-6294785-147.jpeg,CNV
CNV-3509367-6.jpeg,CNV
CNV-6566667-140.jpeg,CNV
CNV-567679-3.jpeg,CNV
CNV-7315522-209.jpeg,CNV
CNV-5429703-31.jpeg,CNV
CNV-6652117-77.jpeg,CNV
CNV-5969175-1.jpeg,CNV
CNV-4921376-124.jpeg,CNV
CNV-8783825-217.jpeg,CNV
CNV-6001487-21.jpeg,CNV
CNV-7159021-164.jpeg,CNV
CNV-3935736-1.jpeg,CNV
CNV-1849029-14.jpeg,CNV
CNV-4921376-122.jpeg,CNV
CNV-7565927-86.jpeg,CNV
CNV-9935363-4.jpeg,CNV
CNV-9749710-3.jpeg,CNV
CNV-659077-4.jpeg,CNV
CNV-2116022-6.jpeg,CNV
CNV-5603164-5.jpeg,CNV
CNV-3318854-255.jpeg,CNV
CNV-3424668-30.jpeg,CNV
CNV-908456-15.jpeg,CNV
CNV-4176900-7.jpeg,CNV
CNV-9952184-25.jpeg,CNV
CNV-4732091-12.jpeg,CNV
CNV-8783825-89.jpeg,CNV
CNV-4884091-66.jpeg,CNV
CNV-2724152-67.jpeg,CNV
CNV-1188386-413.jpeg,CNV
CNV-3453634-14.jpeg,CNV
CNV-3616460-39.jpeg,CNV
CNV-7656403-8.jpeg,CNV
CNV-268839-20.jpeg,CNV
CNV-732516-254.jpeg,CNV
CNV-5536678-17.jpeg,CNV
CNV-451136-145.jpeg,CNV
CNV-9510741-5.jpeg,CNV
CNV-2660677-1.jpeg,CNV
CNV-8986660-12.jpeg,CNV
CNV-4732594-91.jpeg,CNV
CNV-1174703-9.jpeg,CNV
CNV-1936194-34.jpeg,CNV
CNV-1997439-114.jpeg,CNV
CNV-7315522-144.jpeg,CNV
CNV-9642260-228.jpeg,CNV
CNV-5409617-51.jpeg,CNV
CNV-9778894-1.jpeg,CNV
CNV-6106345-15.jpeg,CNV
CNV-904464-296.jpeg,CNV
CNV-7159021-23.jpeg,CNV
CNV-6652117-383.jpeg,CNV
CNV-9598696-18.jpeg,CNV
CNV-8728968-272.jpeg,CNV
CNV-7565927-241.jpeg,CNV
CNV-904464-116.jpeg,CNV
CNV-904464-125.jpeg,CNV
CNV-398897-7.jpeg,CNV
CNV-1894770-87.jpeg,CNV
CNV-6795779-3.jpeg,CNV
CNV-9238054-48.jpeg,CNV
CNV-904464-71.jpeg,CNV
CNV-4884577-1.jpeg,CNV
CNV-3541867-31.jpeg,CNV
CNV-2025105-19.jpeg,CNV
CNV-9598696-103.jpeg,CNV
CNV-412653-19.jpeg,CNV
CNV-6569286-70.jpeg,CNV
CNV-9598696-24.jpeg,CNV
CNV-8833506-218.jpeg,CNV
CNV-7907754-362.jpeg,CNV
CNV-9343663-34.jpeg,CNV
CNV-5594757-63.jpeg,CNV
CNV-172472-408.jpeg,CNV
CNV-9642260-187.jpeg,CNV
CNV-5507265-25.jpeg,CNV
CNV-268839-28.jpeg,CNV
CNV-7422289-23.jpeg,CNV
CNV-482704-2.jpeg,CNV
CNV-6668596-50.jpeg,CNV
CNV-9343663-14.jpeg,CNV
CNV-3571267-1.jpeg,CNV
CNV-779442-105.jpeg,CNV
CNV-1131664-13.jpeg,CNV
CNV-8184974-68.jpeg,CNV
CNV-7565927-105.jpeg,CNV
CNV-451136-244.jpeg,CNV
CNV-6569286-160.jpeg,CNV
CNV-2192440-97.jpeg,CNV
CNV-1112835-269.jpeg,CNV
CNV-8086850-2.jpeg,CNV
CNV-9320911-185.jpeg,CNV
CNV-4952759-66.jpeg,CNV
CNV-3759893-9.jpeg,CNV
CNV-7766154-9.jpeg,CNV
CNV-7656403-45.jpeg,CNV
CNV-5674369-69.jpeg,CNV
CNV-5429703-13.jpeg,CNV
CNV-1730592-154.jpeg,CNV
CNV-9320911-72.jpeg,CNV
CNV-6493580-18.jpeg,CNV
CNV-1188386-513.jpeg,CNV
CNV-764972-10.jpeg,CNV
CNV-1699976-270.jpeg,CNV
CNV-6581164-174.jpeg,CNV
CNV-3976600-52.jpeg,CNV
CNV-4370501-64.jpeg,CNV
CNV-7315522-14.jpeg,CNV
CNV-5468055-13.jpeg,CNV
CNV-8982961-26.jpeg,CNV
CNV-7315522-208.jpeg,CNV
CNV-9662498-20.jpeg,CNV
CNV-8819395-146.jpeg,CNV
CNV-7555604-100.jpeg,CNV
CNV-6369482-4.jpeg,CNV
CNV-137351-74.jpeg,CNV
CNV-1083927-189.jpeg,CNV
CNV-8735006-9.jpeg,CNV
CNV-3574650-69.jpeg,CNV
CNV-1188386-580.jpeg,CNV
CNV-3887901-5.jpeg,CNV
CNV-6569286-65.jpeg,CNV
CNV-7159021-79.jpeg,CNV
CNV-9374492-273.jpeg,CNV
CNV-9464358-4.jpeg,CNV
CNV-9642260-217.jpeg,CNV
CNV-9997680-168.jpeg,CNV
CNV-6604414-79.jpeg,CNV
CNV-8783825-69.jpeg,CNV
CNV-3618489-70.jpeg,CNV
CNV-1188386-224.jpeg,CNV
CNV-4455032-23.jpeg,CNV
CNV-5557306-170.jpeg,CNV
CNV-8014630-40.jpeg,CNV
CNV-6783162-43.jpeg,CNV
CNV-3514723-51.jpeg,CNV
CNV-2725524-30.jpeg,CNV
CNV-6369482-108.jpeg,CNV
CNV-6314049-154.jpeg,CNV
CNV-364469-26.jpeg,CNV
CNV-137351-13.jpeg,CNV
CNV-4732594-106.jpeg,CNV
CNV-6666538-562.jpeg,CNV
CNV-1016042-4.jpeg,CNV
CNV-1729810-129.jpeg,CNV
CNV-1730592-161.jpeg,CNV
CNV-7732521-116.jpeg,CNV
CNV-8783825-104.jpeg,CNV
CNV-9642260-109.jpeg,CNV
CNV-5477211-7.jpeg,CNV
CNV-732516-232.jpeg,CNV
CNV-4643364-79.jpeg,CNV
CNV-779442-180.jpeg,CNV
CNV-4775389-66.jpeg,CNV
CNV-8833506-6.jpeg,CNV
CNV-624911-59.jpeg,CNV
CNV-3574650-79.jpeg,CNV
CNV-6566667-138.jpeg,CNV
CNV-7563760-10.jpeg,CNV
CNV-1982250-13.jpeg,CNV
CNV-1016042-43.jpeg,CNV
CNV-5409617-142.jpeg,CNV
CNV-1188386-91.jpeg,CNV
CNV-3118383-66.jpeg,CNV
CNV-3030629-5.jpeg,CNV
CNV-4731481-4.jpeg,CNV
CNV-6652117-360.jpeg,CNV
CNV-5524086-37.jpeg,CNV
CNV-9684880-14.jpeg,CNV
CNV-460403-46.jpeg,CNV
CNV-4775389-62.jpeg,CNV
CNV-4952759-318.jpeg,CNV
CNV-1997439-52.jpeg,CNV
CNV-5409617-19.jpeg,CNV
CNV-2120559-1.jpeg,CNV
CNV-8989477-34.jpeg,CNV
CNV-1936194-29.jpeg,CNV
CNV-8748941-23.jpeg,CNV
CNV-4244160-7.jpeg,CNV
CNV-9439639-131.jpeg,CNV
CNV-7555604-148.jpeg,CNV
CNV-8014630-5.jpeg,CNV
CNV-3818682-8.jpeg,CNV
CNV-6294785-129.jpeg,CNV
CNV-9320911-147.jpeg,CNV
CNV-1305450-169.jpeg,CNV
CNV-1260317-49.jpeg,CNV
CNV-2141150-12.jpeg,CNV
CNV-1112835-228.jpeg,CNV
CNV-2694751-4.jpeg,CNV
CNV-7585537-29.jpeg,CNV
CNV-5429703-54.jpeg,CNV
CNV-2725524-89.jpeg,CNV
CNV-9431642-6.jpeg,CNV
CNV-995513-116.jpeg,CNV
CNV-7531689-57.jpeg,CNV
CNV-417468-27.jpeg,CNV
CNV-5054419-39.jpeg,CNV
CNV-1188386-728.jpeg,CNV
CNV-9343663-69.jpeg,CNV
CNV-9343663-7.jpeg,CNV
CNV-9343663-8.jpeg,CNV
CNV-7670367-14.jpeg,CNV
CNV-9939654-5.jpeg,CNV
CNV-1781140-55.jpeg,CNV
CNV-1729810-78.jpeg,CNV
CNV-4070077-12.jpeg,CNV
CNV-979832-6.jpeg,CNV
CNV-7625147-71.jpeg,CNV
CNV-103044-36.jpeg,CNV
CNV-6741522-115.jpeg,CNV
CNV-6696156-1.jpeg,CNV
CNV-6795779-38.jpeg,CNV
CNV-6604414-55.jpeg,CNV
CNV-697731-45.jpeg,CNV
CNV-2725524-161.jpeg,CNV
CNV-5674369-258.jpeg,CNV
CNV-538779-83.jpeg,CNV
CNV-4731487-2.jpeg,CNV
CNV-1779025-56.jpeg,CNV
CNV-7907754-92.jpeg,CNV
CNV-732516-51.jpeg,CNV
CNV-7565927-79.jpeg,CNV
CNV-2784437-4.jpeg,CNV
CNV-1731375-1.jpeg,CNV
CNV-6652117-29.jpeg,CNV
CNV-4464785-42.jpeg,CNV
CNV-9547888-19.jpeg,CNV
CNV-7907754-266.jpeg,CNV
CNV-8783825-212.jpeg,CNV
CNV-7159021-43.jpeg,CNV
CNV-4910354-9.jpeg,CNV
CNV-6215140-227.jpeg,CNV
CNV-163081-1.jpeg,CNV
CNV-4244160-71.jpeg,CNV
CNV-364777-6.jpeg,CNV
CNV-7513011-10.jpeg,CNV
CNV-3318854-199.jpeg,CNV
CNV-9734808-10.jpeg,CNV
CNV-5434564-27.jpeg,CNV
CNV-6851127-6.jpeg,CNV
CNV-7656403-77.jpeg,CNV
CNV-4759376-5.jpeg,CNV
CNV-4973751-1.jpeg,CNV
CNV-6795779-85.jpeg,CNV
CNV-2444883-117.jpeg,CNV
CNV-9642260-65.jpeg,CNV
CNV-5050880-23.jpeg,CNV
CNV-9386443-2.jpeg,CNV
CNV-2724152-89.jpeg,CNV
CNV-8819395-37.jpeg,CNV
CNV-904464-28.jpeg,CNV
CNV-3618489-95.jpeg,CNV
CNV-4332329-8.jpeg,CNV
CNV-9005459-43.jpeg,CNV
CNV-9547888-51.jpeg,CNV
CNV-2192440-135.jpeg,CNV
CNV-2177326-9.jpeg,CNV
CNV-794538-42.jpeg,CNV
CNV-7749420-38.jpeg,CNV
CNV-3976600-10.jpeg,CNV
CNV-1130960-23.jpeg,CNV
CNV-8783825-283.jpeg,CNV
CNV-6666538-110.jpeg,CNV
CNV-6493580-129.jpeg,CNV
CNV-4244160-124.jpeg,CNV
CNV-908456-18.jpeg,CNV
CNV-4907724-27.jpeg,CNV
CNV-7732521-146.jpeg,CNV
CNV-9374492-346.jpeg,CNV
CNV-1729810-91.jpeg,CNV
CNV-172472-367.jpeg,CNV
CNV-3616460-41.jpeg,CNV
CNV-5054419-99.jpeg,CNV
CNV-4643364-92.jpeg,CNV
CNV-7237325-43.jpeg,CNV
CNV-9642260-195.jpeg,CNV
CNV-3318854-116.jpeg,CNV
CNV-1699976-382.jpeg,CNV
CNV-2437193-10.jpeg,CNV
CNV-6886483-3.jpeg,CNV
CNV-7732521-151.jpeg,CNV
CNV-8369717-65.jpeg,CNV
CNV-1083927-122.jpeg,CNV
CNV-2120559-36.jpeg,CNV
CNV-829402-37.jpeg,CNV
CNV-8728968-250.jpeg,CNV
CNV-8972369-26.jpeg,CNV
CNV-3453634-60.jpeg,CNV
CNV-1781140-26.jpeg,CNV
CNV-1188386-456.jpeg,CNV
CNV-9734808-24.jpeg,CNV
CNV-5557306-216.jpeg,CNV
CNV-7907754-118.jpeg,CNV
CNV-7670367-36.jpeg,CNV
CNV-4732594-102.jpeg,CNV
CNV-1699976-158.jpeg,CNV
CNV-5674369-41.jpeg,CNV
CNV-3618489-35.jpeg,CNV
CNV-8032278-39.jpeg,CNV
CNV-135126-24.jpeg,CNV
CNV-7565927-104.jpeg,CNV
CNV-7683197-64.jpeg,CNV
CNV-1290410-61.jpeg,CNV
CNV-172472-59.jpeg,CNV
CNV-7907754-226.jpeg,CNV
CNV-3318854-218.jpeg,CNV
CNV-3618489-12.jpeg,CNV
CNV-8603193-1.jpeg,CNV
CNV-6666538-108.jpeg,CNV
CNV-5380819-6.jpeg,CNV
CNV-3618489-62.jpeg,CNV
CNV-4732594-36.jpeg,CNV
CNV-8819395-58.jpeg,CNV
CNV-692554-9.jpeg,CNV
CNV-3215445-41.jpeg,CNV
CNV-9358252-6.jpeg,CNV
CNV-1860310-1.jpeg,CNV
CNV-8663263-2.jpeg,CNV
CNV-1188386-67.jpeg,CNV
CNV-6741522-41.jpeg,CNV
CNV-4643364-80.jpeg,CNV
CNV-6652117-58.jpeg,CNV
CNV-6369482-51.jpeg,CNV
CNV-1390155-45.jpeg,CNV
CNV-9662498-16.jpeg,CNV
CNV-4121518-3.jpeg,CNV
CNV-224974-8.jpeg,CNV
CNV-9734808-59.jpeg,CNV
CNV-5969175-4.jpeg,CNV
CNV-7907754-82.jpeg,CNV
CNV-3542743-11.jpeg,CNV
CNV-7749420-81.jpeg,CNV
CNV-5054419-65.jpeg,CNV
CNV-9374492-179.jpeg,CNV
CNV-9138933-38.jpeg,CNV
CNV-451136-33.jpeg,CNV
CNV-8014630-44.jpeg,CNV
CNV-154835-110.jpeg,CNV
CNV-2192440-26.jpeg,CNV
CNV-1112835-207.jpeg,CNV
CNV-1390155-84.jpeg,CNV
CNV-5904584-63.jpeg,CNV
CNV-6652117-15.jpeg,CNV
CNV-4643364-23.jpeg,CNV
CNV-9642260-159.jpeg,CNV
CNV-5969175-57.jpeg,CNV
CNV-4176900-15.jpeg,CNV
CNV-6668596-153.jpeg,CNV
CNV-6190971-48.jpeg,CNV
CNV-7710023-100.jpeg,CNV
CNV-2192440-143.jpeg,CNV
CNV-3715091-132.jpeg,CNV
CNV-9343663-66.jpeg,CNV
CNV-7683197-54.jpeg,CNV
CNV-1112835-14.jpeg,CNV
CNV-451136-201.jpeg,CNV
CNV-3108564-6.jpeg,CNV
CNV-8598714-97.jpeg,CNV
CNV-8796318-97.jpeg,CNV
CNV-4086623-36.jpeg,CNV
CNV-3734032-6.jpeg,CNV
CNV-7907754-457.jpeg,CNV
CNV-4370501-73.jpeg,CNV
CNV-1779025-53.jpeg,CNV
CNV-4020729-6.jpeg,CNV
CNV-9662498-13.jpeg,CNV
CNV-5557306-70.jpeg,CNV
CNV-5699128-82.jpeg,CNV
CNV-2725524-108.jpeg,CNV
CNV-6717547-48.jpeg,CNV
CNV-764972-17.jpeg,CNV
CNV-1699976-290.jpeg,CNV
CNV-6581164-135.jpeg,CNV
CNV-7852568-151.jpeg,CNV
CNV-6493580-56.jpeg,CNV
CNV-2437193-67.jpeg,CNV
CNV-8886787-13.jpeg,CNV
CNV-1980926-11.jpeg,CNV
CNV-2725524-101.jpeg,CNV
CNV-6569286-85.jpeg,CNV
CNV-2120559-2.jpeg,CNV
CNV-7748406-2.jpeg,CNV
CNV-2192440-28.jpeg,CNV
CNV-6666538-581.jpeg,CNV
CNV-7873827-103.jpeg,CNV
CNV-6106345-32.jpeg,CNV
CNV-460403-34.jpeg,CNV
CNV-6314049-18.jpeg,CNV
CNV-1849029-23.jpeg,CNV
CNV-2034494-46.jpeg,CNV
CNV-876285-26.jpeg,CNV
CNV-460403-72.jpeg,CNV
CNV-417468-44.jpeg,CNV
CNV-1781140-161.jpeg,CNV
CNV-1980926-13.jpeg,CNV
CNV-1802137-4.jpeg,CNV
CNV-2444883-185.jpeg,CNV
CNV-5689330-3.jpeg,CNV
CNV-7907754-9.jpeg,CNV
CNV-9320911-121.jpeg,CNV
CNV-8989477-25.jpeg,CNV
CNV-1356232-11.jpeg,CNV
CNV-7315522-172.jpeg,CNV
CNV-8728968-261.jpeg,CNV
CNV-9343663-64.jpeg,CNV
CNV-7732521-136.jpeg,CNV
DME-7614088-18.jpeg,DME
DME-4897748-49.jpeg,DME
DME-778975-48.jpeg,DME
DME-8729675-6.jpeg,DME
DME-8647070-5.jpeg,DME
DME-873375-5.jpeg,DME
DME-8734429-1.jpeg,DME
DME-8371885-15.jpeg,DME
DME-8869683-47.jpeg,DME
DME-4030787-6.jpeg,DME
DME-4904794-22.jpeg,DME
DME-3464701-8.jpeg,DME
DME-958637-2.jpeg,DME
DME-9915316-67.jpeg,DME
DME-8889771-14.jpeg,DME
DME-462675-45.jpeg,DME
DME-4510773-4.jpeg,DME
DME-3064922-86.jpeg,DME
DME-8770531-3.jpeg,DME
DME-8602716-52.jpeg,DME
DME-3347866-1.jpeg,DME
DME-778975-101.jpeg,DME
DME-4650026-2.jpeg,DME
DME-1896542-24.jpeg,DME
DME-3441556-111.jpeg,DME
DME-8431371-2.jpeg,DME
DME-7578162-1.jpeg,DME
DME-446851-9.jpeg,DME
DME-8889771-110.jpeg,DME
DME-6737988-33.jpeg,DME
DME-4468878-9.jpeg,DME
DME-8889771-8.jpeg,DME
DME-8200056-25.jpeg,DME
DME-6851127-3.jpeg,DME
DME-866257-3.jpeg,DME
DME-8602716-25.jpeg,DME
DME-4468878-5.jpeg,DME
DME-4242335-137.jpeg,DME
DME-7578162-11.jpeg,DME
DME-4490546-31.jpeg,DME
DME-4307678-4.jpeg,DME
DME-3064922-117.jpeg,DME
DME-2630113-54.jpeg,DME
DME-4336607-46.jpeg,DME
DME-9836152-21.jpeg,DME
DME-8019418-21.jpeg,DME
DME-8200056-7.jpeg,DME
DME-503529-1.jpeg,DME
DME-3414068-12.jpeg,DME
DME-5171738-40.jpeg,DME
DME-4007891-11.jpeg,DME
DME-5497895-56.jpeg,DME
DME-9583225-24.jpeg,DME
DME-9931747-4.jpeg,DME
DME-873375-6.jpeg,DME
DME-9915316-90.jpeg,DME
DME-843382-4.jpeg,DME
DME-1888479-23.jpeg,DME
DME-4119721-58.jpeg,DME
DME-3157783-81.jpeg,DME
DME-3441556-54.jpeg,DME
DME-5497895-41.jpeg,DME
DME-4967228-5.jpeg,DME
DME-7763916-93.jpeg,DME
DME-7837305-4.jpeg,DME
DME-7763916-101.jpeg,DME
DME-4430279-3.jpeg,DME
DME-8560276-29.jpeg,DME
DME-3712405-41.jpeg,DME
DME-7614088-43.jpeg,DME
DME-5086150-4.jpeg,DME
DME-3311872-9.jpeg,DME
DME-7614088-27.jpeg,DME
DME-4269147-11.jpeg,DME
DME-4445075-102.jpeg,DME
DME-4384544-5.jpeg,DME
DME-30521-161.jpeg,DME
DME-258763-13.jpeg,DME
DME-6884821-21.jpeg,DME
DME-306172-94.jpeg,DME
DME-7807823-4.jpeg,DME
DME-4630435-104.jpeg,DME
DME-4921138-22.jpeg,DME
DME-2817912-4.jpeg,DME
DME-8869683-11.jpeg,DME
DME-5225805-45.jpeg,DME
DME-1920087-1.jpeg,DME
DME-30521-183.jpeg,DME
DME-3157783-117.jpeg,DME
DME-8499917-9.jpeg,DME
DME-30521-177.jpeg,DME
DME-5905136-1.jpeg,DME
DME-258763-11.jpeg,DME
DME-778975-130.jpeg,DME
DME-30521-113.jpeg,DME
DME-4336607-67.jpeg,DME
DME-3382862-2.jpeg,DME
DME-4637647-8.jpeg,DME
DME-773094-2.jpeg,DME
DME-8851193-4.jpeg,DME
DME-4623999-3.jpeg,DME
DME-3531101-47.jpeg,DME
DME-4732091-40.jpeg,DME
DME-3327045-7.jpeg,DME
DME-8889771-50.jpeg,DME
DME-3157783-96.jpeg,DME
DME-4478609-35.jpeg,DME
DME-9915316-54.jpeg,DME
DME-9815862-13.jpeg,DME
DME-9939654-1.jpeg,DME
DME-8647070-47.jpeg,DME
DME-8525575-115.jpeg,DME
DME-4634094-76.jpeg,DME
DME-3064922-219.jpeg,DME
DME-1888479-10.jpeg,DME
DME-7860515-2.jpeg,DME
DME-4787838-6.jpeg,DME
DME-4732091-24.jpeg,DME
DME-4445075-91.jpeg,DME
DME-2630113-50.jpeg,DME
DME-5225805-29.jpeg,DME
DME-9355978-12.jpeg,DME
DME-8457431-3.jpeg,DME
DME-8989419-3.jpeg,DME
DME-3441556-76.jpeg,DME
DME-8056259-8.jpeg,DME
DME-633268-19.jpeg,DME
DME-5275228-13.jpeg,DME
DME-5549735-14.jpeg,DME
DME-3114569-10.jpeg,DME
DME-1823896-1.jpeg,DME
DME-8525575-62.jpeg,DME
DME-5328738-9.jpeg,DME
DME-7750274-1.jpeg,DME
DME-4445075-60.jpeg,DME
DME-8523028-8.jpeg,DME
DME-2205167-16.jpeg,DME
DME-4242335-174.jpeg,DME
DME-3542808-13.jpeg,DME
DME-5143281-27.jpeg,DME
DME-4884451-12.jpeg,DME
DME-8647070-6.jpeg,DME
DME-6716735-8.jpeg,DME
DME-1695472-69.jpeg,DME
DME-3064922-249.jpeg,DME
DME-3608465-33.jpeg,DME
DME-4630435-71.jpeg,DME
DME-1966898-1.jpeg,DME
DME-682285-12.jpeg,DME
DME-778975-64.jpeg,DME
DME-9915316-145.jpeg,DME
DME-4020729-3.jpeg,DME
DME-30521-127.jpeg,DME
DME-1645804-2.jpeg,DME
DME-9915316-63.jpeg,DME
DME-5283276-1.jpeg,DME
DME-7707202-7.jpeg,DME
DME-1808783-9.jpeg,DME
DME-3346049-15.jpeg,DME
DME-5313093-4.jpeg,DME
DME-4242335-163.jpeg,DME
DME-9591773-3.jpeg,DME
DME-7680244-3.jpeg,DME
DME-8615417-1.jpeg,DME
DME-5530115-13.jpeg,DME
DME-9655151-2.jpeg,DME
DME-3608465-1.jpeg,DME
DME-4445075-47.jpeg,DME
DME-3340309-11.jpeg,DME
DME-4658666-72.jpeg,DME
DME-8560276-21.jpeg,DME
DME-3718895-35.jpeg,DME
DME-7990001-5.jpeg,DME
DME-9939654-23.jpeg,DME
DME-4630435-16.jpeg,DME
DME-9867791-12.jpeg,DME
DME-4897748-14.jpeg,DME
DME-8173592-3.jpeg,DME
DME-9812420-8.jpeg,DME
DME-1726544-12.jpeg,DME
DME-3064922-26.jpeg,DME
DME-7763916-127.jpeg,DME
DME-8019418-8.jpeg,DME
DME-3414068-9.jpeg,DME
DME-1649492-6.jpeg,DME
DME-5669621-20.jpeg,DME
DME-4119721-14.jpeg,DME
DME-5313093-34.jpeg,DME
DME-1641792-1.jpeg,DME
DME-258763-81.jpeg,DME
DME-3712405-31.jpeg,DME
DME-9721607-52.jpeg,DME
DME-7837305-45.jpeg,DME
DME-4445075-141.jpeg,DME
DME-626033-1.jpeg,DME
DME-6884821-52.jpeg,DME
DME-778975-62.jpeg,DME
DME-4406830-3.jpeg,DME
DME-7680244-65.jpeg,DME
DME-405804-12.jpeg,DME
DME-7578162-28.jpeg,DME
DME-4242335-130.jpeg,DME
DME-30521-169.jpeg,DME
DME-9504297-1.jpeg,DME
DME-1888479-32.jpeg,DME
DME-3064922-97.jpeg,DME
DME-8699233-16.jpeg,DME
DME-1888479-22.jpeg,DME
DME-514187-8.jpeg,DME
DME-3064922-31.jpeg,DME
DME-4366561-2.jpeg,DME
DME-8056259-7.jpeg,DME
DME-462675-66.jpeg,DME
DME-4630435-39.jpeg,DME
DME-1649492-64.jpeg,DME
DME-9656462-8.jpeg,DME
DME-8729675-56.jpeg,DME
DME-7536081-10.jpeg,DME
DME-778975-58.jpeg,DME
DME-30521-135.jpeg,DME
DME-9915316-46.jpeg,DME
DME-8949824-22.jpeg,DME
DME-8599136-13.jpeg,DME
DME-9714913-1.jpeg,DME
DME-8019418-15.jpeg,DME
DME-446851-3.jpeg,DME
DME-778975-119.jpeg,DME
DME-2630113-3.jpeg,DME
DME-2232211-12.jpeg,DME
DME-8213975-1.jpeg,DME
DME-8869683-29.jpeg,DME
DME-563695-2.jpeg,DME
DME-7763916-24.jpeg,DME
DME-4445075-17.jpeg,DME
DME-258763-36.jpeg,DME
DME-5434248-17.jpeg,DME
DME-6747886-1.jpeg,DME
DME-5313093-25.jpeg,DME
DME-306172-23.jpeg,DME
DME-8021831-7.jpeg,DME
DME-3304080-59.jpeg,DME
DME-8699233-7.jpeg,DME
DME-6763172-1.jpeg,DME
DME-4445075-114.jpeg,DME
DME-4897748-78.jpeg,DME
DME-30521-48.jpeg,DME
DME-7767265-19.jpeg,DME
DME-4897748-28.jpeg,DME
DME-3441556-58.jpeg,DME
DME-5465575-19.jpeg,DME
DME-5178244-14.jpeg,DME
DME-4643364-9.jpeg,DME
DME-8770531-16.jpeg,DME
DME-7763916-27.jpeg,DME
DME-8130267-5.jpeg,DME
DME-8259017-4.jpeg,DME
DME-9126005-9.jpeg,DME
DME-9932957-1.jpeg,DME
DME-5437333-2.jpeg,DME
DME-4969104-22.jpeg,DME
DME-1808783-7.jpeg,DME
DME-4858969-6.jpeg,DME
DME-7027665-3.jpeg,DME
DME-3157783-28.jpeg,DME
DME-5489583-2.jpeg,DME
DME-3414068-5.jpeg,DME
DME-9583225-45.jpeg,DME
DME-4321486-5.jpeg,DME
DME-8056259-6.jpeg,DME
DME-8861620-17.jpeg,DME
DME-8949824-25.jpeg,DME
DME-5091309-20.jpeg,DME
DME-8797076-16.jpeg,DME
DME-8869683-32.jpeg,DME
DME-9915316-65.jpeg,DME
DME-3358004-19.jpeg,DME
DME-4269147-5.jpeg,DME
DME-7658334-10.jpeg,DME
DME-4658666-33.jpeg,DME
DME-8525575-45.jpeg,DME
DME-9915316-142.jpeg,DME
DME-8602716-91.jpeg,DME
DME-5656004-41.jpeg,DME
DME-3064922-3.jpeg,DME
DME-30521-45.jpeg,DME
DME-1896542-23.jpeg,DME
DME-4630435-59.jpeg,DME
DME-6716735-64.jpeg,DME
DME-8087608-4.jpeg,DME
DME-1896542-5.jpeg,DME
DME-1702663-11.jpeg,DME
DME-5178244-32.jpeg,DME
DME-3157783-18.jpeg,DME
DME-8732456-8.jpeg,DME
DME-4445075-3.jpeg,DME
DME-4884451-8.jpeg,DME
DME-3347866-6.jpeg,DME
DME-3447259-1.jpeg,DME
DME-306172-11.jpeg,DME
DME-4897748-34.jpeg,DME
DME-9721607-43.jpeg,DME
DME-4643364-11.jpeg,DME
DME-7763916-98.jpeg,DME
DME-4623999-5.jpeg,DME
DME-2205167-2.jpeg,DME
DME-3483651-10.jpeg,DME
DME-956743-4.jpeg,DME
DME-2510256-1.jpeg,DME
DME-7767265-7.jpeg,DME
DME-4658666-12.jpeg,DME
DME-5656004-35.jpeg,DME
DME-3064922-4.jpeg,DME
DME-6763172-9.jpeg,DME
DME-6716735-85.jpeg,DME
DME-6354157-2.jpeg,DME
DME-8019418-4.jpeg,DME
DME-9939654-18.jpeg,DME
DME-5072525-11.jpeg,DME
DME-4973751-22.jpeg,DME
DME-917949-1.jpeg,DME
DME-3712405-47.jpeg,DME
DME-9361825-17.jpeg,DME
DME-8889771-16.jpeg,DME
DME-7870558-13.jpeg,DME
DME-7843891-6.jpeg,DME
DME-4242335-248.jpeg,DME
DME-405804-19.jpeg,DME
DME-6707428-2.jpeg,DME
DME-5292894-2.jpeg,DME
DME-4242335-100.jpeg,DME
DME-6716735-69.jpeg,DME
DME-4030787-28.jpeg,DME
DME-3264056-9.jpeg,DME
DME-3358004-17.jpeg,DME
DME-8732456-13.jpeg,DME
DME-8525575-81.jpeg,DME
DME-1591159-34.jpeg,DME
DME-1743445-7.jpeg,DME
DME-5225805-39.jpeg,DME
DME-1649492-34.jpeg,DME
DME-1141111-4.jpeg,DME
DME-5656004-9.jpeg,DME
DME-5497895-4.jpeg,DME
DME-4630435-36.jpeg,DME
DME-30521-116.jpeg,DME
DME-8000885-1.jpeg,DME
DME-4020729-6.jpeg,DME
DME-1605248-1.jpeg,DME
DME-1896542-14.jpeg,DME
DME-8602716-98.jpeg,DME
DME-6716735-53.jpeg,DME
DME-30521-97.jpeg,DME
DME-5006393-52.jpeg,DME
DME-778975-118.jpeg,DME
DME-3447259-5.jpeg,DME
DME-1896542-29.jpeg,DME
DME-8729675-25.jpeg,DME
DME-1726544-16.jpeg,DME
DME-8231523-15.jpeg,DME
DME-5465575-31.jpeg,DME
DME-3311872-8.jpeg,DME
DME-9660862-9.jpeg,DME
DME-3718895-40.jpeg,DME
DME-3712405-14.jpeg,DME
DME-8457431-59.jpeg,DME
DME-4643364-16.jpeg,DME
DME-8602716-26.jpeg,DME
DME-258763-16.jpeg,DME
DME-4119721-55.jpeg,DME
DME-1920087-8.jpeg,DME
DME-3606968-35.jpeg,DME
DME-5225805-46.jpeg,DME
DME-4448799-2.jpeg,DME
DME-9997680-20.jpeg,DME
DME-7594641-2.jpeg,DME
DME-5449404-7.jpeg,DME
DME-9836152-26.jpeg,DME
DME-3358004-38.jpeg,DME
DME-4732091-49.jpeg,DME
DME-8732456-38.jpeg,DME
DME-7846574-23.jpeg,DME
DME-8861620-28.jpeg,DME
DME-3606968-12.jpeg,DME
DME-9782509-4.jpeg,DME
DME-3157783-26.jpeg,DME
DME-778975-111.jpeg,DME
DME-8021831-31.jpeg,DME
DME-4321486-4.jpeg,DME
DME-8457431-39.jpeg,DME
DME-9915316-115.jpeg,DME
DME-2834689-6.jpeg,DME
DME-8457431-30.jpeg,DME
DME-4777735-3.jpeg,DME
DME-3358004-15.jpeg,DME
DME-9603124-4.jpeg,DME
DME-4226802-2.jpeg,DME
DME-8602716-69.jpeg,DME
DME-2630113-56.jpeg,DME
DME-8647070-63.jpeg,DME
DME-4242335-227.jpeg,DME
DME-5143281-18.jpeg,DME
DME-1591159-58.jpeg,DME
DME-3157783-7.jpeg,DME
DME-462675-36.jpeg,DME
DME-9355978-14.jpeg,DME
DME-5489583-17.jpeg,DME
DME-3712405-69.jpeg,DME
DME-3157783-110.jpeg,DME
DME-8019418-43.jpeg,DME
DME-3276918-17.jpeg,DME
DME-4634094-61.jpeg,DME
DME-778975-128.jpeg,DME
DME-8889771-98.jpeg,DME
DME-8021831-8.jpeg,DME
DME-6716735-21.jpeg,DME
DME-3608465-31.jpeg,DME
DME-7598038-5.jpeg,DME
DME-5607266-8.jpeg,DME
DME-5171738-28.jpeg,DME
DME-4630435-5.jpeg,DME
DME-8589279-12.jpeg,DME
DME-4989358-41.jpeg,DME
DME-8889771-54.jpeg,DME
DME-4940184-12.jpeg,DME
DME-633268-18.jpeg,DME
DME-4863870-3.jpeg,DME
DME-5572449-4.jpeg,DME
DME-7846574-30.jpeg,DME
DME-4772167-6.jpeg,DME
DME-1783079-3.jpeg,DME
DME-5052617-7.jpeg,DME
DME-7585263-14.jpeg,DME
DME-3064922-114.jpeg,DME
DME-1591159-40.jpeg,DME
DME-8647070-23.jpeg,DME
DME-4030787-25.jpeg,DME
DME-224974-2.jpeg,DME
DME-7918201-45.jpeg,DME
DME-5171738-21.jpeg,DME
DME-3064922-218.jpeg,DME
DME-30521-176.jpeg,DME
DME-8889771-32.jpeg,DME
DME-3358004-40.jpeg,DME
DME-633268-34.jpeg,DME
DME-1923563-4.jpeg,DME
DME-3712405-38.jpeg,DME
DME-306172-6.jpeg,DME
DME-7763916-133.jpeg,DME
DME-8193815-5.jpeg,DME
DME-6933604-1.jpeg,DME
DME-3718895-5.jpeg,DME
DME-4897748-76.jpeg,DME
DME-8231523-14.jpeg,DME
DME-7837305-66.jpeg,DME
DME-7585263-42.jpeg,DME
DME-3712405-64.jpeg,DME
DME-5313093-50.jpeg,DME
DME-8861620-1.jpeg,DME
DME-4634094-99.jpeg,DME
DME-4242335-92.jpeg,DME
DME-8889771-34.jpeg,DME
DME-5218662-4.jpeg,DME
DME-8602716-7.jpeg,DME
DME-3276918-9.jpeg,DME
DME-1591159-59.jpeg,DME
DME-2388519-9.jpeg,DME
DME-3064922-234.jpeg,DME
DME-269181-20.jpeg,DME
DME-4432202-10.jpeg,DME
DME-5530115-14.jpeg,DME
DME-4732091-46.jpeg,DME
DME-5656004-31.jpeg,DME
DME-8130267-15.jpeg,DME
DME-4030787-29.jpeg,DME
DME-5178244-28.jpeg,DME
DME-4616882-21.jpeg,DME
DME-3230369-5.jpeg,DME
DME-7304366-1.jpeg,DME
DME-8525575-65.jpeg,DME
DME-5009839-1.jpeg,DME
DME-3064922-22.jpeg,DME
DME-4630435-17.jpeg,DME
DME-4402311-2.jpeg,DME
DME-9724437-3.jpeg,DME
DME-1591159-13.jpeg,DME
DME-773983-6.jpeg,DME
DME-9721607-9.jpeg,DME
DME-5313093-56.jpeg,DME
DME-8525575-94.jpeg,DME
DME-8525575-132.jpeg,DME
DME-3362190-4.jpeg,DME
DME-1072015-5.jpeg,DME
DME-1635931-10.jpeg,DME
DME-9126005-15.jpeg,DME
DME-3064922-61.jpeg,DME
DME-4658666-55.jpeg,DME
DME-5313093-38.jpeg,DME
DME-4468878-22.jpeg,DME
DME-4445075-25.jpeg,DME
DME-3608465-14.jpeg,DME
DME-4376118-4.jpeg,DME
DME-8951604-7.jpeg,DME
DME-8602716-152.jpeg,DME
DME-1875232-7.jpeg,DME
DME-8525575-39.jpeg,DME
DME-3757443-31.jpeg,DME
DME-4445075-95.jpeg,DME
DME-7578162-47.jpeg,DME
DME-8193815-14.jpeg,DME
DME-4634094-102.jpeg,DME
DME-9361825-6.jpeg,DME
DME-2232211-5.jpeg,DME
DME-3608465-48.jpeg,DME
DME-8713938-6.jpeg,DME
DME-5178244-19.jpeg,DME
DME-3358004-18.jpeg,DME
DME-4865495-6.jpeg,DME
DME-3483651-26.jpeg,DME
DME-917949-3.jpeg,DME
DME-306172-112.jpeg,DME
DME-8755189-1.jpeg,DME
DME-1920087-11.jpeg,DME
DME-4634094-43.jpeg,DME
DME-1649492-11.jpeg,DME
DME-1695472-1.jpeg,DME
DME-9720453-1.jpeg,DME
DME-4973751-18.jpeg,DME
DME-4772167-15.jpeg,DME
DME-6884821-22.jpeg,DME
DME-7578162-48.jpeg,DME
DME-8599136-16.jpeg,DME
DME-4242335-181.jpeg,DME
DME-7763916-111.jpeg,DME
DME-6798210-54.jpeg,DME
DME-8457431-19.jpeg,DME
DME-4585256-5.jpeg,DME
DME-9720453-12.jpeg,DME
DME-4634094-14.jpeg,DME
DME-9915316-118.jpeg,DME
DME-5050880-1.jpeg,DME
DME-30521-114.jpeg,DME
DME-2346350-7.jpeg,DME
DME-4030787-27.jpeg,DME
DME-3542808-9.jpeg,DME
DME-3712405-53.jpeg,DME
DME-873375-7.jpeg,DME
DME-3064922-118.jpeg,DME
DME-9915316-20.jpeg,DME
DME-8559308-5.jpeg,DME
DME-3441556-72.jpeg,DME
DME-2261889-4.jpeg,DME
DME-4973751-2.jpeg,DME
DME-3542808-40.jpeg,DME
DME-8569420-2.jpeg,DME
DME-4445075-124.jpeg,DME
DME-1808783-10.jpeg,DME
DME-4242335-52.jpeg,DME
DME-1702663-8.jpeg,DME
DME-4865495-2.jpeg,DME
DME-4732091-83.jpeg,DME
DME-7843891-8.jpeg,DME
DME-462675-34.jpeg,DME
DME-3757443-57.jpeg,DME
DME-383435-4.jpeg,DME
DME-9915316-121.jpeg,DME
DME-5313093-15.jpeg,DME
DME-4240465-29.jpeg,DME
DME-622848-1.jpeg,DME
DME-4607356-9.jpeg,DME
DME-4731487-6.jpeg,DME
DME-30521-231.jpeg,DME
DME-3513297-4.jpeg,DME
DME-6798210-32.jpeg,DME
DME-9666552-1.jpeg,DME
DME-8021831-2.jpeg,DME
DME-4792882-36.jpeg,DME
DME-7750274-6.jpeg,DME
DME-2205167-10.jpeg,DME
DME-3304080-32.jpeg,DME
DME-5514270-3.jpeg,DME
DME-9588051-22.jpeg,DME
DME-8869683-1.jpeg,DME
DME-3064922-190.jpeg,DME
DME-1591159-38.jpeg,DME
DME-5497895-43.jpeg,DME
DME-670450-13.jpeg,DME
DME-30521-104.jpeg,DME
DME-8525575-113.jpeg,DME
DME-8021831-25.jpeg,DME
DME-4634094-55.jpeg,DME
DME-7870558-1.jpeg,DME
DME-6914545-8.jpeg,DME
DME-8019418-27.jpeg,DME
DME-5021220-1.jpeg,DME
DME-8177380-43.jpeg,DME
DME-3441556-74.jpeg,DME
DME-4865495-8.jpeg,DME
DME-30521-21.jpeg,DME
DME-9721607-77.jpeg,DME
DME-7680244-43.jpeg,DME
DME-4732091-37.jpeg,DME
DME-3064922-186.jpeg,DME
DME-4119721-3.jpeg,DME
DME-4921138-12.jpeg,DME
DME-462675-16.jpeg,DME
DME-3064922-106.jpeg,DME
DME-4242335-133.jpeg,DME
DME-4640904-2.jpeg,DME
DME-8869683-50.jpeg,DME
DME-3757443-23.jpeg,DME
DME-15307-3.jpeg,DME
DME-8080050-4.jpeg,DME
DME-9867791-10.jpeg,DME
DME-8602716-6.jpeg,DME
DME-7837305-9.jpeg,DME
DME-119840-6.jpeg,DME
DME-6704343-5.jpeg,DME
DME-4969104-12.jpeg,DME
DME-3064922-55.jpeg,DME
DME-4561631-6.jpeg,DME
DME-5225805-48.jpeg,DME
DME-8713938-3.jpeg,DME
DME-3712405-12.jpeg,DME
DME-8989419-2.jpeg,DME
DME-3882196-2.jpeg,DME
DME-1695472-73.jpeg,DME
DME-6884821-41.jpeg,DME
DME-258763-4.jpeg,DME
DME-5223925-52.jpeg,DME
DME-3483651-15.jpeg,DME
DME-9011183-1.jpeg,DME
DME-658867-4.jpeg,DME
DME-9508165-1.jpeg,DME
DME-446851-6.jpeg,DME
DME-8525575-55.jpeg,DME
DME-462675-6.jpeg,DME
DME-8601563-7.jpeg,DME
DME-4402311-3.jpeg,DME
DME-8193815-18.jpeg,DME
DME-5006393-5.jpeg,DME
DME-8177380-1.jpeg,DME
DME-3064922-145.jpeg,DME
DME-1649492-16.jpeg,DME
DME-3358004-1.jpeg,DME
DME-9721607-22.jpeg,DME
DME-4632633-4.jpeg,DME
DME-7950284-6.jpeg,DME
DME-7860515-12.jpeg,DME
DME-8021831-10.jpeg,DME
DME-8560276-53.jpeg,DME
DME-4804900-4.jpeg,DME
DME-9812420-17.jpeg,DME
DME-3546221-6.jpeg,DME
DME-5225805-11.jpeg,DME
DME-6884821-28.jpeg,DME
DME-4242335-153.jpeg,DME
DME-3718895-51.jpeg,DME
DME-4897748-75.jpeg,DME
DME-7763916-74.jpeg,DME
DME-4616882-25.jpeg,DME
DME-1649492-3.jpeg,DME
DME-9583225-46.jpeg,DME
DME-2063196-2.jpeg,DME
DME-8729675-23.jpeg,DME
DME-306172-123.jpeg,DME
DME-4897748-65.jpeg,DME
DME-7780589-21.jpeg,DME
DME-2261889-6.jpeg,DME
DME-9540117-2.jpeg,DME
DME-8525575-129.jpeg,DME
DME-4643364-23.jpeg,DME
DME-4643364-18.jpeg,DME
DME-5497895-47.jpeg,DME
DME-7076479-2.jpeg,DME
DME-6747886-2.jpeg,DME
DME-8429453-3.jpeg,DME
DME-4240465-37.jpeg,DME
DME-1591159-80.jpeg,DME
DME-1695472-35.jpeg,DME
DME-8525575-182.jpeg,DME
DME-3718895-16.jpeg,DME
DME-323904-16.jpeg,DME
DME-3531101-34.jpeg,DME
DME-1702663-6.jpeg,DME
DME-5530115-8.jpeg,DME
DME-4432202-46.jpeg,DME
DME-1083927-8.jpeg,DME
DME-7578162-52.jpeg,DME
DME-262460-2.jpeg,DME
DME-4803321-4.jpeg,DME
DME-408201-2.jpeg,DME
DME-4445075-127.jpeg,DME
DME-306172-29.jpeg,DME
DME-6737988-39.jpeg,DME
DME-5225805-13.jpeg,DME
DME-4445075-44.jpeg,DME
DME-4623999-8.jpeg,DME
DME-4298019-1.jpeg,DME
DME-3064922-144.jpeg,DME
DME-5497895-46.jpeg,DME
DME-6798210-66.jpeg,DME
DME-4336607-68.jpeg,DME
DME-4244491-17.jpeg,DME
DME-7846574-24.jpeg,DME
DME-1695472-52.jpeg,DME
DME-9201573-2.jpeg,DME
DME-1729810-1.jpeg,DME
DME-8889771-76.jpeg,DME
DME-9812420-12.jpeg,DME
DME-4904794-8.jpeg,DME
DME-4445075-50.jpeg,DME
DME-1966898-17.jpeg,DME
DME-4792882-8.jpeg,DME
DME-5313093-59.jpeg,DME
DME-5215530-3.jpeg,DME
DME-4969104-8.jpeg,DME
DME-4445075-27.jpeg,DME
DME-3757443-77.jpeg,DME
DME-5313093-63.jpeg,DME
DME-5225805-43.jpeg,DME
DME-5292894-1.jpeg,DME
DME-1649492-1.jpeg,DME
DME-1702663-3.jpeg,DME
DME-6884821-14.jpeg,DME
DME-8602716-75.jpeg,DME
DME-7700504-17.jpeg,DME
DME-4030787-85.jpeg,DME
DME-3064922-127.jpeg,DME
DME-30521-14.jpeg,DME
DME-8734429-7.jpeg,DME
DME-5572449-6.jpeg,DME
DME-4242335-96.jpeg,DME
DME-5178244-11.jpeg,DME
DME-4445075-71.jpeg,DME
DME-7585263-36.jpeg,DME
DME-5656004-26.jpeg,DME
DME-773094-8.jpeg,DME
DME-7578162-45.jpeg,DME
DME-30521-195.jpeg,DME
DME-3358004-30.jpeg,DME
DME-7934335-5.jpeg,DME
DME-8732456-27.jpeg,DME
DME-6704343-8.jpeg,DME
DME-9915316-85.jpeg,DME
DME-4119721-51.jpeg,DME
DME-30521-218.jpeg,DME
DME-7870558-11.jpeg,DME
DME-4623999-7.jpeg,DME
DME-4732091-55.jpeg,DME
DME-8349990-4.jpeg,DME
DME-7846574-53.jpeg,DME
DME-30521-206.jpeg,DME
DME-3304080-54.jpeg,DME
DME-323904-3.jpeg,DME
DME-7434518-11.jpeg,DME
DME-8766603-5.jpeg,DME
DME-258763-96.jpeg,DME
DME-4240465-9.jpeg,DME
DME-682285-15.jpeg,DME
DME-4616882-1.jpeg,DME
DME-3531101-29.jpeg,DME
DME-3157783-35.jpeg,DME
DME-6798210-2.jpeg,DME
DME-4897748-41.jpeg,DME
DME-3340887-7.jpeg,DME
DME-7076479-5.jpeg,DME
DME-8019418-24.jpeg,DME
DME-3304080-37.jpeg,DME
DME-4336607-25.jpeg,DME
DME-633268-54.jpeg,DME
DME-8889771-4.jpeg,DME
DME-5434248-21.jpeg,DME
DME-4242335-149.jpeg,DME
DME-7846574-32.jpeg,DME
DME-8567350-2.jpeg,DME
DME-1591159-54.jpeg,DME
DME-2630113-43.jpeg,DME
DME-3441556-60.jpeg,DME
DME-3157783-99.jpeg,DME
DME-593275-6.jpeg,DME
DME-9915316-107.jpeg,DME
DME-3712405-82.jpeg,DME
DME-7917652-12.jpeg,DME
DME-8431371-1.jpeg,DME
DME-6778225-4.jpeg,DME
DME-4732091-65.jpeg,DME
DME-9721607-32.jpeg,DME
DME-4432202-24.jpeg,DME
DME-5770625-2.jpeg,DME
DME-8647070-26.jpeg,DME
DME-1896542-12.jpeg,DME
DME-4432202-18.jpeg,DME
DME-4445075-62.jpeg,DME
DME-306172-119.jpeg,DME
DME-4897748-42.jpeg,DME
DME-3606968-6.jpeg,DME
DME-30521-38.jpeg,DME
DME-5549735-28.jpeg,DME
DME-4634094-30.jpeg,DME
DME-9853958-14.jpeg,DME
DME-8087608-8.jpeg,DME
DME-8949824-6.jpeg,DME
DME-9583225-1.jpeg,DME
DME-7707202-32.jpeg,DME
DME-7680244-42.jpeg,DME
DME-9660862-3.jpeg,DME
DME-7635774-2.jpeg,DME
DME-1888479-9.jpeg,DME
DME-3757443-28.jpeg,DME
DME-9721607-103.jpeg,DME
DME-525862-1.jpeg,DME
DME-7585263-1.jpeg,DME
DME-7793366-5.jpeg,DME
DME-4967228-52.jpeg,DME
DME-30521-189.jpeg,DME
DME-30521-160.jpeg,DME
DME-1896542-21.jpeg,DME
DME-9627906-5.jpeg,DME
DME-4244491-18.jpeg,DME
DME-633268-50.jpeg,DME
DME-3064922-195.jpeg,DME
DME-1649492-63.jpeg,DME
DME-4432202-28.jpeg,DME
DME-9915316-57.jpeg,DME
DME-3483651-24.jpeg,DME
DME-5225805-23.jpeg,DME
DME-2388519-12.jpeg,DME
DME-7918201-30.jpeg,DME
DME-7870558-5.jpeg,DME
DME-8525575-127.jpeg,DME
DME-8713938-11.jpeg,DME
DME-3304080-60.jpeg,DME
DME-4616882-11.jpeg,DME
DME-682285-11.jpeg,DME
DME-2630113-31.jpeg,DME
DME-8599136-17.jpeg,DME
DME-531019-1.jpeg,DME
DME-6737988-2.jpeg,DME
DME-4445075-97.jpeg,DME
DME-4376118-1.jpeg,DME
DME-9201573-5.jpeg,DME
DME-306172-12.jpeg,DME
DME-6798210-64.jpeg,DME
DME-4030787-82.jpeg,DME
DME-4376118-12.jpeg,DME
DME-4643364-6.jpeg,DME
DME-446851-10.jpeg,DME
DME-4732091-16.jpeg,DME
DME-30521-70.jpeg,DME
DME-7837305-69.jpeg,DME
DME-1605248-11.jpeg,DME
DME-462675-58.jpeg,DME
DME-1629753-5.jpeg,DME
DME-2232211-1.jpeg,DME
DME-4119721-28.jpeg,DME
DME-4607356-2.jpeg,DME
DME-3340309-26.jpeg,DME
DME-3287841-9.jpeg,DME
DME-4967228-7.jpeg,DME
DME-4478609-10.jpeg,DME
DME-4321486-14.jpeg,DME
DME-633268-66.jpeg,DME
DME-4478609-3.jpeg,DME
DME-8274322-1.jpeg,DME
DME-5037557-1.jpeg,DME
DME-1743445-2.jpeg,DME
DME-127971-4.jpeg,DME
DME-8602716-16.jpeg,DME
DME-5223925-30.jpeg,DME
DME-8525575-202.jpeg,DME
DME-8218042-20.jpeg,DME
DME-7837305-21.jpeg,DME
DME-4336607-56.jpeg,DME
DME-4630435-77.jpeg,DME
DME-8889771-40.jpeg,DME
DME-778975-55.jpeg,DME
DME-8681418-13.jpeg,DME
DME-4989358-1.jpeg,DME
DME-7638333-5.jpeg,DME
DME-8525575-123.jpeg,DME
DME-8605472-3.jpeg,DME
DME-778975-3.jpeg,DME
DME-8770531-24.jpeg,DME
DME-1888479-44.jpeg,DME
DME-4634094-35.jpeg,DME
DME-8525575-26.jpeg,DME
DME-8713938-7.jpeg,DME
DME-986734-2.jpeg,DME
DME-7793366-6.jpeg,DME
DME-3757443-96.jpeg,DME
DME-7870558-15.jpeg,DME
DME-9915316-128.jpeg,DME
DME-8525575-21.jpeg,DME
DME-6737988-3.jpeg,DME
DME-2346350-6.jpeg,DME
DME-7860515-10.jpeg,DME
DME-7860515-9.jpeg,DME
DME-8087608-11.jpeg,DME
DME-4697954-2.jpeg,DME
DME-3531101-38.jpeg,DME
DME-8602716-103.jpeg,DME
DME-8734429-5.jpeg,DME
DME-462675-11.jpeg,DME
DME-4658666-29.jpeg,DME
DME-778975-23.jpeg,DME
DME-6695669-1.jpeg,DME
DME-7939555-6.jpeg,DME
DME-9853060-5.jpeg,DME
DME-3064922-160.jpeg,DME
DME-258763-20.jpeg,DME
DME-8907654-15.jpeg,DME
DME-8732456-11.jpeg,DME
DME-306172-102.jpeg,DME
DME-4376118-7.jpeg,DME
DME-4030787-91.jpeg,DME
DME-9721607-46.jpeg,DME
DME-8019418-48.jpeg,DME
DME-5171738-38.jpeg,DME
DME-4030787-99.jpeg,DME
DME-258763-54.jpeg,DME
DME-7707202-39.jpeg,DME
DME-3064922-168.jpeg,DME
DME-9355978-7.jpeg,DME
DME-8647070-17.jpeg,DME
DME-8426419-7.jpeg,DME
DME-8580818-2.jpeg,DME
DME-3712405-66.jpeg,DME
DME-9126005-22.jpeg,DME
DME-4835086-8.jpeg,DME
DME-918334-3.jpeg,DME
DME-5143281-26.jpeg,DME
DME-7793366-3.jpeg,DME
DME-8200056-11.jpeg,DME
DME-306172-105.jpeg,DME
DME-8737136-4.jpeg,DME
DME-682285-47.jpeg,DME
DME-697731-1.jpeg,DME
DME-1695472-57.jpeg,DME
DME-4658666-62.jpeg,DME
DME-4792882-14.jpeg,DME
DME-7578162-4.jpeg,DME
DME-8218042-13.jpeg,DME
DME-8773471-3.jpeg,DME
DME-4921138-17.jpeg,DME
DME-4623999-9.jpeg,DME
DME-4792882-38.jpeg,DME
DME-4921138-24.jpeg,DME
DME-4432202-3.jpeg,DME
DME-778975-18.jpeg,DME
DME-7585263-33.jpeg,DME
DME-5669621-6.jpeg,DME
DME-8889771-101.jpeg,DME
DME-8087608-3.jpeg,DME
DME-4432202-19.jpeg,DME
DME-7707202-43.jpeg,DME
DME-258763-76.jpeg,DME
DME-6787266-1.jpeg,DME
DME-4634094-16.jpeg,DME
DME-4030787-90.jpeg,DME
DME-7939555-7.jpeg,DME
DME-8949824-14.jpeg,DME
DME-5559763-16.jpeg,DME
DME-8304592-1.jpeg,DME
DME-5171738-39.jpeg,DME
DME-743842-1.jpeg,DME
DME-6716735-74.jpeg,DME
DME-9603124-5.jpeg,DME
DME-3441556-77.jpeg,DME
DME-4020729-4.jpeg,DME
DME-439112-2.jpeg,DME
DME-9907033-2.jpeg,DME
DME-1896542-6.jpeg,DME
DME-8602716-20.jpeg,DME
DME-488037-4.jpeg,DME
DME-4445075-12.jpeg,DME
DME-1966898-14.jpeg,DME
DME-2388519-1.jpeg,DME
DME-773094-3.jpeg,DME
DME-402066-9.jpeg,DME
DME-4650026-1.jpeg,DME
DME-4269147-10.jpeg,DME
DME-3757443-78.jpeg,DME
DME-8602716-134.jpeg,DME
DME-9508868-5.jpeg,DME
DME-778975-92.jpeg,DME
DME-8019418-70.jpeg,DME
DME-4897748-35.jpeg,DME
DME-8838274-6.jpeg,DME
DME-4445075-138.jpeg,DME
DME-4792882-56.jpeg,DME
DME-6716735-51.jpeg,DME
DME-1686343-5.jpeg,DME
DME-778975-81.jpeg,DME
DME-4561631-16.jpeg,DME
DME-4030787-17.jpeg,DME
DME-2205167-12.jpeg,DME
DME-5052617-3.jpeg,DME
DME-9678611-5.jpeg,DME
DME-4269147-4.jpeg,DME
DME-9812420-18.jpeg,DME
DME-7837305-35.jpeg,DME
DME-7814773-1.jpeg,DME
DME-306172-13.jpeg,DME
DME-2205167-14.jpeg,DME
DME-4969104-21.jpeg,DME
DME-1695472-41.jpeg,DME
DME-402066-6.jpeg,DME
DME-7707202-6.jpeg,DME
DME-8647070-8.jpeg,DME
DME-2630113-21.jpeg,DME
DME-4007891-16.jpeg,DME
DME-7076479-4.jpeg,DME
DME-30521-178.jpeg,DME
DME-7763916-48.jpeg,DME
DME-7837305-25.jpeg,DME
DME-3531101-37.jpeg,DME
DME-7763916-1.jpeg,DME
DME-8555080-3.jpeg,DME
DME-5086150-18.jpeg,DME
DME-3064922-211.jpeg,DME
DME-4634094-69.jpeg,DME
DME-5223925-60.jpeg,DME
DME-30521-200.jpeg,DME
DME-3542808-10.jpeg,DME
DME-1635931-7.jpeg,DME
DME-8177380-13.jpeg,DME
DME-8231523-26.jpeg,DME
DME-258763-46.jpeg,DME
DME-7870558-20.jpeg,DME
DME-7585414-2.jpeg,DME
DME-6798210-22.jpeg,DME
DME-7763916-26.jpeg,DME
DME-3509367-1.jpeg,DME
DME-1695472-62.jpeg,DME
DME-8602716-36.jpeg,DME
DME-4490546-12.jpeg,DME
DME-9721607-95.jpeg,DME
DME-4242335-202.jpeg,DME
DME-7736035-2.jpeg,DME
DME-8213975-3.jpeg,DME
DME-3441556-34.jpeg,DME
DME-4119721-50.jpeg,DME
DME-5289136-4.jpeg,DME
DME-5225805-12.jpeg,DME
DME-3757443-16.jpeg,DME
DME-7837305-22.jpeg,DME
DME-1635931-8.jpeg,DME
DME-4967228-18.jpeg,DME
DME-1888479-18.jpeg,DME
DME-7076479-13.jpeg,DME
DME-4759696-5.jpeg,DME
DME-5656004-38.jpeg,DME
DME-7767265-3.jpeg,DME
DME-1896542-1.jpeg,DME
DME-8602716-142.jpeg,DME
DME-5006393-4.jpeg,DME
DME-4630435-31.jpeg,DME
DME-8630987-2.jpeg,DME
DME-7680244-38.jpeg,DME
DME-4242335-157.jpeg,DME
DME-7585263-22.jpeg,DME
DME-5143281-16.jpeg,DME
DME-5656004-18.jpeg,DME
DME-8525575-184.jpeg,DME
DME-4242335-239.jpeg,DME
DME-9945479-1.jpeg,DME
DME-8925796-3.jpeg,DME
DME-3531101-9.jpeg,DME
DME-5203422-4.jpeg,DME
DME-8770531-26.jpeg,DME
DME-119840-10.jpeg,DME
DME-5459995-1.jpeg,DME
DME-8019418-68.jpeg,DME
DME-3696907-2.jpeg,DME
DME-4623999-10.jpeg,DME
DME-4630435-67.jpeg,DME
DME-3712405-59.jpeg,DME
DME-8014630-1.jpeg,DME
DME-4242335-250.jpeg,DME
DME-8259017-1.jpeg,DME
DME-7639883-3.jpeg,DME
DME-4119721-7.jpeg,DME
DME-8056259-11.jpeg,DME
DME-4616882-2.jpeg,DME
DME-9853958-15.jpeg,DME
DME-5497895-35.jpeg,DME
DME-8907654-6.jpeg,DME
DME-4658666-51.jpeg,DME
DME-4445075-30.jpeg,DME
DME-3441556-2.jpeg,DME
DME-30521-193.jpeg,DME
DME-5497895-30.jpeg,DME
DME-3304080-63.jpeg,DME
DME-9836152-25.jpeg,DME
DME-4242335-165.jpeg,DME
DME-633268-15.jpeg,DME
DME-8200056-12.jpeg,DME
DME-1591159-10.jpeg,DME
DME-4634094-71.jpeg,DME
DME-1888479-45.jpeg,DME
DME-6798210-4.jpeg,DME
DME-5083664-1.jpeg,DME
DME-119840-16.jpeg,DME
DME-3064922-197.jpeg,DME
DME-1920087-3.jpeg,DME
DME-4826882-5.jpeg,DME
DME-3289980-11.jpeg,DME
DME-8426419-16.jpeg,DME
DME-8770531-37.jpeg,DME
DME-4973751-23.jpeg,DME
DME-8797076-8.jpeg,DME
DME-3340309-7.jpeg,DME
DME-8770531-13.jpeg,DME
DME-1649492-58.jpeg,DME
DME-258763-67.jpeg,DME
DME-4732091-58.jpeg,DME
DME-3718895-46.jpeg,DME
DME-4388412-2.jpeg,DME
DME-4242335-237.jpeg,DME
DME-4478609-24.jpeg,DME
DME-4242335-155.jpeg,DME
DME-7780589-13.jpeg,DME
DME-5851527-3.jpeg,DME
DME-8371885-18.jpeg,DME
DME-7950284-11.jpeg,DME
DME-4921138-3.jpeg,DME
DME-4630435-80.jpeg,DME
DME-4283050-1.jpeg,DME
DME-4242335-113.jpeg,DME
DME-30521-194.jpeg,DME
DME-8177380-32.jpeg,DME
DME-7939555-2.jpeg,DME
DME-258763-47.jpeg,DME
DME-8525575-131.jpeg,DME
DRUSEN-5970127-1.jpeg,DRUSEN
DRUSEN-2173657-3.jpeg,DRUSEN
DRUSEN-3276918-54.jpeg,DRUSEN
DRUSEN-2507646-5.jpeg,DRUSEN
DRUSEN-1789270-47.jpeg,DRUSEN
DRUSEN-8870525-36.jpeg,DRUSEN
DRUSEN-7345121-18.jpeg,DRUSEN
DRUSEN-9000010-8.jpeg,DRUSEN
DRUSEN-956663-9.jpeg,DRUSEN
DRUSEN-1130960-36.jpeg,DRUSEN
DRUSEN-464044-18.jpeg,DRUSEN
DRUSEN-7763772-59.jpeg,DRUSEN
DRUSEN-2141150-11.jpeg,DRUSEN
DRUSEN-9225057-8.jpeg,DRUSEN
DRUSEN-8800510-21.jpeg,DRUSEN
DRUSEN-9547888-49.jpeg,DRUSEN
DRUSEN-8986660-116.jpeg,DRUSEN
DRUSEN-1225603-56.jpeg,DRUSEN
DRUSEN-2257047-22.jpeg,DRUSEN
DRUSEN-7199590-1.jpeg,DRUSEN
DRUSEN-3439251-14.jpeg,DRUSEN
DRUSEN-8886787-9.jpeg,DRUSEN
DRUSEN-6695669-1.jpeg,DRUSEN
DRUSEN-8086850-31.jpeg,DRUSEN
DRUSEN-8649762-8.jpeg,DRUSEN
DRUSEN-364469-119.jpeg,DRUSEN
DRUSEN-8886787-25.jpeg,DRUSEN
DRUSEN-224974-12.jpeg,DRUSEN
DRUSEN-7552788-4.jpeg,DRUSEN
DRUSEN-1997439-108.jpeg,DRUSEN
DRUSEN-2489093-10.jpeg,DRUSEN
DRUSEN-5434336-30.jpeg,DRUSEN
DRUSEN-9225057-3.jpeg,DRUSEN
DRUSEN-2233489-12.jpeg,DRUSEN
DRUSEN-3727453-3.jpeg,DRUSEN
DRUSEN-5710007-1.jpeg,DRUSEN
DRUSEN-6102438-4.jpeg,DRUSEN
DRUSEN-7064008-20.jpeg,DRUSEN
DRUSEN-9050584-1.jpeg,DRUSEN
DRUSEN-1083159-3.jpeg,DRUSEN
DRUSEN-3116592-12.jpeg,DRUSEN
DRUSEN-1380233-8.jpeg,DRUSEN
DRUSEN-7345121-11.jpeg,DRUSEN
DRUSEN-9358447-2.jpeg,DRUSEN
DRUSEN-5094722-20.jpeg,DRUSEN
DRUSEN-8940076-3.jpeg,DRUSEN
DRUSEN-732516-26.jpeg,DRUSEN
DRUSEN-3281144-10.jpeg,DRUSEN
DRUSEN-9504181-5.jpeg,DRUSEN
DRUSEN-5094722-16.jpeg,DRUSEN
DRUSEN-3472938-30.jpeg,DRUSEN
DRUSEN-7563760-3.jpeg,DRUSEN
DRUSEN-2437193-14.jpeg,DRUSEN
DRUSEN-8057466-11.jpeg,DRUSEN
DRUSEN-9642260-34.jpeg,DRUSEN
DRUSEN-1997439-45.jpeg,DRUSEN
DRUSEN-8261063-70.jpeg,DRUSEN
DRUSEN-9894035-24.jpeg,DRUSEN
DRUSEN-8986660-127.jpeg,DRUSEN
DRUSEN-3086272-11.jpeg,DRUSEN
DRUSEN-5979503-1.jpeg,DRUSEN
DRUSEN-1327692-16.jpeg,DRUSEN
DRUSEN-8057466-15.jpeg,DRUSEN
DRUSEN-1094282-1.jpeg,DRUSEN
DRUSEN-5042213-9.jpeg,DRUSEN
DRUSEN-8259017-17.jpeg,DRUSEN
DRUSEN-552350-5.jpeg,DRUSEN
DRUSEN-8986660-101.jpeg,DRUSEN
DRUSEN-7536081-5.jpeg,DRUSEN
DRUSEN-7840782-5.jpeg,DRUSEN
DRUSEN-8794293-6.jpeg,DRUSEN
DRUSEN-7763772-55.jpeg,DRUSEN
DRUSEN-1487749-11.jpeg,DRUSEN
DRUSEN-1997439-67.jpeg,DRUSEN
DRUSEN-5822041-4.jpeg,DRUSEN
DRUSEN-3727453-5.jpeg,DRUSEN
DRUSEN-9059831-15.jpeg,DRUSEN
DRUSEN-5811898-19.jpeg,DRUSEN
DRUSEN-5811898-60.jpeg,DRUSEN
DRUSEN-2407494-3.jpeg,DRUSEN
DRUSEN-9087597-16.jpeg,DRUSEN
DRUSEN-987193-25.jpeg,DRUSEN
DRUSEN-8178466-2.jpeg,DRUSEN
DRUSEN-224974-22.jpeg,DRUSEN
DRUSEN-9280370-9.jpeg,DRUSEN
DRUSEN-8292670-2.jpeg,DRUSEN
DRUSEN-9624303-24.jpeg,DRUSEN
DRUSEN-1588792-7.jpeg,DRUSEN
DRUSEN-1577991-3.jpeg,DRUSEN
DRUSEN-3325823-63.jpeg,DRUSEN
DRUSEN-7513011-3.jpeg,DRUSEN
DRUSEN-482704-35.jpeg,DRUSEN
DRUSEN-1206086-2.jpeg,DRUSEN
DRUSEN-6193297-28.jpeg,DRUSEN
DRUSEN-7915033-26.jpeg,DRUSEN
DRUSEN-9645433-5.jpeg,DRUSEN
DRUSEN-8023853-126.jpeg,DRUSEN
DRUSEN-1912508-11.jpeg,DRUSEN
DRUSEN-7345121-10.jpeg,DRUSEN
DRUSEN-1997439-28.jpeg,DRUSEN
DRUSEN-7315522-2.jpeg,DRUSEN
DRUSEN-987193-17.jpeg,DRUSEN
DRUSEN-5760454-23.jpeg,DRUSEN
DRUSEN-4242335-1.jpeg,DRUSEN
DRUSEN-2489093-26.jpeg,DRUSEN
DRUSEN-5710007-38.jpeg,DRUSEN
DRUSEN-987193-1.jpeg,DRUSEN
DRUSEN-3317878-20.jpeg,DRUSEN
DRUSEN-349021-1.jpeg,DRUSEN
DRUSEN-9138933-1.jpeg,DRUSEN
DRUSEN-9861332-7.jpeg,DRUSEN
DRUSEN-8549730-9.jpeg,DRUSEN
DRUSEN-5781669-3.jpeg,DRUSEN
DRUSEN-8605472-8.jpeg,DRUSEN
DRUSEN-1094282-9.jpeg,DRUSEN
DRUSEN-224974-7.jpeg,DRUSEN
DRUSEN-8023853-50.jpeg,DRUSEN
DRUSEN-8086850-222.jpeg,DRUSEN
DRUSEN-3555780-7.jpeg,DRUSEN
DRUSEN-829402-7.jpeg,DRUSEN
DRUSEN-8023853-107.jpeg,DRUSEN
DRUSEN-8345703-38.jpeg,DRUSEN
DRUSEN-6190971-59.jpeg,DRUSEN
DRUSEN-3281144-4.jpeg,DRUSEN
DRUSEN-2257047-16.jpeg,DRUSEN
DRUSEN-2233489-23.jpeg,DRUSEN
DRUSEN-8424116-2.jpeg,DRUSEN
DRUSEN-4878077-41.jpeg,DRUSEN
DRUSEN-9589835-3.jpeg,DRUSEN
DRUSEN-1997439-59.jpeg,DRUSEN
DRUSEN-4293095-17.jpeg,DRUSEN
DRUSEN-8549730-21.jpeg,DRUSEN
DRUSEN-9072701-54.jpeg,DRUSEN
DRUSEN-538779-26.jpeg,DRUSEN
DRUSEN-5710007-11.jpeg,DRUSEN
DRUSEN-5770625-2.jpeg,DRUSEN
DRUSEN-8794293-5.jpeg,DRUSEN
DRUSEN-5371222-1.jpeg,DRUSEN
DRUSEN-5710007-14.jpeg,DRUSEN
DRUSEN-7572931-2.jpeg,DRUSEN
DRUSEN-6193297-1.jpeg,DRUSEN
DRUSEN-8057466-17.jpeg,DRUSEN
DRUSEN-7915033-50.jpeg,DRUSEN
DRUSEN-2541184-14.jpeg,DRUSEN
DRUSEN-8086850-234.jpeg,DRUSEN
DRUSEN-9358447-28.jpeg,DRUSEN
DRUSEN-2198788-32.jpeg,DRUSEN
DRUSEN-8086850-137.jpeg,DRUSEN
DRUSEN-4878077-17.jpeg,DRUSEN
DRUSEN-9894035-15.jpeg,DRUSEN
DRUSEN-228939-4.jpeg,DRUSEN
DRUSEN-142234-4.jpeg,DRUSEN
DRUSEN-5477211-7.jpeg,DRUSEN
DRUSEN-732516-66.jpeg,DRUSEN
DRUSEN-9645433-10.jpeg,DRUSEN
DRUSEN-5434336-51.jpeg,DRUSEN
DRUSEN-3424668-38.jpeg,DRUSEN
DRUSEN-7585537-9.jpeg,DRUSEN
DRUSEN-2198788-22.jpeg,DRUSEN
DRUSEN-8986660-33.jpeg,DRUSEN
DRUSEN-1455244-4.jpeg,DRUSEN
DRUSEN-142234-15.jpeg,DRUSEN
DRUSEN-9547888-3.jpeg,DRUSEN
DRUSEN-1077513-8.jpeg,DRUSEN
DRUSEN-5779607-11.jpeg,DRUSEN
DRUSEN-364469-8.jpeg,DRUSEN
DRUSEN-5434336-19.jpeg,DRUSEN
DRUSEN-8086850-124.jpeg,DRUSEN
DRUSEN-9589835-8.jpeg,DRUSEN
DRUSEN-6193297-21.jpeg,DRUSEN
DRUSEN-8954873-1.jpeg,DRUSEN
DRUSEN-5822041-5.jpeg,DRUSEN
DRUSEN-6116901-9.jpeg,DRUSEN
DRUSEN-5851527-11.jpeg,DRUSEN
DRUSEN-2785977-1.jpeg,DRUSEN
DRUSEN-8796318-11.jpeg,DRUSEN
DRUSEN-7675318-17.jpeg,DRUSEN
DRUSEN-8549730-58.jpeg,DRUSEN
DRUSEN-9624303-8.jpeg,DRUSEN
DRUSEN-3541867-17.jpeg,DRUSEN
DRUSEN-1169820-20.jpeg,DRUSEN
DRUSEN-1020679-3.jpeg,DRUSEN
DRUSEN-2128644-46.jpeg,DRUSEN
DRUSEN-1487749-26.jpeg,DRUSEN
DRUSEN-364469-95.jpeg,DRUSEN
DRUSEN-3276918-41.jpeg,DRUSEN
DRUSEN-732516-18.jpeg,DRUSEN
DRUSEN-8061223-5.jpeg,DRUSEN
DRUSEN-538779-4.jpeg,DRUSEN
DRUSEN-5811898-66.jpeg,DRUSEN
DRUSEN-1081406-6.jpeg,DRUSEN
DRUSEN-5434336-9.jpeg,DRUSEN
DRUSEN-8986660-112.jpeg,DRUSEN
DRUSEN-8794293-17.jpeg,DRUSEN
DRUSEN-9072701-8.jpeg,DRUSEN
DRUSEN-732516-67.jpeg,DRUSEN
DRUSEN-552350-14.jpeg,DRUSEN
DRUSEN-8602178-7.jpeg,DRUSEN
DRUSEN-2141150-10.jpeg,DRUSEN
DRUSEN-2198788-9.jpeg,DRUSEN
DRUSEN-8986660-95.jpeg,DRUSEN
DRUSEN-732516-75.jpeg,DRUSEN
DRUSEN-1651625-13.jpeg,DRUSEN
DRUSEN-3349984-2.jpeg,DRUSEN
DRUSEN-9225057-25.jpeg,DRUSEN
DRUSEN-7555604-6.jpeg,DRUSEN
DRUSEN-9225057-27.jpeg,DRUSEN
DRUSEN-3276918-17.jpeg,DRUSEN
DRUSEN-5814078-1.jpeg,DRUSEN
DRUSEN-8870525-5.jpeg,DRUSEN
DRUSEN-538779-24.jpeg,DRUSEN
DRUSEN-9800172-26.jpeg,DRUSEN
DRUSEN-2444883-3.jpeg,DRUSEN
DRUSEN-228939-13.jpeg,DRUSEN
DRUSEN-8023758-8.jpeg,DRUSEN
DRUSEN-907869-8.jpeg,DRUSEN
DRUSEN-1225603-75.jpeg,DRUSEN
DRUSEN-783692-5.jpeg,DRUSEN
DRUSEN-8870525-46.jpeg,DRUSEN
DRUSEN-3424668-43.jpeg,DRUSEN
DRUSEN-6190971-53.jpeg,DRUSEN
DRUSEN-8086850-228.jpeg,DRUSEN
DRUSEN-1912508-14.jpeg,DRUSEN
DRUSEN-7072254-1.jpeg,DRUSEN
DRUSEN-7072628-15.jpeg,DRUSEN
DRUSEN-224974-30.jpeg,DRUSEN
DRUSEN-7555604-14.jpeg,DRUSEN
DRUSEN-732516-97.jpeg,DRUSEN
DRUSEN-6102438-22.jpeg,DRUSEN
DRUSEN-7199590-5.jpeg,DRUSEN
DRUSEN-8986660-147.jpeg,DRUSEN
DRUSEN-1225603-61.jpeg,DRUSEN
DRUSEN-8251771-2.jpeg,DRUSEN
DRUSEN-6010249-2.jpeg,DRUSEN
DRUSEN-1146923-14.jpeg,DRUSEN
DRUSEN-8867484-10.jpeg,DRUSEN
DRUSEN-1742442-7.jpeg,DRUSEN
DRUSEN-9734808-52.jpeg,DRUSEN
DRUSEN-8086850-64.jpeg,DRUSEN
DRUSEN-3399839-12.jpeg,DRUSEN
DRUSEN-2257047-11.jpeg,DRUSEN
DRUSEN-8440718-2.jpeg,DRUSEN
DRUSEN-956663-18.jpeg,DRUSEN
DRUSEN-1997439-8.jpeg,DRUSEN
DRUSEN-8656509-4.jpeg,DRUSEN
DRUSEN-5710007-57.jpeg,DRUSEN
DRUSEN-2541184-33.jpeg,DRUSEN
DRUSEN-8986660-24.jpeg,DRUSEN
DRUSEN-1997439-58.jpeg,DRUSEN
DRUSEN-8023853-87.jpeg,DRUSEN
DRUSEN-5443411-1.jpeg,DRUSEN
DRUSEN-9059831-10.jpeg,DRUSEN
DRUSEN-8982961-1.jpeg,DRUSEN
DRUSEN-3276918-24.jpeg,DRUSEN
DRUSEN-1071961-3.jpeg,DRUSEN
DRUSEN-2785977-2.jpeg,DRUSEN
DRUSEN-9025088-1.jpeg,DRUSEN
DRUSEN-2128644-37.jpeg,DRUSEN
DRUSEN-8440718-30.jpeg,DRUSEN
DRUSEN-2489093-38.jpeg,DRUSEN
DRUSEN-364469-14.jpeg,DRUSEN
DRUSEN-3276918-52.jpeg,DRUSEN
DRUSEN-5710007-35.jpeg,DRUSEN
DRUSEN-75028-1.jpeg,DRUSEN
DRUSEN-9603124-3.jpeg,DRUSEN
DRUSEN-8023853-84.jpeg,DRUSEN
DRUSEN-228939-43.jpeg,DRUSEN
DRUSEN-9800172-33.jpeg,DRUSEN
DRUSEN-8886787-3.jpeg,DRUSEN
DRUSEN-8846566-2.jpeg,DRUSEN
DRUSEN-6193297-70.jpeg,DRUSEN
DRUSEN-8351260-7.jpeg,DRUSEN
DRUSEN-7658334-4.jpeg,DRUSEN
DRUSEN-8605472-9.jpeg,DRUSEN
DRUSEN-5710007-56.jpeg,DRUSEN
DRUSEN-9589835-10.jpeg,DRUSEN
DRUSEN-8261063-30.jpeg,DRUSEN
DRUSEN-7345121-9.jpeg,DRUSEN
DRUSEN-8986660-64.jpeg,DRUSEN
DRUSEN-3276918-69.jpeg,DRUSEN
DRUSEN-9547888-22.jpeg,DRUSEN
DRUSEN-1246453-1.jpeg,DRUSEN
DRUSEN-1130960-50.jpeg,DRUSEN
DRUSEN-5887906-3.jpeg,DRUSEN
DRUSEN-5434336-42.jpeg,DRUSEN
DRUSEN-5864720-1.jpeg,DRUSEN
DRUSEN-9280370-5.jpeg,DRUSEN
DRUSEN-7132597-3.jpeg,DRUSEN
DRUSEN-7345121-4.jpeg,DRUSEN
DRUSEN-3232816-3.jpeg,DRUSEN
DRUSEN-732516-48.jpeg,DRUSEN
DRUSEN-1173253-10.jpeg,DRUSEN
DRUSEN-3439251-12.jpeg,DRUSEN
DRUSEN-2017309-1.jpeg,DRUSEN
DRUSEN-2951435-9.jpeg,DRUSEN
DRUSEN-4934663-13.jpeg,DRUSEN
DRUSEN-9758896-1.jpeg,DRUSEN
DRUSEN-9112039-5.jpeg,DRUSEN
DRUSEN-8086850-163.jpeg,DRUSEN
DRUSEN-2437193-12.jpeg,DRUSEN
DRUSEN-7656403-3.jpeg,DRUSEN
DRUSEN-2253582-27.jpeg,DRUSEN
DRUSEN-9358447-8.jpeg,DRUSEN
DRUSEN-8086850-29.jpeg,DRUSEN
DRUSEN-1779575-7.jpeg,DRUSEN
DRUSEN-8867214-2.jpeg,DRUSEN
DRUSEN-2198788-19.jpeg,DRUSEN
DRUSEN-8339642-7.jpeg,DRUSEN
DRUSEN-8023853-37.jpeg,DRUSEN
DRUSEN-5710007-78.jpeg,DRUSEN
DRUSEN-7184590-5.jpeg,DRUSEN
DRUSEN-1997439-130.jpeg,DRUSEN
DRUSEN-1487749-31.jpeg,DRUSEN
DRUSEN-2128644-30.jpeg,DRUSEN
DRUSEN-8549730-7.jpeg,DRUSEN
DRUSEN-8886787-22.jpeg,DRUSEN
DRUSEN-1130960-43.jpeg,DRUSEN
DRUSEN-8549730-46.jpeg,DRUSEN
DRUSEN-5929729-6.jpeg,DRUSEN
DRUSEN-7098250-20.jpeg,DRUSEN
DRUSEN-8819395-1.jpeg,DRUSEN
DRUSEN-8057466-29.jpeg,DRUSEN
DRUSEN-1997439-24.jpeg,DRUSEN
DRUSEN-2463911-1.jpeg,DRUSEN
DRUSEN-5710007-39.jpeg,DRUSEN
DRUSEN-658388-3.jpeg,DRUSEN
DRUSEN-1169820-8.jpeg,DRUSEN
DRUSEN-4293095-15.jpeg,DRUSEN
DRUSEN-8049339-1.jpeg,DRUSEN
DRUSEN-7064008-17.jpeg,DRUSEN
DRUSEN-228939-24.jpeg,DRUSEN
DRUSEN-8986660-3.jpeg,DRUSEN
DRUSEN-3317878-9.jpeg,DRUSEN
DRUSEN-5760454-27.jpeg,DRUSEN
DRUSEN-5434336-2.jpeg,DRUSEN
DRUSEN-3276918-7.jpeg,DRUSEN
DRUSEN-8086850-127.jpeg,DRUSEN
DRUSEN-6190971-24.jpeg,DRUSEN
DRUSEN-9894035-6.jpeg,DRUSEN
DRUSEN-3030629-17.jpeg,DRUSEN
DRUSEN-9072701-53.jpeg,DRUSEN
DRUSEN-8086850-6.jpeg,DRUSEN
DRUSEN-1398504-1.jpeg,DRUSEN
DRUSEN-5725654-2.jpeg,DRUSEN
DRUSEN-987193-3.jpeg,DRUSEN
DRUSEN-3325823-23.jpeg,DRUSEN
DRUSEN-1793499-3.jpeg,DRUSEN
DRUSEN-2257047-46.jpeg,DRUSEN
DRUSEN-3656516-3.jpeg,DRUSEN
DRUSEN-3276918-29.jpeg,DRUSEN
DRUSEN-9049813-1.jpeg,DRUSEN
DRUSEN-5434336-4.jpeg,DRUSEN
DRUSEN-7373858-8.jpeg,DRUSEN
DRUSEN-3086272-15.jpeg,DRUSEN
DRUSEN-5301369-5.jpeg,DRUSEN
DRUSEN-6193297-57.jpeg,DRUSEN
DRUSEN-9547888-20.jpeg,DRUSEN
DRUSEN-8351260-9.jpeg,DRUSEN
DRUSEN-7973089-7.jpeg,DRUSEN
DRUSEN-9358447-16.jpeg,DRUSEN
DRUSEN-4934663-11.jpeg,DRUSEN
DRUSEN-5331157-3.jpeg,DRUSEN
DRUSEN-2489093-22.jpeg,DRUSEN
DRUSEN-8086850-128.jpeg,DRUSEN
DRUSEN-1112835-8.jpeg,DRUSEN
DRUSEN-9734808-26.jpeg,DRUSEN
DRUSEN-8986660-128.jpeg,DRUSEN
DRUSEN-2198788-2.jpeg,DRUSEN
DRUSEN-6193297-56.jpeg,DRUSEN
DRUSEN-9225057-33.jpeg,DRUSEN
DRUSEN-9631979-7.jpeg,DRUSEN
DRUSEN-228939-27.jpeg,DRUSEN
DRUSEN-5768756-26.jpeg,DRUSEN
DRUSEN-9734808-12.jpeg,DRUSEN
DRUSEN-228939-10.jpeg,DRUSEN
DRUSEN-364469-31.jpeg,DRUSEN
DRUSEN-8345703-24.jpeg,DRUSEN
DRUSEN-4291972-4.jpeg,DRUSEN
DRUSEN-2510299-1.jpeg,DRUSEN
DRUSEN-364469-77.jpeg,DRUSEN
DRUSEN-8549730-82.jpeg,DRUSEN
DRUSEN-1793499-2.jpeg,DRUSEN
DRUSEN-7098250-11.jpeg,DRUSEN
DRUSEN-6634468-13.jpeg,DRUSEN
DRUSEN-1233824-1.jpeg,DRUSEN
DRUSEN-3825206-3.jpeg,DRUSEN
DRUSEN-8351260-1.jpeg,DRUSEN
DRUSEN-9778894-4.jpeg,DRUSEN
DRUSEN-8577392-15.jpeg,DRUSEN
DRUSEN-2403178-8.jpeg,DRUSEN
DRUSEN-5710007-2.jpeg,DRUSEN
DRUSEN-1225603-11.jpeg,DRUSEN
DRUSEN-8023853-137.jpeg,DRUSEN
DRUSEN-2437193-37.jpeg,DRUSEN
DRUSEN-3424668-6.jpeg,DRUSEN
DRUSEN-2444883-26.jpeg,DRUSEN
DRUSEN-228939-46.jpeg,DRUSEN
DRUSEN-1530990-14.jpeg,DRUSEN
DRUSEN-8039905-12.jpeg,DRUSEN
DRUSEN-1986589-1.jpeg,DRUSEN
DRUSEN-1373359-4.jpeg,DRUSEN
DRUSEN-987193-18.jpeg,DRUSEN
DRUSEN-2257047-23.jpeg,DRUSEN
DRUSEN-5094722-3.jpeg,DRUSEN
DRUSEN-5710007-8.jpeg,DRUSEN
DRUSEN-5443411-12.jpeg,DRUSEN
DRUSEN-5779607-8.jpeg,DRUSEN
DRUSEN-8014630-1.jpeg,DRUSEN
DRUSEN-3541867-16.jpeg,DRUSEN
DRUSEN-6193297-84.jpeg,DRUSEN
DRUSEN-9563024-5.jpeg,DRUSEN
DRUSEN-5753467-3.jpeg,DRUSEN
DRUSEN-5477211-5.jpeg,DRUSEN
DRUSEN-8086850-49.jpeg,DRUSEN
DRUSEN-5865674-9.jpeg,DRUSEN
DRUSEN-732516-62.jpeg,DRUSEN
DRUSEN-457907-18.jpeg,DRUSEN
DRUSEN-1237848-57.jpeg,DRUSEN
DRUSEN-2443350-5.jpeg,DRUSEN
DRUSEN-1786810-10.jpeg,DRUSEN
DRUSEN-8986660-60.jpeg,DRUSEN
DRUSEN-9855139-2.jpeg,DRUSEN
DRUSEN-9049813-6.jpeg,DRUSEN
DRUSEN-5743416-5.jpeg,DRUSEN
DRUSEN-95633-16.jpeg,DRUSEN
DRUSEN-6102438-6.jpeg,DRUSEN
DRUSEN-8598714-1.jpeg,DRUSEN
DRUSEN-2443068-11.jpeg,DRUSEN
DRUSEN-5486195-2.jpeg,DRUSEN
DRUSEN-8086850-27.jpeg,DRUSEN
DRUSEN-1487749-35.jpeg,DRUSEN
DRUSEN-1046294-1.jpeg,DRUSEN
DRUSEN-9642260-12.jpeg,DRUSEN
DRUSEN-2463911-2.jpeg,DRUSEN
DRUSEN-7563760-4.jpeg,DRUSEN
DRUSEN-1237848-26.jpeg,DRUSEN
DRUSEN-7763772-49.jpeg,DRUSEN
DRUSEN-5811898-39.jpeg,DRUSEN
DRUSEN-1997439-32.jpeg,DRUSEN
DRUSEN-7629851-11.jpeg,DRUSEN
DRUSEN-8549730-73.jpeg,DRUSEN
DRUSEN-6193297-17.jpeg,DRUSEN
DRUSEN-907869-22.jpeg,DRUSEN
DRUSEN-907869-12.jpeg,DRUSEN
DRUSEN-1193659-1.jpeg,DRUSEN
DRUSEN-8023853-7.jpeg,DRUSEN
DRUSEN-8986660-75.jpeg,DRUSEN
DRUSEN-1193659-5.jpeg,DRUSEN
DRUSEN-2951435-7.jpeg,DRUSEN
DRUSEN-5808844-1.jpeg,DRUSEN
DRUSEN-95633-8.jpeg,DRUSEN
DRUSEN-5841100-24.jpeg,DRUSEN
DRUSEN-2272820-3.jpeg,DRUSEN
DRUSEN-589252-3.jpeg,DRUSEN
DRUSEN-2489093-5.jpeg,DRUSEN
DRUSEN-8014630-18.jpeg,DRUSEN
DRUSEN-8986660-99.jpeg,DRUSEN
DRUSEN-8986660-45.jpeg,DRUSEN
DRUSEN-6010249-11.jpeg,DRUSEN
DRUSEN-3325823-48.jpeg,DRUSEN
DRUSEN-8086850-122.jpeg,DRUSEN
DRUSEN-1327692-15.jpeg,DRUSEN
DRUSEN-7154222-7.jpeg,DRUSEN
DRUSEN-1047803-3.jpeg,DRUSEN
DRUSEN-8605472-31.jpeg,DRUSEN
DRUSEN-5094722-17.jpeg,DRUSEN
DRUSEN-2128644-20.jpeg,DRUSEN
DRUSEN-2257047-56.jpeg,DRUSEN
DRUSEN-6095281-8.jpeg,DRUSEN
DRUSEN-538779-1.jpeg,DRUSEN
DRUSEN-1169820-36.jpeg,DRUSEN
DRUSEN-4878077-40.jpeg,DRUSEN
DRUSEN-8086850-187.jpeg,DRUSEN
DRUSEN-9689334-4.jpeg,DRUSEN
DRUSEN-7963124-4.jpeg,DRUSEN
DRUSEN-5801431-18.jpeg,DRUSEN
DRUSEN-2495247-5.jpeg,DRUSEN
DRUSEN-8747569-3.jpeg,DRUSEN
DRUSEN-6264369-10.jpeg,DRUSEN
DRUSEN-1173253-8.jpeg,DRUSEN
DRUSEN-6634468-9.jpeg,DRUSEN
DRUSEN-8796318-14.jpeg,DRUSEN
DRUSEN-9547888-24.jpeg,DRUSEN
DRUSEN-4291972-9.jpeg,DRUSEN
DRUSEN-8014630-2.jpeg,DRUSEN
DRUSEN-1237848-3.jpeg,DRUSEN
DRUSEN-7110371-2.jpeg,DRUSEN
DRUSEN-8801124-3.jpeg,DRUSEN
DRUSEN-1237848-52.jpeg,DRUSEN
DRUSEN-3571629-2.jpeg,DRUSEN
DRUSEN-827677-7.jpeg,DRUSEN
DRUSEN-9000010-17.jpeg,DRUSEN
DRUSEN-5811898-65.jpeg,DRUSEN
DRUSEN-7990001-4.jpeg,DRUSEN
DRUSEN-5768756-14.jpeg,DRUSEN
DRUSEN-7763772-54.jpeg,DRUSEN
DRUSEN-6193297-75.jpeg,DRUSEN
DRUSEN-1912508-21.jpeg,DRUSEN
DRUSEN-8870525-32.jpeg,DRUSEN
DRUSEN-3325823-50.jpeg,DRUSEN
DRUSEN-5768756-2.jpeg,DRUSEN
DRUSEN-609387-12.jpeg,DRUSEN
DRUSEN-8057466-21.jpeg,DRUSEN
DRUSEN-4934663-24.jpeg,DRUSEN
DRUSEN-9861332-10.jpeg,DRUSEN
DRUSEN-6625388-8.jpeg,DRUSEN
DRUSEN-8023853-32.jpeg,DRUSEN
DRUSEN-7457346-11.jpeg,DRUSEN
DRUSEN-3276918-88.jpeg,DRUSEN
DRUSEN-5108667-1.jpeg,DRUSEN
DRUSEN-1173253-3.jpeg,DRUSEN
DRUSEN-8086850-3.jpeg,DRUSEN
DRUSEN-3424668-72.jpeg,DRUSEN
DRUSEN-7137161-4.jpeg,DRUSEN
DRUSEN-8796318-19.jpeg,DRUSEN
DRUSEN-7132597-14.jpeg,DRUSEN
DRUSEN-5743416-32.jpeg,DRUSEN
DRUSEN-1146923-33.jpeg,DRUSEN
DRUSEN-8986660-143.jpeg,DRUSEN
DRUSEN-987193-6.jpeg,DRUSEN
DRUSEN-5760454-18.jpeg,DRUSEN
DRUSEN-7675318-15.jpeg,DRUSEN
DRUSEN-7098250-7.jpeg,DRUSEN
DRUSEN-457907-24.jpeg,DRUSEN
DRUSEN-6256161-10.jpeg,DRUSEN
DRUSEN-995513-1.jpeg,DRUSEN
DRUSEN-987193-5.jpeg,DRUSEN
DRUSEN-5087157-1.jpeg,DRUSEN
DRUSEN-228939-61.jpeg,DRUSEN
DRUSEN-228939-57.jpeg,DRUSEN
DRUSEN-5768756-35.jpeg,DRUSEN
DRUSEN-4343867-10.jpeg,DRUSEN
DRUSEN-8057466-23.jpeg,DRUSEN
DRUSEN-8410489-4.jpeg,DRUSEN
DRUSEN-3281144-1.jpeg,DRUSEN
DRUSEN-1487749-6.jpeg,DRUSEN
DRUSEN-1514075-17.jpeg,DRUSEN
DRUSEN-3276918-43.jpeg,DRUSEN
DRUSEN-8027454-8.jpeg,DRUSEN
DRUSEN-364777-2.jpeg,DRUSEN
DRUSEN-303435-2.jpeg,DRUSEN
DRUSEN-781814-9.jpeg,DRUSEN
DRUSEN-8023853-116.jpeg,DRUSEN
DRUSEN-6989627-1.jpeg,DRUSEN
DRUSEN-8023853-30.jpeg,DRUSEN
DRUSEN-1283307-14.jpeg,DRUSEN
DRUSEN-1083159-12.jpeg,DRUSEN
DRUSEN-7990001-16.jpeg,DRUSEN
DRUSEN-2298275-1.jpeg,DRUSEN
DRUSEN-1283307-13.jpeg,DRUSEN
DRUSEN-3555780-3.jpeg,DRUSEN
DRUSEN-1997439-60.jpeg,DRUSEN
DRUSEN-4343867-7.jpeg,DRUSEN
DRUSEN-6625388-6.jpeg,DRUSEN
DRUSEN-8117834-5.jpeg,DRUSEN
DRUSEN-5841100-14.jpeg,DRUSEN
DRUSEN-1130960-59.jpeg,DRUSEN
DRUSEN-8801124-2.jpeg,DRUSEN
DRUSEN-8796318-38.jpeg,DRUSEN
DRUSEN-5434336-49.jpeg,DRUSEN
DRUSEN-7763772-2.jpeg,DRUSEN
DRUSEN-464044-6.jpeg,DRUSEN
DRUSEN-5851527-14.jpeg,DRUSEN
DRUSEN-364469-99.jpeg,DRUSEN
DRUSEN-3325823-49.jpeg,DRUSEN
DRUSEN-5434336-29.jpeg,DRUSEN
DRUSEN-7915033-46.jpeg,DRUSEN
DRUSEN-8261063-28.jpeg,DRUSEN
DRUSEN-2100501-1.jpeg,DRUSEN
DRUSEN-8086850-244.jpeg,DRUSEN
DRUSEN-9540117-17.jpeg,DRUSEN
DRUSEN-364469-25.jpeg,DRUSEN
DRUSEN-9000010-9.jpeg,DRUSEN
DRUSEN-8870525-9.jpeg,DRUSEN
DRUSEN-8391473-3.jpeg,DRUSEN
DRUSEN-6102438-16.jpeg,DRUSEN
DRUSEN-8086850-9.jpeg,DRUSEN
DRUSEN-8261063-9.jpeg,DRUSEN
DRUSEN-7154222-6.jpeg,DRUSEN
DRUSEN-4934663-10.jpeg,DRUSEN
DRUSEN-1225603-54.jpeg,DRUSEN
DRUSEN-5768756-33.jpeg,DRUSEN
DRUSEN-4343867-14.jpeg,DRUSEN
DRUSEN-6193297-42.jpeg,DRUSEN
DRUSEN-3439251-6.jpeg,DRUSEN
DRUSEN-8986660-48.jpeg,DRUSEN
DRUSEN-7656403-1.jpeg,DRUSEN
DRUSEN-3424668-31.jpeg,DRUSEN
DRUSEN-8147741-4.jpeg,DRUSEN
DRUSEN-732516-38.jpeg,DRUSEN
DRUSEN-4878077-54.jpeg,DRUSEN
DRUSEN-783692-1.jpeg,DRUSEN
DRUSEN-8261063-60.jpeg,DRUSEN
DRUSEN-3317878-17.jpeg,DRUSEN
DRUSEN-6193297-27.jpeg,DRUSEN
DRUSEN-445726-8.jpeg,DRUSEN
DRUSEN-5779607-15.jpeg,DRUSEN
DRUSEN-2211381-11.jpeg,DRUSEN
DRUSEN-5443411-23.jpeg,DRUSEN
DRUSEN-3276918-70.jpeg,DRUSEN
DRUSEN-7685407-17.jpeg,DRUSEN
DRUSEN-9035293-3.jpeg,DRUSEN
DRUSEN-3288089-1.jpeg,DRUSEN
DRUSEN-3276918-55.jpeg,DRUSEN
DRUSEN-1225603-35.jpeg,DRUSEN
DRUSEN-9267910-6.jpeg,DRUSEN
DRUSEN-1246453-15.jpeg,DRUSEN
DRUSEN-6102438-1.jpeg,DRUSEN
DRUSEN-364469-93.jpeg,DRUSEN
DRUSEN-3424668-54.jpeg,DRUSEN
DRUSEN-1237848-65.jpeg,DRUSEN
DRUSEN-364469-90.jpeg,DRUSEN
DRUSEN-364469-101.jpeg,DRUSEN
DRUSEN-7685407-15.jpeg,DRUSEN
DRUSEN-9837663-7.jpeg,DRUSEN
DRUSEN-9642260-55.jpeg,DRUSEN
DRUSEN-5865674-14.jpeg,DRUSEN
DRUSEN-8028879-1.jpeg,DRUSEN
DRUSEN-9642260-43.jpeg,DRUSEN
DRUSEN-8117834-15.jpeg,DRUSEN
DRUSEN-8345703-27.jpeg,DRUSEN
DRUSEN-2724960-1.jpeg,DRUSEN
DRUSEN-9837663-3.jpeg,DRUSEN
DRUSEN-8602178-3.jpeg,DRUSEN
DRUSEN-6193297-34.jpeg,DRUSEN
DRUSEN-8986660-92.jpeg,DRUSEN
DRUSEN-3325823-51.jpeg,DRUSEN
DRUSEN-589252-4.jpeg,DRUSEN
DRUSEN-9734808-46.jpeg,DRUSEN
DRUSEN-2198788-10.jpeg,DRUSEN
DRUSEN-3541867-13.jpeg,DRUSEN
DRUSEN-4878077-48.jpeg,DRUSEN
DRUSEN-8023853-11.jpeg,DRUSEN
DRUSEN-8794293-3.jpeg,DRUSEN
DRUSEN-6634468-14.jpeg,DRUSEN
DRUSEN-7072628-3.jpeg,DRUSEN
DRUSEN-6193297-89.jpeg,DRUSEN
DRUSEN-956663-8.jpeg,DRUSEN
DRUSEN-7064008-13.jpeg,DRUSEN
DRUSEN-1912508-22.jpeg,DRUSEN
DRUSEN-8796318-4.jpeg,DRUSEN
DRUSEN-8117834-23.jpeg,DRUSEN
DRUSEN-6116901-7.jpeg,DRUSEN
DRUSEN-7457346-2.jpeg,DRUSEN
DRUSEN-8986660-111.jpeg,DRUSEN
DRUSEN-8082730-5.jpeg,DRUSEN
DRUSEN-8086850-35.jpeg,DRUSEN
DRUSEN-8086850-145.jpeg,DRUSEN
DRUSEN-1997439-10.jpeg,DRUSEN
DRUSEN-8023853-54.jpeg,DRUSEN
DRUSEN-2185112-13.jpeg,DRUSEN
DRUSEN-8577392-10.jpeg,DRUSEN
DRUSEN-3647692-1.jpeg,DRUSEN
DRUSEN-8867484-12.jpeg,DRUSEN
DRUSEN-8796318-36.jpeg,DRUSEN
DRUSEN-1997439-125.jpeg,DRUSEN
DRUSEN-8549730-6.jpeg,DRUSEN
DRUSEN-2128644-12.jpeg,DRUSEN
DRUSEN-1146923-29.jpeg,DRUSEN
DRUSEN-9547888-43.jpeg,DRUSEN
DRUSEN-984816-2.jpeg,DRUSEN
DRUSEN-1730592-15.jpeg,DRUSEN
DRUSEN-8086850-146.jpeg,DRUSEN
DRUSEN-8057466-37.jpeg,DRUSEN
DRUSEN-7763772-18.jpeg,DRUSEN
DRUSEN-907869-25.jpeg,DRUSEN
DRUSEN-4379246-4.jpeg,DRUSEN
DRUSEN-9087597-7.jpeg,DRUSEN
DRUSEN-8986660-46.jpeg,DRUSEN
DRUSEN-1997439-7.jpeg,DRUSEN
DRUSEN-8086850-114.jpeg,DRUSEN
DRUSEN-8854406-1.jpeg,DRUSEN
DRUSEN-2407494-1.jpeg,DRUSEN
DRUSEN-8027454-20.jpeg,DRUSEN
DRUSEN-7585537-19.jpeg,DRUSEN
DRUSEN-3727453-6.jpeg,DRUSEN
DRUSEN-9547888-42.jpeg,DRUSEN
DRUSEN-8076309-1.jpeg,DRUSEN
DRUSEN-589252-5.jpeg,DRUSEN
DRUSEN-364777-1.jpeg,DRUSEN
DRUSEN-9072701-13.jpeg,DRUSEN
DRUSEN-5779607-17.jpeg,DRUSEN
DRUSEN-9894035-19.jpeg,DRUSEN
DRUSEN-8074563-14.jpeg,DRUSEN
DRUSEN-9225057-6.jpeg,DRUSEN
DRUSEN-6000379-1.jpeg,DRUSEN
DRUSEN-364469-61.jpeg,DRUSEN
DRUSEN-3281144-13.jpeg,DRUSEN
DRUSEN-3317878-18.jpeg,DRUSEN
DRUSEN-8023853-140.jpeg,DRUSEN
DRUSEN-1789270-27.jpeg,DRUSEN
DRUSEN-8057466-28.jpeg,DRUSEN
DRUSEN-7555604-26.jpeg,DRUSEN
DRUSEN-303435-3.jpeg,DRUSEN
DRUSEN-5743416-19.jpeg,DRUSEN
DRUSEN-1789270-31.jpeg,DRUSEN
DRUSEN-2444883-9.jpeg,DRUSEN
DRUSEN-8023853-51.jpeg,DRUSEN
DRUSEN-7675318-1.jpeg,DRUSEN
DRUSEN-7554778-1.jpeg,DRUSEN
DRUSEN-482704-38.jpeg,DRUSEN
DRUSEN-9734808-17.jpeg,DRUSEN
DRUSEN-956663-22.jpeg,DRUSEN
DRUSEN-1771395-10.jpeg,DRUSEN
DRUSEN-7557808-6.jpeg,DRUSEN
DRUSEN-1130960-13.jpeg,DRUSEN
DRUSEN-8024895-1.jpeg,DRUSEN
DRUSEN-9000010-18.jpeg,DRUSEN
DRUSEN-2434258-6.jpeg,DRUSEN
DRUSEN-1651625-4.jpeg,DRUSEN
DRUSEN-9225057-10.jpeg,DRUSEN
DRUSEN-5811898-4.jpeg,DRUSEN
DRUSEN-1997439-13.jpeg,DRUSEN
DRUSEN-482704-41.jpeg,DRUSEN
DRUSEN-6256161-2.jpeg,DRUSEN
DRUSEN-487185-1.jpeg,DRUSEN
DRUSEN-6190971-65.jpeg,DRUSEN
DRUSEN-7098250-5.jpeg,DRUSEN
DRUSEN-7990001-3.jpeg,DRUSEN
DRUSEN-5700473-1.jpeg,DRUSEN
DRUSEN-224974-39.jpeg,DRUSEN
DRUSEN-987193-30.jpeg,DRUSEN
DRUSEN-5710007-74.jpeg,DRUSEN
DRUSEN-5760454-2.jpeg,DRUSEN
DRUSEN-8086850-194.jpeg,DRUSEN
DRUSEN-9380468-2.jpeg,DRUSEN
DRUSEN-1530990-25.jpeg,DRUSEN
DRUSEN-3325823-25.jpeg,DRUSEN
DRUSEN-1327692-11.jpeg,DRUSEN
DRUSEN-8023853-163.jpeg,DRUSEN
DRUSEN-8027454-6.jpeg,DRUSEN
DRUSEN-1997439-92.jpeg,DRUSEN
DRUSEN-8883474-6.jpeg,DRUSEN
DRUSEN-4293095-14.jpeg,DRUSEN
DRUSEN-1219727-3.jpeg,DRUSEN
DRUSEN-8549730-57.jpeg,DRUSEN
DRUSEN-5448489-3.jpeg,DRUSEN
DRUSEN-3734032-14.jpeg,DRUSEN
DRUSEN-8954873-2.jpeg,DRUSEN
DRUSEN-8074563-11.jpeg,DRUSEN
DRUSEN-2198788-21.jpeg,DRUSEN
DRUSEN-9087981-7.jpeg,DRUSEN
DRUSEN-7072628-13.jpeg,DRUSEN
DRUSEN-8986660-47.jpeg,DRUSEN
DRUSEN-5851527-5.jpeg,DRUSEN
DRUSEN-1347813-1.jpeg,DRUSEN
DRUSEN-7990001-15.jpeg,DRUSEN
DRUSEN-2233489-11.jpeg,DRUSEN
DRUSEN-9894035-25.jpeg,DRUSEN
DRUSEN-8023853-123.jpeg,DRUSEN
DRUSEN-2403178-2.jpeg,DRUSEN
DRUSEN-2257047-73.jpeg,DRUSEN
DRUSEN-8261063-26.jpeg,DRUSEN
DRUSEN-9642260-62.jpeg,DRUSEN
DRUSEN-8259017-10.jpeg,DRUSEN
DRUSEN-9138933-12.jpeg,DRUSEN
DRUSEN-364469-26.jpeg,DRUSEN
DRUSEN-7555604-46.jpeg,DRUSEN
DRUSEN-7685407-20.jpeg,DRUSEN
DRUSEN-3325823-54.jpeg,DRUSEN
DRUSEN-6180153-2.jpeg,DRUSEN
DRUSEN-7373858-12.jpeg,DRUSEN
DRUSEN-8086850-129.jpeg,DRUSEN
DRUSEN-364469-40.jpeg,DRUSEN
DRUSEN-3424668-71.jpeg,DRUSEN
DRUSEN-7840782-7.jpeg,DRUSEN
DRUSEN-2541184-2.jpeg,DRUSEN
DRUSEN-2128644-44.jpeg,DRUSEN
DRUSEN-2172450-29.jpeg,DRUSEN
DRUSEN-3276918-5.jpeg,DRUSEN
DRUSEN-8986660-35.jpeg,DRUSEN
DRUSEN-6604414-2.jpeg,DRUSEN
DRUSEN-9884539-24.jpeg,DRUSEN
DRUSEN-5760454-13.jpeg,DRUSEN
DRUSEN-482704-27.jpeg,DRUSEN
DRUSEN-5710007-76.jpeg,DRUSEN
DRUSEN-1169820-16.jpeg,DRUSEN
DRUSEN-7915033-6.jpeg,DRUSEN
DRUSEN-1786810-9.jpeg,DRUSEN
DRUSEN-2232211-5.jpeg,DRUSEN
DRUSEN-7756213-6.jpeg,DRUSEN
DRUSEN-1225603-2.jpeg,DRUSEN
DRUSEN-6102438-19.jpeg,DRUSEN
DRUSEN-9110224-4.jpeg,DRUSEN
DRUSEN-3588659-2.jpeg,DRUSEN
DRUSEN-1112835-16.jpeg,DRUSEN
DRUSEN-732516-88.jpeg,DRUSEN
DRUSEN-3472938-9.jpeg,DRUSEN
DRUSEN-530165-1.jpeg,DRUSEN
DRUSEN-5864720-13.jpeg,DRUSEN
DRUSEN-6604414-3.jpeg,DRUSEN
DRUSEN-5743416-13.jpeg,DRUSEN
DRUSEN-7716512-2.jpeg,DRUSEN
DRUSEN-538779-11.jpeg,DRUSEN
DRUSEN-3421906-1.jpeg,DRUSEN
DRUSEN-956663-10.jpeg,DRUSEN
DRUSEN-1786810-20.jpeg,DRUSEN
DRUSEN-4293095-11.jpeg,DRUSEN
DRUSEN-8259017-25.jpeg,DRUSEN
DRUSEN-8023853-94.jpeg,DRUSEN
DRUSEN-8339642-10.jpeg,DRUSEN
DRUSEN-5491367-2.jpeg,DRUSEN
DRUSEN-3571629-17.jpeg,DRUSEN
DRUSEN-9642260-1.jpeg,DRUSEN
DRUSEN-8440718-10.jpeg,DRUSEN
DRUSEN-3699419-2.jpeg,DRUSEN
DRUSEN-6102438-8.jpeg,DRUSEN
DRUSEN-9547888-55.jpeg,DRUSEN
DRUSEN-9072701-22.jpeg,DRUSEN
DRUSEN-8086850-213.jpeg,DRUSEN
DRUSEN-8086850-177.jpeg,DRUSEN
DRUSEN-7051654-7.jpeg,DRUSEN
DRUSEN-1117376-1.jpeg,DRUSEN
DRUSEN-2541184-24.jpeg,DRUSEN
DRUSEN-8549730-84.jpeg,DRUSEN
DRUSEN-987193-14.jpeg,DRUSEN
DRUSEN-3673740-7.jpeg,DRUSEN
DRUSEN-8061223-1.jpeg,DRUSEN
DRUSEN-8986660-37.jpeg,DRUSEN
DRUSEN-2233489-6.jpeg,DRUSEN
DRUSEN-9138933-2.jpeg,DRUSEN
DRUSEN-364469-71.jpeg,DRUSEN
DRUSEN-2213958-6.jpeg,DRUSEN
DRUSEN-9504181-4.jpeg,DRUSEN
DRUSEN-5820443-4.jpeg,DRUSEN
DRUSEN-4291972-7.jpeg,DRUSEN
DRUSEN-3086272-12.jpeg,DRUSEN
DRUSEN-5760454-9.jpeg,DRUSEN
DRUSEN-5042213-3.jpeg,DRUSEN
DRUSEN-9734808-30.jpeg,DRUSEN
DRUSEN-8886787-10.jpeg,DRUSEN
DRUSEN-142234-6.jpeg,DRUSEN
DRUSEN-1173253-6.jpeg,DRUSEN
DRUSEN-552350-2.jpeg,DRUSEN
DRUSEN-8023758-2.jpeg,DRUSEN
DRUSEN-7345121-23.jpeg,DRUSEN
DRUSEN-224974-14.jpeg,DRUSEN
DRUSEN-8086850-173.jpeg,DRUSEN
DRUSEN-6102438-20.jpeg,DRUSEN
DRUSEN-7513011-1.jpeg,DRUSEN
DRUSEN-9025088-14.jpeg,DRUSEN
DRUSEN-5339384-7.jpeg,DRUSEN
DRUSEN-5094722-2.jpeg,DRUSEN
DRUSEN-8440718-8.jpeg,DRUSEN
DRUSEN-6128983-5.jpeg,DRUSEN
DRUSEN-9072701-30.jpeg,DRUSEN
DRUSEN-1957379-3.jpeg,DRUSEN
DRUSEN-5339384-2.jpeg,DRUSEN
DRUSEN-4240777-12.jpeg,DRUSEN
DRUSEN-1997439-81.jpeg,DRUSEN
DRUSEN-2253582-26.jpeg,DRUSEN
DRUSEN-2141150-24.jpeg,DRUSEN
DRUSEN-3439251-16.jpeg,DRUSEN
DRUSEN-1730592-12.jpeg,DRUSEN
DRUSEN-1094282-5.jpeg,DRUSEN
DRUSEN-1789270-40.jpeg,DRUSEN
DRUSEN-6190971-45.jpeg,DRUSEN
DRUSEN-3276918-4.jpeg,DRUSEN
DRUSEN-8986660-94.jpeg,DRUSEN
DRUSEN-4291972-11.jpeg,DRUSEN
DRUSEN-7763772-14.jpeg,DRUSEN
NORMAL-4268267-26.jpeg,NORMAL
NORMAL-7860515-14.jpeg,NORMAL
NORMAL-603973-1.jpeg,NORMAL
NORMAL-3608465-17.jpeg,NORMAL
NORMAL-1619370-3.jpeg,NORMAL
NORMAL-5885363-5.jpeg,NORMAL
NORMAL-5549735-12.jpeg,NORMAL
NORMAL-2444883-8.jpeg,NORMAL
NORMAL-1908313-16.jpeg,NORMAL
NORMAL-519372-3.jpeg,NORMAL
NORMAL-692554-1.jpeg,NORMAL
NORMAL-3178912-6.jpeg,NORMAL
NORMAL-2075832-6.jpeg,NORMAL
NORMAL-3878615-1.jpeg,NORMAL
NORMAL-2705520-5.jpeg,NORMAL
NORMAL-4119721-6.jpeg,NORMAL
NORMAL-3114569-27.jpeg,NORMAL
NORMAL-2091157-1.jpeg,NORMAL
NORMAL-4668788-14.jpeg,NORMAL
NORMAL-4388412-1.jpeg,NORMAL
NORMAL-7598038-7.jpeg,NORMAL
NORMAL-8923368-13.jpeg,NORMAL
NORMAL-3954052-17.jpeg,NORMAL
NORMAL-450923-23.jpeg,NORMAL
NORMAL-4349955-2.jpeg,NORMAL
NORMAL-2476896-4.jpeg,NORMAL
NORMAL-4598365-4.jpeg,NORMAL
NORMAL-3340887-16.jpeg,NORMAL
NORMAL-3099713-3.jpeg,NORMAL
NORMAL-4617628-1.jpeg,NORMAL
NORMAL-2420630-7.jpeg,NORMAL
NORMAL-9630794-1.jpeg,NORMAL
NORMAL-5964640-7.jpeg,NORMAL
NORMAL-4882651-8.jpeg,NORMAL
NORMAL-402066-3.jpeg,NORMAL
NORMAL-7839238-2.jpeg,NORMAL
NORMAL-3103940-4.jpeg,NORMAL
NORMAL-7732521-6.jpeg,NORMAL
NORMAL-5052617-3.jpeg,NORMAL
NORMAL-7659721-1.jpeg,NORMAL
NORMAL-3232816-1.jpeg,NORMAL
NORMAL-5006393-49.jpeg,NORMAL
NORMAL-900316-4.jpeg,NORMAL
NORMAL-6663681-4.jpeg,NORMAL
NORMAL-9591773-8.jpeg,NORMAL
NORMAL-9174718-5.jpeg,NORMAL
NORMAL-1638473-24.jpeg,NORMAL
NORMAL-9642959-16.jpeg,NORMAL
NORMAL-9627194-2.jpeg,NORMAL
NORMAL-628048-8.jpeg,NORMAL
NORMAL-7602231-2.jpeg,NORMAL
NORMAL-6915555-3.jpeg,NORMAL
NORMAL-9547158-3.jpeg,NORMAL
NORMAL-7728023-6.jpeg,NORMAL
NORMAL-6829599-1.jpeg,NORMAL
NORMAL-5057531-18.jpeg,NORMAL
NORMAL-497580-5.jpeg,NORMAL
NORMAL-6369482-25.jpeg,NORMAL
NORMAL-2911008-8.jpeg,NORMAL
NORMAL-3976910-2.jpeg,NORMAL
NORMAL-3936728-8.jpeg,NORMAL
NORMAL-4643134-3.jpeg,NORMAL
NORMAL-9766001-6.jpeg,NORMAL
NORMAL-1839927-2.jpeg,NORMAL
NORMAL-9766001-4.jpeg,NORMAL
NORMAL-3796742-5.jpeg,NORMAL
NORMAL-6539119-1.jpeg,NORMAL
NORMAL-446851-13.jpeg,NORMAL
NORMAL-7680244-28.jpeg,NORMAL
NORMAL-443980-1.jpeg,NORMAL
NORMAL-7938647-9.jpeg,NORMAL
NORMAL-4001769-11.jpeg,NORMAL
NORMAL-9201573-2.jpeg,NORMAL
NORMAL-7265574-3.jpeg,NORMAL
NORMAL-4073489-3.jpeg,NORMAL
NORMAL-3050055-1.jpeg,NORMAL
NORMAL-4533877-3.jpeg,NORMAL
NORMAL-2649109-16.jpeg,NORMAL
NORMAL-344599-5.jpeg,NORMAL
NORMAL-7687093-7.jpeg,NORMAL
NORMAL-3659249-48.jpeg,NORMAL
NORMAL-697826-3.jpeg,NORMAL
NORMAL-8565048-24.jpeg,NORMAL
NORMAL-3656794-5.jpeg,NORMAL
NORMAL-3934543-8.jpeg,NORMAL
NORMAL-3191932-3.jpeg,NORMAL
NORMAL-3676009-31.jpeg,NORMAL
NORMAL-5697282-6.jpeg,NORMAL
NORMAL-8076847-15.jpeg,NORMAL
NORMAL-803699-6.jpeg,NORMAL
NORMAL-42240-3.jpeg,NORMAL
NORMAL-8971560-12.jpeg,NORMAL
NORMAL-8932568-2.jpeg,NORMAL
NORMAL-9642959-2.jpeg,NORMAL
NORMAL-9749710-1.jpeg,NORMAL
NORMAL-9961073-1.jpeg,NORMAL
NORMAL-4213058-5.jpeg,NORMAL
NORMAL-258763-21.jpeg,NORMAL
NORMAL-1954069-6.jpeg,NORMAL
NORMAL-258763-46.jpeg,NORMAL
NORMAL-7990905-6.jpeg,NORMAL
NORMAL-2712807-19.jpeg,NORMAL
NORMAL-8888668-16.jpeg,NORMAL
NORMAL-2287992-5.jpeg,NORMAL
NORMAL-8120352-6.jpeg,NORMAL
NORMAL-8756791-18.jpeg,NORMAL
NORMAL-4634230-2.jpeg,NORMAL
NORMAL-7607790-3.jpeg,NORMAL
NORMAL-7760954-4.jpeg,NORMAL
NORMAL-2444883-2.jpeg,NORMAL
NORMAL-5823679-3.jpeg,NORMAL
NORMAL-7435839-4.jpeg,NORMAL
NORMAL-271956-3.jpeg,NORMAL
NORMAL-6626487-5.jpeg,NORMAL
NORMAL-7633681-4.jpeg,NORMAL
NORMAL-1849029-22.jpeg,NORMAL
NORMAL-4213058-8.jpeg,NORMAL
NORMAL-8729675-3.jpeg,NORMAL
NORMAL-460711-6.jpeg,NORMAL
NORMAL-9642959-19.jpeg,NORMAL
NORMAL-6517612-9.jpeg,NORMAL
NORMAL-2501213-3.jpeg,NORMAL
NORMAL-1725461-9.jpeg,NORMAL
NORMAL-8831144-10.jpeg,NORMAL
NORMAL-4183813-2.jpeg,NORMAL
NORMAL-709019-3.jpeg,NORMAL
NORMAL-469935-7.jpeg,NORMAL
NORMAL-531019-2.jpeg,NORMAL
NORMAL-6674362-3.jpeg,NORMAL
NORMAL-4524225-1.jpeg,NORMAL
NORMAL-2709055-17.jpeg,NORMAL
NORMAL-9393174-12.jpeg,NORMAL
NORMAL-8049339-3.jpeg,NORMAL
NORMAL-9651062-1.jpeg,NORMAL
NORMAL-9749710-15.jpeg,NORMAL
NORMAL-6367023-20.jpeg,NORMAL
NORMAL-6789344-5.jpeg,NORMAL
NORMAL-9771248-2.jpeg,NORMAL
NORMAL-8999827-35.jpeg,NORMAL
NORMAL-402066-9.jpeg,NORMAL
NORMAL-7732521-19.jpeg,NORMAL
NORMAL-1061818-4.jpeg,NORMAL
NORMAL-2495506-9.jpeg,NORMAL
NORMAL-4645945-2.jpeg,NORMAL
NORMAL-9624582-2.jpeg,NORMAL
NORMAL-3661939-51.jpeg,NORMAL
NORMAL-258763-67.jpeg,NORMAL
NORMAL-3340887-14.jpeg,NORMAL
NORMAL-114740-9.jpeg,NORMAL
NORMAL-286318-3.jpeg,NORMAL
NORMAL-8027454-25.jpeg,NORMAL
NORMAL-9355978-9.jpeg,NORMAL
NORMAL-5081173-16.jpeg,NORMAL
NORMAL-3137102-2.jpeg,NORMAL
NORMAL-9294952-4.jpeg,NORMAL
NORMAL-7771679-3.jpeg,NORMAL
NORMAL-3170945-15.jpeg,NORMAL
NORMAL-3108564-1.jpeg,NORMAL
NORMAL-7720738-2.jpeg,NORMAL
NORMAL-7793610-16.jpeg,NORMAL
NORMAL-608190-2.jpeg,NORMAL
NORMAL-9651399-1.jpeg,NORMAL
NORMAL-5487005-13.jpeg,NORMAL
NORMAL-2395462-4.jpeg,NORMAL
NORMAL-80502-3.jpeg,NORMAL
NORMAL-734382-1.jpeg,NORMAL
NORMAL-5052617-9.jpeg,NORMAL
NORMAL-8115192-6.jpeg,NORMAL
NORMAL-1605248-2.jpeg,NORMAL
NORMAL-2937821-5.jpeg,NORMAL
NORMAL-3740938-26.jpeg,NORMAL
NORMAL-3687917-9.jpeg,NORMAL
NORMAL-3637866-5.jpeg,NORMAL
NORMAL-2634922-3.jpeg,NORMAL
NORMAL-1907560-11.jpeg,NORMAL
NORMAL-2275240-5.jpeg,NORMAL
NORMAL-8940575-8.jpeg,NORMAL
NORMAL-4266292-4.jpeg,NORMAL
NORMAL-501999-8.jpeg,NORMAL
NORMAL-3659249-38.jpeg,NORMAL
NORMAL-4987070-1.jpeg,NORMAL
NORMAL-7837305-2.jpeg,NORMAL
NORMAL-3659249-20.jpeg,NORMAL
NORMAL-4139074-1.jpeg,NORMAL
NORMAL-4192922-7.jpeg,NORMAL
NORMAL-9355930-6.jpeg,NORMAL
NORMAL-778975-28.jpeg,NORMAL
NORMAL-2510256-17.jpeg,NORMAL
NORMAL-4670089-5.jpeg,NORMAL
NORMAL-8033541-3.jpeg,NORMAL
NORMAL-1695472-9.jpeg,NORMAL
NORMAL-1638473-4.jpeg,NORMAL
NORMAL-2057375-1.jpeg,NORMAL
NORMAL-451560-8.jpeg,NORMAL
NORMAL-328405-1.jpeg,NORMAL
NORMAL-7860515-4.jpeg,NORMAL
NORMAL-7780465-5.jpeg,NORMAL
NORMAL-6908817-2.jpeg,NORMAL
NORMAL-5398028-1.jpeg,NORMAL
NORMAL-1799516-3.jpeg,NORMAL
NORMAL-3898646-2.jpeg,NORMAL
NORMAL-3994211-4.jpeg,NORMAL
NORMAL-2197972-9.jpeg,NORMAL
NORMAL-2019423-2.jpeg,NORMAL
NORMAL-4951580-1.jpeg,NORMAL
NORMAL-9721607-25.jpeg,NORMAL
NORMAL-2143957-2.jpeg,NORMAL
NORMAL-2401089-4.jpeg,NORMAL
NORMAL-4417432-3.jpeg,NORMAL
NORMAL-1924134-60.jpeg,NORMAL
NORMAL-3608465-12.jpeg,NORMAL
NORMAL-4376118-6.jpeg,NORMAL
NORMAL-7237325-9.jpeg,NORMAL
NORMAL-4951060-1.jpeg,NORMAL
NORMAL-4914371-6.jpeg,NORMAL
NORMAL-5699128-47.jpeg,NORMAL
NORMAL-4084983-1.jpeg,NORMAL
NORMAL-3757443-24.jpeg,NORMAL
NORMAL-3847910-7.jpeg,NORMAL
NORMAL-2040962-1.jpeg,NORMAL
NORMAL-1842556-13.jpeg,NORMAL
NORMAL-1847702-19.jpeg,NORMAL
NORMAL-1739849-2.jpeg,NORMAL
NORMAL-2651624-29.jpeg,NORMAL
NORMAL-853958-4.jpeg,NORMAL
NORMAL-6319093-2.jpeg,NORMAL
NORMAL-6318112-3.jpeg,NORMAL
NORMAL-115980-5.jpeg,NORMAL
NORMAL-9482216-5.jpeg,NORMAL
NORMAL-2350851-4.jpeg,NORMAL
NORMAL-3216042-2.jpeg,NORMAL
NORMAL-9286417-3.jpeg,NORMAL
NORMAL-3650197-2.jpeg,NORMAL
NORMAL-412941-1.jpeg,NORMAL
NORMAL-873375-9.jpeg,NORMAL
NORMAL-1699976-11.jpeg,NORMAL
NORMAL-8923368-17.jpeg,NORMAL
NORMAL-442772-8.jpeg,NORMAL
NORMAL-3757443-25.jpeg,NORMAL
NORMAL-3061777-2.jpeg,NORMAL
NORMAL-8158964-4.jpeg,NORMAL
NORMAL-2597041-23.jpeg,NORMAL
NORMAL-8855944-3.jpeg,NORMAL
NORMAL-7938647-3.jpeg,NORMAL
NORMAL-4386719-1.jpeg,NORMAL
NORMAL-1038998-7.jpeg,NORMAL
NORMAL-5178244-55.jpeg,NORMAL
NORMAL-4388412-2.jpeg,NORMAL
NORMAL-1746717-4.jpeg,NORMAL
NORMAL-3787139-12.jpeg,NORMAL
NORMAL-4614357-10.jpeg,NORMAL
NORMAL-6745715-3.jpeg,NORMAL
NORMAL-8110498-3.jpeg,NORMAL
NORMAL-3757443-10.jpeg,NORMAL
NORMAL-5823679-31.jpeg,NORMAL
NORMAL-4029520-1.jpeg,NORMAL
NORMAL-7707202-3.jpeg,NORMAL
NORMAL-8408342-22.jpeg,NORMAL
NORMAL-8941787-2.jpeg,NORMAL
NORMAL-8999827-6.jpeg,NORMAL
NORMAL-8889771-3.jpeg,NORMAL
NORMAL-5489583-2.jpeg,NORMAL
NORMAL-7672453-22.jpeg,NORMAL
NORMAL-7626651-1.jpeg,NORMAL
NORMAL-8164222-8.jpeg,NORMAL
NORMAL-9582489-8.jpeg,NORMAL
NORMAL-4520400-1.jpeg,NORMAL
NORMAL-1907560-30.jpeg,NORMAL
NORMAL-3220509-12.jpeg,NORMAL
NORMAL-9286417-4.jpeg,NORMAL
NORMAL-9053621-2.jpeg,NORMAL
NORMAL-1638473-9.jpeg,NORMAL
NORMAL-2618488-3.jpeg,NORMAL
NORMAL-8883474-2.jpeg,NORMAL
NORMAL-3811618-10.jpeg,NORMAL
NORMAL-7701826-13.jpeg,NORMAL
NORMAL-9262299-13.jpeg,NORMAL
NORMAL-5635835-2.jpeg,NORMAL
NORMAL-7780589-1.jpeg,NORMAL
NORMAL-605310-15.jpeg,NORMAL
NORMAL-4490546-12.jpeg,NORMAL
NORMAL-5052617-6.jpeg,NORMAL
NORMAL-7578162-13.jpeg,NORMAL
NORMAL-2231056-2.jpeg,NORMAL
NORMAL-8982961-19.jpeg,NORMAL
NORMAL-6031454-3.jpeg,NORMAL
NORMAL-3694835-17.jpeg,NORMAL
NORMAL-6406155-12.jpeg,NORMAL
NORMAL-5081537-1.jpeg,NORMAL
NORMAL-5178244-7.jpeg,NORMAL
NORMAL-9656462-3.jpeg,NORMAL
NORMAL-5431025-3.jpeg,NORMAL
NORMAL-8560276-12.jpeg,NORMAL
NORMAL-3650197-3.jpeg,NORMAL
NORMAL-7880345-2.jpeg,NORMAL
NORMAL-3740639-12.jpeg,NORMAL
NORMAL-9453622-5.jpeg,NORMAL
NORMAL-2131138-14.jpeg,NORMAL
NORMAL-7929603-5.jpeg,NORMAL
NORMAL-7984958-6.jpeg,NORMAL
NORMAL-3661939-15.jpeg,NORMAL
NORMAL-2379054-2.jpeg,NORMAL
NORMAL-3618489-5.jpeg,NORMAL
NORMAL-1924134-17.jpeg,NORMAL
NORMAL-9712481-1.jpeg,NORMAL
NORMAL-5006393-21.jpeg,NORMAL
NORMAL-8876186-2.jpeg,NORMAL
NORMAL-979832-3.jpeg,NORMAL
NORMAL-6524370-6.jpeg,NORMAL
NORMAL-5052617-13.jpeg,NORMAL
NORMAL-9751869-2.jpeg,NORMAL
NORMAL-2424636-3.jpeg,NORMAL
NORMAL-2434258-13.jpeg,NORMAL
NORMAL-6591065-4.jpeg,NORMAL
NORMAL-7860515-11.jpeg,NORMAL
NORMAL-202734-5.jpeg,NORMAL
NORMAL-8631761-4.jpeg,NORMAL
NORMAL-3153386-7.jpeg,NORMAL
NORMAL-2627129-9.jpeg,NORMAL
NORMAL-8049339-4.jpeg,NORMAL
NORMAL-900860-5.jpeg,NORMAL
NORMAL-8865534-4.jpeg,NORMAL
NORMAL-5052617-44.jpeg,NORMAL
NORMAL-8989132-2.jpeg,NORMAL
NORMAL-4383690-6.jpeg,NORMAL
NORMAL-6544965-3.jpeg,NORMAL
NORMAL-3195438-2.jpeg,NORMAL
NORMAL-758299-1.jpeg,NORMAL
NORMAL-4646891-5.jpeg,NORMAL
NORMAL-5645194-35.jpeg,NORMAL
NORMAL-9698749-7.jpeg,NORMAL
NORMAL-9334909-4.jpeg,NORMAL
NORMAL-834412-7.jpeg,NORMAL
NORMAL-2732586-1.jpeg,NORMAL
NORMAL-5081173-30.jpeg,NORMAL
NORMAL-1953448-1.jpeg,NORMAL
NORMAL-4646891-16.jpeg,NORMAL
NORMAL-6529569-5.jpeg,NORMAL
NORMAL-5760454-13.jpeg,NORMAL
NORMAL-698877-1.jpeg,NORMAL
NORMAL-8935969-2.jpeg,NORMAL
NORMAL-1699976-7.jpeg,NORMAL
NORMAL-9240933-2.jpeg,NORMAL
NORMAL-4111396-23.jpeg,NORMAL
NORMAL-9490249-25.jpeg,NORMAL
NORMAL-646856-1.jpeg,NORMAL
NORMAL-437293-9.jpeg,NORMAL
NORMAL-5268729-5.jpeg,NORMAL
NORMAL-7910474-2.jpeg,NORMAL
NORMAL-6784441-5.jpeg,NORMAL
NORMAL-8995193-10.jpeg,NORMAL
NORMAL-269181-7.jpeg,NORMAL
NORMAL-7568367-3.jpeg,NORMAL
NORMAL-4354635-2.jpeg,NORMAL
NORMAL-1989796-20.jpeg,NORMAL
NORMAL-1725461-6.jpeg,NORMAL
NORMAL-7614088-16.jpeg,NORMAL
NORMAL-3694835-29.jpeg,NORMAL
NORMAL-1595813-13.jpeg,NORMAL
NORMAL-2082689-28.jpeg,NORMAL
NORMAL-2712807-15.jpeg,NORMAL
NORMAL-8944208-1.jpeg,NORMAL
NORMAL-9105395-7.jpeg,NORMAL
NORMAL-8059015-4.jpeg,NORMAL
NORMAL-7792460-3.jpeg,NORMAL
NORMAL-2116022-9.jpeg,NORMAL
NORMAL-9026878-14.jpeg,NORMAL
NORMAL-4192922-12.jpeg,NORMAL
NORMAL-6418744-18.jpeg,NORMAL
NORMAL-7386656-3.jpeg,NORMAL
NORMAL-5697282-2.jpeg,NORMAL
NORMAL-4074860-16.jpeg,NORMAL
NORMAL-4016051-10.jpeg,NORMAL
NORMAL-3664385-15.jpeg,NORMAL
NORMAL-601865-3.jpeg,NORMAL
NORMAL-3659249-29.jpeg,NORMAL
NORMAL-846962-6.jpeg,NORMAL
NORMAL-8232198-3.jpeg,NORMAL
NORMAL-2171869-6.jpeg,NORMAL
NORMAL-982710-5.jpeg,NORMAL
NORMAL-9461088-3.jpeg,NORMAL
NORMAL-8667223-10.jpeg,NORMAL
NORMAL-4159315-3.jpeg,NORMAL
NORMAL-7887994-3.jpeg,NORMAL
NORMAL-9049137-1.jpeg,NORMAL
NORMAL-4646891-20.jpeg,NORMAL
NORMAL-5565028-2.jpeg,NORMAL
NORMAL-3248217-3.jpeg,NORMAL
NORMAL-7905364-1.jpeg,NORMAL
NORMAL-4914371-14.jpeg,NORMAL
NORMAL-4001769-7.jpeg,NORMAL
NORMAL-3067606-6.jpeg,NORMAL
NORMAL-2019006-1.jpeg,NORMAL
NORMAL-6483844-3.jpeg,NORMAL
NORMAL-9664908-4.jpeg,NORMAL
NORMAL-9041164-3.jpeg,NORMAL
NORMAL-1699976-31.jpeg,NORMAL
NORMAL-7694510-7.jpeg,NORMAL
NORMAL-24500-2.jpeg,NORMAL
NORMAL-3081418-10.jpeg,NORMAL
NORMAL-7435839-7.jpeg,NORMAL
NORMAL-9593170-28.jpeg,NORMAL
NORMAL-1981158-3.jpeg,NORMAL
NORMAL-1963682-10.jpeg,NORMAL
NORMAL-5964640-11.jpeg,NORMAL
NORMAL-1726544-31.jpeg,NORMAL
NORMAL-9020476-4.jpeg,NORMAL
NORMAL-2075832-12.jpeg,NORMAL
NORMAL-5046860-2.jpeg,NORMAL
NORMAL-5947397-15.jpeg,NORMAL
NORMAL-216788-3.jpeg,NORMAL
NORMAL-2198788-9.jpeg,NORMAL
NORMAL-1027133-3.jpeg,NORMAL
NORMAL-2761122-6.jpeg,NORMAL
NORMAL-3045847-11.jpeg,NORMAL
NORMAL-12494-14.jpeg,NORMAL
NORMAL-3166591-2.jpeg,NORMAL
NORMAL-651257-3.jpeg,NORMAL
NORMAL-8563300-2.jpeg,NORMAL
NORMAL-9032419-6.jpeg,NORMAL
NORMAL-9165986-3.jpeg,NORMAL
NORMAL-9432204-1.jpeg,NORMAL
NORMAL-3712405-2.jpeg,NORMAL
NORMAL-7948643-11.jpeg,NORMAL
NORMAL-1614397-10.jpeg,NORMAL
NORMAL-5478034-2.jpeg,NORMAL
NORMAL-264852-4.jpeg,NORMAL
NORMAL-6471279-4.jpeg,NORMAL
NORMAL-7718474-3.jpeg,NORMAL
NORMAL-732509-1.jpeg,NORMAL
NORMAL-1959316-3.jpeg,NORMAL
NORMAL-568518-19.jpeg,NORMAL
NORMAL-2339158-7.jpeg,NORMAL
NORMAL-2510256-27.jpeg,NORMAL
NORMAL-7728023-8.jpeg,NORMAL
NORMAL-2663276-6.jpeg,NORMAL
NORMAL-9008438-3.jpeg,NORMAL
NORMAL-2456398-4.jpeg,NORMAL
NORMAL-5434248-8.jpeg,NORMAL
NORMAL-5790439-25.jpeg,NORMAL
NORMAL-4644847-11.jpeg,NORMAL
NORMAL-9698749-3.jpeg,NORMAL
NORMAL-2373878-10.jpeg,NORMAL
NORMAL-8073694-13.jpeg,NORMAL
NORMAL-2650386-3.jpeg,NORMAL
NORMAL-2075832-3.jpeg,NORMAL
NORMAL-3183138-2.jpeg,NORMAL
NORMAL-9281917-7.jpeg,NORMAL
NORMAL-1154026-5.jpeg,NORMAL
NORMAL-718711-2.jpeg,NORMAL
NORMAL-7763727-16.jpeg,NORMAL
NORMAL-5024734-3.jpeg,NORMAL
NORMAL-466465-1.jpeg,NORMAL
NORMAL-9752837-6.jpeg,NORMAL
NORMAL-1067440-14.jpeg,NORMAL
NORMAL-6010249-4.jpeg,NORMAL
NORMAL-1926496-4.jpeg,NORMAL
NORMAL-9026878-7.jpeg,NORMAL
NORMAL-9383506-6.jpeg,NORMAL
NORMAL-1663216-2.jpeg,NORMAL
NORMAL-9593170-37.jpeg,NORMAL
NORMAL-1849029-11.jpeg,NORMAL
NORMAL-1081406-27.jpeg,NORMAL
NORMAL-8957096-10.jpeg,NORMAL
NORMAL-8869683-14.jpeg,NORMAL
NORMAL-3236515-5.jpeg,NORMAL
NORMAL-4314625-11.jpeg,NORMAL
NORMAL-1815323-2.jpeg,NORMAL
NORMAL-917949-2.jpeg,NORMAL
NORMAL-6336313-2.jpeg,NORMAL
NORMAL-8894753-28.jpeg,NORMAL
NORMAL-8667223-15.jpeg,NORMAL
NORMAL-8871445-6.jpeg,NORMAL
NORMAL-1114127-9.jpeg,NORMAL
NORMAL-552739-6.jpeg,NORMAL
NORMAL-6367023-15.jpeg,NORMAL
NORMAL-7933226-1.jpeg,NORMAL
NORMAL-8349990-15.jpeg,NORMAL
NORMAL-8881274-11.jpeg,NORMAL
NORMAL-349021-16.jpeg,NORMAL
NORMAL-7386656-13.jpeg,NORMAL
NORMAL-149928-14.jpeg,NORMAL
NORMAL-690821-8.jpeg,NORMAL
NORMAL-8970825-4.jpeg,NORMAL
NORMAL-6434323-1.jpeg,NORMAL
NORMAL-751527-1.jpeg,NORMAL
NORMAL-3773923-1.jpeg,NORMAL
NORMAL-1622908-3.jpeg,NORMAL
NORMAL-5081173-21.jpeg,NORMAL
NORMAL-4405301-4.jpeg,NORMAL
NORMAL-2709055-12.jpeg,NORMAL
NORMAL-4074879-3.jpeg,NORMAL
NORMAL-8909278-4.jpeg,NORMAL
NORMAL-3608465-30.jpeg,NORMAL
NORMAL-1855288-6.jpeg,NORMAL
NORMAL-9746577-6.jpeg,NORMAL
NORMAL-2287798-2.jpeg,NORMAL
NORMAL-5034510-5.jpeg,NORMAL
NORMAL-3882071-3.jpeg,NORMAL
NORMAL-2456735-1.jpeg,NORMAL
NORMAL-2125603-4.jpeg,NORMAL
NORMAL-7625780-5.jpeg,NORMAL
NORMAL-356422-2.jpeg,NORMAL
NORMAL-6406155-10.jpeg,NORMAL
NORMAL-6406155-9.jpeg,NORMAL
NORMAL-7672453-21.jpeg,NORMAL
NORMAL-2434258-10.jpeg,NORMAL
NORMAL-5558716-2.jpeg,NORMAL
NORMAL-1067440-11.jpeg,NORMAL
NORMAL-5547799-39.jpeg,NORMAL
NORMAL-4176900-1.jpeg,NORMAL
NORMAL-4997509-6.jpeg,NORMAL
NORMAL-5542977-8.jpeg,NORMAL
NORMAL-4607846-3.jpeg,NORMAL
NORMAL-887753-1.jpeg,NORMAL
NORMAL-7718474-1.jpeg,NORMAL
NORMAL-8028879-1.jpeg,NORMAL
NORMAL-9053621-3.jpeg,NORMAL
NORMAL-3047324-4.jpeg,NORMAL
NORMAL-5051198-5.jpeg,NORMAL
NORMAL-4997552-8.jpeg,NORMAL
NORMAL-819269-2.jpeg,NORMAL
NORMAL-608319-14.jpeg,NORMAL
NORMAL-4670089-4.jpeg,NORMAL
NORMAL-6354157-4.jpeg,NORMAL
NORMAL-2312921-5.jpeg,NORMAL
NORMAL-1649492-36.jpeg,NORMAL
NORMAL-2481243-2.jpeg,NORMAL
NORMAL-264852-16.jpeg,NORMAL
NORMAL-5050880-24.jpeg,NORMAL
NORMAL-8003660-2.jpeg,NORMAL
NORMAL-3184320-2.jpeg,NORMAL
NORMAL-7076479-4.jpeg,NORMAL
NORMAL-2456735-3.jpeg,NORMAL
NORMAL-8058907-6.jpeg,NORMAL
NORMAL-1781140-9.jpeg,NORMAL
NORMAL-3361560-8.jpeg,NORMAL
NORMAL-4349955-1.jpeg,NORMAL
NORMAL-4268267-17.jpeg,NORMAL
NORMAL-2287992-19.jpeg,NORMAL
NORMAL-1787053-2.jpeg,NORMAL
NORMAL-7837305-44.jpeg,NORMAL
NORMAL-3217821-1.jpeg,NORMAL
NORMAL-8825763-2.jpeg,NORMAL
NORMAL-9325116-3.jpeg,NORMAL
NORMAL-5676397-10.jpeg,NORMAL
NORMAL-1016710-5.jpeg,NORMAL
NORMAL-1844274-4.jpeg,NORMAL
NORMAL-1888479-4.jpeg,NORMAL
NORMAL-6479196-2.jpeg,NORMAL
NORMAL-9291862-4.jpeg,NORMAL
NORMAL-8088630-4.jpeg,NORMAL
NORMAL-4955928-1.jpeg,NORMAL
NORMAL-6623368-1.jpeg,NORMAL
NORMAL-190271-7.jpeg,NORMAL
NORMAL-9615869-1.jpeg,NORMAL
NORMAL-9282080-2.jpeg,NORMAL
NORMAL-9655558-3.jpeg,NORMAL
NORMAL-4558146-8.jpeg,NORMAL
NORMAL-1014715-10.jpeg,NORMAL
NORMAL-1760955-4.jpeg,NORMAL
NORMAL-5330809-18.jpeg,NORMAL
NORMAL-7966965-4.jpeg,NORMAL
NORMAL-5330809-2.jpeg,NORMAL
NORMAL-5171640-11.jpeg,NORMAL
NORMAL-4180642-3.jpeg,NORMAL
NORMAL-5120046-5.jpeg,NORMAL
NORMAL-1842556-6.jpeg,NORMAL
NORMAL-7767077-3.jpeg,NORMAL
NORMAL-8171357-6.jpeg,NORMAL
NORMAL-4240465-4.jpeg,NORMAL
NORMAL-7153204-12.jpeg,NORMAL
NORMAL-4557512-1.jpeg,NORMAL
NORMAL-4119693-11.jpeg,NORMAL
NORMAL-9660986-1.jpeg,NORMAL
NORMAL-1638473-5.jpeg,NORMAL
NORMAL-7771679-5.jpeg,NORMAL
NORMAL-1784116-5.jpeg,NORMAL
NORMAL-7786207-5.jpeg,NORMAL
NORMAL-3191189-4.jpeg,NORMAL
NORMAL-5686236-2.jpeg,NORMAL
NORMAL-5686236-31.jpeg,NORMAL
NORMAL-6324579-5.jpeg,NORMAL
NORMAL-5043042-2.jpeg,NORMAL
NORMAL-1710289-4.jpeg,NORMAL
NORMAL-2276747-8.jpeg,NORMAL
NORMAL-2491520-6.jpeg,NORMAL
NORMAL-4997509-3.jpeg,NORMAL
NORMAL-1016042-35.jpeg,NORMAL
NORMAL-910422-14.jpeg,NORMAL
NORMAL-4074879-1.jpeg,NORMAL
NORMAL-2214030-3.jpeg,NORMAL
NORMAL-4363970-3.jpeg,NORMAL
NORMAL-3799821-7.jpeg,NORMAL
NORMAL-7707202-10.jpeg,NORMAL
NORMAL-8433456-20.jpeg,NORMAL
NORMAL-3751175-4.jpeg,NORMAL
NORMAL-9041164-4.jpeg,NORMAL
NORMAL-3674923-6.jpeg,NORMAL
NORMAL-2655951-1.jpeg,NORMAL
NORMAL-1696696-11.jpeg,NORMAL
NORMAL-4720784-4.jpeg,NORMAL
NORMAL-1957379-18.jpeg,NORMAL
NORMAL-6451627-2.jpeg,NORMAL
NORMAL-7027094-2.jpeg,NORMAL
NORMAL-882284-2.jpeg,NORMAL
NORMAL-9455497-14.jpeg,NORMAL
NORMAL-9368518-5.jpeg,NORMAL
NORMAL-829039-2.jpeg,NORMAL
NORMAL-6508224-1.jpeg,NORMAL
NORMAL-4009122-3.jpeg,NORMAL
NORMAL-486271-4.jpeg,NORMAL
NORMAL-4396447-2.jpeg,NORMAL
NORMAL-1157721-14.jpeg,NORMAL
NORMAL-3659249-46.jpeg,NORMAL
NORMAL-1798956-10.jpeg,NORMAL
NORMAL-1935627-4.jpeg,NORMAL
NORMAL-9482216-11.jpeg,NORMAL
NORMAL-3674923-9.jpeg,NORMAL
NORMAL-4345468-30.jpeg,NORMAL
NORMAL-7858342-4.jpeg,NORMAL
NORMAL-4294770-1.jpeg,NORMAL
NORMAL-2633989-1.jpeg,NORMAL
NORMAL-4433609-4.jpeg,NORMAL
NORMAL-6780592-13.jpeg,NORMAL
NORMAL-9593170-22.jpeg,NORMAL
NORMAL-4116898-3.jpeg,NORMAL
NORMAL-5689330-29.jpeg,NORMAL
NORMAL-8881274-1.jpeg,NORMAL
NORMAL-7997083-7.jpeg,NORMAL
NORMAL-394008-16.jpeg,NORMAL
NORMAL-4671304-1.jpeg,NORMAL
NORMAL-159493-4.jpeg,NORMAL
NORMAL-5178244-16.jpeg,NORMAL
NORMAL-7655966-3.jpeg,NORMAL
NORMAL-6479503-14.jpeg,NORMAL
NORMAL-5592767-14.jpeg,NORMAL
NORMAL-7816832-2.jpeg,NORMAL
NORMAL-2937821-12.jpeg,NORMAL
NORMAL-758272-12.jpeg,NORMAL
NORMAL-5964640-2.jpeg,NORMAL
NORMAL-8039155-2.jpeg,NORMAL
NORMAL-4449220-21.jpeg,NORMAL
NORMAL-3114569-25.jpeg,NORMAL
NORMAL-338366-3.jpeg,NORMAL
NORMAL-4914371-11.jpeg,NORMAL
NORMAL-8112942-12.jpeg,NORMAL
NORMAL-4951152-2.jpeg,NORMAL
NORMAL-4345468-2.jpeg,NORMAL
NORMAL-4517896-3.jpeg,NORMAL
NORMAL-1762706-5.jpeg,NORMAL
NORMAL-8184974-20.jpeg,NORMAL
NORMAL-2327797-7.jpeg,NORMAL
NORMAL-7793610-3.jpeg,NORMAL
NORMAL-846962-3.jpeg,NORMAL
NORMAL-3879566-10.jpeg,NORMAL
NORMAL-508852-8.jpeg,NORMAL
NORMAL-3203919-4.jpeg,NORMAL
NORMAL-894515-4.jpeg,NORMAL
NORMAL-466465-2.jpeg,NORMAL
NORMAL-4412751-1.jpeg,NORMAL
NORMAL-3929912-24.jpeg,NORMAL
NORMAL-2631243-8.jpeg,NORMAL
NORMAL-5359684-16.jpeg,NORMAL
NORMAL-3134896-5.jpeg,NORMAL
NORMAL-2418277-12.jpeg,NORMAL
NORMAL-3223264-1.jpeg,NORMAL
NORMAL-8184974-15.jpeg,NORMAL
NORMAL-5330809-10.jpeg,NORMAL
NORMAL-628048-14.jpeg,NORMAL
NORMAL-1842556-2.jpeg,NORMAL
NORMAL-4111396-16.jpeg,NORMAL
NORMAL-1953757-3.jpeg,NORMAL
NORMAL-3694835-14.jpeg,NORMAL
NORMAL-3762419-14.jpeg,NORMAL
NORMAL-949303-7.jpeg,NORMAL
NORMAL-2026176-16.jpeg,NORMAL
NORMAL-9627401-1.jpeg,NORMAL
NORMAL-810268-6.jpeg,NORMAL
NORMAL-3679880-21.jpeg,NORMAL
NORMAL-2175727-4.jpeg,NORMAL
NORMAL-1858286-5.jpeg,NORMAL
NORMAL-9366531-2.jpeg,NORMAL
NORMAL-3684259-1.jpeg,NORMAL
NORMAL-8871445-3.jpeg,NORMAL
NORMAL-6392442-9.jpeg,NORMAL
NORMAL-9557298-15.jpeg,NORMAL
NORMAL-3218669-9.jpeg,NORMAL
NORMAL-438684-6.jpeg,NORMAL
NORMAL-907491-11.jpeg,NORMAL
NORMAL-1014715-9.jpeg,NORMAL
NORMAL-571157-29.jpeg,NORMAL
NORMAL-7304368-16.jpeg,NORMAL
NORMAL-1692521-5.jpeg,NORMAL
NORMAL-2410223-18.jpeg,NORMAL
NORMAL-7434518-8.jpeg,NORMAL
NORMAL-8008155-23.jpeg,NORMAL
NORMAL-7760954-3.jpeg,NORMAL
NORMAL-4963756-2.jpeg,NORMAL
NORMAL-1665740-1.jpeg,NORMAL
NORMAL-2482762-2.jpeg,NORMAL
NORMAL-4955928-7.jpeg,NORMAL
NORMAL-900316-7.jpeg,NORMAL
NORMAL-7154222-2.jpeg,NORMAL
NORMAL-3762419-45.jpeg,NORMAL
NORMAL-7839442-2.jpeg,NORMAL
NORMAL-313079-7.jpeg,NORMAL
NORMAL-7076479-28.jpeg,NORMAL
NORMAL-5500082-20.jpeg,NORMAL
NORMAL-6405083-8.jpeg,NORMAL
NORMAL-7863843-6.jpeg,NORMAL
NORMAL-4066642-1.jpeg,NORMAL
NORMAL-330905-7.jpeg,NORMAL
NORMAL-1028077-4.jpeg,NORMAL
NORMAL-3066328-4.jpeg,NORMAL
NORMAL-1858286-4.jpeg,NORMAL
NORMAL-1888857-9.jpeg,NORMAL
NORMAL-7832601-4.jpeg,NORMAL
NORMAL-2708359-7.jpeg,NORMAL
NORMAL-3509367-17.jpeg,NORMAL
NORMAL-4345468-3.jpeg,NORMAL
NORMAL-7654297-3.jpeg,NORMAL
NORMAL-7945444-2.jpeg,NORMAL
NORMAL-2416187-18.jpeg,NORMAL
NORMAL-3806079-1.jpeg,NORMAL
NORMAL-6626487-15.jpeg,NORMAL
NORMAL-3671444-1.jpeg,NORMAL
NORMAL-9442577-7.jpeg,NORMAL
NORMAL-9442577-2.jpeg,NORMAL
NORMAL-2333706-7.jpeg,NORMAL
NORMAL-758530-4.jpeg,NORMAL
NORMAL-3976114-2.jpeg,NORMAL
NORMAL-7386950-2.jpeg,NORMAL
NORMAL-3807308-6.jpeg,NORMAL
NORMAL-7386656-14.jpeg,NORMAL
NORMAL-4213058-14.jpeg,NORMAL
NORMAL-5103899-20.jpeg,NORMAL
NORMAL-5178244-39.jpeg,NORMAL
NORMAL-4999322-3.jpeg,NORMAL
NORMAL-3157813-7.jpeg,NORMAL
NORMAL-3049062-5.jpeg,NORMAL
NORMAL-2407494-2.jpeg,NORMAL
NORMAL-5074580-3.jpeg,NORMAL
NORMAL-8729675-4.jpeg,NORMAL
NORMAL-6503441-9.jpeg,NORMAL
NORMAL-3618489-31.jpeg,NORMAL
NORMAL-5689330-26.jpeg,NORMAL
NORMAL-9474513-2.jpeg,NORMAL
NORMAL-4963756-4.jpeg,NORMAL
NORMAL-8019452-2.jpeg,NORMAL
NORMAL-9222709-3.jpeg,NORMAL
NORMAL-3763697-7.jpeg,NORMAL
NORMAL-2082689-17.jpeg,NORMAL
NORMAL-778975-37.jpeg,NORMAL
NORMAL-1144610-3.jpeg,NORMAL
NORMAL-7683197-5.jpeg,NORMAL
NORMAL-7733658-6.jpeg,NORMAL
NORMAL-882500-4.jpeg,NORMAL
NORMAL-9769725-4.jpeg,NORMAL
NORMAL-3114569-37.jpeg,NORMAL
NORMAL-1952393-9.jpeg,NORMAL
NORMAL-9383892-2.jpeg,NORMAL
NORMAL-2072131-1.jpeg,NORMAL
NORMAL-7701826-12.jpeg,NORMAL
NORMAL-878078-5.jpeg,NORMAL
NORMAL-5081173-8.jpeg,NORMAL
NORMAL-1016042-29.jpeg,NORMAL
NORMAL-7835584-4.jpeg,NORMAL
NORMAL-4697027-2.jpeg,NORMAL
NORMAL-7576628-2.jpeg,NORMAL
NORMAL-1983894-1.jpeg,NORMAL
NORMAL-5544453-5.jpeg,NORMAL
NORMAL-1908313-17.jpeg,NORMAL
NORMAL-3225481-7.jpeg,NORMAL
NORMAL-3879566-9.jpeg,NORMAL
NORMAL-862190-5.jpeg,NORMAL
NORMAL-2651624-7.jpeg,NORMAL
NORMAL-1025847-6.jpeg,NORMAL
NORMAL-2003110-2.jpeg,NORMAL
NORMAL-3767173-4.jpeg,NORMAL
NORMAL-306172-2.jpeg,NORMAL
NORMAL-9700720-7.jpeg,NORMAL
NORMAL-4949902-10.jpeg,NORMAL
NORMAL-7172708-6.jpeg,NORMAL
NORMAL-2132394-1.jpeg,NORMAL
NORMAL-5013675-7.jpeg,NORMAL
NORMAL-9334909-7.jpeg,NORMAL
NORMAL-2416187-19.jpeg,NORMAL
NORMAL-9355930-5.jpeg,NORMAL
NORMAL-574960-5.jpeg,NORMAL
NORMAL-8039155-5.jpeg,NORMAL
NORMAL-7705526-3.jpeg,NORMAL
NORMAL-9961073-17.jpeg,NORMAL
NORMAL-3694835-25.jpeg,NORMAL
NORMAL-4417432-5.jpeg,NORMAL
NORMAL-1849029-14.jpeg,NORMAL
NORMAL-9474513-3.jpeg,NORMAL
NORMAL-403817-3.jpeg,NORMAL
NORMAL-758159-9.jpeg,NORMAL
NORMAL-701919-1.jpeg,NORMAL
NORMAL-5206552-3.jpeg,NORMAL
NORMAL-5053871-8.jpeg,NORMAL
NORMAL-4119376-3.jpeg,NORMAL
NORMAL-4101824-11.jpeg,NORMAL
NORMAL-6658334-1.jpeg,NORMAL
NORMAL-8588023-11.jpeg,NORMAL
NORMAL-9466426-2.jpeg,NORMAL
NORMAL-3921035-22.jpeg,NORMAL
NORMAL-4255242-2.jpeg,NORMAL
NORMAL-3659249-21.jpeg,NORMAL
NORMAL-1798956-4.jpeg,NORMAL
NORMAL-2082689-21.jpeg,NORMAL
NORMAL-843382-5.jpeg,NORMAL
NORMAL-2628737-2.jpeg,NORMAL
NORMAL-4445963-2.jpeg,NORMAL
NORMAL-8560276-5.jpeg,NORMAL
NORMAL-9613464-1.jpeg,NORMAL
NORMAL-6389751-3.jpeg,NORMAL
NORMAL-8021831-5.jpeg,NORMAL
NORMAL-8560276-76.jpeg,NORMAL
NORMAL-9622069-5.jpeg,NORMAL
NORMAL-2559411-3.jpeg,NORMAL
NORMAL-7997083-5.jpeg,NORMAL
NORMAL-1726544-1.jpeg,NORMAL
NORMAL-2761122-7.jpeg,NORMAL
NORMAL-6471279-1.jpeg,NORMAL
NORMAL-5645194-12.jpeg,NORMAL
NORMAL-3848784-2.jpeg,NORMAL
NORMAL-2469183-5.jpeg,NORMAL
NORMAL-3618489-13.jpeg,NORMAL
NORMAL-2709055-15.jpeg,NORMAL
NORMAL-617956-8.jpeg,NORMAL
NORMAL-4158158-12.jpeg,NORMAL
NORMAL-9757616-3.jpeg,NORMAL
NORMAL-8011834-1.jpeg,NORMAL
NORMAL-7861343-4.jpeg,NORMAL
NORMAL-6915555-22.jpeg,NORMAL
NORMAL-8091317-2.jpeg,NORMAL
NORMAL-828547-14.jpeg,NORMAL
NORMAL-5823679-39.jpeg,NORMAL
NORMAL-2403175-15.jpeg,NORMAL
NORMAL-3730077-2.jpeg,NORMAL
NORMAL-307151-26.jpeg,NORMAL
NORMAL-1911733-6.jpeg,NORMAL
NORMAL-7969682-6.jpeg,NORMAL
NORMAL-9563024-10.jpeg,NORMAL
NORMAL-2097858-6.jpeg,NORMAL
NORMAL-3099936-2.jpeg,NORMAL
NORMAL-2017309-7.jpeg,NORMAL
NORMAL-1924134-29.jpeg,NORMAL
NORMAL-7934335-13.jpeg,NORMAL
NORMAL-1682113-3.jpeg,NORMAL
NORMAL-6367023-42.jpeg,NORMAL
NORMAL-1129110-2.jpeg,NORMAL
NORMAL-2191514-3.jpeg,NORMAL
NORMAL-7976720-3.jpeg,NORMAL
NORMAL-7633649-6.jpeg,NORMAL
NORMAL-415074-8.jpeg,NORMAL
NORMAL-567679-9.jpeg,NORMAL
NORMAL-6354157-6.jpeg,NORMAL
NORMAL-7934335-7.jpeg,NORMAL
NORMAL-1039105-3.jpeg,NORMAL
NORMAL-7763727-4.jpeg,NORMAL
NORMAL-5081537-2.jpeg,NORMAL
NORMAL-751527-2.jpeg,NORMAL
NORMAL-5060544-6.jpeg,NORMAL
NORMAL-8738660-9.jpeg,NORMAL
NORMAL-1740831-1.jpeg,NORMAL
NORMAL-1951042-2.jpeg,NORMAL
NORMAL-4914371-8.jpeg,NORMAL
NORMAL-5542977-20.jpeg,NORMAL
NORMAL-1860373-2.jpeg,NORMAL
NORMAL-4488672-2.jpeg,NORMAL
NORMAL-2769622-25.jpeg,NORMAL
NORMAL-4376118-5.jpeg,NORMAL
NORMAL-6594553-1.jpeg,NORMAL
NORMAL-672619-7.jpeg,NORMAL
NORMAL-539366-3.jpeg,NORMAL
NORMAL-588227-5.jpeg,NORMAL
NORMAL-1812500-6.jpeg,NORMAL
NORMAL-438526-2.jpeg,NORMAL
NORMAL-9453329-32.jpeg,NORMAL
NORMAL-6701688-2.jpeg,NORMAL
NORMAL-1688686-7.jpeg,NORMAL
NORMAL-1894060-2.jpeg,NORMAL
NORMAL-2365981-4.jpeg,NORMAL
NORMAL-3759757-3.jpeg,NORMAL
NORMAL-547681-4.jpeg,NORMAL
NORMAL-4634274-5.jpeg,NORMAL
NORMAL-1027133-8.jpeg,NORMAL
NORMAL-9660862-5.jpeg,NORMAL
NORMAL-9453329-28.jpeg,NORMAL
NORMAL-6503441-28.jpeg,NORMAL
NORMAL-7870558-54.jpeg,NORMAL
NORMAL-6367023-19.jpeg,NORMAL
NORMAL-9251-6.jpeg,NORMAL
NORMAL-8894753-33.jpeg,NORMAL
NORMAL-1028077-3.jpeg,NORMAL
NORMAL-5434564-30.jpeg,NORMAL
NORMAL-3963776-6.jpeg,NORMAL
NORMAL-422374-1.jpeg,NORMAL
NORMAL-8008155-30.jpeg,NORMAL
NORMAL-700602-1.jpeg,NORMAL
NORMAL-3785734-3.jpeg,NORMAL
NORMAL-2052750-2.jpeg,NORMAL
NORMAL-5535997-1.jpeg,NORMAL
NORMAL-459672-1.jpeg,NORMAL
NORMAL-3608921-3.jpeg,NORMAL
NORMAL-1726544-28.jpeg,NORMAL
NORMAL-4489896-5.jpeg,NORMAL
NORMAL-8999827-21.jpeg,NORMAL
NORMAL-8999827-3.jpeg,NORMAL
NORMAL-6580495-13.jpeg,NORMAL
NORMAL-3843719-4.jpeg,NORMAL
NORMAL-4506478-2.jpeg,NORMAL
NORMAL-3105037-4.jpeg,NORMAL
NORMAL-1016042-49.jpeg,NORMAL
NORMAL-3561613-6.jpeg,NORMAL
NORMAL-3677519-13.jpeg,NORMAL
NORMAL-1995644-2.jpeg,NORMAL
NORMAL-9466426-4.jpeg,NORMAL
NORMAL-3105037-7.jpeg,NORMAL
NORMAL-3676009-32.jpeg,NORMAL
NORMAL-5699128-12.jpeg,NORMAL
NORMAL-6851127-5.jpeg,NORMAL
NORMAL-3661939-47.jpeg,NORMAL
NORMAL-3921035-16.jpeg,NORMAL
NORMAL-846427-2.jpeg,NORMAL
NORMAL-4652865-2.jpeg,NORMAL
NORMAL-3679880-24.jpeg,NORMAL
NORMAL-3248437-13.jpeg,NORMAL
NORMAL-2065482-1.jpeg,NORMAL
NORMAL-33350-4.jpeg,NORMAL
NORMAL-6517886-3.jpeg,NORMAL
NORMAL-2410223-14.jpeg,NORMAL
NORMAL-3608939-8.jpeg,NORMAL
NORMAL-3910965-1.jpeg,NORMAL
NORMAL-9721607-16.jpeg,NORMAL
NORMAL-6919036-2.jpeg,NORMAL
NORMAL-3059523-6.jpeg,NORMAL
NORMAL-7598038-13.jpeg,NORMAL
NORMAL-5053871-7.jpeg,NORMAL
NORMAL-1924134-10.jpeg,NORMAL
NORMAL-2650386-5.jpeg,NORMAL
NORMAL-2421067-4.jpeg,NORMAL
NORMAL-2293024-9.jpeg,NORMAL
NORMAL-2774262-7.jpeg,NORMAL
NORMAL-450923-2.jpeg,NORMAL
NORMAL-5437333-4.jpeg,NORMAL
NORMAL-2712807-27.jpeg,NORMAL
NORMAL-8940575-9.jpeg,NORMAL
NORMAL-3677519-12.jpeg,NORMAL
NORMAL-5006393-3.jpeg,NORMAL
NORMAL-3673740-6.jpeg,NORMAL
NORMAL-5790439-6.jpeg,NORMAL
NORMAL-8003660-7.jpeg,NORMAL
NORMAL-2075832-8.jpeg,NORMAL
NORMAL-4314625-3.jpeg,NORMAL
NORMAL-7654297-2.jpeg,NORMAL
NORMAL-778975-50.jpeg,NORMAL
NORMAL-2506710-1.jpeg,NORMAL
NORMAL-6405936-2.jpeg,NORMAL
NORMAL-1981594-3.jpeg,NORMAL
NORMAL-3100637-3.jpeg,NORMAL
NORMAL-2351012-49.jpeg,NORMAL
NORMAL-4050799-3.jpeg,NORMAL
NORMAL-412089-1.jpeg,NORMAL
NORMAL-9473882-7.jpeg,NORMAL
NORMAL-834412-9.jpeg,NORMAL
NORMAL-2655671-4.jpeg,NORMAL
NORMAL-2261654-5.jpeg,NORMAL
NORMAL-4001769-6.jpeg,NORMAL
NORMAL-4557306-1.jpeg,NORMAL
NORMAL-2651624-9.jpeg,NORMAL
NORMAL-449036-1.jpeg,NORMAL
NORMAL-7153204-7.jpeg,NORMAL
NORMAL-3718895-1.jpeg,NORMAL
NORMAL-3879566-4.jpeg,NORMAL
NORMAL-8942724-12.jpeg,NORMAL
NORMAL-5645194-43.jpeg,NORMAL
NORMAL-5523023-2.jpeg,NORMAL
NORMAL-2731694-10.jpeg,NORMAL
NORMAL-3757443-2.jpeg,NORMAL
NORMAL-4158158-5.jpeg,NORMAL
NORMAL-873375-1.jpeg,NORMAL
NORMAL-8907654-13.jpeg,NORMAL
NORMAL-4343675-7.jpeg,NORMAL
NORMAL-2234174-5.jpeg,NORMAL
NORMAL-6574224-4.jpeg,NORMAL
NORMAL-122878-9.jpeg,NORMAL
NORMAL-8756791-17.jpeg,NORMAL
NORMAL-1608692-1.jpeg,NORMAL
NORMAL-9774756-2.jpeg,NORMAL
NORMAL-7732521-4.jpeg,NORMAL
NORMAL-4009122-1.jpeg,NORMAL
NORMAL-2412507-5.jpeg,NORMAL
NORMAL-885986-1.jpeg,NORMAL
NORMAL-8080003-2.jpeg,NORMAL
NORMAL-6326137-5.jpeg,NORMAL
NORMAL-5178244-46.jpeg,NORMAL
NORMAL-1767347-10.jpeg,NORMAL
NORMAL-4665128-14.jpeg,NORMAL
NORMAL-2709055-11.jpeg,NORMAL
NORMAL-8955765-2.jpeg,NORMAL
NORMAL-8944208-4.jpeg,NORMAL
NORMAL-9466426-13.jpeg,NORMAL
NORMAL-845039-7.jpeg,NORMAL
NORMAL-3090744-4.jpeg,NORMAL
NORMAL-8008293-5.jpeg,NORMAL
NORMAL-2434258-21.jpeg,NORMAL
NORMAL-1797111-3.jpeg,NORMAL
NORMAL-2308510-1.jpeg,NORMAL
NORMAL-7732521-14.jpeg,NORMAL
NORMAL-724932-5.jpeg,NORMAL
NORMAL-2095488-1.jpeg,NORMAL
NORMAL-9593170-31.jpeg,NORMAL
NORMAL-2213497-6.jpeg,NORMAL
NORMAL-497580-4.jpeg,NORMAL
NORMAL-460711-1.jpeg,NORMAL
NORMAL-3065974-2.jpeg,NORMAL
NORMAL-6626487-39.jpeg,NORMAL
NORMAL-2019006-5.jpeg,NORMAL
NORMAL-4446447-2.jpeg,NORMAL
NORMAL-2751706-3.jpeg,NORMAL
NORMAL-3734032-8.jpeg,NORMAL
NORMAL-4477619-4.jpeg,NORMAL
NORMAL-2598516-3.jpeg,NORMAL
NORMAL-8115192-3.jpeg,NORMAL
NORMAL-8970381-27.jpeg,NORMAL
NORMAL-3847910-2.jpeg,NORMAL
NORMAL-3850822-3.jpeg,NORMAL
NORMAL-16497-2.jpeg,NORMAL
NORMAL-5052617-41.jpeg,NORMAL
NORMAL-2338682-22.jpeg,NORMAL
NORMAL-5594757-13.jpeg,NORMAL
NORMAL-8184974-8.jpeg,NORMAL
NORMAL-832190-1.jpeg,NORMAL
NORMAL-1924134-31.jpeg,NORMAL
NORMAL-5437333-33.jpeg,NORMAL
NORMAL-8923368-27.jpeg,NORMAL
NORMAL-2126962-11.jpeg,NORMAL
NORMAL-8989419-2.jpeg,NORMAL
NORMAL-590669-13.jpeg,NORMAL
NORMAL-4639049-5.jpeg,NORMAL
NORMAL-2483932-2.jpeg,NORMAL
NORMAL-360991-3.jpeg,NORMAL
NORMAL-7785011-3.jpeg,NORMAL
NORMAL-3651436-4.jpeg,NORMAL
NORMAL-2744834-3.jpeg,NORMAL
NORMAL-3833528-2.jpeg,NORMAL
NORMAL-279772-4.jpeg,NORMAL
NORMAL-2744834-11.jpeg,NORMAL
NORMAL-1058732-2.jpeg,NORMAL
NORMAL-1081406-6.jpeg,NORMAL
NORMAL-7837675-4.jpeg,NORMAL
NORMAL-2392366-6.jpeg,NORMAL
NORMAL-4405301-1.jpeg,NORMAL
NORMAL-3799821-1.jpeg,NORMAL
NORMAL-4145695-13.jpeg,NORMAL
NORMAL-4379133-6.jpeg,NORMAL
NORMAL-790000-3.jpeg,NORMAL
NORMAL-3996434-2.jpeg,NORMAL
NORMAL-3399839-28.jpeg,NORMAL
NORMAL-5699128-39.jpeg,NORMAL
NORMAL-697826-10.jpeg,NORMAL
NORMAL-4999322-8.jpeg,NORMAL
NORMAL-1907560-3.jpeg,NORMAL
NORMAL-7027665-5.jpeg,NORMAL
NORMAL-900860-2.jpeg,NORMAL
NORMAL-1988966-1.jpeg,NORMAL
NORMAL-8970381-33.jpeg,NORMAL
NORMAL-3748331-13.jpeg,NORMAL
NORMAL-6431481-5.jpeg,NORMAL
NORMAL-2418277-2.jpeg,NORMAL
NORMAL-3929912-14.jpeg,NORMAL
NORMAL-1767347-20.jpeg,NORMAL
NORMAL-515584-1.jpeg,NORMAL
NORMAL-5006393-23.jpeg,NORMAL
NORMAL-3181887-1.jpeg,NORMAL
NORMAL-1614397-36.jpeg,NORMAL
NORMAL-4158158-33.jpeg,NORMAL
NORMAL-8192214-3.jpeg,NORMAL
NORMAL-1848141-3.jpeg,NORMAL
NORMAL-1826254-3.jpeg,NORMAL
NORMAL-3913611-3.jpeg,NORMAL
NORMAL-8888668-19.jpeg,NORMAL
NORMAL-2720270-3.jpeg,NORMAL
NORMAL-9766001-15.jpeg,NORMAL
NORMAL-7663493-2.jpeg,NORMAL
NORMAL-2287798-5.jpeg,NORMAL
NORMAL-59803-12.jpeg,NORMAL
NORMAL-8954210-5.jpeg,NORMAL
NORMAL-1995644-8.jpeg,NORMAL
NORMAL-3691388-4.jpeg,NORMAL
NORMAL-3111545-4.jpeg,NORMAL
NORMAL-399978-16.jpeg,NORMAL
NORMAL-2105194-14.jpeg,NORMAL
NORMAL-571484-2.jpeg,NORMAL
NORMAL-2510256-8.jpeg,NORMAL
NORMAL-9758159-3.jpeg,NORMAL
NORMAL-5178244-48.jpeg,NORMAL
NORMAL-8869683-11.jpeg,NORMAL
NORMAL-57603-1.jpeg,NORMAL
NORMAL-7750274-1.jpeg,NORMAL
NORMAL-8894753-11.jpeg,NORMAL
NORMAL-1058732-3.jpeg,NORMAL
NORMAL-15307-7.jpeg,NORMAL
NORMAL-1129351-3.jpeg,NORMAL
NORMAL-5947397-20.jpeg,NORMAL
NORMAL-2039890-1.jpeg,NORMAL
NORMAL-5081173-13.jpeg,NORMAL
NORMAL-2017309-12.jpeg,NORMAL
NORMAL-3659249-51.jpeg,NORMAL
NORMAL-8077316-13.jpeg,NORMAL
NORMAL-6508749-10.jpeg,NORMAL
NORMAL-1016710-1.jpeg,NORMAL
NORMAL-2597041-9.jpeg,NORMAL
NORMAL-525862-6.jpeg,NORMAL
NORMAL-8085297-3.jpeg,NORMAL
NORMAL-6580495-7.jpeg,NORMAL
NORMAL-7716512-1.jpeg,NORMAL
NORMAL-4082529-2.jpeg,NORMAL
NORMAL-5081173-1.jpeg,NORMAL
NORMAL-495863-18.jpeg,NORMAL
NORMAL-8935969-13.jpeg,NORMAL
NORMAL-412941-9.jpeg,NORMAL
NORMAL-3045847-6.jpeg,NORMAL
NORMAL-5006393-41.jpeg,NORMAL
NORMAL-5676397-3.jpeg,NORMAL
NORMAL-6317297-4.jpeg,NORMAL
NORMAL-530612-6.jpeg,NORMAL
NORMAL-8569420-7.jpeg,NORMAL
NORMAL-5087905-4.jpeg,NORMAL
NORMAL-3679880-37.jpeg,NORMAL
NORMAL-2649109-15.jpeg,NORMAL
NORMAL-446851-6.jpeg,NORMAL
NORMAL-3710677-1.jpeg,NORMAL
NORMAL-846427-22.jpeg,NORMAL
NORMAL-544711-10.jpeg,NORMAL
NORMAL-9455497-1.jpeg,NORMAL
NORMAL-9267111-2.jpeg,NORMAL
NORMAL-3623549-1.jpeg,NORMAL
NORMAL-9298757-3.jpeg,NORMAL
NORMAL-2651624-32.jpeg,NORMAL
NORMAL-7728023-7.jpeg,NORMAL
NORMAL-9645632-5.jpeg,NORMAL
NORMAL-1680206-3.jpeg,NORMAL
NORMAL-7832601-18.jpeg,NORMAL
NORMAL-7792460-5.jpeg,NORMAL
NORMAL-264852-15.jpeg,NORMAL
NORMAL-887015-2.jpeg,NORMAL
NORMAL-9428183-1.jpeg,NORMAL
NORMAL-5434564-20.jpeg,NORMAL
NORMAL-9624582-12.jpeg,NORMAL
NORMAL-8560276-98.jpeg,NORMAL
NORMAL-3609102-14.jpeg,NORMAL
NORMAL-907491-10.jpeg,NORMAL
NORMAL-8182664-6.jpeg,NORMAL
NORMAL-3894310-2.jpeg,NORMAL
NORMAL-4192922-13.jpeg,NORMAL
NORMAL-1597899-3.jpeg,NORMAL
NORMAL-7762138-5.jpeg,NORMAL
NORMAL-8871445-19.jpeg,NORMAL
NORMAL-6736486-8.jpeg,NORMAL
NORMAL-3886612-1.jpeg,NORMAL
NORMAL-2132245-2.jpeg,NORMAL
NORMAL-4517575-2.jpeg,NORMAL
NORMAL-9432204-11.jpeg,NORMAL
NORMAL-6662928-11.jpeg,NORMAL
NORMAL-8159582-4.jpeg,NORMAL
NORMAL-4405301-3.jpeg,NORMAL
NORMAL-3107381-2.jpeg,NORMAL
NORMAL-1781140-28.jpeg,NORMAL
NORMAL-3750079-3.jpeg,NORMAL
NORMAL-247045-1.jpeg,NORMAL
NORMAL-7884153-7.jpeg,NORMAL
NORMAL-588227-1.jpeg,NORMAL
NORMAL-9405748-13.jpeg,NORMAL
NORMAL-5679800-6.jpeg,NORMAL
NORMAL-112928-1.jpeg,NORMAL
NORMAL-5592767-17.jpeg,NORMAL
NORMAL-4713504-2.jpeg,NORMAL
NORMAL-5669621-14.jpeg,NORMAL
NORMAL-4161487-4.jpeg,NORMAL
NORMAL-5053871-4.jpeg,NORMAL
NORMAL-6454750-3.jpeg,NORMAL
NORMAL-1784673-4.jpeg,NORMAL
NORMAL-5171640-21.jpeg,NORMAL
NORMAL-829017-2.jpeg,NORMAL
NORMAL-2105194-46.jpeg,NORMAL
NORMAL-3973200-9.jpeg,NORMAL
NORMAL-5628931-5.jpeg,NORMAL
NORMAL-415074-20.jpeg,NORMAL
NORMAL-5500082-16.jpeg,NORMAL
NORMAL-2785786-4.jpeg,NORMAL
NORMAL-9623135-2.jpeg,NORMAL
NORMAL-7583397-3.jpeg,NORMAL
NORMAL-8408342-3.jpeg,NORMAL
NORMAL-1924134-35.jpeg,NORMAL
NORMAL-5686236-29.jpeg,NORMAL
NORMAL-3220509-11.jpeg,NORMAL
NORMAL-3943960-4.jpeg,NORMAL
NORMAL-783345-3.jpeg,NORMAL
NORMAL-283376-8.jpeg,NORMAL
NORMAL-3762419-23.jpeg,NORMAL
NORMAL-3863241-4.jpeg,NORMAL
NORMAL-306286-12.jpeg,NORMAL
NORMAL-1725838-12.jpeg,NORMAL
NORMAL-2495247-16.jpeg,NORMAL
NORMAL-922404-12.jpeg,NORMAL
NORMAL-2636641-9.jpeg,NORMAL
NORMAL-4030787-31.jpeg,NORMAL
NORMAL-5642301-2.jpeg,NORMAL
NORMAL-2733663-1.jpeg,NORMAL
NORMAL-2117587-2.jpeg,NORMAL
NORMAL-443980-4.jpeg,NORMAL
NORMAL-4971312-11.jpeg,NORMAL
NORMAL-6405083-10.jpeg,NORMAL
NORMAL-4997509-4.jpeg,NORMAL
NORMAL-1649492-6.jpeg,NORMAL
NORMAL-8158964-1.jpeg,NORMAL
NORMAL-5437333-1.jpeg,NORMAL
NORMAL-41255-15.jpeg,NORMAL
NORMAL-3730077-6.jpeg,NORMAL
NORMAL-3988014-8.jpeg,NORMAL
NORMAL-5178244-17.jpeg,NORMAL
NORMAL-1610181-2.jpeg,NORMAL
NORMAL-6741102-3.jpeg,NORMAL
NORMAL-7680244-39.jpeg,NORMAL
NORMAL-2469183-12.jpeg,NORMAL
NORMAL-9237838-2.jpeg,NORMAL
NORMAL-3244919-2.jpeg,NORMAL
NORMAL-216250-5.jpeg,NORMAL
NORMAL-3090744-9.jpeg,NORMAL
NORMAL-3101737-5.jpeg,NORMAL
NORMAL-2713635-3.jpeg,NORMAL
NORMAL-1953757-1.jpeg,NORMAL
NORMAL-5547799-2.jpeg,NORMAL
NORMAL-617956-4.jpeg,NORMAL
NORMAL-9505686-3.jpeg,NORMAL
NORMAL-4394647-4.jpeg,NORMAL
NORMAL-3661939-24.jpeg,NORMAL
NORMAL-2455231-1.jpeg,NORMAL
NORMAL-557437-15.jpeg,NORMAL
NORMAL-1986589-5.jpeg,NORMAL
NORMAL-8985078-3.jpeg,NORMAL
NORMAL-4039519-9.jpeg,NORMAL
NORMAL-747814-7.jpeg,NORMAL
NORMAL-5062406-1.jpeg,NORMAL
NORMAL-910422-12.jpeg,NORMAL
NORMAL-437293-17.jpeg,NORMAL
NORMAL-9751424-2.jpeg,NORMAL
NORMAL-778975-32.jpeg,NORMAL
NORMAL-8006306-2.jpeg,NORMAL
NORMAL-601865-1.jpeg,NORMAL
NORMAL-3731953-1.jpeg,NORMAL
NORMAL-7604641-2.jpeg,NORMAL
NORMAL-1614397-32.jpeg,NORMAL
NORMAL-1953757-9.jpeg,NORMAL
NORMAL-9749710-3.jpeg,NORMAL
NORMAL-3640723-3.jpeg,NORMAL
NORMAL-3650664-2.jpeg,NORMAL
NORMAL-6367023-28.jpeg,NORMAL
NORMAL-8942724-1.jpeg,NORMAL
NORMAL-9414058-4.jpeg,NORMAL
NORMAL-1785362-4.jpeg,NORMAL
NORMAL-2460267-4.jpeg,NORMAL
NORMAL-8729675-15.jpeg,NORMAL
NORMAL-5643264-11.jpeg,NORMAL
NORMAL-590669-24.jpeg,NORMAL
NORMAL-3136915-3.jpeg,NORMAL
NORMAL-3976114-3.jpeg,NORMAL
NORMAL-364104-5.jpeg,NORMAL
NORMAL-4449220-10.jpeg,NORMAL
NORMAL-9721607-9.jpeg,NORMAL
NORMAL-5623036-1.jpeg,NORMAL
NORMAL-7683197-1.jpeg,NORMAL
NORMAL-6915555-21.jpeg,NORMAL
NORMAL-307051-6.jpeg,NORMAL
NORMAL-8580818-2.jpeg,NORMAL
NORMAL-8957096-7.jpeg,NORMAL
NORMAL-5046860-3.jpeg,NORMAL
NORMAL-8027454-8.jpeg,NORMAL
NORMAL-9666552-3.jpeg,NORMAL
NORMAL-1141111-4.jpeg,NORMAL
NORMAL-7858342-1.jpeg,NORMAL
NORMAL-1114127-8.jpeg,NORMAL
NORMAL-882500-6.jpeg,NORMAL
NORMAL-8897341-13.jpeg,NORMAL
NORMAL-4310826-2.jpeg,NORMAL
NORMAL-4100868-11.jpeg,NORMAL
NORMAL-4720784-3.jpeg,NORMAL
NORMAL-7948643-3.jpeg,NORMAL
NORMAL-5380819-1.jpeg,NORMAL
NORMAL-2677505-6.jpeg,NORMAL
NORMAL-5676397-6.jpeg,NORMAL
NORMAL-7733658-9.jpeg,NORMAL
NORMAL-9393174-6.jpeg,NORMAL
NORMAL-336885-4.jpeg,NORMAL
NORMAL-913129-1.jpeg,NORMAL
NORMAL-1161989-8.jpeg,NORMAL
NORMAL-8605472-6.jpeg,NORMAL
NORMAL-2448954-1.jpeg,NORMAL
NORMAL-501999-4.jpeg,NORMAL
NORMAL-2397754-12.jpeg,NORMAL
NORMAL-1606016-7.jpeg,NORMAL
NORMAL-3902885-4.jpeg,NORMAL
NORMAL-8894753-21.jpeg,NORMAL
NORMAL-478864-8.jpeg,NORMAL
NORMAL-8881026-3.jpeg,NORMAL
NORMAL-7650134-7.jpeg,NORMAL
NORMAL-8999827-1.jpeg,NORMAL
NORMAL-8952475-1.jpeg,NORMAL
NORMAL-832190-3.jpeg,NORMAL
NORMAL-8999827-23.jpeg,NORMAL
NORMAL-6626487-10.jpeg,NORMAL
NORMAL-2380929-8.jpeg,NORMAL
NORMAL-4614357-6.jpeg,NORMAL
NORMAL-1090180-1.jpeg,NORMAL
NORMAL-8408342-30.jpeg,NORMAL
NORMAL-285896-2.jpeg,NORMAL
NORMAL-3644026-7.jpeg,NORMAL
NORMAL-7785011-7.jpeg,NORMAL
NORMAL-2613036-6.jpeg,NORMAL
NORMAL-5690050-2.jpeg,NORMAL
NORMAL-8994356-15.jpeg,NORMAL
NORMAL-407196-3.jpeg,NORMAL
NORMAL-33350-11.jpeg,NORMAL
NORMAL-718711-4.jpeg,NORMAL
NORMAL-2597041-12.jpeg,NORMAL
NORMAL-9428363-1.jpeg,NORMAL
NORMAL-4973751-3.jpeg,NORMAL
NORMAL-6813847-11.jpeg,NORMAL
NORMAL-568518-15.jpeg,NORMAL
NORMAL-7839238-1.jpeg,NORMAL
NORMAL-5519463-1.jpeg,NORMAL
NORMAL-7680244-11.jpeg,NORMAL
NORMAL-366503-7.jpeg,NORMAL
NORMAL-9560492-2.jpeg,NORMAL
NORMAL-876285-8.jpeg,NORMAL
NORMAL-2132394-5.jpeg,NORMAL
NORMAL-2109408-3.jpeg,NORMAL
NORMAL-285896-20.jpeg,NORMAL
NORMAL-9961073-25.jpeg,NORMAL
NORMAL-2709055-26.jpeg,NORMAL
NORMAL-9300053-13.jpeg,NORMAL
NORMAL-568518-9.jpeg,NORMAL
NORMAL-9642959-41.jpeg,NORMAL
NORMAL-7435839-11.jpeg,NORMAL
NORMAL-3032465-3.jpeg,NORMAL
NORMAL-6398102-6.jpeg,NORMAL
NORMAL-2338682-33.jpeg,NORMAL
NORMAL-7990905-12.jpeg,NORMAL
NORMAL-8192995-5.jpeg,NORMAL
NORMAL-3762419-16.jpeg,NORMAL
NORMAL-846427-26.jpeg,NORMAL
NORMAL-3824062-2.jpeg,NORMAL
NORMAL-846962-5.jpeg,NORMAL
NORMAL-552350-1.jpeg,NORMAL
NORMAL-3885177-2.jpeg,NORMAL
NORMAL-2589701-6.jpeg,NORMAL
NORMAL-7870558-9.jpeg,NORMAL
NORMAL-5345733-6.jpeg,NORMAL
NORMAL-7687093-2.jpeg,NORMAL
NORMAL-3687917-11.jpeg,NORMAL
NORMAL-7681735-4.jpeg,NORMAL
NORMAL-1952393-14.jpeg,NORMAL
NORMAL-2436365-5.jpeg,NORMAL
NORMAL-9651399-6.jpeg,NORMAL
NORMAL-4933627-14.jpeg,NORMAL
NORMAL-2618426-7.jpeg,NORMAL
NORMAL-795393-7.jpeg,NORMAL
NORMAL-4668788-11.jpeg,NORMAL
NORMAL-8010634-4.jpeg,NORMAL
NORMAL-5811118-3.jpeg,NORMAL
NORMAL-6624615-18.jpeg,NORMAL
NORMAL-285896-5.jpeg,NORMAL
NORMAL-145830-1.jpeg,NORMAL
NORMAL-3659249-40.jpeg,NORMAL
NORMAL-1956956-14.jpeg,NORMAL
NORMAL-1781140-56.jpeg,NORMAL
NORMAL-544457-5.jpeg,NORMAL
NORMAL-3195438-3.jpeg,NORMAL
NORMAL-7858342-3.jpeg,NORMAL
NORMAL-646856-3.jpeg,NORMAL
NORMAL-5622721-4.jpeg,NORMAL
NORMAL-9646433-4.jpeg,NORMAL
NORMAL-8667223-8.jpeg,NORMAL
NORMAL-8756791-19.jpeg,NORMAL
NORMAL-5542977-16.jpeg,NORMAL
NORMAL-6626487-34.jpeg,NORMAL
NORMAL-656977-1.jpeg,NORMAL
NORMAL-5571744-2.jpeg,NORMAL
NORMAL-6503402-17.jpeg,NORMAL
NORMAL-2349885-5.jpeg,NORMAL
NORMAL-4169639-1.jpeg,NORMAL
NORMAL-2026176-7.jpeg,NORMAL
NORMAL-8580818-1.jpeg,NORMAL
NORMAL-166103-1.jpeg,NORMAL
NORMAL-3988921-6.jpeg,NORMAL
NORMAL-8905256-3.jpeg,NORMAL
NORMAL-2689979-7.jpeg,NORMAL
NORMAL-4020729-7.jpeg,NORMAL
NORMAL-2098849-3.jpeg,NORMAL
NORMAL-5562117-1.jpeg,NORMAL
NORMAL-6343962-4.jpeg,NORMAL
NORMAL-1117376-1.jpeg,NORMAL
NORMAL-1799516-1.jpeg,NORMAL
NORMAL-7642718-2.jpeg,NORMAL
NORMAL-84466-7.jpeg,NORMAL
NORMAL-3973200-15.jpeg,NORMAL
NORMAL-2417928-7.jpeg,NORMAL
NORMAL-1649492-33.jpeg,NORMAL
NORMAL-3666781-6.jpeg,NORMAL
NORMAL-2416187-7.jpeg,NORMAL
NORMAL-622848-1.jpeg,NORMAL
NORMAL-6508749-3.jpeg,NORMAL
NORMAL-336530-2.jpeg,NORMAL
NORMAL-3088370-5.jpeg,NORMAL
NORMAL-8935969-9.jpeg,NORMAL
NORMAL-1699976-23.jpeg,NORMAL
NORMAL-7929603-4.jpeg,NORMAL
NORMAL-4445075-14.jpeg,NORMAL
NORMAL-460519-2.jpeg,NORMAL
NORMAL-3879566-25.jpeg,NORMAL
NORMAL-4449220-4.jpeg,NORMAL
NORMAL-3961152-17.jpeg,NORMAL
NORMAL-6063567-1.jpeg,NORMAL
NORMAL-846427-13.jpeg,NORMAL
NORMAL-2597041-5.jpeg,NORMAL
NORMAL-4921376-45.jpeg,NORMAL
NORMAL-5650175-4.jpeg,NORMAL
NORMAL-194489-18.jpeg,NORMAL
NORMAL-1935332-1.jpeg,NORMAL
NORMAL-1614397-20.jpeg,NORMAL
NORMAL-2392366-9.jpeg,NORMAL
NORMAL-8057481-3.jpeg,NORMAL
NORMAL-6741903-1.jpeg,NORMAL
NORMAL-1704482-7.jpeg,NORMAL
NORMAL-4449220-8.jpeg,NORMAL
NORMAL-5885363-11.jpeg,NORMAL
NORMAL-2744834-9.jpeg,NORMAL
NORMAL-272910-3.jpeg,NORMAL
NORMAL-567679-2.jpeg,NORMAL
NORMAL-8076847-16.jpeg,NORMAL
NORMAL-9054040-9.jpeg,NORMAL
NORMAL-1993095-1.jpeg,NORMAL
NORMAL-4016051-12.jpeg,NORMAL
NORMAL-9321707-14.jpeg,NORMAL
NORMAL-627043-3.jpeg,NORMAL
NORMAL-6662928-1.jpeg,NORMAL
NORMAL-6474429-4.jpeg,NORMAL
NORMAL-4851871-11.jpeg,NORMAL
NORMAL-503529-4.jpeg,NORMAL
NORMAL-3939799-2.jpeg,NORMAL
NORMAL-3089807-4.jpeg,NORMAL
NORMAL-8133856-2.jpeg,NORMAL
NORMAL-9285606-11.jpeg,NORMAL
NORMAL-8184974-19.jpeg,NORMAL
NORMAL-778975-55.jpeg,NORMAL
NORMAL-3781565-1.jpeg,NORMAL
NORMAL-9386662-2.jpeg,NORMAL
NORMAL-9355978-27.jpeg,NORMAL
NORMAL-495863-4.jpeg,NORMAL
NORMAL-7655966-5.jpeg,NORMAL
NORMAL-3661939-48.jpeg,NORMAL
NORMAL-8027454-1.jpeg,NORMAL
NORMAL-4294770-4.jpeg,NORMAL
NORMAL-58358-10.jpeg,NORMAL
NORMAL-3833528-9.jpeg,NORMAL
NORMAL-9206635-4.jpeg,NORMAL
NORMAL-9039239-3.jpeg,NORMAL
NORMAL-198660-8.jpeg,NORMAL
NORMAL-8738081-5.jpeg,NORMAL
NORMAL-7957744-3.jpeg,NORMAL
NORMAL-9287173-6.jpeg,NORMAL
NORMAL-2541717-5.jpeg,NORMAL
NORMAL-1884968-3.jpeg,NORMAL
NORMAL-3114569-20.jpeg,NORMAL
NORMAL-5686236-30.jpeg,NORMAL
NORMAL-1356232-12.jpeg,NORMAL
NORMAL-2304396-4.jpeg,NORMAL
NORMAL-9642959-32.jpeg,NORMAL
NORMAL-9664908-6.jpeg,NORMAL
NORMAL-9700720-4.jpeg,NORMAL
NORMAL-2185500-6.jpeg,NORMAL
NORMAL-5623691-2.jpeg,NORMAL
NORMAL-3120525-4.jpeg,NORMAL
NORMAL-366503-12.jpeg,NORMAL
NORMAL-758272-7.jpeg,NORMAL
NORMAL-465734-2.jpeg,NORMAL
NORMAL-2158556-4.jpeg,NORMAL
NORMAL-1835697-2.jpeg,NORMAL
NORMAL-9593905-3.jpeg,NORMAL
NORMAL-73735-1.jpeg,NORMAL
NORMAL-7076479-13.jpeg,NORMAL
NORMAL-2354163-1.jpeg,NORMAL
NORMAL-15208-7.jpeg,NORMAL
NORMAL-9383892-3.jpeg,NORMAL
NORMAL-7165479-12.jpeg,NORMAL
NORMAL-7672453-6.jpeg,NORMAL
NORMAL-228416-5.jpeg,NORMAL
NORMAL-5060544-11.jpeg,NORMAL
NORMAL-6371266-1.jpeg,NORMAL
NORMAL-5418199-17.jpeg,NORMAL
NORMAL-6580495-1.jpeg,NORMAL
NORMAL-6111157-5.jpeg,NORMAL
NORMAL-8618005-2.jpeg,NORMAL
NORMAL-832207-7.jpeg,NORMAL
NORMAL-4412751-7.jpeg,NORMAL
NORMAL-283376-3.jpeg,NORMAL
NORMAL-437293-7.jpeg,NORMAL
NORMAL-84543-5.jpeg,NORMAL
NORMAL-4345468-9.jpeg,NORMAL
NORMAL-2351012-56.jpeg,NORMAL
NORMAL-9699329-9.jpeg,NORMAL
NORMAL-598476-1.jpeg,NORMAL
NORMAL-9290514-10.jpeg,NORMAL
NORMAL-3247551-2.jpeg,NORMAL
NORMAL-6542585-1.jpeg,NORMAL
NORMAL-5465575-1.jpeg,NORMAL
NORMAL-3093614-3.jpeg,NORMAL
NORMAL-1981495-5.jpeg,NORMAL
NORMAL-3676009-4.jpeg,NORMAL
NORMAL-1785964-5.jpeg,NORMAL
NORMAL-3756907-2.jpeg,NORMAL
NORMAL-5049751-1.jpeg,NORMAL
NORMAL-544711-2.jpeg,NORMAL
NORMAL-98994-2.jpeg,NORMAL
NORMAL-490264-2.jpeg,NORMAL
NORMAL-6591065-5.jpeg,NORMAL
NORMAL-6537023-1.jpeg,NORMAL
NORMAL-2570020-4.jpeg,NORMAL
NORMAL-1004480-11.jpeg,NORMAL
NORMAL-5683014-4.jpeg,NORMAL
NORMAL-7997083-2.jpeg,NORMAL
NORMAL-2247570-2.jpeg,NORMAL
NORMAL-7832601-9.jpeg,NORMAL
NORMAL-2293659-2.jpeg,NORMAL
NORMAL-6623400-5.jpeg,NORMAL
NORMAL-9026878-6.jpeg,NORMAL
NORMAL-1953757-5.jpeg,NORMAL
NORMAL-943000-2.jpeg,NORMAL
NORMAL-5542977-18.jpeg,NORMAL
NORMAL-3181887-4.jpeg,NORMAL
NORMAL-2081697-2.jpeg,NORMAL
NORMAL-7598038-11.jpeg,NORMAL
NORMAL-3109922-10.jpeg,NORMAL
NORMAL-9303197-2.jpeg,NORMAL
NORMAL-2709055-22.jpeg,NORMAL
NORMAL-3659249-49.jpeg,NORMAL
NORMAL-2499321-5.jpeg,NORMAL
NORMAL-7586395-1.jpeg,NORMAL
NORMAL-4668788-5.jpeg,NORMAL
NORMAL-2321102-19.jpeg,NORMAL
NORMAL-4119693-8.jpeg,NORMAL
NORMAL-7680244-21.jpeg,NORMAL
NORMAL-5811118-12.jpeg,NORMAL
NORMAL-3072988-4.jpeg,NORMAL
NORMAL-258763-1.jpeg,NORMAL
NORMAL-159493-8.jpeg,NORMAL
NORMAL-4213058-2.jpeg,NORMAL
NORMAL-7780589-6.jpeg,NORMAL
NORMAL-5950718-1.jpeg,NORMAL
NORMAL-5669621-17.jpeg,NORMAL
NORMAL-2517546-1.jpeg,NORMAL
NORMAL-5178244-18.jpeg,NORMAL
NORMAL-994908-3.jpeg,NORMAL
NORMAL-723191-2.jpeg,NORMAL
NORMAL-7942162-3.jpeg,NORMAL
NORMAL-3929912-4.jpeg,NORMAL
NORMAL-2570020-5.jpeg,NORMAL
NORMAL-2351012-38.jpeg,NORMAL
NORMAL-7105694-11.jpeg,NORMAL
NORMAL-8603193-25.jpeg,NORMAL
NORMAL-907207-2.jpeg,NORMAL
NORMAL-9466426-6.jpeg,NORMAL
NORMAL-7820612-3.jpeg,NORMAL
NORMAL-9425732-1.jpeg,NORMAL
NORMAL-4465584-5.jpeg,NORMAL
NORMAL-902148-3.jpeg,NORMAL
NORMAL-399978-8.jpeg,NORMAL
NORMAL-3811618-5.jpeg,NORMAL
NORMAL-9721607-18.jpeg,NORMAL
NORMAL-843382-7.jpeg,NORMAL
NORMAL-3898646-9.jpeg,NORMAL
NORMAL-3661939-3.jpeg,NORMAL
NORMAL-299459-4.jpeg,NORMAL
NORMAL-1907560-54.jpeg,NORMAL
NORMAL-6741932-5.jpeg,NORMAL
NORMAL-6591065-2.jpeg,NORMAL
NORMAL-450532-5.jpeg,NORMAL
NORMAL-566040-5.jpeg,NORMAL
NORMAL-3901239-3.jpeg,NORMAL
NORMAL-2131138-2.jpeg,NORMAL
NORMAL-744709-3.jpeg,NORMAL
NORMAL-4967228-6.jpeg,NORMAL
NORMAL-8999584-3.jpeg,NORMAL
NORMAL-2009413-8.jpeg,NORMAL
NORMAL-783345-5.jpeg,NORMAL
NORMAL-8163120-3.jpeg,NORMAL
NORMAL-1110738-4.jpeg,NORMAL
NORMAL-2029726-2.jpeg,NORMAL
NORMAL-7614088-1.jpeg,NORMAL
NORMAL-1791409-2.jpeg,NORMAL
NORMAL-5178244-65.jpeg,NORMAL
NORMAL-3663419-5.jpeg,NORMAL
NORMAL-8349990-6.jpeg,NORMAL
NORMAL-452201-7.jpeg,NORMAL
NORMAL-4960783-5.jpeg,NORMAL
NORMAL-2387302-1.jpeg,NORMAL
NORMAL-8935969-25.jpeg,NORMAL
NORMAL-9557298-14.jpeg,NORMAL
NORMAL-3701092-1.jpeg,NORMAL
NORMAL-8869683-15.jpeg,NORMAL
NORMAL-6741102-10.jpeg,NORMAL
NORMAL-3991858-4.jpeg,NORMAL
NORMAL-845790-8.jpeg,NORMAL
NORMAL-2192790-4.jpeg,NORMAL
NORMAL-2631243-7.jpeg,NORMAL
NORMAL-9448518-1.jpeg,NORMAL
NORMAL-2312921-7.jpeg,NORMAL
NORMAL-6369482-6.jpeg,NORMAL
NORMAL-8139834-1.jpeg,NORMAL
NORMAL-7907461-2.jpeg,NORMAL
NORMAL-7870558-5.jpeg,NORMAL
NORMAL-3664385-14.jpeg,NORMAL
NORMAL-4119011-6.jpeg,NORMAL
NORMAL-772481-14.jpeg,NORMAL
NORMAL-4616882-7.jpeg,NORMAL
NORMAL-3890631-1.jpeg,NORMAL
NORMAL-402066-6.jpeg,NORMAL
NORMAL-8871445-21.jpeg,NORMAL
NORMAL-7655966-1.jpeg,NORMAL
NORMAL-3848772-5.jpeg,NORMAL
NORMAL-9482216-7.jpeg,NORMAL
NORMAL-778975-41.jpeg,NORMAL
NORMAL-7650134-8.jpeg,NORMAL
NORMAL-4244491-6.jpeg,NORMAL
NORMAL-6479503-13.jpeg,NORMAL
NORMAL-5594757-15.jpeg,NORMAL
NORMAL-6328706-1.jpeg,NORMAL
NORMAL-1016042-46.jpeg,NORMAL
NORMAL-9666552-8.jpeg,NORMAL
NORMAL-4039519-8.jpeg,NORMAL
NORMAL-5268729-1.jpeg,NORMAL
NORMAL-6707461-1.jpeg,NORMAL
NORMAL-5669621-8.jpeg,NORMAL
NORMAL-6367023-30.jpeg,NORMAL
NORMAL-2143957-12.jpeg,NORMAL
NORMAL-2082689-23.jpeg,NORMAL
NORMAL-4477619-2.jpeg,NORMAL
NORMAL-2476896-1.jpeg,NORMAL
NORMAL-568518-17.jpeg,NORMAL
NORMAL-5685882-12.jpeg,NORMAL
NORMAL-6649351-4.jpeg,NORMAL
NORMAL-8170708-3.jpeg,NORMAL
NORMAL-4131405-3.jpeg,NORMAL
NORMAL-7806509-3.jpeg,NORMAL
NORMAL-2242304-2.jpeg,NORMAL
NORMAL-547422-9.jpeg,NORMAL
NORMAL-4198834-10.jpeg,NORMAL
NORMAL-2137983-18.jpeg,NORMAL
NORMAL-9766001-18.jpeg,NORMAL
NORMAL-2515109-3.jpeg,NORMAL
NORMAL-3797169-3.jpeg,NORMAL
NORMAL-7954935-1.jpeg,NORMAL
NORMAL-138971-8.jpeg,NORMAL
NORMAL-7633649-3.jpeg,NORMAL
NORMAL-6336192-3.jpeg,NORMAL
NORMAL-6398102-4.jpeg,NORMAL
NORMAL-1167537-3.jpeg,NORMAL
NORMAL-2556938-4.jpeg,NORMAL
NORMAL-7172708-3.jpeg,NORMAL
NORMAL-3222725-7.jpeg,NORMAL
NORMAL-2081697-3.jpeg,NORMAL
NORMAL-2362579-3.jpeg,NORMAL
NORMAL-2501213-1.jpeg,NORMAL
NORMAL-8949824-6.jpeg,NORMAL
NORMAL-5049751-3.jpeg,NORMAL
NORMAL-323984-6.jpeg,NORMAL
NORMAL-2082689-41.jpeg,NORMAL
NORMAL-5437333-39.jpeg,NORMAL
NORMAL-1818047-1.jpeg,NORMAL
NORMAL-6707726-5.jpeg,NORMAL
NORMAL-540664-1.jpeg,NORMAL
NORMAL-3823952-3.jpeg,NORMAL
NORMAL-1953845-4.jpeg,NORMAL
NORMAL-5060544-4.jpeg,NORMAL
NORMAL-2057375-2.jpeg,NORMAL
NORMAL-1892475-1.jpeg,NORMAL
NORMAL-2734078-5.jpeg,NORMAL
NORMAL-2369337-8.jpeg,NORMAL
NORMAL-2377429-6.jpeg,NORMAL
NORMAL-6857233-5.jpeg,NORMAL
NORMAL-5823679-16.jpeg,NORMAL
NORMAL-718711-1.jpeg,NORMAL
NORMAL-3225812-3.jpeg,NORMAL
NORMAL-3109922-11.jpeg,NORMAL
NORMAL-770523-3.jpeg,NORMAL
NORMAL-8857945-2.jpeg,NORMAL
NORMAL-3608465-27.jpeg,NORMAL
NORMAL-4114106-20.jpeg,NORMAL
NORMAL-4921376-24.jpeg,NORMAL
NORMAL-8951604-2.jpeg,NORMAL
NORMAL-758272-8.jpeg,NORMAL
NORMAL-3244919-12.jpeg,NORMAL
NORMAL-8869120-2.jpeg,NORMAL
NORMAL-1656484-9.jpeg,NORMAL
NORMAL-3034848-5.jpeg,NORMAL
NORMAL-203603-1.jpeg,NORMAL
NORMAL-3342858-14.jpeg,NORMAL
NORMAL-5060544-10.jpeg,NORMAL
NORMAL-5572449-10.jpeg,NORMAL
NORMAL-4020729-18.jpeg,NORMAL
NORMAL-3947232-3.jpeg,NORMAL
NORMAL-8970381-3.jpeg,NORMAL
NORMAL-9281917-8.jpeg,NORMAL
NORMAL-524640-6.jpeg,NORMAL
NORMAL-3178912-5.jpeg,NORMAL
NORMAL-8588023-13.jpeg,NORMAL
NORMAL-7687046-5.jpeg,NORMAL
NORMAL-4158158-23.jpeg,NORMAL
NORMAL-2242304-1.jpeg,NORMAL
NORMAL-3939799-1.jpeg,NORMAL
NORMAL-9683676-10.jpeg,NORMAL
NORMAL-3861712-1.jpeg,NORMAL
NORMAL-5635835-3.jpeg,NORMAL
NORMAL-3623549-5.jpeg,NORMAL
NORMAL-98994-25.jpeg,NORMAL
NORMAL-5523023-1.jpeg,NORMAL
NORMAL-4473308-1.jpeg,NORMAL
NORMAL-876285-18.jpeg,NORMAL
NORMAL-2659516-2.jpeg,NORMAL
NORMAL-8893347-3.jpeg,NORMAL
NORMAL-7678964-2.jpeg,NORMAL
NORMAL-3692244-2.jpeg,NORMAL
NORMAL-1726544-17.jpeg,NORMAL
NORMAL-6326334-15.jpeg,NORMAL
NORMAL-6376696-2.jpeg,NORMAL
NORMAL-1837437-3.jpeg,NORMAL
NORMAL-9721607-30.jpeg,NORMAL
NORMAL-4032884-1.jpeg,NORMAL
NORMAL-2689979-4.jpeg,NORMAL
NORMAL-3670533-3.jpeg,NORMAL
NORMAL-652103-2.jpeg,NORMAL
NORMAL-5587871-11.jpeg,NORMAL
NORMAL-1611647-1.jpeg,NORMAL
NORMAL-9051784-6.jpeg,NORMAL
NORMAL-2088948-3.jpeg,NORMAL
NORMAL-7943685-6.jpeg,NORMAL
NORMAL-8588023-14.jpeg,NORMAL
NORMAL-8897341-19.jpeg,NORMAL
NORMAL-992222-1.jpeg,NORMAL
NORMAL-7591008-1.jpeg,NORMAL
NORMAL-4354623-5.jpeg,NORMAL
NORMAL-5359684-4.jpeg,NORMAL
NORMAL-7938317-6.jpeg,NORMAL
NORMAL-2247886-3.jpeg,NORMAL
NORMAL-8995193-21.jpeg,NORMAL
NORMAL-5103899-23.jpeg,NORMAL
NORMAL-339964-2.jpeg,NORMAL
NORMAL-2653306-6.jpeg,NORMAL
NORMAL-7745024-2.jpeg,NORMAL
NORMAL-2744834-8.jpeg,NORMAL
NORMAL-307051-5.jpeg,NORMAL
NORMAL-6348473-2.jpeg,NORMAL
NORMAL-2628645-7.jpeg,NORMAL
NORMAL-1038998-15.jpeg,NORMAL
NORMAL-307151-11.jpeg,NORMAL
NORMAL-7863843-8.jpeg,NORMAL
NORMAL-1038998-3.jpeg,NORMAL
NORMAL-5905136-1.jpeg,NORMAL
NORMAL-4101824-2.jpeg,NORMAL
NORMAL-1888479-8.jpeg,NORMAL
NORMAL-9530216-1.jpeg,NORMAL
NORMAL-7918201-1.jpeg,NORMAL
NORMAL-869033-3.jpeg,NORMAL
NORMAL-6502837-1.jpeg,NORMAL
NORMAL-2493975-4.jpeg,NORMAL
NORMAL-1014715-8.jpeg,NORMAL
NORMAL-1014715-7.jpeg,NORMAL
NORMAL-6829599-18.jpeg,NORMAL
NORMAL-9656462-1.jpeg,NORMAL
NORMAL-9746429-2.jpeg,NORMAL
NORMAL-7832601-6.jpeg,NORMAL
NORMAL-1039105-4.jpeg,NORMAL
NORMAL-1954069-10.jpeg,NORMAL
NORMAL-4330656-4.jpeg,NORMAL
NORMAL-2456398-22.jpeg,NORMAL
NORMAL-1153046-3.jpeg,NORMAL
NORMAL-6662928-6.jpeg,NORMAL
NORMAL-2751746-2.jpeg,NORMAL
NORMAL-4376118-23.jpeg,NORMAL
NORMAL-4606348-5.jpeg,NORMAL
NORMAL-1983894-5.jpeg,NORMAL
NORMAL-675437-2.jpeg,NORMAL
NORMAL-4255242-1.jpeg,NORMAL
NORMAL-744709-14.jpeg,NORMAL
NORMAL-2373878-6.jpeg,NORMAL
NORMAL-9642959-42.jpeg,NORMAL
NORMAL-9544241-7.jpeg,NORMAL
NORMAL-7785011-9.jpeg,NORMAL
NORMAL-402066-1.jpeg,NORMAL
NORMAL-7780465-6.jpeg,NORMAL
NORMAL-1042462-4.jpeg,NORMAL
NORMAL-9290514-1.jpeg,NORMAL
NORMAL-4158158-1.jpeg,NORMAL
NORMAL-1778674-6.jpeg,NORMAL
NORMAL-2723279-5.jpeg,NORMAL
NORMAL-8888668-15.jpeg,NORMAL
NORMAL-1081406-25.jpeg,NORMAL
NORMAL-149928-10.jpeg,NORMAL
NORMAL-2733663-3.jpeg,NORMAL
NORMAL-486271-9.jpeg,NORMAL
NORMAL-8184974-5.jpeg,NORMAL
NORMAL-611027-9.jpeg,NORMAL
NORMAL-8050636-1.jpeg,NORMAL
NORMAL-1781140-43.jpeg,NORMAL
NORMAL-2653306-9.jpeg,NORMAL
NORMAL-2291313-5.jpeg,NORMAL
NORMAL-3736426-1.jpeg,NORMAL
NORMAL-3212012-3.jpeg,NORMAL
NORMAL-9014378-1.jpeg,NORMAL
NORMAL-266935-2.jpeg,NORMAL
NORMAL-530612-17.jpeg,NORMAL
NORMAL-3993891-1.jpeg,NORMAL
NORMAL-1156442-7.jpeg,NORMAL
NORMAL-530165-2.jpeg,NORMAL
NORMAL-2109800-1.jpeg,NORMAL
NORMAL-8869683-9.jpeg,NORMAL
NORMAL-1031019-3.jpeg,NORMAL
NORMAL-4147224-3.jpeg,NORMAL
NORMAL-1908313-2.jpeg,NORMAL
NORMAL-5345733-7.jpeg,NORMAL
NORMAL-5645194-18.jpeg,NORMAL
NORMAL-5544453-6.jpeg,NORMAL
NORMAL-839302-2.jpeg,NORMAL
NORMAL-9651821-8.jpeg,NORMAL
NORMAL-2346393-2.jpeg,NORMAL
NORMAL-8738660-24.jpeg,NORMAL
NORMAL-4465584-2.jpeg,NORMAL
NORMAL-2321102-1.jpeg,NORMAL
NORMAL-2428169-7.jpeg,NORMAL
NORMAL-3929912-5.jpeg,NORMAL
NORMAL-705457-1.jpeg,NORMAL
NORMAL-6401644-1.jpeg,NORMAL
NORMAL-3956278-4.jpeg,NORMAL
NORMAL-7870558-44.jpeg,NORMAL
NORMAL-8911146-3.jpeg,NORMAL
NORMAL-258763-60.jpeg,NORMAL
NORMAL-803699-4.jpeg,NORMAL
NORMAL-617956-10.jpeg,NORMAL
NORMAL-664536-1.jpeg,NORMAL
NORMAL-1907560-36.jpeg,NORMAL
NORMAL-2348596-3.jpeg,NORMAL
NORMAL-8985078-11.jpeg,NORMAL
NORMAL-4047155-3.jpeg,NORMAL
NORMAL-9599586-10.jpeg,NORMAL
NORMAL-514187-5.jpeg,NORMAL
NORMAL-5547799-13.jpeg,NORMAL
NORMAL-402066-13.jpeg,NORMAL
NORMAL-5359684-1.jpeg,NORMAL
NORMAL-887753-13.jpeg,NORMAL
NORMAL-1697739-7.jpeg,NORMAL
NORMAL-8408342-32.jpeg,NORMAL
NORMAL-5434564-19.jpeg,NORMAL
NORMAL-4922707-5.jpeg,NORMAL
NORMAL-2197972-3.jpeg,NORMAL
NORMAL-7835584-15.jpeg,NORMAL
NORMAL-4960783-2.jpeg,NORMAL
NORMAL-7860909-4.jpeg,NORMAL
NORMAL-4999322-13.jpeg,NORMAL
NORMAL-446851-7.jpeg,NORMAL
NORMAL-2444883-37.jpeg,NORMAL
NORMAL-2126962-7.jpeg,NORMAL
NORMAL-1663216-8.jpeg,NORMAL
NORMAL-4865495-11.jpeg,NORMAL
NORMAL-3137102-3.jpeg,NORMAL
NORMAL-1999796-1.jpeg,NORMAL
NORMAL-834412-3.jpeg,NORMAL
NORMAL-9371744-4.jpeg,NORMAL
NORMAL-3058252-5.jpeg,NORMAL
NORMAL-2388216-10.jpeg,NORMAL
NORMAL-5947397-17.jpeg,NORMAL
NORMAL-1059251-6.jpeg,NORMAL
NORMAL-3764877-1.jpeg,NORMAL
NORMAL-2244950-1.jpeg,NORMAL
NORMAL-1907560-34.jpeg,NORMAL
NORMAL-6390275-16.jpeg,NORMAL
NORMAL-1924134-55.jpeg,NORMAL
NORMAL-8869683-26.jpeg,NORMAL
NORMAL-5359684-13.jpeg,NORMAL
NORMAL-3659249-2.jpeg,NORMAL
NORMAL-4332329-3.jpeg,NORMAL
NORMAL-460519-1.jpeg,NORMAL
NORMAL-1038232-1.jpeg,NORMAL
NORMAL-1959316-8.jpeg,NORMAL
NORMAL-5178244-43.jpeg,NORMAL
NORMAL-7861343-3.jpeg,NORMAL
NORMAL-4538395-3.jpeg,NORMAL
NORMAL-4921376-35.jpeg,NORMAL
NORMAL-1919302-3.jpeg,NORMAL
NORMAL-7625780-4.jpeg,NORMAL
NORMAL-7237325-1.jpeg,NORMAL
NORMAL-806325-2.jpeg,NORMAL
NORMAL-8181793-5.jpeg,NORMAL
NORMAL-306286-6.jpeg,NORMAL
NORMAL-5822041-2.jpeg,NORMAL
NORMAL-4982430-16.jpeg,NORMAL
NORMAL-279206-4.jpeg,NORMAL
NORMAL-8907649-4.jpeg,NORMAL
NORMAL-3762419-32.jpeg,NORMAL
NORMAL-8959422-7.jpeg,NORMAL
NORMAL-949303-22.jpeg,NORMAL
NORMAL-6409089-1.jpeg,NORMAL
NORMAL-2307849-2.jpeg,NORMAL
NORMAL-4119910-5.jpeg,NORMAL
NORMAL-4989358-1.jpeg,NORMAL
NORMAL-4198834-4.jpeg,NORMAL
NORMAL-3108564-2.jpeg,NORMAL
NORMAL-692554-15.jpeg,NORMAL
NORMAL-6325987-4.jpeg,NORMAL
NORMAL-2320324-2.jpeg,NORMAL
NORMAL-5699128-43.jpeg,NORMAL
NORMAL-4882651-7.jpeg,NORMAL
NORMAL-281463-9.jpeg,NORMAL
NORMAL-9753837-3.jpeg,NORMAL
NORMAL-3954052-20.jpeg,NORMAL
NORMAL-7679486-8.jpeg,NORMAL
NORMAL-4778166-15.jpeg,NORMAL
NORMAL-7731385-4.jpeg,NORMAL
NORMAL-2000556-3.jpeg,NORMAL
NORMAL-7732521-41.jpeg,NORMAL
NORMAL-2247886-1.jpeg,NORMAL
NORMAL-3399839-21.jpeg,NORMAL
NORMAL-1924134-41.jpeg,NORMAL
NORMAL-1171785-11.jpeg,NORMAL
NORMAL-3661939-20.jpeg,NORMAL
NORMAL-9752837-7.jpeg,NORMAL
NORMAL-2483932-5.jpeg,NORMAL
NORMAL-4524225-4.jpeg,NORMAL
NORMAL-4202300-1.jpeg,NORMAL
NORMAL-1811834-6.jpeg,NORMAL
NORMAL-3681488-6.jpeg,NORMAL
NORMAL-8975291-6.jpeg,NORMAL
NORMAL-3093614-2.jpeg,NORMAL
NORMAL-6409600-4.jpeg,NORMAL
NORMAL-7732521-60.jpeg,NORMAL
NORMAL-69123-8.jpeg,NORMAL
NORMAL-7681735-10.jpeg,NORMAL
NORMAL-9290514-37.jpeg,NORMAL
NORMAL-6664394-5.jpeg,NORMAL
NORMAL-4074860-9.jpeg,NORMAL
NORMAL-5206552-8.jpeg,NORMAL
NORMAL-786647-5.jpeg,NORMAL
NORMAL-8982961-7.jpeg,NORMAL
NORMAL-7728023-14.jpeg,NORMAL
NORMAL-1185735-3.jpeg,NORMAL
NORMAL-7688797-5.jpeg,NORMAL
NORMAL-3661939-34.jpeg,NORMAL
NORMAL-7732521-48.jpeg,NORMAL
NORMAL-6507781-1.jpeg,NORMAL
NORMAL-3059523-3.jpeg,NORMAL
NORMAL-4123445-1.jpeg,NORMAL
NORMAL-6369482-2.jpeg,NORMAL
NORMAL-9690262-4.jpeg,NORMAL
NORMAL-7871676-4.jpeg,NORMAL
NORMAL-6390275-5.jpeg,NORMAL
NORMAL-2712807-3.jpeg,NORMAL
NORMAL-7732521-17.jpeg,NORMAL
NORMAL-9642959-26.jpeg,NORMAL
NORMAL-5359684-8.jpeg,NORMAL
NORMAL-2029828-1.jpeg,NORMAL
NORMAL-2628366-13.jpeg,NORMAL
NORMAL-7938317-5.jpeg,NORMAL
NORMAL-7842924-1.jpeg,NORMAL
NORMAL-6619698-8.jpeg,NORMAL
NORMAL-9774756-9.jpeg,NORMAL
NORMAL-2105194-47.jpeg,NORMAL
NORMAL-6367943-11.jpeg,NORMAL
NORMAL-478864-2.jpeg,NORMAL
NORMAL-7701826-10.jpeg,NORMAL
NORMAL-4145695-2.jpeg,NORMAL
NORMAL-5060544-39.jpeg,NORMAL
NORMAL-4646891-21.jpeg,NORMAL
NORMAL-5690050-1.jpeg,NORMAL
NORMAL-8729675-9.jpeg,NORMAL
NORMAL-5685882-9.jpeg,NORMAL
NORMAL-8134435-5.jpeg,NORMAL
NORMAL-2769622-18.jpeg,NORMAL
NORMAL-1742442-4.jpeg,NORMAL
NORMAL-7901722-1.jpeg,NORMAL
NORMAL-894515-5.jpeg,NORMAL
NORMAL-3676009-15.jpeg,NORMAL
NORMAL-4510129-2.jpeg,NORMAL
NORMAL-654848-5.jpeg,NORMAL
NORMAL-7105694-15.jpeg,NORMAL
NORMAL-3954052-7.jpeg,NORMAL
NORMAL-2287992-15.jpeg,NORMAL
NORMAL-9627401-3.jpeg,NORMAL
NORMAL-2459401-5.jpeg,NORMAL
NORMAL-7679486-5.jpeg,NORMAL
NORMAL-3699419-1.jpeg,NORMAL
NORMAL-8957096-1.jpeg,NORMAL
NORMAL-9455497-7.jpeg,NORMAL
NORMAL-2510256-31.jpeg,NORMAL
NORMAL-7870558-22.jpeg,NORMAL
NORMAL-348347-5.jpeg,NORMAL
NORMAL-2769622-17.jpeg,NORMAL
NORMAL-778975-18.jpeg,NORMAL
NORMAL-9642959-12.jpeg,NORMAL
NORMAL-6598291-8.jpeg,NORMAL
NORMAL-6663681-3.jpeg,NORMAL
NORMAL-5547799-29.jpeg,NORMAL
NORMAL-2597041-18.jpeg,NORMAL
NORMAL-6409089-7.jpeg,NORMAL
NORMAL-2373165-3.jpeg,NORMAL
NORMAL-9334909-3.jpeg,NORMAL
NORMAL-3114569-28.jpeg,NORMAL
NORMAL-1839927-5.jpeg,NORMAL
NORMAL-6634272-12.jpeg,NORMAL
NORMAL-8039155-10.jpeg,NORMAL
NORMAL-8995193-18.jpeg,NORMAL
NORMAL-4284456-2.jpeg,NORMAL
NORMAL-4332329-6.jpeg,NORMAL
NORMAL-3902885-12.jpeg,NORMAL
NORMAL-66515-4.jpeg,NORMAL
NORMAL-1628271-2.jpeg,NORMAL
NORMAL-7027665-6.jpeg,NORMAL
NORMAL-258763-31.jpeg,NORMAL
NORMAL-7771679-4.jpeg,NORMAL
NORMAL-7907461-4.jpeg,NORMAL
NORMAL-7435839-18.jpeg,NORMAL
NORMAL-258763-59.jpeg,NORMAL
NORMAL-9766001-5.jpeg,NORMAL
NORMAL-5500082-15.jpeg,NORMAL
NORMAL-2674743-6.jpeg,NORMAL
NORMAL-495863-10.jpeg,NORMAL
NORMAL-9206635-13.jpeg,NORMAL
NORMAL-4114106-2.jpeg,NORMAL
NORMAL-2418277-6.jpeg,NORMAL
NORMAL-4145695-6.jpeg,NORMAL
NORMAL-4233490-1.jpeg,NORMAL
NORMAL-885986-5.jpeg,NORMAL
NORMAL-8008293-1.jpeg,NORMAL
NORMAL-5823679-27.jpeg,NORMAL
NORMAL-5227056-4.jpeg,NORMAL
NORMAL-7707202-7.jpeg,NORMAL
NORMAL-8869683-23.jpeg,NORMAL
NORMAL-810268-2.jpeg,NORMAL
NORMAL-7027665-4.jpeg,NORMAL
NORMAL-3032465-16.jpeg,NORMAL
NORMAL-2725965-1.jpeg,NORMAL
NORMAL-6673988-8.jpeg,NORMAL
NORMAL-6508224-15.jpeg,NORMAL
NORMAL-7732521-50.jpeg,NORMAL
NORMAL-1141111-7.jpeg,NORMAL
NORMAL-2499321-1.jpeg,NORMAL
NORMAL-2651624-30.jpeg,NORMAL
NORMAL-312152-1.jpeg,NORMAL
NORMAL-3108219-12.jpeg,NORMAL
NORMAL-1081406-41.jpeg,NORMAL
NORMAL-9763364-4.jpeg,NORMAL
NORMAL-7997083-8.jpeg,NORMAL
NORMAL-4606348-4.jpeg,NORMAL
NORMAL-7718013-8.jpeg,NORMAL
NORMAL-4510129-10.jpeg,NORMAL
NORMAL-9753010-2.jpeg,NORMAL
NORMAL-4039519-11.jpeg,NORMAL
NORMAL-7839428-5.jpeg,NORMAL
NORMAL-1988065-1.jpeg,NORMAL
NORMAL-9474396-4.jpeg,NORMAL
NORMAL-351126-5.jpeg,NORMAL
NORMAL-9414058-5.jpeg,NORMAL
NORMAL-351109-16.jpeg,NORMAL
NORMAL-9642959-17.jpeg,NORMAL
NORMAL-5206552-9.jpeg,NORMAL
NORMAL-2634922-2.jpeg,NORMAL
NORMAL-7920155-5.jpeg,NORMAL
NORMAL-3212012-2.jpeg,NORMAL
NORMAL-9660986-3.jpeg,NORMAL
NORMAL-1746717-10.jpeg,NORMAL
NORMAL-8881274-4.jpeg,NORMAL
NORMAL-7894671-4.jpeg,NORMAL
NORMAL-3712405-17.jpeg,NORMAL
NORMAL-9466426-15.jpeg,NORMAL
NORMAL-7636208-7.jpeg,NORMAL
NORMAL-3090744-11.jpeg,NORMAL
NORMAL-3308307-3.jpeg,NORMAL
NORMAL-2247570-1.jpeg,NORMAL
NORMAL-772481-2.jpeg,NORMAL
NORMAL-3740938-1.jpeg,NORMAL
NORMAL-7585414-6.jpeg,NORMAL
NORMAL-5178244-77.jpeg,NORMAL
NORMAL-1081406-34.jpeg,NORMAL
NORMAL-7934335-9.jpeg,NORMAL
NORMAL-159493-7.jpeg,NORMAL
NORMAL-6010773-1.jpeg,NORMAL
NORMAL-7027665-12.jpeg,NORMAL
NORMAL-7732521-26.jpeg,NORMAL
NORMAL-5594757-27.jpeg,NORMAL
NORMAL-450923-14.jpeg,NORMAL
NORMAL-2734078-9.jpeg,NORMAL
NORMAL-569784-6.jpeg,NORMAL
NORMAL-3947232-7.jpeg,NORMAL
NORMAL-4616882-1.jpeg,NORMAL
NORMAL-1047578-1.jpeg,NORMAL
NORMAL-5524086-3.jpeg,NORMAL
NORMAL-1981495-6.jpeg,NORMAL
NORMAL-6696156-12.jpeg,NORMAL
NORMAL-4739906-5.jpeg,NORMAL
NORMAL-4030787-7.jpeg,NORMAL
NORMAL-8015555-8.jpeg,NORMAL
NORMAL-6636171-5.jpeg,NORMAL
NORMAL-3203919-3.jpeg,NORMAL
NORMAL-9287393-1.jpeg,NORMAL
NORMAL-2598368-2.jpeg,NORMAL
NORMAL-4966384-4.jpeg,NORMAL
NORMAL-3105037-6.jpeg,NORMAL
NORMAL-8989419-3.jpeg,NORMAL
NORMAL-4538057-13.jpeg,NORMAL
NORMAL-1144610-2.jpeg,NORMAL
NORMAL-3114569-11.jpeg,NORMAL
NORMAL-9593170-33.jpeg,NORMAL
NORMAL-7860515-15.jpeg,NORMAL
NORMAL-1824581-8.jpeg,NORMAL
NORMAL-2198788-6.jpeg,NORMAL
NORMAL-588227-6.jpeg,NORMAL
NORMAL-1849029-40.jpeg,NORMAL
NORMAL-3684259-5.jpeg,NORMAL
NORMAL-7716352-7.jpeg,NORMAL
NORMAL-7974282-4.jpeg,NORMAL
NORMAL-7732521-64.jpeg,NORMAL
NORMAL-865813-1.jpeg,NORMAL
NORMAL-586534-2.jpeg,NORMAL
NORMAL-5050880-30.jpeg,NORMAL
NORMAL-4083071-5.jpeg,NORMAL
NORMAL-2683933-2.jpeg,NORMAL
NORMAL-1808783-5.jpeg,NORMAL
NORMAL-852988-6.jpeg,NORMAL
NORMAL-7386656-1.jpeg,NORMAL
NORMAL-8982961-18.jpeg,NORMAL
NORMAL-8349990-29.jpeg,NORMAL
NORMAL-1753005-10.jpeg,NORMAL
NORMAL-41255-8.jpeg,NORMAL
NORMAL-3248437-7.jpeg,NORMAL
NORMAL-9700720-8.jpeg,NORMAL
NORMAL-4921376-2.jpeg,NORMAL
NORMAL-4510129-1.jpeg,NORMAL
NORMAL-3647692-3.jpeg,NORMAL
NORMAL-4616882-9.jpeg,NORMAL
NORMAL-2351012-5.jpeg,NORMAL
NORMAL-1356232-3.jpeg,NORMAL
NORMAL-5642842-3.jpeg,NORMAL
NORMAL-1837437-4.jpeg,NORMAL
NORMAL-6581418-3.jpeg,NORMAL
NORMAL-667943-8.jpeg,NORMAL
NORMAL-7163323-3.jpeg,NORMAL
NORMAL-2231056-1.jpeg,NORMAL
NORMAL-1038232-8.jpeg,NORMAL
NORMAL-4023248-9.jpeg,NORMAL
NORMAL-2019423-14.jpeg,NORMAL
NORMAL-6405083-11.jpeg,NORMAL
NORMAL-1016042-14.jpeg,NORMAL
NORMAL-3248437-10.jpeg,NORMAL
NORMAL-7942162-5.jpeg,NORMAL
NORMAL-4449220-26.jpeg,NORMAL
NORMAL-4937977-1.jpeg,NORMAL
NORMAL-2403175-11.jpeg,NORMAL
NORMAL-4083071-1.jpeg,NORMAL
NORMAL-2482762-4.jpeg,NORMAL
NORMAL-8982961-15.jpeg,NORMAL
NORMAL-4323388-13.jpeg,NORMAL
NORMAL-611876-3.jpeg,NORMAL
NORMAL-3740938-24.jpeg,NORMAL
NORMAL-5434564-12.jpeg,NORMAL
NORMAL-1864450-2.jpeg,NORMAL
NORMAL-9467083-17.jpeg,NORMAL
NORMAL-7732521-42.jpeg,NORMAL
NORMAL-7663507-3.jpeg,NORMAL
NORMAL-5043042-8.jpeg,NORMAL
NORMAL-5053871-15.jpeg,NORMAL
NORMAL-852988-3.jpeg,NORMAL
NORMAL-2506522-3.jpeg,NORMAL
NORMAL-5686236-24.jpeg,NORMAL
NORMAL-1781140-17.jpeg,NORMAL
NORMAL-3088370-1.jpeg,NORMAL
NORMAL-9409941-5.jpeg,NORMAL
NORMAL-7860515-7.jpeg,NORMAL
NORMAL-9285606-2.jpeg,NORMAL
NORMAL-1785362-3.jpeg,NORMAL
NORMAL-2029726-1.jpeg,NORMAL
NORMAL-3921035-11.jpeg,NORMAL
NORMAL-5823679-29.jpeg,NORMAL
NORMAL-465734-8.jpeg,NORMAL
NORMAL-1953757-16.jpeg,NORMAL
NORMAL-9656462-10.jpeg,NORMAL
NORMAL-4646891-12.jpeg,NORMAL
NORMAL-4119693-3.jpeg,NORMAL
NORMAL-8281517-7.jpeg,NORMAL
NORMAL-2059466-3.jpeg,NORMAL
NORMAL-4343117-7.jpeg,NORMAL
NORMAL-6662928-5.jpeg,NORMAL
NORMAL-6919036-1.jpeg,NORMAL
NORMAL-682155-1.jpeg,NORMAL
NORMAL-2709055-5.jpeg,NORMAL
NORMAL-995291-3.jpeg,NORMAL
NORMAL-8738660-25.jpeg,NORMAL
NORMAL-3991858-1.jpeg,NORMAL
NORMAL-6503441-27.jpeg,NORMAL
NORMAL-7732521-59.jpeg,NORMAL
NORMAL-2120559-2.jpeg,NORMAL
NORMAL-630566-3.jpeg,NORMAL
NORMAL-4016510-5.jpeg,NORMAL
NORMAL-9014378-2.jpeg,NORMAL
NORMAL-5434564-17.jpeg,NORMAL
NORMAL-9504376-1.jpeg,NORMAL
NORMAL-1080008-3.jpeg,NORMAL
NORMAL-7650134-1.jpeg,NORMAL
NORMAL-1124422-2.jpeg,NORMAL
NORMAL-6662928-7.jpeg,NORMAL
NORMAL-1785362-5.jpeg,NORMAL
NORMAL-8039155-17.jpeg,NORMAL
NORMAL-5571744-19.jpeg,NORMAL
NORMAL-6560098-2.jpeg,NORMAL
NORMAL-5823679-36.jpeg,NORMAL
NORMAL-100580-1.jpeg,NORMAL
NORMAL-5947397-22.jpeg,NORMAL
NORMAL-2642321-6.jpeg,NORMAL
NORMAL-9319151-2.jpeg,NORMAL
NORMAL-7780465-7.jpeg,NORMAL
NORMAL-3509367-12.jpeg,NORMAL
NORMAL-5680281-1.jpeg,NORMAL
NORMAL-6684460-4.jpeg,NORMAL
NORMAL-583608-9.jpeg,NORMAL
NORMAL-4999322-21.jpeg,NORMAL
NORMAL-2649109-9.jpeg,NORMAL
NORMAL-2459401-4.jpeg,NORMAL
NORMAL-4002313-5.jpeg,NORMAL
NORMAL-4155445-2.jpeg,NORMAL
NORMAL-133881-2.jpeg,NORMAL
NORMAL-112928-2.jpeg,NORMAL
NORMAL-1767347-17.jpeg,NORMAL
NORMAL-2147638-2.jpeg,NORMAL
NORMAL-8888668-3.jpeg,NORMAL
NORMAL-1863778-3.jpeg,NORMAL
NORMAL-7944746-6.jpeg,NORMAL
NORMAL-3099936-5.jpeg,NORMAL
NORMAL-8349990-34.jpeg,NORMAL
NORMAL-4412751-5.jpeg,NORMAL
NORMAL-285896-9.jpeg,NORMAL
NORMAL-5333808-3.jpeg,NORMAL
NORMAL-7485742-1.jpeg,NORMAL
NORMAL-1907560-22.jpeg,NORMAL
NORMAL-6361358-2.jpeg,NORMAL
NORMAL-8111718-4.jpeg,NORMAL
NORMAL-2434258-9.jpeg,NORMAL
NORMAL-569784-2.jpeg,NORMAL
NORMAL-1165184-1.jpeg,NORMAL
NORMAL-8982961-23.jpeg,NORMAL
NORMAL-3679880-27.jpeg,NORMAL
NORMAL-1907560-39.jpeg,NORMAL
NORMAL-627043-2.jpeg,NORMAL
NORMAL-2373878-7.jpeg,NORMAL
NORMAL-4459506-2.jpeg,NORMAL
NORMAL-2182640-14.jpeg,NORMAL
NORMAL-2345307-4.jpeg,NORMAL
NORMAL-7837305-16.jpeg,NORMAL
NORMAL-1014193-3.jpeg,NORMAL
NORMAL-887753-14.jpeg,NORMAL
NORMAL-2937821-9.jpeg,NORMAL
NORMAL-733911-5.jpeg,NORMAL
NORMAL-5603828-3.jpeg,NORMAL
NORMAL-949303-25.jpeg,NORMAL
NORMAL-2275240-3.jpeg,NORMAL
NORMAL-216788-6.jpeg,NORMAL
NORMAL-608190-3.jpeg,NORMAL
NORMAL-7604641-7.jpeg,NORMAL
NORMAL-6316996-6.jpeg,NORMAL
NORMAL-8101428-11.jpeg,NORMAL
NORMAL-4957937-3.jpeg,NORMAL
NORMAL-2597041-11.jpeg,NORMAL
NORMAL-4955928-5.jpeg,NORMAL
NORMAL-3644026-18.jpeg,NORMAL
NORMAL-3186889-2.jpeg,NORMAL
NORMAL-4312351-3.jpeg,NORMAL
NORMAL-1356232-19.jpeg,NORMAL
NORMAL-778975-56.jpeg,NORMAL
NORMAL-658388-20.jpeg,NORMAL
NORMAL-3034848-3.jpeg,NORMAL
NORMAL-7973089-2.jpeg,NORMAL
NORMAL-6529569-7.jpeg,NORMAL
NORMAL-422374-2.jpeg,NORMAL
NORMAL-2416187-13.jpeg,NORMAL
NORMAL-2345307-3.jpeg,NORMAL
NORMAL-918579-1.jpeg,NORMAL
NORMAL-7636208-6.jpeg,NORMAL
NORMAL-1645804-1.jpeg,NORMAL
NORMAL-5078050-1.jpeg,NORMAL
NORMAL-8857945-7.jpeg,NORMAL
NORMAL-285896-7.jpeg,NORMAL
NORMAL-353054-15.jpeg,NORMAL
NORMAL-8560276-81.jpeg,NORMAL
NORMAL-6624615-13.jpeg,NORMAL
NORMAL-373361-2.jpeg,NORMAL
NORMAL-4024345-3.jpeg,NORMAL
NORMAL-4940184-1.jpeg,NORMAL
NORMAL-9334909-1.jpeg,NORMAL
NORMAL-1027829-2.jpeg,NORMAL
NORMAL-4030787-22.jpeg,NORMAL
NORMAL-6829599-19.jpeg,NORMAL
NORMAL-4677505-3.jpeg,NORMAL
NORMAL-1983894-4.jpeg,NORMAL
NORMAL-83787-5.jpeg,NORMAL
NORMAL-1860310-13.jpeg,NORMAL
NORMAL-3740938-13.jpeg,NORMAL
NORMAL-1713031-10.jpeg,NORMAL
NORMAL-7835584-11.jpeg,NORMAL
NORMAL-395557-12.jpeg,NORMAL
NORMAL-7165479-13.jpeg,NORMAL
NORMAL-6483844-2.jpeg,NORMAL
NORMAL-422374-3.jpeg,NORMAL
NORMAL-3676009-17.jpeg,NORMAL
NORMAL-9285606-4.jpeg,NORMAL
NORMAL-9624582-8.jpeg,NORMAL
NORMAL-5623691-1.jpeg,NORMAL
NORMAL-8027454-7.jpeg,NORMAL
NORMAL-876285-16.jpeg,NORMAL
NORMAL-2287992-10.jpeg,NORMAL
NORMAL-8182220-4.jpeg,NORMAL
NORMAL-1016042-7.jpeg,NORMAL
NORMAL-4689583-6.jpeg,NORMAL
NORMAL-8182813-1.jpeg,NORMAL
NORMAL-3722725-1.jpeg,NORMAL
NORMAL-9479381-3.jpeg,NORMAL
NORMAL-8982961-2.jpeg,NORMAL
NORMAL-8982961-28.jpeg,NORMAL
NORMAL-567679-12.jpeg,NORMAL
NORMAL-6454750-17.jpeg,NORMAL
NORMAL-2460548-3.jpeg,NORMAL
NORMAL-6479503-11.jpeg,NORMAL
NORMAL-9589929-1.jpeg,NORMAL
NORMAL-3661939-33.jpeg,NORMAL
NORMAL-3676009-20.jpeg,NORMAL
NORMAL-7076479-12.jpeg,NORMAL
NORMAL-6696156-20.jpeg,NORMAL
NORMAL-4163231-2.jpeg,NORMAL
NORMAL-3994211-3.jpeg,NORMAL
NORMAL-2674743-2.jpeg,NORMAL
NORMAL-4463692-2.jpeg,NORMAL
NORMAL-7820585-2.jpeg,NORMAL
NORMAL-9405346-4.jpeg,NORMAL
NORMAL-9303967-9.jpeg,NORMAL
NORMAL-3885177-3.jpeg,NORMAL
NORMAL-5623843-1.jpeg,NORMAL
NORMAL-2019423-17.jpeg,NORMAL
NORMAL-1606016-4.jpeg,NORMAL
NORMAL-4478609-4.jpeg,NORMAL
NORMAL-1771170-2.jpeg,NORMAL
NORMAL-1081406-21.jpeg,NORMAL
NORMAL-1696696-4.jpeg,NORMAL
NORMAL-9300053-5.jpeg,NORMAL
NORMAL-7076479-19.jpeg,NORMAL
NORMAL-590852-2.jpeg,NORMAL
NORMAL-9334909-6.jpeg,NORMAL
NORMAL-4940184-2.jpeg,NORMAL
NORMAL-339643-4.jpeg,NORMAL
NORMAL-119840-6.jpeg,NORMAL
NORMAL-1183983-1.jpeg,NORMAL
NORMAL-1999796-4.jpeg,NORMAL
NORMAL-8433456-12.jpeg,NORMAL
NORMAL-1132735-1.jpeg,NORMAL
NORMAL-1830383-4.jpeg,NORMAL
NORMAL-6581418-6.jpeg,NORMAL
NORMAL-8957096-14.jpeg,NORMAL
NORMAL-6851127-7.jpeg,NORMAL
NORMAL-9766001-11.jpeg,NORMAL
NORMAL-7835367-3.jpeg,NORMAL
NORMAL-8999827-36.jpeg,NORMAL
NORMAL-3661939-53.jpeg,NORMAL
NORMAL-2395706-2.jpeg,NORMAL
NORMAL-4104587-2.jpeg,NORMAL
NORMAL-2560569-4.jpeg,NORMAL
NORMAL-1649492-35.jpeg,NORMAL
NORMAL-8181793-4.jpeg,NORMAL
NORMAL-5823679-33.jpeg,NORMAL
NORMAL-490264-4.jpeg,NORMAL
NORMAL-4971312-13.jpeg,NORMAL
NORMAL-3921035-10.jpeg,NORMAL
NORMAL-262407-4.jpeg,NORMAL
NORMAL-4366561-2.jpeg,NORMAL
NORMAL-307151-21.jpeg,NORMAL
NORMAL-5628931-2.jpeg,NORMAL
NORMAL-488813-9.jpeg,NORMAL
NORMAL-464311-4.jpeg,NORMAL
NORMAL-588227-13.jpeg,NORMAL
NORMAL-7836906-1.jpeg,NORMAL
NORMAL-6678747-4.jpeg,NORMAL
NORMAL-15307-3.jpeg,NORMAL
NORMAL-9318953-1.jpeg,NORMAL
NORMAL-7672453-14.jpeg,NORMAL
NORMAL-6507781-3.jpeg,NORMAL
NORMAL-736767-1.jpeg,NORMAL
NORMAL-582215-4.jpeg,NORMAL
NORMAL-6367023-4.jpeg,NORMAL
NORMAL-772481-6.jpeg,NORMAL
NORMAL-8869683-25.jpeg,NORMAL
NORMAL-4314625-10.jpeg,NORMAL
NORMAL-2668583-1.jpeg,NORMAL
NORMAL-534785-3.jpeg,NORMAL
NORMAL-9466426-10.jpeg,NORMAL
NORMAL-4198834-2.jpeg,NORMAL
NORMAL-6569286-9.jpeg,NORMAL
NORMAL-1067440-3.jpeg,NORMAL
NORMAL-9014378-3.jpeg,NORMAL
NORMAL-340669-2.jpeg,NORMAL
NORMAL-6696156-2.jpeg,NORMAL
NORMAL-2183576-2.jpeg,NORMAL
NORMAL-3659249-31.jpeg,NORMAL
NORMAL-2106160-7.jpeg,NORMAL
NORMAL-130032-1.jpeg,NORMAL
NORMAL-5699128-24.jpeg,NORMAL
NORMAL-5760454-19.jpeg,NORMAL
NORMAL-2183576-6.jpeg,NORMAL
NORMAL-2103759-4.jpeg,NORMAL
NORMAL-6741102-6.jpeg,NORMAL
NORMAL-4405301-5.jpeg,NORMAL
NORMAL-9699329-15.jpeg,NORMAL
NORMAL-5697282-8.jpeg,NORMAL
NORMAL-2232211-3.jpeg,NORMAL
NORMAL-5679800-2.jpeg,NORMAL
NORMAL-6329100-1.jpeg,NORMAL
NORMAL-9355543-8.jpeg,NORMAL
NORMAL-9961073-22.jpeg,NORMAL
NORMAL-3033985-3.jpeg,NORMAL
NORMAL-1591159-15.jpeg,NORMAL
NORMAL-5823679-47.jpeg,NORMAL
NORMAL-611027-12.jpeg,NORMAL
NORMAL-202734-3.jpeg,NORMAL
NORMAL-2693603-2.jpeg,NORMAL
NORMAL-4363092-8.jpeg,NORMAL
NORMAL-6574224-3.jpeg,NORMAL
NORMAL-5699128-21.jpeg,NORMAL
NORMAL-3114569-39.jpeg,NORMAL
NORMAL-1129351-12.jpeg,NORMAL
NORMAL-3629859-1.jpeg,NORMAL
NORMAL-9466426-16.jpeg,NORMAL
NORMAL-4543383-11.jpeg,NORMAL
NORMAL-7824109-4.jpeg,NORMAL
NORMAL-7990905-7.jpeg,NORMAL
NORMAL-3708592-10.jpeg,NORMAL
NORMAL-395557-13.jpeg,NORMAL
NORMAL-1925100-4.jpeg,NORMAL
NORMAL-697826-9.jpeg,NORMAL
NORMAL-7386656-19.jpeg,NORMAL
NORMAL-1016042-11.jpeg,NORMAL
NORMAL-5542977-14.jpeg,NORMAL
NORMAL-4558146-7.jpeg,NORMAL
NORMAL-4152963-2.jpeg,NORMAL
NORMAL-346354-3.jpeg,NORMAL
NORMAL-664536-11.jpeg,NORMAL
NORMAL-9593905-1.jpeg,NORMAL
NORMAL-4462555-13.jpeg,NORMAL
NORMAL-6347820-7.jpeg,NORMAL
NORMAL-2333706-5.jpeg,NORMAL
NORMAL-3059193-3.jpeg,NORMAL
NORMAL-203603-5.jpeg,NORMAL
NORMAL-1888479-25.jpeg,NORMAL
NORMAL-8970381-16.jpeg,NORMAL
NORMAL-9122179-6.jpeg,NORMAL
NORMAL-4992011-1.jpeg,NORMAL
NORMAL-9467083-40.jpeg,NORMAL
NORMAL-2366129-7.jpeg,NORMAL
NORMAL-175378-1.jpeg,NORMAL
NORMAL-6704613-7.jpeg,NORMAL
NORMAL-8631761-2.jpeg,NORMAL
NORMAL-203603-4.jpeg,NORMAL
NORMAL-7639824-12.jpeg,NORMAL
NORMAL-3823148-2.jpeg,NORMAL
NORMAL-4445963-3.jpeg,NORMAL
NORMAL-9490249-1.jpeg,NORMAL
NORMAL-216250-7.jpeg,NORMAL
NORMAL-4689583-1.jpeg,NORMAL
NORMAL-3676009-8.jpeg,NORMAL
NORMAL-4220905-3.jpeg,NORMAL
NORMAL-4244491-1.jpeg,NORMAL
NORMAL-1649492-16.jpeg,NORMAL
NORMAL-3865048-3.jpeg,NORMAL
NORMAL-1907560-43.jpeg,NORMAL
NORMAL-4951060-14.jpeg,NORMAL
NORMAL-3811618-2.jpeg,NORMAL
NORMAL-5643264-7.jpeg,NORMAL
NORMAL-1610264-7.jpeg,NORMAL
NORMAL-198660-11.jpeg,NORMAL
NORMAL-6486782-9.jpeg,NORMAL
NORMAL-3644026-21.jpeg,NORMAL
NORMAL-9746577-5.jpeg,NORMAL
NORMAL-4376118-4.jpeg,NORMAL
NORMAL-1975249-4.jpeg,NORMAL
NORMAL-909707-5.jpeg,NORMAL
NORMAL-2192790-9.jpeg,NORMAL
NORMAL-744451-2.jpeg,NORMAL
NORMAL-8838274-9.jpeg,NORMAL
NORMAL-7027665-19.jpeg,NORMAL
NORMAL-1110738-3.jpeg,NORMAL
NORMAL-8100151-1.jpeg,NORMAL
NORMAL-4921376-26.jpeg,NORMAL
NORMAL-1849029-2.jpeg,NORMAL
NORMAL-6346762-5.jpeg,NORMAL
NORMAL-4284456-7.jpeg,NORMAL
NORMAL-1688686-1.jpeg,NORMAL
NORMAL-258763-56.jpeg,NORMAL
NORMAL-8729675-13.jpeg,NORMAL
NORMAL-5565028-1.jpeg,NORMAL
NORMAL-958613-2.jpeg,NORMAL
NORMAL-3843719-10.jpeg,NORMAL
NORMAL-1171785-1.jpeg,NORMAL
NORMAL-2109800-6.jpeg,NORMAL
NORMAL-9332733-3.jpeg,NORMAL
NORMAL-3762419-35.jpeg,NORMAL
NORMAL-3659249-37.jpeg,NORMAL
NORMAL-409063-6.jpeg,NORMAL
NORMAL-9461088-2.jpeg,NORMAL
NORMAL-2261654-3.jpeg,NORMAL
NORMAL-3361560-5.jpeg,NORMAL
NORMAL-1907560-56.jpeg,NORMAL
NORMAL-2308510-10.jpeg,NORMAL
NORMAL-9655151-1.jpeg,NORMAL
NORMAL-2247173-1.jpeg,NORMAL
NORMAL-2063196-7.jpeg,NORMAL
NORMAL-3195438-7.jpeg,NORMAL
NORMAL-1847702-6.jpeg,NORMAL
NORMAL-6813847-9.jpeg,NORMAL
NORMAL-7861343-5.jpeg,NORMAL
NORMAL-6813847-2.jpeg,NORMAL
NORMAL-7951519-17.jpeg,NORMAL
NORMAL-7639824-5.jpeg,NORMAL
NORMAL-3679880-6.jpeg,NORMAL
NORMAL-6595946-18.jpeg,NORMAL
NORMAL-4538057-39.jpeg,NORMAL
NORMAL-6685822-6.jpeg,NORMAL
NORMAL-7027665-48.jpeg,NORMAL
NORMAL-586534-3.jpeg,NORMAL
NORMAL-3718895-3.jpeg,NORMAL
NORMAL-4606348-2.jpeg,NORMAL
NORMAL-1016042-25.jpeg,NORMAL
NORMAL-2613036-7.jpeg,NORMAL
NORMAL-4354710-3.jpeg,NORMAL
NORMAL-437293-4.jpeg,NORMAL
NORMAL-7716352-3.jpeg,NORMAL
NORMAL-3879566-38.jpeg,NORMAL
NORMAL-2434258-20.jpeg,NORMAL
NORMAL-2183576-8.jpeg,NORMAL
NORMAL-7027665-20.jpeg,NORMAL
NORMAL-3608465-3.jpeg,NORMAL
NORMAL-7614088-18.jpeg,NORMAL
NORMAL-3221447-9.jpeg,NORMAL
NORMAL-367534-2.jpeg,NORMAL
NORMAL-9405748-10.jpeg,NORMAL
NORMAL-2158556-5.jpeg,NORMAL
NORMAL-3103940-3.jpeg,NORMAL
NORMAL-6601359-5.jpeg,NORMAL
NORMAL-5500082-13.jpeg,NORMAL
NORMAL-1081406-43.jpeg,NORMAL
NORMAL-279772-2.jpeg,NORMAL
NORMAL-9474396-5.jpeg,NORMAL
NORMAL-2379054-4.jpeg,NORMAL
NORMAL-5323137-9.jpeg,NORMAL
NORMAL-4921376-71.jpeg,NORMAL
NORMAL-3751175-3.jpeg,NORMAL
NORMAL-1649748-2.jpeg,NORMAL
NORMAL-7732521-12.jpeg,NORMAL
NORMAL-982710-10.jpeg,NORMAL
NORMAL-6328436-7.jpeg,NORMAL
NORMAL-4957937-2.jpeg,NORMAL
NORMAL-3109922-9.jpeg,NORMAL
NORMAL-1957379-3.jpeg,NORMAL
NORMAL-1649748-5.jpeg,NORMAL
NORMAL-7973904-11.jpeg,NORMAL
NORMAL-5663680-5.jpeg,NORMAL
NORMAL-5375064-6.jpeg,NORMAL
NORMAL-7772609-8.jpeg,NORMAL
NORMAL-2489340-3.jpeg,NORMAL
NORMAL-8888668-6.jpeg,NORMAL
NORMAL-3666781-1.jpeg,NORMAL
NORMAL-9730908-4.jpeg,NORMAL
NORMAL-8006306-4.jpeg,NORMAL
NORMAL-9757616-1.jpeg,NORMAL
NORMAL-1815523-6.jpeg,NORMAL
NORMAL-360991-2.jpeg,NORMAL
NORMAL-937387-2.jpeg,NORMAL
NORMAL-7904837-6.jpeg,NORMAL
NORMAL-4676132-7.jpeg,NORMAL
NORMAL-4778166-11.jpeg,NORMAL
NORMAL-336530-3.jpeg,NORMAL
NORMAL-3051117-4.jpeg,NORMAL
NORMAL-3936728-7.jpeg,NORMAL
NORMAL-4176900-7.jpeg,NORMAL
NORMAL-1849029-21.jpeg,NORMAL
NORMAL-1656484-8.jpeg,NORMAL
NORMAL-6674362-4.jpeg,NORMAL
NORMAL-4444371-2.jpeg,NORMAL
NORMAL-122878-14.jpeg,NORMAL
NORMAL-98994-20.jpeg,NORMAL
NORMAL-3929912-2.jpeg,NORMAL
NORMAL-465734-4.jpeg,NORMAL
NORMAL-582215-6.jpeg,NORMAL
NORMAL-6636171-8.jpeg,NORMAL
NORMAL-7714637-2.jpeg,NORMAL
NORMAL-1111623-1.jpeg,NORMAL
NORMAL-4597588-2.jpeg,NORMAL
NORMAL-2417928-5.jpeg,NORMAL
NORMAL-8729675-18.jpeg,NORMAL
NORMAL-869397-21.jpeg,NORMAL
NORMAL-1154026-4.jpeg,NORMAL
NORMAL-2055634-2.jpeg,NORMAL
NORMAL-7870558-57.jpeg,NORMAL
NORMAL-3659249-30.jpeg,NORMAL
NORMAL-571967-5.jpeg,NORMAL
NORMAL-66861-4.jpeg,NORMAL
NORMAL-8866434-2.jpeg,NORMAL
NORMAL-1157521-2.jpeg,NORMAL
NORMAL-119840-1.jpeg,NORMAL
NORMAL-8756791-13.jpeg,NORMAL
NORMAL-2017309-13.jpeg,NORMAL
NORMAL-5345733-12.jpeg,NORMAL
NORMAL-3804505-3.jpeg,NORMAL
NORMAL-1767347-2.jpeg,NORMAL
NORMAL-8855944-10.jpeg,NORMAL
NORMAL-2536752-3.jpeg,NORMAL
